step,elapsed_ms,loss,lr,tokens,tokens_per_sec,timestamp
1,22.564,1.229832,3.13e-06,2048,90765.26,1787804254.091
2,17.625,1.257174,6.25e-06,2048,116195.94,1787804254.109
3,17.604,1.239285,9.37e-06,2048,116338.52,1787804254.126
4,18.768,1.346911,1.25e-05,2048,109123.07,1787804254.145
5,15.596,1.289363,1.563e-05,2048,131313.2,1787804254.161
6,14.867,1.406812,1.875e-05,2048,137755.69,1787804254.176
7,15.131,1.271995,2.187e-05,2048,135349.48,1787804254.191
8,18.73,1.30243,2.5e-05,2048,109343.3,1787804254.211
9,15.09,1.252451,2.813e-05,2048,135720.82,1787804254.226
10,14.897,1.256814,3.125e-05,2048,137481.04,1787804254.241
11,14.17,1.307048,3.438e-05,2048,144526.62,1787804254.255
12,14.654,1.331025,3.75e-05,2048,139754.2,1787804254.27
13,14.523,1.280464,4.063e-05,2048,141021.58,1787804254.285
14,15.133,1.197082,4.375e-05,2048,135336.06,1787804254.3
15,14.72,1.234957,4.688e-05,2048,139134.22,1787804254.315
16,14.976,1.21709,5e-05,2048,136747.57,1787804254.33
17,14.65,1.242819,5.312e-05,2048,139791.4,1787804254.345
18,14.779,1.254847,5.625e-05,2048,138575.0,1787804254.36
19,17.623,1.210296,5.937e-05,2048,116213.75,1787804254.378
20,15.577,1.169484,6.25e-05,2048,131475.05,1787804254.394
21,17.574,1.208559,6.563e-05,2048,116537.12,1787804254.41
22,20.616,1.113694,6.875e-05,2048,99339.84,1787804254.432
23,22.104,1.200423,7.187e-05,2048,92653.75,1787804254.454
24,16.098,1.166907,7.5e-05,2048,127216.82,1787804254.47
25,15.317,1.292396,7.813e-05,2048,133707.65,1787804254.485
26,15.735,1.145794,8.125e-05,2048,130156.53,1787804254.501
27,15.564,1.113435,8.438e-05,2048,131586.56,1787804254.517
28,17.851,1.066351,8.75e-05,2048,114729.39,1787804254.535
29,16.98,1.382065,9.062e-05,2048,120610.35,1787804254.553
30,18.088,1.13009,9.375e-05,2048,113224.24,1787804254.571
31,15.414,1.208295,9.688e-05,2048,132862.78,1787804254.587
32,16.542,1.282063,0.0001,2048,123806.07,1787804254.603
33,17.153,1.164923,0.00010312,2048,119392.54,1787804254.621
34,20.926,1.111427,0.00010625,2048,97866.81,1787804254.642
35,15.664,1.129939,0.00010938,2048,130747.33,1787804254.658
36,15.567,1.118088,0.0001125,2048,131559.51,1787804254.673
37,15.651,1.297674,0.00011563,2048,130855.93,1787804254.689
38,16.471,1.365703,0.00011875,2048,124336.73,1787804254.706
39,17.999,0.987748,0.00012187,2048,113782.2,1787804254.724
40,15.262,1.173453,0.000125,2048,134193.01,1787804254.74
41,15.699,1.400365,0.00012812,2048,130455.83,1787804254.755
42,16.032,0.956515,0.00013125,2048,127747.7,1787804254.772
43,15.828,1.099505,0.00013438,2048,129387.68,1787804254.788
44,15.561,1.063004,0.0001375,2048,131606.85,1787804254.803
45,18.921,1.060138,0.00014063,2048,108237.23,1787804254.822
46,15.609,0.996367,0.00014375,2048,131202.99,1787804254.838
47,15.727,1.006535,0.00014688,2048,130222.74,1787804254.854
48,15.596,0.946023,0.00015,2048,131315.72,1787804254.87
49,15.531,0.940921,0.00015313,2048,131862.75,1787804254.886
50,15.354,0.939918,0.00015625,2048,133389.78,1787804254.901
51,20.004,1.19577,0.00015937,2048,102380.04,1787804254.921
52,19.469,0.972989,0.0001625,2048,105193.95,1787804254.941
53,15.687,0.898418,0.00016563,2048,130552.3,1787804254.957
54,16.754,0.839015,0.00016875,2048,122240.19,1787804254.974
55,15.251,0.96971,0.00017187,2048,134288.92,1787804254.989
56,16.631,0.87568,0.000175,2048,123140.57,1787804255.006
57,20.474,0.989237,0.00017813,2048,100029.79,1787804255.027
58,22.245,0.9177,0.00018125,2048,92063.98,1787804255.049
59,17.006,0.883661,0.00018438,2048,120431.62,1787804255.066
60,15.609,0.852565,0.0001875,2048,131208.04,1787804255.082
61,15.302,0.88529,0.00019062,2048,133841.34,1787804255.098
62,16.867,0.741273,0.00019375,2048,121419.09,1787804255.115
63,20.446,0.663163,0.00019688,2048,100166.29,1787804255.135
64,19.739,0.603783,0.0002,2048,103752.41,1787804255.155
65,15.21,0.762569,0.00020313,2048,134645.6,1787804255.17
66,15.856,0.958607,0.00020625,2048,129164.09,1787804255.186
67,15.372,1.357373,0.00020938,2048,133226.65,1787804255.202
68,17.311,0.66597,0.0002125,2048,118305.6,1787804255.219
69,17.138,0.669023,0.00021563,2048,119497.04,1787804255.237
70,27.579,0.894131,0.00021875,2048,74259.67,1787804255.265
71,28.042,0.708824,0.00022187,2048,73032.79,1787804255.293
72,27.583,0.609237,0.000225,2048,74249.71,1787804255.321
73,16.023,0.68664,0.00022813,2048,127815.47,1787804255.337
74,24.502,0.578075,0.00023125,2048,83586.38,1787804255.361
75,23.105,0.55167,0.00023437,2048,88639.59,1787804255.385
76,16.921,0.530944,0.0002375,2048,121033.75,1787804255.402
77,23.531,0.548107,0.00024063,2048,87033.76,1787804255.425
78,17.264,0.451375,0.00024375,2048,118628.36,1787804255.443
79,18.375,0.433256,0.00024688,2048,111452.75,1787804255.461
80,17.881,0.793067,0.00025,2048,114536.26,1787804255.48
81,16.108,0.43813,0.00025312,2048,127143.37,1787804255.496
82,17.094,0.409694,0.00025625,2048,119806.02,1787804255.513
83,17.011,0.403979,0.00025938,2048,120396.23,1787804255.53
84,15.655,0.429625,0.0002625,2048,130819.99,1787804255.546
85,15.387,0.410344,0.00026563,2048,133101.96,1787804255.562
86,23.642,0.415296,0.00026875,2048,86624.4,1787804255.586
87,26.651,0.374894,0.00027187,2048,76846.59,1787804255.612
88,16.351,0.374442,0.000275,2048,125253.81,1787804255.629
89,15.819,0.314917,0.00027812,2048,129462.93,1787804255.645
90,15.318,0.591884,0.00028125,2048,133701.53,1787804255.66
91,15.101,0.33794,0.00028438,2048,135619.26,1787804255.676
92,15.302,0.336236,0.0002875,2048,133836.09,1787804255.691
93,15.235,0.323015,0.00029063,2048,134426.42,1787804255.707
94,17.525,0.30974,0.00029375,2048,116858.96,1787804255.724
95,22.699,0.287186,0.00029687,2048,90223.84,1787804255.747
96,22.31,0.279523,0.0003,2048,91797.4,1787804255.77
97,19.92,0.3671,0.00030313,2048,102812.79,1787804255.79
98,21.876,0.268913,0.00030625,2048,93618.58,1787804255.812
99,16.31,0.255674,0.00030938,2048,125569.45,1787804255.828
100,15.935,0.288001,0.0003125,2048,128521.32,1787804255.844
101,16.015,0.320884,0.00031562,2048,127881.71,1787804255.861
102,16.007,0.260833,0.00031875,2048,127946.42,1787804255.877
103,21.848,0.270642,0.00032188,2048,93739.84,1787804255.899
104,23.263,0.266649,0.000325,2048,88035.28,1787804255.922
105,16.332,0.256498,0.00032813,2048,125395.69,1787804255.939
106,15.405,0.246701,0.00033125,2048,132942.99,1787804255.954
107,16.182,0.221904,0.00033437,2048,126561.94,1787804255.971
108,17.364,0.215147,0.0003375,2048,117947.21,1787804255.988
109,16.522,0.224039,0.00034062,2048,123953.69,1787804256.006
110,18.145,0.227556,0.00034375,2048,112869.8,1787804256.024
111,16.289,0.217796,0.00034688,2048,125729.79,1787804256.04
112,15.681,0.211722,0.00035,2048,130601.42,1787804256.056
113,15.322,0.212122,0.00035313,2048,133663.14,1787804256.072
114,15.128,0.187182,0.00035625,2048,135373.63,1787804256.087
115,16.428,0.184051,0.00035937,2048,124665.21,1787804256.103
116,18.213,0.258694,0.0003625,2048,112447.77,1787804256.122
117,19.252,0.230723,0.00036563,2048,106380.22,1787804256.141
118,18.061,0.161423,0.00036875,2048,113390.36,1787804256.159
119,19.52,0.172585,0.00037188,2048,104920.18,1787804256.179
120,19.296,0.212493,0.000375,2048,106135.99,1787804256.199
121,20.774,0.328423,0.00037812,2048,98586.19,1787804256.22
122,19.657,0.301665,0.00038125,2048,104188.92,1787804256.239
123,15.732,0.325401,0.00038438,2048,130183.01,1787804256.255
124,15.108,0.299246,0.0003875,2048,135557.32,1787804256.271
125,15.25,0.482295,0.00039063,2048,134295.96,1787804256.286
126,15.577,0.39411,0.00039375,2048,131475.05,1787804256.302
127,16.423,0.204961,0.00039687,2048,124700.12,1787804256.318
128,20.749,0.209963,0.0004,2048,98704.5,1787804256.339
129,15.582,0.208287,0.00040313,2048,131435.39,1787804256.355
130,15.036,0.456642,0.00040625,2048,136208.25,1787804256.37
131,28.981,0.500283,0.00040938,2048,70668.21,1787804256.399
132,16.409,0.281694,0.0004125,2048,124807.27,1787804256.416
133,16.109,0.184421,0.00041563,2048,127133.9,1787804256.431
134,22.887,0.180414,0.00041875,2048,89481.55,1787804256.455
135,15.294,0.236585,0.00042187,2048,133910.47,1787804256.471
136,14.637,0.181076,0.000425,2048,139922.25,1787804256.485
137,15.49,0.202377,0.00042813,2048,132213.48,1787804256.502
138,15.86,0.208515,0.00043125,2048,129128.26,1787804256.518
139,20.197,0.180922,0.00043438,2048,101401.7,1787804256.538
140,27.467,0.167358,0.0004375,2048,74560.84,1787804256.566
141,27.524,0.201596,0.00044062,2048,74407.52,1787804256.593
142,23.917,0.503504,0.00044375,2048,85630.18,1787804256.618
143,24.735,0.646604,0.00044688,2048,82799.33,1787804256.642
144,15.832,0.195711,0.00045,2048,129360.71,1787804256.658
145,20.544,0.172267,0.00045313,2048,99687.5,1787804256.679
146,20.61,0.310641,0.00045625,2048,99371.17,1787804256.7
147,20.18,0.198379,0.00045937,2048,101484.11,1787804256.72
148,20.01,0.210883,0.0004625,2048,102349.85,1787804256.741
149,15.857,0.192661,0.00046563,2048,129150.25,1787804256.757
150,15.492,0.170715,0.00046875,2048,132194.7,1787804256.772
151,15.562,0.158468,0.00047188,2048,131603.47,1787804256.788
152,15.699,0.307388,0.000475,2048,130450.85,1787804256.804
153,17.423,0.193511,0.00047813,2048,117547.12,1787804256.821
154,18.298,0.21259,0.00048125,2048,111922.97,1787804256.84
155,18.731,0.237519,0.00048437,2048,109338.05,1787804256.859
156,17.159,0.147839,0.0004875,2048,119354.28,1787804256.876
157,17.171,0.157299,0.00049062,2048,119270.17,1787804256.893
158,16.157,0.15268,0.00049375,2048,126753.07,1787804256.909
159,17.027,0.185265,0.00049688,2048,120279.56,1787804256.926
160,16.341,0.164793,0.0005,2048,125332.0,1787804256.943
161,15.824,0.518246,0.00050313,2048,129426.11,1787804256.959
162,14.928,0.205759,0.00050625,2048,137192.77,1787804256.974
163,15.729,0.17131,0.00050938,2048,130207.01,1787804256.99
164,15.089,0.262611,0.0005125,2048,135728.01,1787804257.005
165,15.055,0.194516,0.00051563,2048,136037.25,1787804257.02
166,18.095,0.24173,0.00051875,2048,113179.19,1787804257.039
167,24.465,0.165398,0.00052187,2048,83712.45,1787804257.063
168,19.968,0.144766,0.000525,2048,102563.08,1787804257.083
169,17.775,0.141033,0.00052812,2048,115219.3,1787804257.101
170,20.908,0.190969,0.00053125,2048,97952.0,1787804257.122
171,16.92,1.646158,0.00053438,2048,121036.61,1787804257.139
172,22.252,1.748338,0.0005375,2048,92035.43,1787804257.162
173,15.291,0.214241,0.00054062,2048,133935.87,1787804257.177
174,15.426,0.14846,0.00054375,2048,132764.59,1787804257.193
175,15.191,0.13525,0.00054688,2048,134820.22,1787804257.208
176,16.682,0.146934,0.00055,2048,122769.26,1787804257.225
177,21.966,0.167517,0.00055313,2048,93233.3,1787804257.247
178,34.505,0.143309,0.00055625,2048,59353.54,1787804257.282
179,19.015,0.130611,0.00055937,2048,107704.44,1787804257.301
180,15.358,0.125619,0.0005625,2048,133351.56,1787804257.317
181,16.154,0.131978,0.00056563,2048,126777.39,1787804257.333
182,17.624,1.38756,0.00056875,2048,116205.83,1787804257.351
183,15.066,1.421772,0.00057188,2048,135937.92,1787804257.366
184,15.178,0.179231,0.000575,2048,134935.69,1787804257.382
185,16.009,0.150819,0.00057812,2048,127925.64,1787804257.398
186,17.675,0.135334,0.00058125,2048,115867.91,1787804257.416
187,21.178,1.183423,0.00058438,2048,96705.95,1787804257.437
188,24.516,0.2558,0.0005875,2048,83537.96,1787804257.462
189,23.814,1.5808,0.00059063,2048,85999.11,1787804257.486
190,20.966,0.627567,0.00059375,2048,97681.5,1787804257.507
191,19.487,0.205833,0.00059688,2048,105093.01,1787804257.527
192,16.006,0.456256,0.0006,2048,127948.82,1787804257.543
193,17.607,0.203038,0.00060313,2048,116315.39,1787804257.561
194,29.3,0.161362,0.00060625,2048,69896.66,1787804257.59
195,30.331,0.201511,0.00060937,2048,67521.68,1787804257.621
196,26.946,1.744828,0.0006125,2048,76002.73,1787804257.648
197,29.458,0.121734,0.00061562,2048,69522.47,1787804257.677
198,29.718,0.106215,0.00061875,2048,68914.0,1787804257.707
199,24.91,0.148137,0.00062187,2048,82215.65,1787804257.732
200,15.785,0.15616,0.000625,2048,129747.54,1787804257.748
201,17.53,0.169751,0.00062813,2048,116829.63,1787804257.766
202,16.428,0.110324,0.00063125,2048,124666.72,1787804257.783
203,15.64,0.118646,0.00063438,2048,130943.78,1787804257.798
204,15.294,2.077938,0.0006375,2048,133910.47,1787804257.814
205,17.477,4.08951,0.00064063,2048,117181.24,1787804257.832
206,18.824,2.157892,0.00064375,2048,108799.01,1787804257.851
207,15.637,1.009508,0.00064687,2048,130972.25,1787804257.867
208,15.858,0.183244,0.00065,2048,129146.99,1787804257.883
209,19.502,0.165512,0.00065312,2048,105017.56,1787804257.902
210,15.353,3.683916,0.00065625,2048,133391.52,1787804257.918
211,15.629,2.219716,0.00065938,2048,131038.45,1787804257.934
212,18.462,4.204974,0.0006625,2048,110931.76,1787804257.952
213,21.727,0.305758,0.00066562,2048,94261.47,1787804257.974
214,18.098,1.771998,0.00066875,2048,113158.55,1787804257.992
215,15.71,0.869167,0.00067188,2048,130359.51,1787804258.008
216,22.72,0.207135,0.000675,2048,90141.24,1787804258.031
217,16.649,2.086018,0.00067813,2048,123012.61,1787804258.049
218,23.546,0.190562,0.00068125,2048,86980.53,1787804258.072
219,35.951,0.179,0.00068437,2048,56966.27,1787804258.108
220,19.102,0.167804,0.0006875,2048,107215.03,1787804258.128
221,19.505,0.44999,0.00069063,2048,104997.1,1787804258.147
222,20.426,0.167368,0.00069375,2048,100265.84,1787804258.168
223,17.661,0.144328,0.00069688,2048,115959.1,1787804258.186
224,15.204,0.14859,0.0007,2048,134697.85,1787804258.201
225,15.571,0.134067,0.00070312,2048,131524.87,1787804258.217
226,16.308,0.136219,0.00070625,2048,125584.85,1787804258.233
227,16.706,0.129905,0.00070938,2048,122588.48,1787804258.25
228,15.926,0.095555,0.0007125,2048,128596.37,1787804258.266
229,17.693,0.110277,0.00071563,2048,115753.3,1787804258.284
230,17.2,0.080591,0.00071875,2048,119070.46,1787804258.301
231,17.218,0.282717,0.00072188,2048,118944.6,1787804258.319
232,17.136,0.192705,0.000725,2048,119515.17,1787804258.336
233,19.14,0.150122,0.00072813,2048,107002.72,1787804258.356
234,16.761,0.166609,0.00073125,2048,122191.33,1787804258.372
235,15.482,0.222373,0.00073438,2048,132279.23,1787804258.388
236,16.972,0.112406,0.0007375,2048,120666.49,1787804258.406
237,19.118,0.090669,0.00074062,2048,107123.62,1787804258.425
238,19.998,0.090344,0.00074375,2048,102412.29,1787804258.445
239,57.037,0.081045,0.00074687,2048,35906.33,1787804258.503
240,18.9,0.077663,0.00075,2048,108359.79,1787804258.522
241,21.757,0.089773,0.00075313,2048,94132.79,1787804258.544
242,22.363,0.080882,0.00075625,2048,91579.02,1787804258.567
243,26.84,0.076027,0.00075938,2048,76304.88,1787804258.594
244,27.55,0.113007,0.0007625,2048,74337.57,1787804258.621
245,20.463,0.080478,0.00076563,2048,100085.03,1787804258.642
246,15.402,0.06902,0.00076875,2048,132970.61,1787804258.658
247,14.698,0.091828,0.00077187,2048,139333.95,1787804258.672
248,14.61,0.073183,0.000775,2048,140181.8,1787804258.687
249,14.773,0.094241,0.00077812,2048,138626.6,1787804258.702
250,14.549,0.073361,0.00078125,2048,140769.56,1787804258.717
251,17.279,0.117386,0.00078438,2048,118524.01,1787804258.734
252,15.706,0.077281,0.0007875,2048,130398.52,1787804258.75
253,16.656,0.067241,0.00079062,2048,122956.48,1787804258.767
254,16.597,0.076215,0.00079375,2048,123395.05,1787804258.784
255,16.8,0.114185,0.00079688,2048,121905.49,1787804258.801
256,15.616,0.146395,0.0008,2048,131151.74,1787804258.817
257,15.484,0.126011,0.00080313,2048,132268.98,1787804258.832
258,17.955,0.112322,0.00080625,2048,114061.03,1787804258.85
259,16.87,0.08481,0.00080937,2048,121398.21,1787804258.867
260,15.241,0.086398,0.0008125,2048,134377.03,1787804258.882
261,15.032,0.077683,0.00081563,2048,136240.87,1787804258.898
262,16.569,0.058643,0.00081875,2048,123605.07,1787804258.914
263,15.321,0.071509,0.00082188,2048,133675.35,1787804258.93
264,15.98,0.057234,0.000825,2048,128159.4,1787804258.946
265,16.129,0.666965,0.00082812,2048,126972.32,1787804258.962
266,15.185,0.088332,0.00083125,2048,134869.94,1787804258.978
267,14.479,0.960237,0.00083438,2048,141446.23,1787804258.992
268,15.257,0.09162,0.0008375,2048,134233.47,1787804259.008
269,15.042,0.081647,0.00084063,2048,136152.11,1787804259.023
270,15.401,0.055635,0.00084375,2048,132980.97,1787804259.038
271,17.157,0.057661,0.00084688,2048,119367.49,1787804259.056
272,15.97,2.549951,0.00085,2048,128241.25,1787804259.073
273,15.528,0.06336,0.00085313,2048,131886.53,1787804259.088
274,14.951,6.918232,0.00085625,2048,136977.14,1787804259.103
275,15.054,2.136505,0.00085938,2048,136047.19,1787804259.118
276,15.356,1.847423,0.0008625,2048,133365.46,1787804259.134
277,16.288,2.874688,0.00086562,2048,125737.51,1787804259.15
278,20.384,1.657667,0.00086875,2048,100471.45,1787804259.171
279,15.575,1.577611,0.00087187,2048,131493.62,1787804259.187
280,15.87,0.446283,0.000875,2048,129047.71,1787804259.203
281,15.621,0.413642,0.00087813,2048,131103.88,1787804259.218
282,15.17,0.403995,0.00088125,2048,135000.63,1787804259.234
283,15.8,0.414927,0.00088438,2048,129616.97,1787804259.251
284,19.064,0.3408,0.0008875,2048,107427.05,1787804259.27
285,21.605,0.27007,0.00089063,2048,94792.43,1787804259.292
286,22.096,0.09976,0.00089375,2048,92686.04,1787804259.314
287,16.785,0.234284,0.00089687,2048,122012.98,1787804259.331
288,17.664,0.215575,0.0009,2048,115940.72,1787804259.349
289,16.962,0.192756,0.00090312,2048,120741.9,1787804259.366
290,19.14,0.142195,0.00090625,2048,107000.49,1787804259.385
291,17.273,0.232304,0.00090938,2048,118565.18,1787804259.403
292,15.272,0.113347,0.0009125,2048,134097.23,1787804259.418
293,14.782,0.189115,0.00091562,2048,138548.76,1787804259.433
294,19.352,0.135999,0.00091875,2048,105830.5,1787804259.453
295,21.99,0.143299,0.00092188,2048,93132.4,1787804259.475
296,28.008,0.106674,0.000925,2048,73121.7,1787804259.503
297,27.633,0.099509,0.00092813,2048,74113.75,1787804259.531
298,27.643,0.085198,0.00093125,2048,74086.94,1787804259.558
299,29.541,0.085398,0.00093437,2048,69327.14,1787804259.588
300,25.458,0.059635,0.0009375,2048,80444.96,1787804259.614
301,16.011,0.064468,0.00094063,2048,127909.66,1787804259.63
302,16.241,0.057126,0.00094375,2048,126097.5,1787804259.646
303,17.097,0.053254,0.00094688,2048,119784.3,1787804259.664
304,22.179,0.057169,0.00095,2048,92339.6,1787804259.686
305,22.183,1.362898,0.00095312,2048,92321.29,1787804259.708
306,17.833,0.10899,0.00095625,2048,114841.98,1787804259.726
307,24.753,0.063728,0.00095938,2048,82737.45,1787804259.751
308,17.247,0.031949,0.0009625,2048,118747.35,1787804259.769
309,16.693,0.192658,0.00096563,2048,122686.89,1787804259.786
310,15.329,0.056737,0.00096875,2048,133602.1,1787804259.801
311,15.587,0.049885,0.00097188,2048,131392.39,1787804259.817
312,15.707,0.055281,0.000975,2048,130391.05,1787804259.832
313,17.305,0.052595,0.00097813,2048,118344.56,1787804259.85
314,15.632,0.030175,0.00098125,2048,131010.79,1787804259.866
315,15.504,0.054311,0.00098438,2048,132094.09,1787804259.882
316,15.546,0.032851,0.0009875,2048,131738.92,1787804259.897
317,15.325,0.033451,0.00099062,2048,133638.72,1787804259.913
318,15.431,0.032122,0.00099375,2048,132721.57,1787804259.929
319,15.962,0.033155,0.00099687,2048,128307.14,1787804259.945
320,17.666,0.03731,0.001,2048,115929.56,1787804259.963
321,15.264,0.033151,0.001,2048,134173.67,1787804259.978
322,14.968,0.071627,0.001,2048,136827.06,1787804259.993
323,15.305,0.045661,0.001,2048,133809.86,1787804260.008
324,15.101,0.062554,0.001,2048,135617.46,1787804260.024
325,17.762,0.043202,0.00099999,2048,115304.93,1787804260.042
326,18.826,0.020619,0.00099999,2048,108784.57,1787804260.061
327,21.753,0.027949,0.00099999,2048,94147.5,1787804260.083
328,15.627,0.03174,0.00099998,2048,131056.9,1787804260.099
329,15.636,0.028384,0.00099998,2048,130979.79,1787804260.114
330,15.487,0.028312,0.00099997,2048,132239.94,1787804260.129
331,16.641,0.023938,0.00099997,2048,123070.27,1787804260.146
332,19.497,0.049245,0.00099996,2048,105042.34,1787804260.166
333,15.691,0.059322,0.00099995,2048,130519.02,1787804260.182
334,15.824,0.037609,0.00099995,2048,129423.66,1787804260.198
335,16.368,0.047187,0.00099994,2048,125120.66,1787804260.215
336,17.427,0.037769,0.00099993,2048,117520.82,1787804260.233
337,17.876,0.044568,0.00099992,2048,114568.3,1787804260.251
338,17.222,0.036825,0.00099991,2048,118919.74,1787804260.268
339,15.622,0.104732,0.0009999,2048,131096.33,1787804260.284
340,23.706,0.227964,0.00099989,2048,86392.72,1787804260.308
341,34.59,0.089762,0.00099988,2048,59207.18,1787804260.343
342,22.34,0.027621,0.00099987,2048,91675.36,1787804260.365
343,15.656,0.032119,0.00099986,2048,130810.8,1787804260.381
344,14.652,0.036421,0.00099985,2048,139772.32,1787804260.395
345,19.43,0.03668,0.00099983,2048,105403.47,1787804260.415
346,16.794,0.045345,0.00099982,2048,121946.14,1787804260.432
347,17.626,0.040484,0.0009998,2048,116191.33,1787804260.45
348,18.161,0.031671,0.00099979,2048,112770.98,1787804260.469
349,15.856,0.029468,0.00099977,2048,129159.2,1787804260.485
350,15.352,0.020738,0.00099976,2048,133400.21,1787804260.5
351,15.201,0.041329,0.00099974,2048,134724.43,1787804260.516
352,21.165,0.017028,0.00099973,2048,96763.07,1787804260.537
353,20.935,0.014498,0.00099971,2048,97827.07,1787804260.558
354,15.393,0.01338,0.00099969,2048,133049.22,1787804260.574
355,15.103,0.017118,0.00099967,2048,135603.99,1787804260.589
356,14.543,0.016434,0.00099965,2048,140821.83,1787804260.604
357,14.632,0.022844,0.00099963,2048,139971.02,1787804260.618
358,14.892,0.015724,0.00099961,2048,137526.27,1787804260.633
359,16.379,0.0282,0.00099959,2048,125036.63,1787804260.65
360,16.214,0.021618,0.00099957,2048,126312.93,1787804260.666
361,17.821,0.019108,0.00099955,2048,114917.38,1787804260.684
362,15.893,0.00992,0.00099953,2048,128860.14,1787804260.701
363,15.15,0.022609,0.00099951,2048,135179.73,1787804260.716
364,15.978,0.024817,0.00099948,2048,128178.65,1787804260.732
365,15.989,0.023503,0.00099946,2048,128088.86,1787804260.748
366,16.243,0.016487,0.00099943,2048,126081.2,1787804260.765
367,20.836,0.016196,0.00099941,2048,98293.78,1787804260.786
368,16.356,0.015306,0.00099938,2048,125214.75,1787804260.802
369,14.884,0.025446,0.00099936,2048,137597.42,1787804260.817
370,15.625,0.019668,0.00099933,2048,131075.36,1787804260.833
371,15.721,0.016699,0.0009993,2048,130268.3,1787804260.849
372,16.97,0.022522,0.00099928,2048,120685.69,1787804260.866
373,15.347,0.01955,0.00099925,2048,133449.75,1787804260.881
374,15.932,0.02637,0.00099922,2048,128544.71,1787804260.897
375,14.604,0.027229,0.00099919,2048,140240.35,1787804260.912
376,15.066,0.013417,0.00099916,2048,135935.22,1787804260.927
377,15.097,0.012178,0.00099913,2048,135652.5,1787804260.943
378,18.404,0.014267,0.0009991,2048,111281.97,1787804260.961
379,15.729,0.020783,0.00099907,2048,130205.35,1787804260.977
380,14.619,0.026164,0.00099904,2048,140095.49,1787804260.992
381,14.878,0.015332,0.000999,2048,137649.21,1787804261.007
382,14.967,0.012871,0.00099897,2048,136832.54,1787804261.022
383,14.481,0.013836,0.00099894,2048,141424.74,1787804261.037
384,14.945,0.01845,0.0009989,2048,137032.13,1787804261.052
385,17.507,0.016795,0.00099887,2048,116985.12,1787804261.07
386,15.866,0.012895,0.00099883,2048,129076.99,1787804261.086
387,15.213,0.009739,0.0009988,2048,134625.24,1787804261.101
388,15.468,0.013037,0.00099876,2048,132400.67,1787804261.117
389,15.176,0.014809,0.00099873,2048,134949.03,1787804261.132
390,15.242,0.010428,0.00099869,2048,134368.21,1787804261.147
391,15.536,0.008647,0.00099865,2048,131827.11,1787804261.163
392,17.059,0.011121,0.00099861,2048,120055.34,1787804261.18
393,16.562,0.016191,0.00099857,2048,123656.56,1787804261.197
394,16.296,0.025403,0.00099853,2048,125672.7,1787804261.213
395,15.888,0.010242,0.00099849,2048,128901.5,1787804261.23
396,17.656,0.009069,0.00099845,2048,115995.88,1787804261.247
397,16.729,0.008431,0.00099841,2048,122420.68,1787804261.264
398,16.151,0.011328,0.00099837,2048,126801.72,1787804261.281
399,15.218,0.010211,0.00099833,2048,134573.94,1787804261.296
400,16.209,0.010129,0.00099829,2048,126348.78,1787804261.312
401,15.527,0.009517,0.00099824,2048,131901.82,1787804261.328
402,15.5,0.011022,0.0009982,2048,132128.18,1787804261.344
403,15.572,0.007898,0.00099816,2048,131518.95,1787804261.36
404,19.151,0.011719,0.00099811,2048,106940.7,1787804261.379
405,16.336,0.010311,0.00099807,2048,125364.99,1787804261.395
406,23.374,0.00936,0.00099802,2048,87620.22,1787804261.419
407,17.644,0.00931,0.00099798,2048,116074.11,1787804261.437
408,21.744,0.016236,0.00099793,2048,94185.6,1787804261.459
409,19.982,0.00755,0.00099788,2048,102494.29,1787804261.479
410,19.025,0.01175,0.00099783,2048,107648.96,1787804261.498
411,20.815,0.008605,0.00099778,2048,98391.53,1787804261.519
412,22.253,3.722846,0.00099774,2048,92033.78,1787804261.541
413,17.583,0.015704,0.00099769,2048,116474.15,1787804261.559
414,17.753,0.022309,0.00099764,2048,115360.78,1787804261.577
415,17.407,0.011019,0.00099759,2048,117656.52,1787804261.595
416,16.823,0.008676,0.00099753,2048,121740.99,1787804261.612
417,17.933,0.009412,0.00099748,2048,114202.23,1787804261.63
418,28.18,0.012445,0.00099743,2048,72675.14,1787804261.658
419,15.898,0.011984,0.00099738,2048,128823.67,1787804261.674
420,30.558,0.010149,0.00099733,2048,67019.22,1787804261.705
421,28.896,0.007738,0.00099727,2048,70875.84,1787804261.734
422,30.051,0.008909,0.00099722,2048,68150.81,1787804261.764
423,20.818,0.009354,0.00099716,2048,98377.82,1787804261.785
424,27.307,0.007389,0.00099711,2048,75000.18,1787804261.813
425,22.852,0.008182,0.00099705,2048,89621.34,1787804261.835
426,17.771,0.048841,0.000997,2048,115241.99,1787804261.853
427,18.092,0.008566,0.00099694,2048,113197.33,1787804261.872
428,15.489,0.008299,0.00099688,2048,132221.16,1787804261.887
429,19.789,0.010628,0.00099682,2048,103493.93,1787804261.907
430,19.154,0.032198,0.00099676,2048,106924.51,1787804261.927
431,17.264,0.010382,0.00099671,2048,118631.8,1787804261.945
432,16.894,0.016275,0.00099665,2048,121225.75,1787804261.961
433,16.364,0.007958,0.00099659,2048,125149.72,1787804261.978
434,15.617,0.007926,0.00099653,2048,131137.46,1787804261.994
435,15.852,0.007002,0.00099646,2048,129198.31,1787804262.01
436,15.816,0.007896,0.0009964,2048,129492.4,1787804262.026
437,15.271,0.007922,0.00099634,2048,134113.04,1787804262.041
438,16.76,0.00722,0.00099628,2048,122194.98,1787804262.058
439,18.99,0.006874,0.00099621,2048,107845.1,1787804262.077
440,15.343,0.006644,0.00099615,2048,133480.2,1787804262.093
441,16.421,0.687705,0.00099609,2048,124719.11,1787804262.11
442,15.891,0.00986,0.00099602,2048,128878.79,1787804262.126
443,16.708,0.006572,0.00099596,2048,122576.01,1787804262.142
444,17.553,0.006501,0.00099589,2048,116676.54,1787804262.16
445,16.864,0.00604,0.00099582,2048,121439.96,1787804262.177
446,16.548,0.006905,0.00099576,2048,123764.92,1787804262.194
447,16.533,0.007395,0.00099569,2048,123873.46,1787804262.211
448,15.261,0.006288,0.00099562,2048,134199.16,1787804262.226
449,15.699,0.005836,0.00099555,2048,130455.0,1787804262.242
450,15.29,0.007471,0.00099548,2048,133946.38,1787804262.257
451,16.391,0.006086,0.00099541,2048,124950.43,1787804262.274
452,19.585,0.005226,0.00099534,2048,104569.29,1787804262.294
453,22.522,0.006716,0.00099527,2048,90931.69,1787804262.317
454,15.918,0.004993,0.0009952,2048,128661.8,1787804262.333
455,16.171,0.005134,0.00099513,2048,126645.68,1787804262.349
456,15.479,0.006435,0.00099506,2048,132307.43,1787804262.364
457,16.584,0.005359,0.00099498,2048,123492.52,1787804262.382
458,16.181,0.006151,0.00099491,2048,126567.41,1787804262.398
459,18.158,0.005781,0.00099484,2048,112786.51,1787804262.416
460,17.026,0.005397,0.00099476,2048,120283.79,1787804262.433
461,33.818,0.005754,0.00099469,2048,60560.18,1787804262.467
462,18.846,0.004345,0.00099461,2048,108672.0,1787804262.486
463,22.352,0.00476,0.00099454,2048,91625.73,1787804262.508
464,15.635,0.00608,0.00099446,2048,130988.17,1787804262.525
465,14.722,0.004412,0.00099438,2048,139113.42,1787804262.54
466,14.625,0.004421,0.00099431,2048,140037.06,1787804262.555
467,17.158,0.004156,0.00099423,2048,119361.93,1787804262.572
468,21.867,0.011524,0.00099415,2048,93655.82,1787804262.594
469,15.356,0.004816,0.00099407,2048,133369.8,1787804262.61
470,14.86,0.00477,0.00099399,2048,137821.51,1787804262.625
471,14.644,0.005147,0.00099391,2048,139851.54,1787804262.639
472,14.619,0.006133,0.00099383,2048,140089.74,1787804262.654
473,16.037,0.005621,0.00099375,2048,127701.5,1787804262.67
474,24.259,0.005935,0.00099367,2048,84422.62,1787804262.695
475,24.968,0.007543,0.00099358,2048,82025.65,1787804262.72
476,24.673,0.004094,0.0009935,2048,83006.05,1787804262.745
477,25.005,0.003688,0.00099342,2048,81902.64,1787804262.77
478,20.81,0.003906,0.00099333,2048,98414.22,1787804262.791
479,15.16,0.009405,0.00099325,2048,135095.91,1787804262.806
480,14.811,0.010338,0.00099316,2048,138271.87,1787804262.821
481,15.534,0.007069,0.00099308,2048,131836.44,1787804262.837
482,14.934,0.005276,0.00099299,2048,137138.57,1787804262.852
483,20.019,0.006166,0.00099291,2048,102302.3,1787804262.872
484,17.162,0.01174,0.00099282,2048,119334.11,1787804262.889
485,16.295,0.017745,0.00099273,2048,125678.87,1787804262.906
486,15.205,0.005781,0.00099264,2048,134695.19,1787804262.921
487,15.234,0.005231,0.00099255,2048,134440.54,1787804262.937
488,15.785,0.008588,0.00099246,2048,129744.25,1787804262.953
489,15.45,0.011123,0.00099237,2048,132557.49,1787804262.969
490,16.369,0.009306,0.00099228,2048,125113.78,1787804262.985
491,18.687,0.011703,0.00099219,2048,109595.49,1787804263.004
492,15.408,0.010077,0.0009921,2048,132918.83,1787804263.019
493,15.522,0.010216,0.00099201,2048,131942.61,1787804263.035
494,16.28,0.010226,0.00099192,2048,125798.53,1787804263.052
495,15.997,0.008743,0.00099183,2048,128022.4,1787804263.068
496,17.436,0.00819,0.00099173,2048,117461.5,1787804263.085
497,15.757,0.010214,0.00099164,2048,129977.28,1787804263.101
498,14.785,0.00893,0.00099154,2048,138518.77,1787804263.116
499,15.12,0.006869,0.00099145,2048,135453.32,1787804263.132
500,15.497,0.004975,0.00099135,2048,132157.17,1787804263.147
501,14.812,0.006282,0.00099126,2048,138269.07,1787804263.162
502,16.169,0.007464,0.00099116,2048,126664.48,1787804263.178
503,15.545,0.007623,0.00099106,2048,131749.09,1787804263.194
504,16.128,0.007443,0.00099097,2048,126984.13,1787804263.21
505,16.014,0.008124,0.00099087,2048,127892.09,1787804263.227
506,17.769,0.009756,0.00099077,2048,115258.85,1787804263.245
507,15.625,0.008056,0.00099067,2048,131070.32,1787804263.26
508,16.547,0.005724,0.00099057,2048,123765.67,1787804263.277
509,23.758,0.005293,0.00099047,2048,86201.45,1787804263.301
510,17.19,0.004809,0.00099037,2048,119136.26,1787804263.318
511,15.852,0.006198,0.00099027,2048,129196.68,1787804263.334
512,15.238,0.004814,0.00099017,2048,134396.43,1787804263.349
513,14.912,0.003728,0.00099006,2048,137339.06,1787804263.365
514,17.009,0.004745,0.00098996,2048,120405.43,1787804263.382
515,15.684,0.004248,0.00098986,2048,130581.43,1787804263.398
516,19.909,0.003116,0.00098975,2048,102868.05,1787804263.418
517,17.329,0.003651,0.00098965,2048,118181.35,1787804263.435
518,17.672,0.004461,0.00098954,2048,115888.89,1787804263.453
519,16.396,0.004819,0.00098944,2048,124907.75,1787804263.47
520,17.126,0.00352,0.00098933,2048,119587.05,1787804263.487
521,16.23,0.00313,0.00098923,2048,126186.85,1787804263.503
522,15.979,0.00345,0.00098912,2048,128169.02,1787804263.519
523,15.241,0.00395,0.00098901,2048,134377.91,1787804263.535
524,14.594,0.003316,0.0009889,2048,140328.76,1787804263.55
525,14.541,0.003285,0.0009888,2048,140842.17,1787804263.564
526,19.679,0.004091,0.00098869,2048,104071.39,1787804263.584
527,15.06,0.003472,0.00098858,2048,135993.89,1787804263.6
528,14.629,0.002747,0.00098847,2048,139998.77,1787804263.614
529,15.279,0.00364,0.00098836,2048,134036.68,1787804263.63
530,14.721,0.003589,0.00098824,2048,139122.87,1787804263.644
531,14.821,0.003322,0.00098813,2048,138181.38,1787804263.659
532,15.055,0.003123,0.00098802,2048,136036.35,1787804263.675
533,16.568,0.003381,0.00098791,2048,123613.27,1787804263.691
534,29.003,0.002659,0.00098779,2048,70613.87,1787804263.72
535,29.238,0.002591,0.00098768,2048,70046.31,1787804263.75
536,28.217,0.004773,0.00098757,2048,72580.1,1787804263.779
537,15.892,0.003908,0.00098745,2048,128867.44,1787804263.795
538,14.914,0.003086,0.00098734,2048,137324.32,1787804263.81
539,14.6,0.002704,0.00098722,2048,140277.82,1787804263.825
540,14.757,0.00298,0.0009871,2048,138784.42,1787804263.84
541,14.842,0.003292,0.00098699,2048,137983.07,1787804263.855
542,16.073,0.003286,0.00098687,2048,127418.65,1787804263.871
543,16.409,0.002973,0.00098675,2048,124808.03,1787804263.887
544,17.118,0.002973,0.00098663,2048,119638.05,1787804263.905
545,16.488,0.003382,0.00098651,2048,124212.3,1787804263.921
546,15.009,0.003035,0.00098639,2048,136455.1,1787804263.937
547,15.471,0.002526,0.00098627,2048,132378.42,1787804263.952
548,15.001,0.003151,0.00098615,2048,136523.32,1787804263.967
549,16.748,0.003441,0.00098603,2048,122282.53,1787804263.984
550,19.737,0.003181,0.00098591,2048,103761.87,1787804264.004
551,18.811,0.002577,0.00098579,2048,108870.73,1787804264.023
552,16.539,0.003374,0.00098567,2048,123826.28,1787804264.04
553,16.025,0.002633,0.00098554,2048,127801.91,1787804264.056
554,17.093,0.00319,0.00098542,2048,119816.53,1787804264.073
555,16.816,0.003003,0.0009853,2048,121790.95,1787804264.09
556,17.889,0.002653,0.00098517,2048,114485.68,1787804264.109
557,16.663,0.002426,0.00098505,2048,122904.83,1787804264.126
558,15.258,0.002174,0.00098492,2048,134221.15,1787804264.141
559,16.406,0.00241,0.00098479,2048,124831.62,1787804264.158
560,17.873,0.002301,0.00098467,2048,114589.45,1787804264.176
561,19.6,0.002565,0.00098454,2048,104490.86,1787804264.195
562,15.159,0.002882,0.00098441,2048,135105.72,1787804264.211
563,16.068,0.002203,0.00098428,2048,127460.68,1787804264.227
564,15.777,0.002223,0.00098415,2048,129805.92,1787804264.243
565,16.475,0.00223,0.00098402,2048,124311.07,1787804264.259
566,15.528,0.00322,0.0009839,2048,131886.53,1787804264.275
567,18.317,0.002278,0.00098376,2048,111810.53,1787804264.294
568,15.271,0.00247,0.00098363,2048,134113.04,1787804264.309
569,15.183,0.00262,0.0009835,2048,134892.15,1787804264.324
570,14.725,0.002094,0.00098337,2048,139081.3,1787804264.339
571,14.634,0.002276,0.00098324,2048,139945.2,1787804264.354
572,14.936,0.002939,0.0009831,2048,137120.21,1787804264.369
573,15.895,0.002633,0.00098297,2048,128843.93,1787804264.385
574,16.876,0.002678,0.00098284,2048,121355.05,1787804264.402
575,18.759,0.002171,0.0009827,2048,109176.59,1787804264.421
576,17.252,0.002536,0.00098257,2048,118709.5,1787804264.439
577,20.942,0.003699,0.00098243,2048,97795.78,1787804264.46
578,17.898,0.002753,0.0009823,2048,114428.11,1787804264.478
579,24.695,0.003374,0.00098216,2048,82933.45,1787804264.503
580,21.638,0.004509,0.00098202,2048,94648.74,1787804264.525
581,22.892,0.004138,0.00098188,2048,89464.35,1787804264.548
582,20.232,0.003877,0.00098175,2048,101226.28,1787804264.568
583,16.387,0.002761,0.00098161,2048,124977.12,1787804264.584
584,16.45,0.003571,0.00098147,2048,124495.45,1787804264.601
585,19.265,0.00358,0.00098133,2048,106306.22,1787804264.62
586,20.413,0.004,0.00098119,2048,100327.73,1787804264.641
587,16.179,0.002638,0.00098105,2048,126582.28,1787804264.657
588,16.833,0.003259,0.00098091,2048,121665.05,1787804264.675
589,17.792,0.002758,0.00098077,2048,115105.33,1787804264.693
590,23.413,0.002532,0.00098062,2048,87474.64,1787804264.716
591,19.483,0.002067,0.00098048,2048,105117.82,1787804264.735
592,18.052,0.004189,0.00098034,2048,113450.66,1787804264.754
593,16.39,0.003359,0.00098019,2048,124954.24,1787804264.77
594,17.242,0.002132,0.00098005,2048,118779.04,1787804264.788
595,19.592,0.002371,0.0009799,2048,104531.4,1787804264.807
596,15.132,0.003415,0.00097976,2048,135342.32,1787804264.823
597,15.399,0.004043,0.00097961,2048,132991.33,1787804264.838
598,14.98,0.002235,0.00097947,2048,136715.62,1787804264.853
599,15.177,0.002513,0.00097932,2048,134943.7,1787804264.869
600,15.257,0.0028,0.00097917,2048,134232.59,1787804264.885
601,15.491,0.003271,0.00097902,2048,132202.38,1787804264.9
602,17.188,0.002352,0.00097888,2048,119152.2,1787804264.918
603,15.678,0.002084,0.00097873,2048,130625.57,1787804264.933
604,16.862,0.001987,0.00097858,2048,121455.09,1787804264.95
605,15.793,0.002503,0.00097843,2048,129680.17,1787804264.966
606,15.618,0.001834,0.00097828,2048,131131.59,1787804264.982
607,16.762,0.002322,0.00097813,2048,122178.21,1787804264.999
608,14.852,0.001873,0.00097798,2048,137892.03,1787804265.014
609,15.078,0.00197,0.00097782,2048,135825.23,1787804265.029
610,15.874,0.002307,0.00097767,2048,129015.19,1787804265.045
611,15.523,0.002024,0.00097752,2048,131934.96,1787804265.061
612,15.383,0.001788,0.00097736,2048,133133.11,1787804265.076
613,17.854,0.002546,0.00097721,2048,114707.55,1787804265.095
614,16.008,0.001917,0.00097706,2048,127938.43,1787804265.111
615,15.633,0.002159,0.0009769,2048,131000.74,1787804265.127
616,16.628,0.002474,0.00097675,2048,123165.0,1787804265.143
617,15.328,0.003162,0.00097659,2048,133608.2,1787804265.159
618,16.008,0.00233,0.00097643,2048,127934.43,1787804265.175
619,16.49,0.00257,0.00097628,2048,124197.24,1787804265.192
620,17.596,0.002003,0.00097612,2048,116389.43,1787804265.21
621,15.392,0.001749,0.00097596,2048,133055.27,1787804265.226
622,15.607,0.002279,0.0009758,2048,131222.33,1787804265.241
623,15.69,0.001818,0.00097564,2048,130527.34,1787804265.257
624,15.385,0.001732,0.00097548,2048,133121.0,1787804265.273
625,17.207,0.001629,0.00097532,2048,119021.33,1787804265.29
626,16.844,0.001669,0.00097516,2048,121584.88,1787804265.307
627,15.522,0.001685,0.000975,2048,131940.91,1787804265.323
628,14.724,0.001969,0.00097484,2048,139094.53,1787804265.338
629,14.856,0.002412,0.00097468,2048,137859.54,1787804265.353
630,15.14,0.001957,0.00097452,2048,135270.81,1787804265.368
631,15.038,0.002499,0.00097435,2048,136186.51,1787804265.383
632,16.107,0.003008,0.00097419,2048,127152.05,1787804265.4
633,18.159,0.001626,0.00097402,2048,112778.44,1787804265.418
634,16.997,0.001693,0.00097386,2048,120493.98,1787804265.435
635,18.081,0.001885,0.00097369,2048,113269.95,1787804265.453
636,18.237,0.001777,0.00097353,2048,112296.71,1787804265.472
637,15.825,0.001492,0.00097336,2048,129417.12,1787804265.488
638,22.496,0.001856,0.0009732,2048,91038.0,1787804265.51
639,15.946,0.001802,0.00097303,2048,128435.88,1787804265.526
640,17.021,0.002005,0.00097286,2048,120321.25,1787804265.543
641,15.136,0.001772,0.00097269,2048,135302.98,1787804265.559
642,15.696,0.002321,0.00097252,2048,130479.1,1787804265.575
643,20.396,0.002547,0.00097236,2048,100411.85,1787804265.595
644,19.782,0.002577,0.00097219,2048,103526.37,1787804265.615
645,16.326,0.001855,0.00097202,2048,125441.0,1787804265.632
646,15.02,0.001746,0.00097185,2048,136347.9,1787804265.647
647,14.641,0.002079,0.00097167,2048,139882.11,1787804265.662
648,14.584,0.001953,0.0009715,2048,140430.76,1787804265.676
649,16.324,0.001508,0.00097133,2048,125456.37,1787804265.693
650,17.753,0.001809,0.00097116,2048,115358.84,1787804265.711
651,17.062,0.002171,0.00097098,2048,120032.82,1787804265.728
652,16.424,0.001921,0.00097081,2048,124698.61,1787804265.745
653,17.563,0.001503,0.00097064,2048,116610.11,1787804265.762
654,24.475,0.002374,0.00097046,2048,83677.22,1787804265.787
655,17.869,0.001675,0.00097029,2048,114609.33,1787804265.805
656,17.224,0.001431,0.00097011,2048,118904.55,1787804265.823
657,15.297,0.001566,0.00096994,2048,133885.09,1787804265.838
658,15.056,0.002026,0.00096976,2048,136027.31,1787804265.853
659,15.184,0.002536,0.00096958,2048,134877.04,1787804265.869
660,16.246,0.00244,0.0009694,2048,126063.35,1787804265.885
661,28.188,0.002401,0.00096923,2048,72653.74,1787804265.914
662,17.912,0.003313,0.00096905,2048,114333.57,1787804265.932
663,15.198,0.003238,0.00096887,2048,134759.01,1787804265.947
664,14.793,0.00264,0.00096869,2048,138439.18,1787804265.962
665,14.083,0.002282,0.00096851,2048,145419.43,1787804265.976
666,15.739,0.003144,0.00096833,2048,130125.11,1787804265.992
667,16.299,0.001666,0.00096815,2048,125654.19,1787804266.009
668,16.976,0.002556,0.00096796,2048,120643.04,1787804266.026
669,15.555,0.003044,0.00096778,2048,131657.61,1787804266.042
670,15.217,0.001533,0.0009676,2048,134589.86,1787804266.057
671,15.482,0.002769,0.00096742,2048,132281.8,1787804266.073
672,15.255,0.002433,0.00096723,2048,134254.59,1787804266.088
673,18.606,0.0016,0.00096705,2048,110073.79,1787804266.106
674,16.021,0.00219,0.00096686,2048,127833.82,1787804266.122
675,17.47,0.001483,0.00096668,2048,117228.87,1787804266.14
676,15.273,0.002584,0.00096649,2048,134094.6,1787804266.155
677,15.432,0.002929,0.00096631,2048,132714.69,1787804266.171
678,15.056,0.002696,0.00096612,2048,136020.99,1787804266.186
679,15.681,0.00168,0.00096593,2048,130604.75,1787804266.202
680,16.798,0.003984,0.00096575,2048,121917.82,1787804266.219
681,16.054,0.003517,0.00096556,2048,127571.04,1787804266.235
682,15.405,0.001632,0.00096537,2048,132942.12,1787804266.251
683,15.025,0.003356,0.00096518,2048,136306.16,1787804266.266
684,16.248,0.002005,0.00096499,2048,126043.18,1787804266.282
685,15.651,0.002999,0.0009648,2048,130858.44,1787804266.298
686,17.208,0.001625,0.00096461,2048,119017.87,1787804266.316
687,16.706,0.00216,0.00096442,2048,122588.48,1787804266.333
688,21.556,0.003559,0.00096423,2048,95006.15,1787804266.354
689,25.432,0.002657,0.00096404,2048,80529.42,1787804266.38
690,15.531,0.001945,0.00096384,2048,131861.06,1787804266.396
691,19.477,0.002527,0.00096365,2048,105151.28,1787804266.415
692,16.284,0.002116,0.00096346,2048,125766.85,1787804266.432
693,15.998,0.001882,0.00096326,2048,128020.0,1787804266.448
694,17.654,0.002383,0.00096307,2048,116009.02,1787804266.466
695,17.04,0.001948,0.00096287,2048,120187.09,1787804266.483
696,21.218,0.001992,0.00096268,2048,96521.37,1787804266.504
697,17.523,0.002734,0.00096248,2048,116878.3,1787804266.522
698,16.42,0.001431,0.00096228,2048,124723.67,1787804266.539
699,14.908,0.00345,0.00096209,2048,137378.67,1787804266.554
700,14.582,0.002112,0.00096189,2048,140443.27,1787804266.568
701,14.527,0.001882,0.00096169,2048,140976.93,1787804266.583
702,14.974,0.003106,0.00096149,2048,136771.32,1787804266.598
703,19.093,0.001734,0.00096129,2048,107263.88,1787804266.618
704,22.785,0.002743,0.0009611,2048,89884.09,1787804266.641
705,15.351,0.003724,0.0009609,2048,133411.5,1787804266.656
706,15.481,0.002683,0.0009607,2048,132292.05,1787804266.672
707,15.159,0.001922,0.00096049,2048,135098.59,1787804266.687
708,17.354,0.002217,0.00096029,2048,118011.78,1787804266.705
709,17.911,0.003529,0.00096009,2048,114345.06,1787804266.723
710,16.369,0.002417,0.00095989,2048,125117.6,1787804266.739
711,15.906,0.001606,0.00095969,2048,128753.21,1787804266.756
712,15.442,0.00217,0.00095948,2048,132628.74,1787804266.772
713,15.653,0.001929,0.00095928,2048,130834.2,1787804266.787
714,25.714,0.002229,0.00095907,2048,79645.33,1787804266.813
715,21.408,0.002071,0.00095887,2048,95665.62,1787804266.834
716,17.939,0.001671,0.00095866,2048,114162.76,1787804266.853
717,19.608,0.001666,0.00095846,2048,104445.03,1787804266.873
718,15.532,0.002172,0.00095825,2048,131854.27,1787804266.889
719,15.903,0.002201,0.00095805,2048,128779.11,1787804266.904
720,16.986,0.001914,0.00095784,2048,120571.3,1787804266.921
721,16.937,0.002077,0.00095763,2048,120918.7,1787804266.939
722,28.354,0.001816,0.00095742,2048,72230.18,1787804266.967
723,27.06,0.001823,0.00095721,2048,75683.95,1787804266.994
724,31.005,0.001719,0.000957,2048,66053.86,1787804267.025
725,15.884,0.001884,0.0009568,2048,128930.72,1787804267.042
726,14.766,0.002035,0.00095659,2048,138693.25,1787804267.056
727,14.883,0.001529,0.00095637,2048,137603.89,1787804267.072
728,14.355,0.001611,0.00095616,2048,142663.09,1787804267.086
729,14.758,0.002173,0.00095595,2048,138769.37,1787804267.101
730,14.635,0.003017,0.00095574,2048,139940.42,1787804267.116
731,14.893,0.001314,0.00095553,2048,137511.5,1787804267.131
732,14.79,0.001702,0.00095531,2048,138470.07,1787804267.146
733,15.09,0.001742,0.0009551,2048,135720.82,1787804267.161
734,15.335,0.001857,0.00095489,2048,133548.09,1787804267.177
735,15.279,0.001203,0.00095467,2048,134041.06,1787804267.192
736,15.514,0.00207,0.00095446,2048,132010.65,1787804267.208
737,18.38,0.001991,0.00095424,2048,111423.64,1787804267.226
738,15.703,0.001172,0.00095403,2048,130418.45,1787804267.242
739,15.408,0.002737,0.00095381,2048,132920.55,1787804267.258
740,15.341,0.001957,0.00095359,2048,133501.95,1787804267.273
741,15.75,0.001726,0.00095338,2048,130035.05,1787804267.289
742,15.955,0.003813,0.00095316,2048,128361.82,1787804267.305
743,17.791,0.002572,0.00095294,2048,115116.97,1787804267.323
744,22.157,0.002093,0.00095272,2048,92429.62,1787804267.346
745,16.142,0.003691,0.0009525,2048,126875.56,1787804267.362
746,16.494,0.004893,0.00095228,2048,124164.11,1787804267.379
747,15.295,0.002815,0.00095206,2048,133903.47,1787804267.394
748,16.891,0.002898,0.00095184,2048,121250.15,1787804267.411
749,17.67,0.002475,0.00095162,2048,115902.66,1787804267.429
750,16.219,0.002249,0.0009514,2048,126273.99,1787804267.445
751,21.312,0.0037,0.00095118,2048,96097.9,1787804267.467
752,17.7,0.004857,0.00095095,2048,115706.21,1787804267.484
753,17.437,0.002829,0.00095073,2048,117448.7,1787804267.502
754,17.767,0.002197,0.00095051,2048,115273.13,1787804267.52
755,17.496,0.003975,0.00095028,2048,117053.99,1787804267.538
756,16.541,0.003833,0.00095006,2048,123810.56,1787804267.554
757,16.581,0.001446,0.00094983,2048,123515.61,1787804267.572
758,16.99,0.003062,0.00094961,2048,120544.33,1787804267.589
759,17.588,0.004261,0.00094938,2048,116444.35,1787804267.607
760,18.764,0.002283,0.00094915,2048,109144.01,1787804267.626
761,17.379,0.002457,0.00094893,2048,117845.41,1787804267.643
762,16.571,0.003532,0.0009487,2048,123590.15,1787804267.66
763,16.496,0.002501,0.00094847,2048,124150.56,1787804267.676
764,16.752,0.002187,0.00094824,2048,122250.41,1787804267.693
765,17.002,0.001972,0.00094802,2048,120455.0,1787804267.71
766,17.238,0.002316,0.00094779,2048,118804.53,1787804267.727
767,21.463,0.001804,0.00094756,2048,95418.25,1787804267.749
768,22.677,0.002238,0.00094733,2048,90310.97,1787804267.772
769,16.465,0.001488,0.0009471,2048,124384.3,1787804267.789
770,17.684,0.001652,0.00094686,2048,115808.28,1787804267.807
771,21.181,0.001543,0.00094663,2048,96690.43,1787804267.828
772,15.534,0.002716,0.0009464,2048,131843.23,1787804267.844
773,15.122,0.001475,0.00094617,2048,135428.24,1787804267.859
774,14.912,0.001545,0.00094594,2048,137342.74,1787804267.874
775,14.92,0.002621,0.0009457,2048,137262.66,1787804267.889
776,17.909,0.001609,0.00094547,2048,114354.63,1787804267.907
777,17.531,0.001863,0.00094523,2048,116818.97,1787804267.925
778,20.127,0.001796,0.000945,2048,101755.38,1787804267.945
779,17.697,0.00198,0.00094476,2048,115726.48,1787804267.963
780,17.422,0.001623,0.00094453,2048,117555.89,1787804267.981
781,21.876,0.001343,0.00094429,2048,93616.87,1787804268.003
782,23.82,0.001781,0.00094405,2048,85976.73,1787804268.027
783,25.549,0.003084,0.00094382,2048,80159.07,1787804268.052
784,28.0,0.00225,0.00094358,2048,73141.55,1787804268.081
785,28.016,0.001653,0.00094334,2048,73100.82,1787804268.109
786,29.57,0.00234,0.0009431,2048,69260.32,1787804268.139
787,18.707,0.001771,0.00094286,2048,109477.74,1787804268.158
788,16.915,0.001509,0.00094262,2048,121074.54,1787804268.175
789,17.041,0.001626,0.00094238,2048,120183.56,1787804268.192
790,15.794,0.002138,0.00094214,2048,129666.21,1787804268.208
791,18.61,0.002035,0.0009419,2048,110050.73,1787804268.227
792,15.091,0.002532,0.00094166,2048,135709.13,1787804268.242
793,14.878,0.002077,0.00094142,2048,137656.61,1787804268.257
794,15.302,0.001866,0.00094118,2048,133834.34,1787804268.273
795,15.248,0.002423,0.00094093,2048,134313.58,1787804268.288
796,14.784,0.001348,0.00094069,2048,138524.39,1787804268.303
797,15.064,0.001268,0.00094045,2048,135951.46,1787804268.318
798,16.627,0.00129,0.0009402,2048,123173.89,1787804268.335
799,15.867,0.002235,0.00093996,2048,129070.48,1787804268.351
800,15.515,0.001612,0.00093971,2048,131997.89,1787804268.367
801,15.422,0.001415,0.00093947,2048,132797.3,1787804268.383
802,16.477,0.001478,0.00093922,2048,124292.96,1787804268.399
803,16.895,0.001613,0.00093897,2048,121219.3,1787804268.416
804,19.579,0.001727,0.00093873,2048,104602.94,1787804268.436
805,18.264,0.001432,0.00093848,2048,112131.32,1787804268.454
806,18.441,0.001931,0.00093823,2048,111054.48,1787804268.472
807,14.998,0.001835,0.00093798,2048,136555.18,1787804268.488
808,15.542,0.001465,0.00093773,2048,131774.52,1787804268.503
809,15.534,0.001435,0.00093748,2048,131838.99,1787804268.519
810,15.551,0.001585,0.00093723,2048,131699.1,1787804268.535
811,15.076,0.0015,0.00093698,2048,135843.25,1787804268.55
812,15.215,0.001519,0.00093673,2048,134608.43,1787804268.565
813,14.972,0.001635,0.00093648,2048,136785.02,1787804268.581
814,15.156,0.001538,0.00093623,2048,135130.68,1787804268.596
815,15.063,0.002093,0.00093598,2048,135958.68,1787804268.611
816,15.425,0.002095,0.00093573,2048,132770.61,1787804268.627
817,15.362,0.001671,0.00093547,2048,133316.84,1787804268.643
818,15.988,0.00159,0.00093522,2048,128093.67,1787804268.659
819,20.039,0.001499,0.00093496,2048,102198.67,1787804268.679
820,20.931,0.001129,0.00093471,2048,97844.37,1787804268.7
821,23.921,0.001384,0.00093446,2048,85614.08,1787804268.724
822,17.626,0.001434,0.0009342,2048,116191.33,1787804268.742
823,14.767,0.001501,0.00093394,2048,138688.55,1787804268.757
824,14.85,0.001769,0.00093369,2048,137914.32,1787804268.772
825,15.315,0.001267,0.00093343,2048,133725.11,1787804268.787
826,14.808,0.002153,0.00093317,2048,138302.69,1787804268.802
827,16.404,0.001543,0.00093292,2048,124849.12,1787804268.819
828,24.228,0.001206,0.00093266,2048,84530.3,1787804268.843
829,16.584,0.001617,0.0009324,2048,123493.27,1787804268.86
830,16.939,0.001194,0.00093214,2048,120902.99,1787804268.878
831,15.673,0.001284,0.00093188,2048,130668.91,1787804268.894
832,15.553,0.001277,0.00093162,2048,131681.32,1787804268.909
833,17.807,0.001431,0.00093136,2048,115012.24,1787804268.927
834,16.838,0.001443,0.0009311,2048,121628.93,1787804268.944
835,16.736,0.001609,0.00093084,2048,122374.59,1787804268.961
836,17.776,0.001369,0.00093058,2048,115210.22,1787804268.979
837,17.018,0.001082,0.00093032,2048,120341.75,1787804268.997
838,19.389,0.001343,0.00093005,2048,105627.99,1787804269.016
839,18.802,0.001567,0.00092979,2048,108923.42,1787804269.035
840,15.964,0.001135,0.00092953,2048,128285.43,1787804269.051
841,14.563,0.00169,0.00092926,2048,140630.36,1787804269.066
842,15.057,0.001304,0.000929,2048,136020.08,1787804269.081
843,14.648,0.001106,0.00092873,2048,139814.31,1787804269.096
844,14.064,0.001073,0.00092847,2048,145618.99,1787804269.11
845,14.168,0.00107,0.0009282,2048,144555.18,1787804269.124
846,15.458,0.001736,0.00092794,2048,132491.46,1787804269.14
847,14.562,0.001009,0.00092767,2048,140638.09,1787804269.155
848,14.465,0.00093,0.0009274,2048,141583.13,1787804269.169
849,14.927,0.001563,0.00092713,2048,137205.64,1787804269.184
850,15.17,0.001098,0.00092687,2048,135006.86,1787804269.2
851,15.252,0.001244,0.0009266,2048,134273.95,1787804269.215
852,15.693,0.00108,0.00092633,2048,130504.05,1787804269.231
853,15.587,0.00092,0.00092606,2048,131394.07,1787804269.247
854,14.649,0.001241,0.00092579,2048,139807.63,1787804269.261
855,15.222,0.001319,0.00092552,2048,134542.99,1787804269.277
856,15.855,0.00113,0.00092525,2048,129173.87,1787804269.293
857,15.523,0.001108,0.00092498,2048,131929.86,1787804269.309
858,16.594,0.001238,0.00092471,2048,123415.87,1787804269.325
859,17.405,0.001563,0.00092443,2048,117670.04,1787804269.343
860,15.522,0.001244,0.00092416,2048,131938.36,1787804269.359
861,15.314,0.001342,0.00092389,2048,133733.84,1787804269.374
862,14.716,0.001803,0.00092362,2048,139170.14,1787804269.389
863,16.568,0.002384,0.00092334,2048,123614.02,1787804269.406
864,15.196,0.001177,0.00092307,2048,134775.86,1787804269.421
865,15.774,0.002425,0.00092279,2048,129831.43,1787804269.437
866,17.483,0.001674,0.00092252,2048,117143.71,1787804269.455
867,18.641,0.001029,0.00092224,2048,109862.99,1787804269.474
868,16.236,0.001,0.00092197,2048,126142.55,1787804269.49
869,14.6,0.002303,0.00092169,2048,140274.93,1787804269.505
870,15.432,0.000775,0.00092141,2048,132711.25,1787804269.52
871,17.005,0.001019,0.00092113,2048,120433.04,1787804269.537
872,18.901,0.001425,0.00092086,2048,108354.63,1787804269.557
873,16.548,0.001596,0.00092058,2048,123763.42,1787804269.574
874,15.893,0.000915,0.0009203,2048,128863.38,1787804269.59
875,16.076,0.001087,0.00092002,2048,127394.87,1787804269.606
876,16.526,0.001403,0.00091974,2048,123928.93,1787804269.622
877,16.439,0.001281,0.00091946,2048,124583.3,1787804269.639
878,17.312,0.001278,0.00091918,2048,118298.08,1787804269.656
879,15.314,0.001155,0.0009189,2048,133737.33,1787804269.672
880,14.905,0.001775,0.00091862,2048,137406.32,1787804269.687
881,14.989,0.001398,0.00091834,2048,136633.53,1787804269.702
882,14.718,0.002077,0.00091805,2048,139149.34,1787804269.717
883,16.516,0.001005,0.00091777,2048,124003.22,1787804269.734
884,16.425,0.001663,0.00091749,2048,124688.73,1787804269.75
885,17.242,0.001639,0.00091721,2048,118776.97,1787804269.768
886,15.41,0.000913,0.00091692,2048,132901.58,1787804269.783
887,15.084,0.000926,0.00091664,2048,135772.1,1787804269.798
888,15.145,0.001026,0.00091635,2048,135227.93,1787804269.814
889,15.876,0.003404,0.00091607,2048,128996.5,1787804269.83
890,15.848,0.001541,0.00091578,2048,129226.03,1787804269.846
891,16.027,0.001019,0.00091549,2048,127785.96,1787804269.862
892,16.23,0.002384,0.00091521,2048,126183.74,1787804269.878
893,15.801,0.002397,0.00091492,2048,129612.05,1787804269.894
894,15.401,0.001553,0.00091463,2048,132975.79,1787804269.91
895,15.224,0.001344,0.00091435,2048,134527.09,1787804269.925
896,16.836,0.001838,0.00091406,2048,121640.48,1787804269.942
897,16.845,0.002,0.00091377,2048,121575.5,1787804269.959
898,16.594,0.001615,0.00091348,2048,123418.1,1787804269.976
899,15.565,0.001074,0.00091319,2048,131573.88,1787804269.992
900,15.756,0.001382,0.0009129,2048,129984.7,1787804270.008
901,16.351,0.001828,0.00091261,2048,125251.51,1787804270.025
902,20.863,0.001064,0.00091232,2048,98166.57,1787804270.046
903,16.18,0.001152,0.00091203,2048,126579.15,1787804270.062
904,20.575,0.001791,0.00091174,2048,99540.21,1787804270.083
905,15.333,0.001763,0.00091144,2048,133568.12,1787804270.098
906,15.01,0.00099,0.00091115,2048,136442.37,1787804270.114
907,15.736,0.00172,0.00091086,2048,130143.3,1787804270.129
908,16.709,0.001883,0.00091056,2048,122570.88,1787804270.146
909,15.259,0.001164,0.00091027,2048,134219.39,1787804270.161
910,15.401,0.002279,0.00090998,2048,132979.24,1787804270.177
911,14.696,0.001682,0.00090968,2048,139358.6,1787804270.192
912,14.509,0.001045,0.00090939,2048,141157.66,1787804270.207
913,14.167,0.001337,0.00090909,2048,144557.22,1787804270.221
914,15.038,0.001741,0.00090879,2048,136190.13,1787804270.236
915,14.654,0.001881,0.0009085,2048,139758.02,1787804270.251
916,14.775,0.001336,0.0009082,2048,138610.64,1787804270.266
917,17.132,0.001483,0.0009079,2048,119544.47,1787804270.283
918,15.563,0.001342,0.00090761,2048,131596.7,1787804270.299
919,15.506,0.002128,0.00090731,2048,132073.65,1787804270.315
920,16.14,0.001243,0.00090701,2048,126887.36,1787804270.331
921,17.208,0.001086,0.00090671,2048,119010.95,1787804270.348
922,15.591,0.001207,0.00090641,2048,131353.62,1787804270.364
923,15.576,0.001237,0.00090611,2048,131485.18,1787804270.38
924,15.995,0.001237,0.00090581,2048,128043.22,1787804270.396
925,17.294,0.000912,0.00090551,2048,118419.84,1787804270.413
926,17.798,0.001822,0.00090521,2048,115066.52,1787804270.431
927,17.376,0.001103,0.00090491,2048,117865.75,1787804270.449
928,20.993,0.001729,0.0009046,2048,97557.26,1787804270.47
929,18.642,0.001162,0.0009043,2048,109857.1,1787804270.489
930,17.538,0.001324,0.000904,2048,116772.34,1787804270.507
931,17.498,0.001187,0.0009037,2048,117045.29,1787804270.525
932,17.694,0.001464,0.00090339,2048,115743.49,1787804270.543
933,17.568,0.001452,0.00090309,2048,116575.59,1787804270.561
934,17.868,0.000964,0.00090278,2048,114620.24,1787804270.579
935,16.99,0.001317,0.00090248,2048,120541.49,1787804270.595
936,19.005,0.001347,0.00090217,2048,107761.12,1787804270.614
937,33.478,0.001574,0.00090187,2048,61173.77,1787804270.649
938,19.123,0.001987,0.00090156,2048,107096.17,1787804270.668
939,17.258,0.001204,0.00090126,2048,118671.67,1787804270.686
940,16.374,0.000986,0.00090095,2048,125078.63,1787804270.702
941,27.876,0.001008,0.00090064,2048,73467.69,1787804270.73
942,15.744,0.001086,0.00090033,2048,130081.3,1787804270.746
943,15.232,0.001414,0.00090002,2048,134457.31,1787804270.761
944,15.075,0.00136,0.00089972,2048,135854.06,1787804270.777
945,15.375,0.001115,0.00089941,2048,133201.52,1787804270.792
946,15.04,0.001799,0.0008991,2048,136169.31,1787804270.807
947,15.664,0.001805,0.00089879,2048,130743.99,1787804270.823
948,16.757,0.000924,0.00089848,2048,122216.85,1787804270.84
949,15.999,0.00169,0.00089817,2048,128012.0,1787804270.856
950,15.541,0.002262,0.00089785,2048,131779.6,1787804270.872
951,16.522,0.001331,0.00089754,2048,123954.44,1787804270.889
952,15.984,0.001441,0.00089723,2048,128124.92,1787804270.905
953,15.762,0.002037,0.00089692,2048,129936.05,1787804270.921
954,17.122,0.002189,0.00089661,2048,119613.59,1787804270.938
955,17.546,0.003614,0.00089629,2048,116723.09,1787804270.956
956,15.655,0.002866,0.00089598,2048,130822.5,1787804270.972
957,15.599,0.002263,0.00089566,2048,131287.94,1787804270.988
958,16.714,0.00425,0.00089535,2048,122532.01,1787804271.004
959,15.083,0.004183,0.00089504,2048,135784.71,1787804271.02
960,16.171,0.002788,0.00089472,2048,126648.03,1787804271.036
961,17.109,0.001759,0.0008944,2048,119700.28,1787804271.053
962,16.381,0.002539,0.00089409,2048,125019.08,1787804271.07
963,15.524,0.008081,0.00089377,2048,131924.76,1787804271.085
964,16.634,0.002625,0.00089345,2048,123119.1,1787804271.102
965,19.566,0.003768,0.00089314,2048,104672.97,1787804271.122
966,22.806,0.002374,0.00089282,2048,89802.5,1787804271.145
967,19.81,0.004639,0.0008925,2048,103380.04,1787804271.165
968,15.494,0.001706,0.00089218,2048,132177.64,1787804271.18
969,14.975,0.002605,0.00089186,2048,136758.53,1787804271.196
970,16.045,0.002683,0.00089154,2048,127642.6,1787804271.213
971,15.264,0.002196,0.00089122,2048,134172.79,1787804271.228
972,19.722,0.001775,0.0008909,2048,103843.95,1787804271.247
973,21.006,0.003675,0.00089058,2048,97497.81,1787804271.269
974,17.789,0.002508,0.00089026,2048,115124.09,1787804271.287
975,16.418,0.003152,0.00088994,2048,124739.62,1787804271.303
976,16.031,0.00306,0.00088962,2048,127749.29,1787804271.32
977,17.431,0.002559,0.0008893,2048,117494.52,1787804271.337
978,29.086,0.001541,0.00088897,2048,70411.16,1787804271.367
979,17.366,0.003719,0.00088865,2048,117928.87,1787804271.384
980,20.779,0.001697,0.00088833,2048,98561.05,1787804271.405
981,16.868,0.002586,0.000888,2048,121414.05,1787804271.422
982,17.26,0.00173,0.00088768,2048,118655.16,1787804271.44
983,17.749,0.001956,0.00088736,2048,115383.53,1787804271.458
984,19.704,0.001738,0.00088703,2048,103938.29,1787804271.478
985,20.003,0.002033,0.0008867,2048,102383.11,1787804271.498
986,17.767,0.002235,0.00088638,2048,115269.23,1787804271.516
987,16.005,0.001948,0.00088605,2048,127960.01,1787804271.532
988,17.631,0.00166,0.00088573,2048,116156.4,1787804271.55
989,17.529,0.002152,0.0008854,2048,116832.29,1787804271.568
990,21.972,0.001163,0.00088507,2048,93210.39,1787804271.59
991,21.452,0.002366,0.00088474,2048,95468.95,1787804271.612
992,18.452,0.002123,0.00088442,2048,110990.08,1787804271.631
993,16.318,0.001629,0.00088409,2048,125504.04,1787804271.647
994,20.827,0.0016,0.00088376,2048,98332.0,1787804271.668
995,15.524,0.003074,0.00088343,2048,131926.46,1787804271.684
996,15.099,0.002463,0.0008831,2048,135639.02,1787804271.699
997,14.655,0.002125,0.00088277,2048,139749.43,1787804271.714
998,14.965,0.002127,0.00088244,2048,136849.0,1787804271.729
999,14.963,0.00235,0.00088211,2048,136869.12,1787804271.744
1000,14.782,0.003195,0.00088177,2048,138550.63,1787804271.759
1001,14.141,0.001902,0.00088144,2048,144825.05,1787804271.773
1002,15.114,0.002115,0.00088111,2048,135506.2,1787804271.789
1003,14.497,0.003772,0.00088078,2048,141271.58,1787804271.803
1004,14.578,0.001452,0.00088045,2048,140483.74,1787804271.818
1005,16.199,0.002092,0.00088011,2048,126423.66,1787804271.834
1006,20.609,0.002574,0.00087978,2048,99374.06,1787804271.855
1007,27.989,0.002467,0.00087944,2048,73172.65,1787804271.882
1008,53.537,0.003298,0.00087911,2048,38254.06,1787804271.936
1009,23.019,0.004239,0.00087877,2048,88968.05,1787804271.96
1010,16.223,0.003986,0.00087844,2048,126238.97,1787804271.977
1011,23.054,0.002297,0.0008781,2048,88834.14,1787804272.0
1012,18.224,0.001847,0.00087777,2048,112376.81,1787804272.019
1013,15.847,0.005137,0.00087743,2048,129237.45,1787804272.034
1014,17.786,0.002211,0.00087709,2048,115144.15,1787804272.052
1015,17.062,0.001408,0.00087676,2048,120031.41,1787804272.069
1016,17.448,0.003244,0.00087642,2048,117378.7,1787804272.087
1017,14.753,0.004369,0.00087608,2048,138822.05,1787804272.102
1018,16.226,0.003059,0.00087574,2048,126218.74,1787804272.118
1019,20.641,0.003056,0.0008754,2048,99220.48,1787804272.139
1020,18.823,0.002671,0.00087506,2048,108800.75,1787804272.158
1021,15.349,0.00298,0.00087472,2048,133428.02,1787804272.173
1022,17.025,0.002315,0.00087438,2048,120290.15,1787804272.19
1023,15.874,0.003863,0.00087404,2048,129016.81,1787804272.206
1024,21.212,0.004253,0.0008737,2048,96548.67,1787804272.228
1025,16.737,0.002765,0.00087336,2048,122365.82,1787804272.245
1026,20.164,0.001952,0.00087302,2048,101567.15,1787804272.265
1027,21.767,0.002197,0.00087268,2048,94089.11,1787804272.287
1028,21.207,0.001707,0.00087234,2048,96570.07,1787804272.309
1029,15.151,0.002218,0.00087199,2048,135175.27,1787804272.324
1030,15.646,0.002228,0.00087165,2048,130900.26,1787804272.34
1031,27.723,0.001995,0.00087131,2048,73872.61,1787804272.368
1032,15.014,0.002315,0.00087096,2048,136409.66,1787804272.383
1033,14.972,0.003324,0.00087062,2048,136785.93,1787804272.398
1034,16.079,0.002486,0.00087027,2048,127373.48,1787804272.414
1035,20.956,0.001831,0.00086993,2048,97728.11,1787804272.435
1036,20.722,0.002949,0.00086958,2048,98833.11,1787804272.456
1037,20.932,0.003877,0.00086924,2048,97838.76,1787804272.477
1038,15.814,0.002056,0.00086889,2048,129501.41,1787804272.493
1039,15.443,0.001659,0.00086854,2048,132614.14,1787804272.509
1040,15.095,0.001995,0.0008682,2048,135670.47,1787804272.524
1041,14.928,0.002567,0.00086785,2048,137195.53,1787804272.539
1042,17.148,0.002273,0.0008675,2048,119427.36,1787804272.557
1043,15.346,0.001967,0.00086716,2048,133450.62,1787804272.572
1044,22.277,0.001237,0.00086681,2048,91933.38,1787804272.595
1045,22.205,0.001398,0.00086646,2048,92230.23,1787804272.617
1046,15.669,0.001599,0.00086611,2048,130704.77,1787804272.633
1047,15.126,0.002147,0.00086576,2048,135393.32,1787804272.648
1048,15.89,0.001482,0.00086541,2048,128888.52,1787804272.664
1049,15.025,0.001375,0.00086506,2048,136302.53,1787804272.68
1050,15.107,0.001303,0.00086471,2048,135566.29,1787804272.695
1051,15.158,0.000975,0.00086436,2048,135111.96,1787804272.71
1052,23.669,0.002221,0.00086401,2048,86525.58,1787804272.734
1053,29.443,0.001586,0.00086365,2048,69557.89,1787804272.764
1054,15.458,0.001554,0.0008633,2048,132486.32,1787804272.779
1055,15.21,0.001326,0.00086295,2048,134644.72,1787804272.795
1056,21.84,0.001314,0.0008626,2048,93770.75,1787804272.817
1057,16.343,0.00113,0.00086224,2048,125312.82,1787804272.833
1058,16.59,0.001059,0.00086189,2048,123448.6,1787804272.85
1059,16.921,0.001558,0.00086154,2048,121033.75,1787804272.867
1060,21.435,0.000909,0.00086118,2048,95546.01,1787804272.889
1061,20.937,0.00119,0.00086083,2048,97817.73,1787804272.91
1062,21.235,0.000929,0.00086047,2048,96444.09,1787804272.931
1063,27.19,0.001089,0.00086012,2048,75320.98,1787804272.959
1064,21.267,0.000987,0.00085976,2048,96298.98,1787804272.98
1065,16.916,0.000969,0.0008594,2048,121067.38,1787804272.997
1066,15.869,0.000983,0.00085905,2048,129052.59,1787804273.013
1067,16.395,0.001396,0.00085869,2048,124918.42,1787804273.03
1068,15.809,0.001188,0.00085833,2048,129547.28,1787804273.046
1069,22.093,0.000967,0.00085797,2048,92699.04,1787804273.068
1070,15.127,0.001185,0.00085762,2048,135385.27,1787804273.083
1071,15.807,0.001149,0.00085726,2048,129565.31,1787804273.099
1072,16.876,0.000816,0.0008569,2048,121357.93,1787804273.116
1073,16.177,0.001108,0.00085654,2048,126599.49,1787804273.133
1074,23.101,0.001592,0.00085618,2048,88654.55,1787804273.156
1075,20.174,0.001065,0.00085582,2048,101518.82,1787804273.176
1076,15.882,0.000755,0.00085546,2048,128954.26,1787804273.193
1077,15.985,0.000937,0.0008551,2048,128117.71,1787804273.209
1078,15.092,0.001388,0.00085474,2048,135699.24,1787804273.224
1079,15.213,0.00154,0.00085438,2048,134623.47,1787804273.239
1080,17.619,0.000768,0.00085402,2048,116241.45,1787804273.257
1081,17.983,0.000928,0.00085365,2048,113886.6,1787804273.276
1082,18.947,0.001319,0.00085329,2048,108091.56,1787804273.295
1083,16.187,0.001108,0.00085293,2048,126522.85,1787804273.312
1084,15.229,0.000906,0.00085257,2048,134476.74,1787804273.327
1085,33.993,0.000928,0.0008522,2048,60247.88,1787804273.361
1086,26.485,0.000877,0.00085184,2048,77327.37,1787804273.387
1087,27.928,0.00337,0.00085147,2048,73331.95,1787804273.416
1088,28.27,0.001213,0.00085111,2048,72445.06,1787804273.444
1089,19.614,0.001466,0.00085074,2048,104415.21,1787804273.464
1090,17.91,0.002185,0.00085038,2048,114349.53,1787804273.482
1091,19.346,0.004871,0.00085001,2048,105864.41,1787804273.501
1092,20.547,0.000867,0.00084965,2048,99671.98,1787804273.522
1093,16.946,0.00274,0.00084928,2048,120855.19,1787804273.539
1094,17.299,0.003552,0.00084891,2048,118386.29,1787804273.557
1095,19.991,0.002464,0.00084855,2048,102443.54,1787804273.577
1096,22.244,0.001397,0.00084818,2048,92069.77,1787804273.599
1097,21.846,0.001231,0.00084781,2048,93746.28,1787804273.622
1098,21.715,0.000996,0.00084744,2048,94314.42,1787804273.643
1099,20.191,0.002377,0.00084707,2048,101433.34,1787804273.664
1100,14.593,0.001652,0.00084671,2048,140343.18,1787804273.679
1101,14.577,0.00179,0.00084634,2048,140492.41,1787804273.693
1102,14.69,0.001093,0.00084597,2048,139418.36,1787804273.708
1103,14.797,0.001323,0.0008456,2048,138403.63,1787804273.723
1104,14.887,0.001252,0.00084523,2048,137567.84,1787804273.738
1105,18.383,0.001317,0.00084486,2048,111409.1,1787804273.757
1106,17.334,0.001309,0.00084448,2048,118147.26,1787804273.774
1107,22.234,0.001219,0.00084411,2048,92112.01,1787804273.797
1108,21.823,0.001389,0.00084374,2048,93845.94,1787804273.819
1109,15.394,0.001065,0.00084337,2048,133034.53,1787804273.834
1110,15.154,0.001525,0.000843,2048,135146.73,1787804273.85
1111,17.575,0.001477,0.00084262,2048,116532.48,1787804273.867
1112,16.331,0.001517,0.00084225,2048,125403.37,1787804273.884
1113,21.796,0.000856,0.00084188,2048,93962.2,1787804273.906
1114,21.829,0.001098,0.0008415,2048,93821.44,1787804273.928
1115,20.475,0.001411,0.00084113,2048,100025.4,1787804273.949
1116,18.862,0.000978,0.00084076,2048,108576.37,1787804273.968
1117,15.954,0.001189,0.00084038,2048,128370.67,1787804273.984
1118,16.294,0.001046,0.00084001,2048,125687.35,1787804274.001
1119,15.598,0.00104,0.00083963,2048,131297.2,1787804274.017
1120,15.042,0.001186,0.00083925,2048,136150.3,1787804274.032
1121,15.924,0.0016,0.00083888,2048,128607.67,1787804274.048
1122,16.862,0.001378,0.0008385,2048,121454.37,1787804274.065
1123,16.537,0.001033,0.00083812,2048,123842.0,1787804274.081
1124,16.821,0.001052,0.00083775,2048,121751.85,1787804274.098
1125,21.77,0.00102,0.00083737,2048,94074.41,1787804274.121
1126,21.65,0.00104,0.00083699,2048,94596.28,1787804274.143
1127,15.848,0.001065,0.00083661,2048,129223.59,1787804274.159
1128,18.743,0.00118,0.00083624,2048,109269.21,1787804274.178
1129,20.953,0.000934,0.00083586,2048,97743.5,1787804274.199
1130,17.0,0.001059,0.00083548,2048,120467.75,1787804274.216
1131,18.334,0.001062,0.0008351,2048,111703.2,1787804274.234
1132,15.791,0.001425,0.00083472,2048,129694.13,1787804274.25
1133,17.084,0.001188,0.00083434,2048,119880.35,1787804274.268
1134,18.761,0.00099,0.00083396,2048,109161.46,1787804274.286
1135,15.818,0.00113,0.00083358,2048,129470.3,1787804274.302
1136,15.445,0.001037,0.00083319,2048,132600.41,1787804274.318
1137,16.089,0.000989,0.00083281,2048,127290.36,1787804274.334
1138,15.152,0.001608,0.00083243,2048,135168.14,1787804274.349
1139,18.94,0.000941,0.00083205,2048,108132.65,1787804274.369
1140,17.007,0.000909,0.00083167,2048,120422.42,1787804274.386
1141,16.712,0.001808,0.00083128,2048,122548.87,1787804274.403
1142,17.15,0.001269,0.0008309,2048,119418.3,1787804274.421
1143,17.135,0.001535,0.00083052,2048,119519.35,1787804274.438
1144,15.225,0.001044,0.00083013,2048,134516.48,1787804274.453
1145,16.806,0.001545,0.00082975,2048,121864.87,1787804274.471
1146,20.729,0.001227,0.00082936,2048,98798.78,1787804274.491
1147,21.259,0.001029,0.00082898,2048,96336.12,1787804274.512
1148,21.796,0.001142,0.00082859,2048,93963.49,1787804274.534
1149,14.479,0.000853,0.00082821,2048,141444.28,1787804274.549
1150,15.441,0.000871,0.00082782,2048,132629.6,1787804274.565
1151,14.269,0.001579,0.00082743,2048,143530.95,1787804274.579
1152,15.84,0.001405,0.00082705,2048,129293.75,1787804274.595
1153,29.883,0.001137,0.00082666,2048,68533.72,1787804274.625
1154,27.565,0.000815,0.00082627,2048,74296.85,1787804274.653
1155,21.127,0.001082,0.00082589,2048,96937.11,1787804274.674
1156,29.267,0.00076,0.0008255,2048,69975.71,1787804274.703
1157,27.714,0.001001,0.00082511,2048,73896.34,1787804274.731
1158,15.462,0.000982,0.00082472,2048,132452.04,1787804274.747
1159,15.749,0.000739,0.00082433,2048,130039.18,1787804274.763
1160,16.707,0.001391,0.00082394,2048,122587.02,1787804274.78
1161,17.74,0.001191,0.00082355,2048,115443.37,1787804274.798
1162,15.462,0.000879,0.00082316,2048,132450.33,1787804274.814
1163,15.504,0.000847,0.00082277,2048,132093.24,1787804274.83
1164,15.727,0.001651,0.00082238,2048,130218.6,1787804274.846
1165,15.76,0.000953,0.00082199,2048,129952.54,1787804274.861
1166,16.821,0.000721,0.0008216,2048,121751.85,1787804274.878
1167,16.265,0.000875,0.00082121,2048,125916.86,1787804274.894
1168,15.195,0.001335,0.00082082,2048,134780.29,1787804274.909
1169,15.695,0.000862,0.00082042,2048,130491.57,1787804274.926
1170,16.138,0.001357,0.00082003,2048,126902.29,1787804274.942
1171,16.088,0.001354,0.00081964,2048,127303.81,1787804274.959
1172,16.269,0.000865,0.00081925,2048,125886.68,1787804274.975
1173,18.531,0.001245,0.00081885,2048,110515.72,1787804274.994
1174,17.053,0.001312,0.00081846,2048,120098.28,1787804275.011
1175,15.308,0.001172,0.00081806,2048,133786.26,1787804275.026
1176,17.681,0.001051,0.00081767,2048,115829.24,1787804275.044
1177,17.389,0.002148,0.00081728,2048,117774.93,1787804275.062
1178,16.527,0.001823,0.00081688,2048,123918.44,1787804275.079
1179,23.0,0.001563,0.00081649,2048,89043.48,1787804275.102
1180,17.511,0.001048,0.00081609,2048,116954.39,1787804275.119
1181,15.743,0.000954,0.00081569,2048,130087.08,1787804275.135
1182,17.932,0.001277,0.0008153,2048,114209.87,1787804275.153
1183,17.482,0.001175,0.0008149,2048,117151.75,1787804275.171
1184,20.14,0.000968,0.0008145,2048,101690.2,1787804275.191
1185,16.678,0.001559,0.00081411,2048,122795.76,1787804275.208
1186,15.542,0.00085,0.00081371,2048,131773.67,1787804275.224
1187,16.281,0.001189,0.00081331,2048,125790.03,1787804275.24
1188,17.792,0.001206,0.00081291,2048,115107.91,1787804275.258
1189,17.628,0.000965,0.00081251,2048,116181.44,1787804275.276
1190,20.722,0.000848,0.00081211,2048,98831.2,1787804275.297
1191,18.675,0.0014,0.00081172,2048,109667.68,1787804275.316
1192,16.1,0.002052,0.00081132,2048,127201.81,1787804275.332
1193,15.432,0.000987,0.00081092,2048,132709.53,1787804275.348
1194,15.837,0.002094,0.00081052,2048,129314.16,1787804275.364
1195,19.091,0.001399,0.00081012,2048,107275.68,1787804275.383
1196,19.948,0.002197,0.00080972,2048,102668.48,1787804275.404
1197,23.301,0.000836,0.00080931,2048,87893.98,1787804275.427
1198,18.123,0.001008,0.00080891,2048,113008.07,1787804275.446
1199,30.239,0.001458,0.00080851,2048,67727.78,1787804275.475
1200,26.876,0.001222,0.00080811,2048,76200.97,1787804275.502
1201,25.952,0.003299,0.00080771,2048,78915.22,1787804275.529
1202,16.915,0.001822,0.0008073,2048,121073.82,1787804275.546
1203,16.591,0.00077,0.0008069,2048,123441.16,1787804275.563
1204,17.535,0.001733,0.0008065,2048,116792.32,1787804275.581
1205,16.347,0.00144,0.0008061,2048,125283.69,1787804275.597
1206,15.451,0.000901,0.00080569,2048,132549.77,1787804275.613
1207,15.897,0.001027,0.00080529,2048,128830.15,1787804275.629
1208,17.304,0.001421,0.00080488,2048,118354.82,1787804275.646
1209,16.76,0.0013,0.00080448,2048,122192.79,1787804275.663
1210,15.934,0.000694,0.00080407,2048,128526.96,1787804275.679
1211,15.751,0.000712,0.00080367,2048,130021.84,1787804275.695
1212,22.211,0.000911,0.00080326,2048,92205.32,1787804275.717
1213,36.811,0.001202,0.00080286,2048,55636.0,1787804275.755
1214,24.76,0.000924,0.00080245,2048,82713.39,1787804275.78
1215,21.111,0.001797,0.00080204,2048,97011.5,1787804275.801
1216,15.615,0.000855,0.00080164,2048,131155.94,1787804275.817
1217,16.807,0.001104,0.00080123,2048,121854.71,1787804275.834
1218,15.495,0.000877,0.00080082,2048,132174.23,1787804275.85
1219,14.756,0.000694,0.00080041,2048,138793.82,1787804275.865
1220,15.354,0.001018,0.00080001,2048,133386.31,1787804275.88
1221,16.573,0.00082,0.0007996,2048,123573.74,1787804275.897
1222,14.722,0.001079,0.00079919,2048,139114.37,1787804275.912
1223,15.206,0.001048,0.00079878,2048,134682.79,1787804275.927
1224,14.769,0.001151,0.00079837,2048,138667.89,1787804275.942
1225,14.866,0.001247,0.00079796,2048,137762.17,1787804275.957
1226,15.202,0.000762,0.00079755,2048,134718.23,1787804275.973
1227,17.351,0.001084,0.00079714,2048,118031.5,1787804275.99
1228,15.658,0.001127,0.00079673,2048,130792.42,1787804276.006
1229,15.498,0.001425,0.00079632,2048,132141.82,1787804276.022
1230,16.014,0.001826,0.00079591,2048,127891.29,1787804276.038
1231,15.853,0.001109,0.0007955,2048,129189.35,1787804276.054
1232,15.609,0.000998,0.00079509,2048,131207.2,1787804276.07
1233,18.157,0.001538,0.00079468,2048,112793.96,1787804276.088
1234,26.478,0.001106,0.00079426,2048,77345.77,1787804276.114
1235,15.556,0.000858,0.00079385,2048,131651.69,1787804276.13
1236,15.467,0.001006,0.00079344,2048,132408.37,1787804276.146
1237,15.446,0.001966,0.00079303,2048,132591.82,1787804276.161
1238,17.184,0.000906,0.00079261,2048,119178.55,1787804276.179
1239,18.11,0.000763,0.0007922,2048,113087.32,1787804276.197
1240,15.938,0.00132,0.00079178,2048,128497.93,1787804276.214
1241,17.11,0.000821,0.00079137,2048,119694.68,1787804276.231
1242,14.994,0.001208,0.00079096,2048,136590.7,1787804276.246
1243,15.532,0.00154,0.00079054,2048,131853.42,1787804276.262
1244,15.872,0.001734,0.00079013,2048,129030.63,1787804276.278
1245,16.781,0.001038,0.00078971,2048,122044.97,1787804276.295
1246,16.945,0.001228,0.0007893,2048,120865.18,1787804276.312
1247,14.996,0.001316,0.00078888,2048,136570.66,1787804276.327
1248,15.463,0.001406,0.00078846,2048,132444.34,1787804276.343
1249,15.27,0.001457,0.00078805,2048,134117.43,1787804276.358
1250,15.104,0.000829,0.00078763,2048,135594.12,1787804276.373
1251,16.164,0.001879,0.00078721,2048,126699.74,1787804276.39
1252,17.034,0.002246,0.0007868,2048,120233.66,1787804276.407
1253,17.395,0.000896,0.00078638,2048,117733.63,1787804276.425
1254,17.308,0.001412,0.00078596,2048,118327.47,1787804276.442
1255,17.629,0.001467,0.00078554,2048,116170.24,1787804276.46
1256,17.186,0.001458,0.00078512,2048,119164.68,1787804276.477
1257,20.634,0.0011,0.00078471,2048,99255.1,1787804276.498
1258,20.528,0.001964,0.00078429,2048,99765.69,1787804276.519
1259,15.584,0.001471,0.00078387,2048,131420.21,1787804276.535
1260,17.165,0.000888,0.00078345,2048,119311.16,1787804276.552
1261,16.919,0.000921,0.00078303,2048,121050.2,1787804276.569
1262,17.609,0.001091,0.00078261,2048,116303.5,1787804276.587
1263,17.715,0.001906,0.00078219,2048,115604.98,1787804276.605
1264,16.164,0.000881,0.00078177,2048,126702.88,1787804276.621
1265,17.202,0.000732,0.00078135,2048,119058.69,1787804276.638
1266,16.18,0.000751,0.00078093,2048,126577.58,1787804276.655
1267,17.194,0.000908,0.0007805,2048,119114.09,1787804276.672
1268,16.202,0.000693,0.00078008,2048,126403.37,1787804276.689
1269,19.019,0.000863,0.00077966,2048,107684.06,1787804276.708
1270,17.452,0.001472,0.00077924,2048,117353.81,1787804276.725
1271,16.594,0.000832,0.00077882,2048,123418.1,1787804276.742
1272,15.316,0.001088,0.00077839,2048,133719.87,1787804276.758
1273,15.374,0.001127,0.00077797,2048,133209.32,1787804276.773
1274,15.832,0.0014,0.00077755,2048,129359.9,1787804276.789
1275,16.937,0.001568,0.00077712,2048,120921.55,1787804276.806
1276,15.295,0.001669,0.0007767,2048,133902.59,1787804276.822
1277,14.999,0.001485,0.00077627,2048,136538.79,1787804276.837
1278,14.944,0.000856,0.00077585,2048,137044.97,1787804276.852
1279,14.99,0.000864,0.00077542,2048,136626.24,1787804276.867
1280,18.576,0.001458,0.000775,2048,110250.38,1787804276.886
1281,17.698,0.002451,0.00077457,2048,115721.25,1787804276.904
1282,15.151,0.001087,0.00077415,2048,135170.81,1787804276.919
1283,15.698,0.001069,0.00077372,2048,130460.82,1787804276.935
1284,18.03,0.001645,0.0007733,2048,113589.72,1787804276.953
1285,15.602,0.000719,0.00077287,2048,131262.7,1787804276.969
1286,15.81,0.00081,0.00077244,2048,129542.36,1787804276.985
1287,16.29,0.001171,0.00077202,2048,125717.44,1787804277.001
1288,16.459,0.000797,0.00077159,2048,124427.38,1787804277.018
1289,15.815,0.001047,0.00077116,2048,129496.49,1787804277.034
1290,15.811,0.001015,0.00077074,2048,129526.8,1787804277.05
1291,15.164,0.001217,0.00077031,2048,135059.39,1787804277.065
1292,15.212,0.001653,0.00076988,2048,134629.67,1787804277.081
1293,15.85,0.001349,0.00076945,2048,129211.36,1787804277.097
1294,16.115,0.001007,0.00076902,2048,127089.72,1787804277.113
1295,15.351,0.001072,0.00076859,2048,133413.24,1787804277.129
1296,15.178,0.000756,0.00076816,2048,134935.69,1787804277.144
1297,15.562,0.001172,0.00076773,2048,131603.47,1787804277.16
1298,15.058,0.00104,0.00076731,2048,136011.05,1787804277.175
1299,15.15,0.00103,0.00076688,2048,135181.52,1787804277.19
1300,17.185,0.000877,0.00076644,2048,119173.7,1787804277.208
1301,15.815,0.002286,0.00076601,2048,129494.04,1787804277.224
1302,15.456,0.000853,0.00076558,2048,132501.75,1787804277.239
1303,15.442,0.001282,0.00076515,2048,132624.45,1787804277.255
1304,15.272,0.001006,0.00076472,2048,134105.14,1787804277.27
1305,15.309,0.001122,0.00076429,2048,133776.64,1787804277.286
1306,16.05,0.001182,0.00076386,2048,127605.22,1787804277.302
1307,15.616,0.000917,0.00076343,2048,131145.86,1787804277.318
1308,15.056,0.001062,0.00076299,2048,136026.41,1787804277.333
1309,15.244,0.000973,0.00076256,2048,134348.82,1787804277.348
1310,15.549,0.000937,0.00076213,2048,131716.04,1787804277.364
1311,15.63,0.000749,0.0007617,2048,131026.72,1787804277.38
1312,15.356,0.001584,0.00076126,2048,133364.59,1787804277.395
1313,17.793,0.000696,0.00076083,2048,115099.5,1787804277.413
1314,16.274,0.001279,0.00076039,2048,125841.04,1787804277.43
1315,16.909,0.000925,0.00075996,2048,121120.36,1787804277.447
1316,16.531,0.001363,0.00075953,2048,123892.2,1787804277.464
1317,17.853,0.000644,0.00075909,2048,114715.9,1787804277.482
1318,15.597,0.000786,0.00075866,2048,131308.14,1787804277.497
1319,16.201,0.000693,0.00075822,2048,126408.83,1787804277.514
1320,19.143,0.000666,0.00075779,2048,106983.72,1787804277.533
1321,20.057,0.000685,0.00075735,2048,102108.48,1787804277.553
1322,22.33,0.001044,0.00075692,2048,91716.41,1787804277.576
1323,16.778,0.00063,0.00075648,2048,122067.52,1787804277.593
1324,17.123,0.000945,0.00075604,2048,119608.0,1787804277.61
1325,17.075,0.00071,0.00075561,2048,119940.03,1787804277.627
1326,16.65,0.00108,0.00075517,2048,123003.0,1787804277.644
1327,16.61,0.002024,0.00075473,2048,123300.7,1787804277.661
1328,19.14,0.000646,0.0007543,2048,107002.16,1787804277.68
1329,16.577,0.000826,0.00075386,2048,123541.69,1787804277.697
1330,18.474,0.000842,0.00075342,2048,110857.9,1787804277.715
1331,16.541,0.000858,0.00075298,2048,123815.05,1787804277.732
1332,15.888,0.001075,0.00075254,2048,128900.69,1787804277.748
1333,31.184,0.000681,0.00075211,2048,65674.49,1787804277.78
1334,24.194,0.001034,0.00075167,2048,84648.04,1787804277.804
1335,27.514,0.000819,0.00075123,2048,74435.64,1787804277.832
1336,30.567,0.000871,0.00075079,2048,67001.24,1787804277.863
1337,17.052,0.002388,0.00075035,2048,120100.4,1787804277.88
1338,16.744,0.002301,0.00074991,2048,122310.28,1787804277.897
1339,21.841,0.000924,0.00074947,2048,93768.6,1787804277.919
1340,17.066,0.001575,0.00074903,2048,120006.8,1787804277.936
1341,16.125,0.002057,0.00074859,2048,127008.54,1787804277.952
1342,16.559,0.001312,0.00074815,2048,123681.21,1787804277.969
1343,15.567,0.000965,0.00074771,2048,131557.82,1787804277.985
1344,16.57,0.001121,0.00074727,2048,123598.35,1787804278.001
1345,17.239,0.0016,0.00074683,2048,118803.84,1787804278.019
1346,15.149,0.006008,0.00074638,2048,135187.76,1787804278.034
1347,15.727,0.000849,0.00074594,2048,130221.08,1787804278.05
1348,15.717,0.002199,0.0007455,2048,130305.59,1787804278.066
1349,15.374,0.002485,0.00074506,2048,133207.58,1787804278.081
1350,15.853,0.002518,0.00074462,2048,129187.72,1787804278.097
1351,17.346,0.001802,0.00074417,2048,118066.21,1787804278.115
1352,19.924,0.000912,0.00074373,2048,102789.06,1787804278.135
1353,16.866,0.000853,0.00074329,2048,121428.44,1787804278.152
1354,15.702,0.001709,0.00074284,2048,130427.58,1787804278.168
1355,15.482,0.001569,0.0007424,2048,132286.07,1787804278.184
1356,16.076,0.00411,0.00074196,2048,127395.67,1787804278.2
1357,16.302,0.001298,0.00074151,2048,125627.22,1787804278.216
1358,15.583,0.001948,0.00074107,2048,131421.9,1787804278.232
1359,15.447,0.002247,0.00074062,2048,132585.81,1787804278.248
1360,15.618,0.002597,0.00074018,2048,131134.94,1787804278.264
1361,14.943,0.001079,0.00073973,2048,137055.06,1787804278.279
1362,14.854,0.001472,0.00073929,2048,137873.46,1787804278.294
1363,16.777,0.002164,0.00073884,2048,122068.25,1787804278.311
1364,16.986,0.001127,0.0007384,2048,120569.17,1787804278.328
1365,20.039,0.001398,0.00073795,2048,102202.75,1787804278.348
1366,15.311,0.001038,0.0007375,2048,133760.91,1787804278.364
1367,15.123,0.001738,0.00073706,2048,135419.28,1787804278.379
1368,15.266,0.001288,0.00073661,2048,134156.97,1787804278.394
1369,18.66,0.002493,0.00073617,2048,109756.42,1787804278.413
1370,18.008,0.001517,0.00073572,2048,113728.5,1787804278.431
1371,16.083,0.000888,0.00073527,2048,127341.8,1787804278.448
1372,18.628,0.001598,0.00073482,2048,109942.61,1787804278.466
1373,19.326,0.001092,0.00073438,2048,105971.23,1787804278.486
1374,16.989,0.001596,0.00073393,2048,120548.59,1787804278.503
1375,16.571,0.00148,0.00073348,2048,123591.64,1787804278.52
1376,16.645,0.002852,0.00073303,2048,123038.47,1787804278.537
1377,15.864,0.001554,0.00073258,2048,129098.96,1787804278.553
1378,17.383,0.001518,0.00073213,2048,117816.26,1787804278.57
1379,17.796,0.001524,0.00073169,2048,115080.1,1787804278.588
1380,18.475,0.001134,0.00073124,2048,110854.3,1787804278.607
1381,27.157,0.00231,0.00073079,2048,75413.34,1787804278.634
1382,30.118,0.00189,0.00073034,2048,67999.2,1787804278.664
1383,16.296,0.001045,0.00072989,2048,125672.7,1787804278.681
1384,15.952,0.00127,0.00072944,2048,128387.57,1787804278.697
1385,25.036,0.002532,0.00072899,2048,81801.22,1787804278.722
1386,18.028,0.001774,0.00072854,2048,113600.43,1787804278.741
1387,17.453,0.001903,0.00072809,2048,117340.36,1787804278.758
1388,16.165,0.001156,0.00072763,2048,126690.34,1787804278.775
1389,14.966,0.001345,0.00072718,2048,136844.43,1787804278.79
1390,15.083,0.002103,0.00072673,2048,135777.51,1787804278.805
1391,17.003,0.001437,0.00072628,2048,120447.92,1787804278.822
1392,16.378,0.001709,0.00072583,2048,125043.5,1787804278.839
1393,14.825,0.001167,0.00072538,2048,138146.89,1787804278.854
1394,14.937,0.001098,0.00072492,2048,137110.11,1787804278.869
1395,15.802,0.001211,0.00072447,2048,129605.49,1787804278.885
1396,16.423,0.0019,0.00072402,2048,124704.68,1787804278.901
1397,16.567,0.001383,0.00072357,2048,123618.5,1787804278.918
1398,14.768,0.001501,0.00072311,2048,138681.04,1787804278.933
1399,14.494,0.000966,0.00072266,2048,141298.87,1787804278.948
1400,14.854,0.000949,0.00072221,2048,137879.03,1787804278.963
1401,16.129,0.00119,0.00072175,2048,126976.25,1787804278.979
1402,15.535,0.00131,0.0007213,2048,131833.05,1787804278.995
1403,16.968,0.00151,0.00072085,2048,120699.92,1787804279.012
1404,16.619,0.001145,0.00072039,2048,123233.93,1787804279.029
1405,15.461,0.000971,0.00071994,2048,132459.76,1787804279.044
1406,16.419,0.001401,0.00071948,2048,124730.5,1787804279.061
1407,15.597,0.000929,0.00071903,2048,131308.14,1787804279.077
1408,15.534,0.000974,0.00071857,2048,131838.99,1787804279.093
1409,16.233,0.001015,0.00071812,2048,126162.75,1787804279.109
1410,17.965,0.00102,0.00071766,2048,113998.81,1787804279.127
1411,15.577,0.001613,0.00071721,2048,131472.52,1787804279.143
1412,15.965,0.002244,0.00071675,2048,128283.02,1787804279.159
1413,19.174,0.001528,0.00071629,2048,106811.31,1787804279.178
1414,17.497,0.001168,0.00071584,2048,117049.98,1787804279.196
1415,16.638,0.000865,0.00071538,2048,123094.68,1787804279.213
1416,16.015,0.000835,0.00071493,2048,127880.11,1787804279.229
1417,15.995,0.000898,0.00071447,2048,128038.41,1787804279.245
1418,14.977,0.001051,0.00071401,2048,136740.27,1787804279.26
1419,26.107,0.000921,0.00071355,2048,78444.89,1787804279.287
1420,17.181,0.001144,0.0007131,2048,119203.53,1787804279.304
1421,21.005,0.001069,0.00071264,2048,97502.92,1787804279.325
1422,16.456,0.001153,0.00071218,2048,124453.09,1787804279.342
1423,15.022,0.001209,0.00071172,2048,136330.65,1787804279.357
1424,15.954,0.001816,0.00071127,2048,128369.06,1787804279.373
1425,15.427,0.000944,0.00071081,2048,132753.4,1787804279.389
1426,14.928,0.000761,0.00071035,2048,137192.77,1787804279.404
1427,23.001,0.000865,0.00070989,2048,89041.54,1787804279.427
1428,15.67,0.00097,0.00070943,2048,130695.6,1787804279.443
1429,14.775,0.001058,0.00070897,2048,138615.34,1787804279.458
1430,18.048,0.001011,0.00070851,2048,113477.69,1787804279.476
1431,15.994,0.00074,0.00070805,2048,128047.22,1787804279.492
1432,16.444,0.000789,0.00070759,2048,124542.39,1787804279.509
1433,16.974,0.001474,0.00070713,2048,120656.54,1787804279.526
1434,15.822,0.001957,0.00070667,2048,129439.2,1787804279.542
1435,14.885,0.001299,0.00070621,2048,137591.87,1787804279.557
1436,15.192,0.000831,0.00070575,2048,134803.36,1787804279.572
1437,15.215,0.000955,0.00070529,2048,134604.01,1787804279.588
1438,16.201,0.001037,0.00070483,2048,126410.39,1787804279.604
1439,16.399,0.001176,0.00070437,2048,124881.86,1787804279.621
1440,20.719,0.000697,0.00070391,2048,98847.42,1787804279.642
1441,15.141,0.00087,0.00070345,2048,135260.98,1787804279.657
1442,15.131,0.00107,0.00070299,2048,135349.48,1787804279.672
1443,15.42,0.001769,0.00070252,2048,132817.11,1787804279.688
1444,16.025,0.000807,0.00070206,2048,127803.5,1787804279.704
1445,19.548,0.000995,0.0007016,2048,104770.43,1787804279.724
1446,16.941,0.001228,0.00070114,2048,120889.43,1787804279.741
1447,15.767,0.001227,0.00070068,2048,129888.25,1787804279.757
1448,15.483,0.001326,0.00070021,2048,132274.96,1787804279.773
1449,15.898,0.000778,0.00069975,2048,128821.24,1787804279.789
1450,16.425,0.000767,0.00069929,2048,124685.7,1787804279.805
1451,16.884,0.000976,0.00069882,2048,121295.4,1787804279.822
1452,18.203,0.001081,0.00069836,2048,112508.31,1787804279.841
1453,22.035,0.000715,0.0006979,2048,92944.73,1787804279.863
1454,21.806,0.000687,0.00069743,2048,93918.24,1787804279.885
1455,16.179,0.001178,0.00069697,2048,126585.41,1787804279.901
1456,21.131,0.001165,0.00069651,2048,96918.3,1787804279.922
1457,16.554,0.001142,0.00069604,2048,123716.32,1787804279.94
1458,15.503,0.000845,0.00069558,2048,132104.32,1787804279.955
1459,15.276,0.000666,0.00069511,2048,134066.51,1787804279.971
1460,14.984,0.00178,0.00069465,2048,136680.04,1787804279.986
1461,15.255,0.001192,0.00069418,2048,134250.19,1787804280.001
1462,16.985,0.001058,0.00069372,2048,120573.43,1787804280.018
1463,23.438,0.000914,0.00069325,2048,87377.98,1787804280.042
1464,17.651,0.000782,0.00069279,2048,116029.39,1787804280.06
1465,15.404,0.001734,0.00069232,2048,132951.62,1787804280.075
1466,15.837,0.001102,0.00069186,2048,129314.97,1787804280.091
1467,15.789,0.000751,0.00069139,2048,129713.02,1787804280.108
1468,16.439,0.001201,0.00069092,2048,124584.82,1787804280.124
1469,16.543,0.001751,0.00069046,2048,123802.33,1787804280.141
1470,15.184,0.000536,0.00068999,2048,134878.82,1787804280.156
1471,15.634,0.001223,0.00068952,2048,130998.22,1787804280.172
1472,15.047,0.000956,0.00068906,2048,136107.77,1787804280.187
1473,15.131,0.001033,0.00068859,2048,135354.84,1787804280.203
1474,16.854,0.000914,0.00068812,2048,121515.62,1787804280.22
1475,17.362,0.000829,0.00068766,2048,117958.08,1787804280.237
1476,21.98,0.001107,0.00068719,2048,93176.46,1787804280.259
1477,21.831,0.001438,0.00068672,2048,93811.98,1787804280.282
1478,20.65,0.000815,0.00068625,2048,99175.31,1787804280.302
1479,21.075,0.001114,0.00068579,2048,97174.91,1787804280.324
1480,20.805,0.001711,0.00068532,2048,98439.77,1787804280.345
1481,22.322,0.001214,0.00068485,2048,91749.7,1787804280.367
1482,27.92,0.001466,0.00068438,2048,73352.7,1787804280.395
1483,17.372,0.00065,0.00068391,2048,117889.5,1787804280.413
1484,16.14,0.000856,0.00068344,2048,126885.78,1787804280.429
1485,16.042,0.001002,0.00068297,2048,127663.29,1787804280.445
1486,15.931,0.000685,0.00068251,2048,128556.0,1787804280.461
1487,16.341,0.000763,0.00068204,2048,125332.0,1787804280.478
1488,15.699,0.001368,0.00068157,2048,130450.01,1787804280.494
1489,17.773,0.001728,0.0006811,2048,115229.67,1787804280.512
1490,18.732,0.001382,0.00068063,2048,109333.38,1787804280.531
1491,17.734,0.00072,0.00068016,2048,115486.33,1787804280.549
1492,16.607,0.00095,0.00067969,2048,123320.75,1787804280.566
1493,15.262,0.001443,0.00067922,2048,134185.97,1787804280.581
1494,15.471,0.001063,0.00067875,2048,132379.27,1787804280.597
1495,15.428,0.000672,0.00067828,2048,132744.8,1787804280.612
1496,16.018,0.000828,0.00067781,2048,127856.96,1787804280.629
1497,16.59,0.001823,0.00067734,2048,123445.63,1787804280.645
1498,14.809,0.000839,0.00067687,2048,138294.28,1787804280.66
1499,14.967,0.000716,0.00067639,2048,136832.54,1787804280.675
1500,15.234,0.001198,0.00067592,2048,134437.89,1787804280.691
1501,15.256,0.000956,0.00067545,2048,134237.87,1787804280.706
1502,17.788,0.000957,0.00067498,2048,115135.09,1787804280.724
1503,20.234,0.001841,0.00067451,2048,101216.28,1787804280.745
1504,22.784,0.001071,0.00067404,2048,89886.06,1787804280.768
1505,17.765,0.000869,0.00067356,2048,115282.86,1787804280.786
1506,16.839,0.000904,0.00067309,2048,121620.98,1787804280.803
1507,17.206,0.001759,0.00067262,2048,119026.17,1787804280.82
1508,17.09,0.002442,0.00067215,2048,119836.16,1787804280.837
1509,17.014,0.001989,0.00067168,2048,120372.87,1787804280.854
1510,15.683,0.00155,0.0006712,2048,130587.26,1787804280.87
1511,15.311,0.000889,0.00067073,2048,133756.55,1787804280.886
1512,15.832,0.001438,0.00067026,2048,129361.53,1787804280.902
1513,15.963,0.001841,0.00066978,2048,128299.1,1787804280.918
1514,16.569,0.001646,0.00066931,2048,123601.34,1787804280.935
1515,20.314,0.000809,0.00066884,2048,100816.67,1787804280.955
1516,30.36,0.000776,0.00066836,2048,67458.07,1787804280.986
1517,29.552,0.001231,0.00066789,2048,69301.34,1787804281.015
1518,21.737,0.001744,0.00066742,2048,94218.97,1787804281.037
1519,15.922,0.001355,0.00066694,2048,128624.63,1787804281.054
1520,15.105,0.000838,0.00066647,2048,135581.55,1787804281.069
1521,16.132,0.000838,0.00066599,2048,126955.79,1787804281.085
1522,14.791,0.001234,0.00066552,2048,138463.51,1787804281.1
1523,15.471,0.00157,0.00066505,2048,132375.85,1787804281.116
1524,18.787,0.001942,0.00066457,2048,109010.39,1787804281.135
1525,15.113,0.000829,0.0006641,2048,135507.99,1787804281.15
1526,16.143,0.001091,0.00066362,2048,126865.35,1787804281.166
1527,15.451,0.00146,0.00066315,2048,132548.06,1787804281.182
1528,15.596,0.001187,0.00066267,2048,131314.04,1787804281.198
1529,15.196,0.000939,0.0006622,2048,134771.42,1787804281.213
1530,15.88,0.001131,0.00066172,2048,128970.5,1787804281.229
1531,16.802,0.001084,0.00066124,2048,121889.53,1787804281.246
1532,16.708,0.000815,0.00066077,2048,122573.81,1787804281.263
1533,15.677,0.00084,0.00066029,2048,130636.41,1787804281.279
1534,15.247,0.001352,0.00065982,2048,134323.27,1787804281.294
1535,15.229,0.00145,0.00065934,2048,134476.74,1787804281.31
1536,15.134,0.000883,0.00065886,2048,135328.01,1787804281.325
1537,17.268,0.000904,0.00065839,2048,118602.94,1787804281.343
1538,19.137,0.000675,0.00065791,2048,107020.06,1787804281.362
1539,16.706,0.001074,0.00065744,2048,122593.62,1787804281.379
1540,16.552,0.000793,0.00065696,2048,123732.77,1787804281.396
1541,18.247,0.001137,0.00065648,2048,112240.09,1787804281.414
1542,17.773,0.001157,0.000656,2048,115230.97,1787804281.432
1543,17.425,0.000948,0.00065553,2048,117530.26,1787804281.45
1544,18.999,0.000665,0.00065505,2048,107795.71,1787804281.469
1545,26.316,0.002641,0.00065457,2048,77822.49,1787804281.496
1546,23.454,0.000704,0.0006541,2048,87319.12,1787804281.519
1547,23.989,0.001056,0.00065362,2048,85374.24,1787804281.543
1548,16.781,0.001735,0.00065314,2048,122045.7,1787804281.561
1549,17.287,0.001113,0.00065266,2048,118468.47,1787804281.578
1550,23.575,0.001215,0.00065218,2048,86870.58,1787804281.602
1551,19.806,0.001016,0.00065171,2048,103403.53,1787804281.622
1552,18.266,0.000553,0.00065123,2048,112121.49,1787804281.64
1553,17.901,0.000547,0.00065075,2048,114406.38,1787804281.659
1554,16.49,0.00063,0.00065027,2048,124194.22,1787804281.675
1555,16.398,0.000987,0.00064979,2048,124895.56,1787804281.692
1556,16.668,0.000831,0.00064931,2048,122868.7,1787804281.709
1557,17.18,0.000615,0.00064884,2048,119208.38,1787804281.726
1558,15.475,0.000694,0.00064836,2048,132345.05,1787804281.742
1559,19.266,0.00114,0.00064788,2048,106303.46,1787804281.761
1560,22.093,0.000677,0.0006474,2048,92697.79,1787804281.783
1561,22.108,0.001038,0.00064692,2048,92634.47,1787804281.806
1562,16.051,0.001097,0.00064644,2048,127589.32,1787804281.822
1563,18.278,0.000946,0.00064596,2048,112048.5,1787804281.84
1564,19.15,0.000757,0.00064548,2048,106944.61,1787804281.86
1565,15.914,0.000695,0.000645,2048,128690.91,1787804281.876
1566,15.368,0.000872,0.00064452,2048,133264.79,1787804281.891
1567,16.716,0.000652,0.00064404,2048,122519.55,1787804281.908
1568,16.288,0.000676,0.00064356,2048,125738.28,1787804281.925
1569,17.517,0.000893,0.00064308,2048,116917.0,1787804281.942
1570,16.298,0.000605,0.0006426,2048,125659.59,1787804281.958
1571,16.502,0.00106,0.00064212,2048,124107.67,1787804281.976
1572,16.705,0.000725,0.00064164,2048,122598.02,1787804281.992
1573,16.606,0.000743,0.00064116,2048,123329.66,1787804282.009
1574,15.284,0.000697,0.00064068,2048,133994.58,1787804282.025
1575,15.379,0.001714,0.0006402,2048,133170.34,1787804282.04
1576,17.472,0.000584,0.00063972,2048,117218.8,1787804282.057
1577,17.505,0.00078,0.00063923,2048,116997.15,1787804282.076
1578,16.321,0.000712,0.00063875,2048,125480.2,1787804282.092
1579,16.371,0.001175,0.00063827,2048,125096.97,1787804282.109
1580,18.29,0.001171,0.00063779,2048,111973.76,1787804282.127
1581,16.726,0.000972,0.00063731,2048,122446.3,1787804282.144
1582,18.263,0.001113,0.00063683,2048,112138.07,1787804282.163
1583,17.218,0.001653,0.00063635,2048,118947.36,1787804282.18
1584,16.663,0.001745,0.00063586,2048,122903.35,1787804282.197
1585,15.556,0.001068,0.00063538,2048,131655.07,1787804282.213
1586,14.719,0.001148,0.0006349,2048,139141.78,1787804282.227
1587,15.238,0.001852,0.00063442,2048,134397.31,1787804282.243
1588,17.292,0.000927,0.00063394,2048,118439.01,1787804282.26
1589,15.944,0.001187,0.00063345,2048,128452.8,1787804282.276
1590,15.31,0.001393,0.00063297,2048,133764.41,1787804282.292
1591,15.325,0.001542,0.00063249,2048,133635.23,1787804282.307
1592,15.142,0.001503,0.00063201,2048,135256.51,1787804282.323
1593,15.05,0.001287,0.00063152,2048,136077.93,1787804282.338
1594,16.042,0.001353,0.00063104,2048,127664.08,1787804282.354
1595,15.492,0.001285,0.00063056,2048,132196.41,1787804282.37
1596,16.062,0.00307,0.00063007,2048,127507.5,1787804282.386
1597,16.926,0.001394,0.00062959,2048,120997.28,1787804282.403
1598,15.948,0.002896,0.00062911,2048,128418.16,1787804282.419
1599,16.995,0.002952,0.00062863,2048,120505.32,1787804282.436
1600,18.121,0.001241,0.00062814,2048,113016.8,1787804282.455
1601,20.706,0.001579,0.00062766,2048,98906.14,1787804282.476
1602,18.098,0.002305,0.00062717,2048,113163.55,1787804282.494
1603,15.715,0.001999,0.00062669,2048,130319.69,1787804282.51
1604,15.445,0.000912,0.00062621,2048,132597.83,1787804282.525
1605,15.609,0.001019,0.00062572,2048,131206.36,1787804282.541
1606,16.853,0.001965,0.00062524,2048,121522.83,1787804282.558
1607,18.14,0.001305,0.00062476,2048,112899.05,1787804282.577
1608,15.211,0.00092,0.00062427,2048,134637.64,1787804282.592
1609,15.607,0.000787,0.00062379,2048,131225.69,1787804282.608
1610,15.183,0.001267,0.0006233,2048,134884.15,1787804282.623
1611,15.446,0.000558,0.00062282,2048,132595.25,1787804282.639
1612,16.081,0.000599,0.00062233,2048,127355.26,1787804282.655
1613,16.505,0.001032,0.00062185,2048,124079.85,1787804282.672
1614,27.334,0.000742,0.00062137,2048,74925.82,1787804282.699
1615,24.723,0.000587,0.00062088,2048,82838.51,1787804282.724
1616,17.832,0.000486,0.0006204,2048,114851.0,1787804282.742
1617,17.335,0.000543,0.00061991,2048,118144.53,1787804282.76
1618,17.454,0.000555,0.00061943,2048,117338.34,1787804282.777
1619,18.825,0.001139,0.00061894,2048,108790.92,1787804282.796
1620,16.197,0.001279,0.00061846,2048,126442.39,1787804282.813
1621,22.265,0.000604,0.00061797,2048,91981.69,1787804282.835
1622,27.17,0.000609,0.00061749,2048,75376.98,1787804282.862
1623,19.045,0.000691,0.000617,2048,107531.96,1787804282.882
1624,18.394,0.000644,0.00061651,2048,111341.87,1787804282.9
1625,17.625,0.000946,0.00061603,2048,116199.9,1787804282.918
1626,15.153,0.000682,0.00061554,2048,135157.43,1787804282.933
1627,15.93,0.000665,0.00061506,2048,128562.46,1787804282.95
1628,17.143,0.000776,0.00061457,2048,119468.46,1787804282.967
1629,23.943,0.001116,0.00061409,2048,85537.91,1787804282.991
1630,23.444,0.001491,0.0006136,2048,87358.6,1787804283.015
1631,23.444,0.000582,0.00061311,2048,87356.36,1787804283.038
1632,17.955,0.000692,0.00061263,2048,114064.21,1787804283.056
1633,16.564,0.000798,0.00061214,2048,123638.65,1787804283.073
1634,17.218,0.001072,0.00061166,2048,118942.53,1787804283.09
1635,16.231,0.000727,0.00061117,2048,126179.86,1787804283.107
1636,16.433,0.000821,0.00061068,2048,124630.31,1787804283.123
1637,15.78,0.00128,0.0006102,2048,129782.07,1787804283.139
1638,15.962,0.000712,0.00060971,2048,128308.74,1787804283.155
1639,17.031,0.000659,0.00060922,2048,120254.13,1787804283.173
1640,17.154,0.000839,0.00060874,2048,119389.76,1787804283.19
1641,15.347,0.000974,0.00060825,2048,133450.62,1787804283.206
1642,14.66,0.000724,0.00060776,2048,139702.72,1787804283.22
1643,14.474,0.000638,0.00060728,2048,141493.14,1787804283.235
1644,15.071,0.001079,0.00060679,2048,135887.42,1787804283.25
1645,16.383,0.000882,0.0006063,2048,125008.39,1787804283.267
1646,16.469,0.000656,0.00060582,2048,124352.58,1787804283.284
1647,16.151,0.000611,0.00060533,2048,126800.94,1787804283.3
1648,15.807,0.00069,0.00060484,2048,129565.31,1787804283.316
1649,14.81,0.000504,0.00060435,2048,138284.01,1787804283.331
1650,15.197,0.00068,0.00060387,2048,134762.55,1787804283.346
1651,15.594,0.000735,0.00060338,2048,131330.04,1787804283.362
1652,17.691,0.000738,0.00060289,2048,115764.42,1787804283.38
1653,16.813,0.000577,0.0006024,2048,121806.88,1787804283.397
1654,18.355,0.000653,0.00060192,2048,111577.23,1787804283.415
1655,16.071,0.00076,0.00060143,2048,127433.72,1787804283.432
1656,15.655,0.000644,0.00060094,2048,130821.66,1787804283.447
1657,16.398,0.000683,0.00060045,2048,124893.28,1787804283.464
1658,21.226,0.000653,0.00059997,2048,96485.9,1787804283.485
1659,19.887,0.000612,0.00059948,2048,102981.33,1787804283.505
1660,15.86,0.000886,0.00059899,2048,129129.07,1787804283.522
1661,14.934,0.000588,0.0005985,2048,137133.06,1787804283.537
1662,14.891,0.000715,0.00059801,2048,137530.89,1787804283.552
1663,15.174,0.000526,0.00059753,2048,134965.04,1787804283.567
1664,17.182,0.000593,0.00059704,2048,119193.81,1787804283.584
1665,15.471,0.001135,0.00059655,2048,132374.99,1787804283.6
1666,15.097,0.000649,0.00059606,2048,135652.5,1787804283.615
1667,15.128,0.000748,0.00059557,2048,135377.21,1787804283.631
1668,14.88,0.001618,0.00059508,2048,137639.03,1787804283.646
1669,15.892,0.001113,0.0005946,2048,128871.49,1787804283.662
1670,15.363,0.000582,0.00059411,2048,133304.69,1787804283.677
1671,15.605,0.000637,0.00059362,2048,131239.15,1787804283.693
1672,15.604,0.000769,0.00059313,2048,131248.4,1787804283.709
1673,16.019,0.000493,0.00059264,2048,127849.78,1787804283.725
1674,16.898,0.001047,0.00059215,2048,121196.34,1787804283.742
1675,15.256,0.000694,0.00059166,2048,134244.03,1787804283.758
1676,18.78,0.000589,0.00059118,2048,109051.02,1787804283.777
1677,15.704,0.000927,0.00059069,2048,130410.97,1787804283.792
1678,15.191,0.001915,0.0005902,2048,134813.12,1787804283.808
1679,14.965,0.000688,0.00058971,2048,136852.66,1787804283.823
1680,16.447,0.000975,0.00058922,2048,124524.22,1787804283.839
1681,15.566,0.000792,0.00058873,2048,131569.65,1787804283.855
1682,15.551,0.001992,0.00058824,2048,131692.32,1787804283.871
1683,18.316,0.001683,0.00058775,2048,111816.03,1787804283.889
1684,15.283,0.000736,0.00058726,2048,134005.98,1787804283.904
1685,15.097,0.000762,0.00058677,2048,135653.4,1787804283.92
1686,18.222,0.00088,0.00058629,2048,112394.08,1787804283.938
1687,17.144,0.000982,0.0005858,2048,119459.4,1787804283.955
1688,18.601,0.001461,0.00058531,2048,110101.02,1787804283.974
1689,19.41,0.001449,0.00058482,2048,105510.99,1787804283.994
1690,15.387,0.000788,0.00058433,2048,133098.5,1787804284.009
1691,14.736,0.000541,0.00058384,2048,138981.26,1787804284.024
1692,14.942,0.000793,0.00058335,2048,137067.9,1787804284.039
1693,16.019,0.001676,0.00058286,2048,127851.37,1787804284.056
1694,18.055,0.001402,0.00058237,2048,113431.18,1787804284.074
1695,16.896,0.000713,0.00058188,2048,121214.99,1787804284.091
1696,17.801,0.000662,0.00058139,2048,115052.95,1787804284.109
1697,15.103,0.001551,0.0005809,2048,135603.99,1787804284.125
1698,16.532,0.000834,0.00058041,2048,123878.71,1787804284.141
1699,15.689,0.000802,0.00057992,2048,130538.98,1787804284.157
1700,20.456,0.000679,0.00057943,2048,100116.84,1787804284.178
1701,16.903,0.000641,0.00057894,2048,121161.92,1787804284.195
1702,17.409,0.000895,0.00057845,2048,117639.63,1787804284.212
1703,25.346,0.001564,0.00057796,2048,80801.07,1787804284.238
1704,19.863,0.000887,0.00057747,2048,103107.84,1787804284.258
1705,17.13,0.000749,0.00057698,2048,119557.73,1787804284.275
1706,17.58,0.000716,0.00057649,2048,116494.69,1787804284.293
1707,15.016,0.000872,0.000576,2048,136391.49,1787804284.308
1708,14.991,0.00065,0.00057551,2048,136613.48,1787804284.323
1709,14.888,0.001501,0.00057502,2048,137560.45,1787804284.338
1710,15.298,0.000739,0.00057453,2048,133877.21,1787804284.354
1711,16.613,0.000636,0.00057404,2048,123277.69,1787804284.371
1712,17.255,0.000574,0.00057355,2048,118690.92,1787804284.388
1713,15.771,0.000801,0.00057306,2048,129859.42,1787804284.404
1714,16.69,0.000743,0.00057257,2048,122705.27,1787804284.421
1715,17.018,0.000618,0.00057208,2048,120341.75,1787804284.438
1716,16.836,0.000764,0.00057159,2048,121646.99,1787804284.455
1717,17.799,0.00099,0.0005711,2048,115065.88,1787804284.473
1718,19.463,0.000491,0.00057061,2048,105227.46,1787804284.493
1719,19.377,0.000973,0.00057012,2048,105695.04,1787804284.512
1720,15.093,0.000988,0.00056963,2048,135694.74,1787804284.527
1721,14.899,0.000594,0.00056914,2048,137459.81,1787804284.543
1722,14.688,0.000786,0.00056865,2048,139432.6,1787804284.558
1723,16.213,0.000971,0.00056816,2048,126317.61,1787804284.574
1724,16.598,0.001161,0.00056767,2048,123385.39,1787804284.591
1725,17.393,0.001056,0.00056718,2048,117745.13,1787804284.609
1726,15.804,0.000728,0.00056669,2048,129587.45,1787804284.625
1727,14.708,0.000972,0.0005662,2048,139243.0,1787804284.639
1728,15.159,0.00097,0.0005657,2048,135098.59,1787804284.655
1729,15.417,0.000779,0.00056521,2048,132843.82,1787804284.67
1730,16.17,0.000907,0.00056472,2048,126650.38,1787804284.687
1731,15.287,0.000703,0.00056423,2048,133973.54,1787804284.702
1732,14.589,0.000894,0.00056374,2048,140382.62,1787804284.717
1733,15.066,0.000898,0.00056325,2048,135939.73,1787804284.732
1734,14.731,0.000975,0.00056276,2048,139029.37,1787804284.747
1735,14.55,0.000563,0.00056227,2048,140754.08,1787804284.762
1736,20.862,0.000949,0.00056178,2048,98168.92,1787804284.783
1737,16.489,0.000658,0.00056129,2048,124204.02,1787804284.8
1738,14.38,0.000707,0.0005608,2048,142423.99,1787804284.814
1739,15.634,0.000676,0.00056031,2048,130999.9,1787804284.83
1740,14.554,0.001119,0.00055982,2048,140721.2,1787804284.845
1741,14.974,0.000956,0.00055933,2048,136766.75,1787804284.86
1742,16.36,0.000651,0.00055884,2048,125184.14,1787804284.876
1743,18.887,0.000758,0.00055834,2048,108436.67,1787804284.895
1744,26.257,0.000696,0.00055785,2048,77998.84,1787804284.922
1745,15.857,0.001443,0.00055736,2048,129151.87,1787804284.938
1746,15.595,0.000835,0.00055687,2048,131324.14,1787804284.953
1747,15.874,0.001491,0.00055638,2048,129012.75,1787804284.97
1748,16.339,0.000743,0.00055589,2048,125345.8,1787804284.986
1749,18.01,0.001869,0.0005554,2048,113713.34,1787804285.004
1750,15.61,0.000814,0.00055491,2048,131195.43,1787804285.02
1751,15.065,0.000913,0.00055442,2048,135946.05,1787804285.035
1752,15.166,0.001635,0.00055393,2048,135042.46,1787804285.05
1753,15.362,0.000824,0.00055344,2048,133315.97,1787804285.066
1754,17.858,0.001385,0.00055295,2048,114681.85,1787804285.084
1755,16.771,0.00095,0.00055245,2048,122114.1,1787804285.101
1756,15.471,0.000918,0.00055196,2048,132376.7,1787804285.116
1757,15.599,0.000785,0.00055147,2048,131292.15,1787804285.132
1758,15.592,0.000886,0.00055098,2048,131346.88,1787804285.148
1759,15.97,0.000862,0.00055049,2048,128238.04,1787804285.164
1760,17.13,0.000775,0.00055,2048,119555.64,1787804285.181
1761,17.956,0.000559,0.00054951,2048,114058.49,1787804285.199
1762,16.583,0.00087,0.00054902,2048,123501.46,1787804285.216
1763,15.822,0.000724,0.00054853,2048,129437.57,1787804285.232
1764,15.798,0.000646,0.00054804,2048,129639.12,1787804285.248
1765,15.079,0.001056,0.00054755,2048,135816.22,1787804285.263
1766,15.606,0.001342,0.00054705,2048,131233.26,1787804285.279
1767,15.195,0.000992,0.00054656,2048,134782.95,1787804285.295
1768,15.479,0.001094,0.00054607,2048,132306.58,1787804285.31
1769,15.164,0.000809,0.00054558,2048,135060.28,1787804285.325
1770,15.362,0.000581,0.00054509,2048,133315.97,1787804285.341
1771,15.247,0.000867,0.0005446,2048,134320.63,1787804285.356
1772,15.359,0.000646,0.00054411,2048,133341.15,1787804285.372
1773,17.226,0.00109,0.00054362,2048,118890.05,1787804285.389
1774,22.829,0.000701,0.00054313,2048,89709.67,1787804285.412
1775,16.992,0.000754,0.00054264,2048,120525.89,1787804285.429
1776,16.876,0.000552,0.00054215,2048,121352.18,1787804285.447
1777,17.4,0.000717,0.00054166,2048,117699.12,1787804285.464
1778,19.988,0.000729,0.00054116,2048,102458.91,1787804285.484
1779,18.368,0.000647,0.00054067,2048,111497.04,1787804285.503
1780,18.168,0.000772,0.00054018,2048,112722.57,1787804285.521
1781,16.664,0.000717,0.00053969,2048,122897.45,1787804285.538
1782,17.802,0.000487,0.0005392,2048,115042.61,1787804285.556
1783,16.839,0.000722,0.00053871,2048,121624.59,1787804285.573
1784,16.025,0.000951,0.00053822,2048,127800.31,1787804285.589
1785,16.199,0.000639,0.00053773,2048,126429.12,1787804285.605
1786,15.751,0.000723,0.00053724,2048,130021.84,1787804285.621
1787,15.057,0.000585,0.00053675,2048,136020.08,1787804285.637
1788,19.681,0.000617,0.00053626,2048,104059.75,1787804285.657
1789,16.374,0.000604,0.00053577,2048,125079.4,1787804285.674
1790,16.101,0.000598,0.00053528,2048,127193.91,1787804285.69
1791,19.491,0.000639,0.00053479,2048,105071.44,1787804285.71
1792,15.225,0.000743,0.0005343,2048,134512.07,1787804285.725
1793,15.686,0.000705,0.0005338,2048,130564.78,1787804285.741
1794,16.559,0.000498,0.00053331,2048,123679.71,1787804285.758
1795,21.234,0.000663,0.00053282,2048,96449.55,1787804285.779
1796,22.23,0.000987,0.00053233,2048,92127.34,1787804285.801
1797,19.314,0.000524,0.00053184,2048,106035.97,1787804285.821
1798,17.374,0.000511,0.00053135,2048,117878.65,1787804285.839
1799,16.382,0.000576,0.00053086,2048,125012.97,1787804285.855
1800,15.481,0.000727,0.00053037,2048,132289.49,1787804285.871
1801,17.84,0.000534,0.00052988,2048,114800.14,1787804285.889
1802,15.3,0.000864,0.00052939,2048,133857.96,1787804285.905
1803,15.017,0.000684,0.0005289,2048,136383.31,1787804285.92
1804,15.406,0.000495,0.00052841,2048,132931.77,1787804285.935
1805,15.094,0.000721,0.00052792,2048,135684.85,1787804285.951
1806,15.236,0.00107,0.00052743,2048,134414.07,1787804285.966
1807,15.677,0.000503,0.00052694,2048,130640.57,1787804285.982
1808,16.86,0.00069,0.00052645,2048,121472.38,1787804285.999
1809,15.568,0.00053,0.00052596,2048,131550.21,1787804286.015
1810,15.318,0.000732,0.00052547,2048,133697.17,1787804286.03
1811,22.463,0.000698,0.00052498,2048,91171.74,1787804286.053
1812,32.343,0.000499,0.00052449,2048,63321.08,1787804286.085
1813,18.762,0.000664,0.000524,2048,109156.23,1787804286.104
1814,28.182,0.000617,0.00052351,2048,72670.76,1787804286.132
1815,21.22,0.000722,0.00052302,2048,96512.27,1787804286.154
1816,18.472,0.000626,0.00052253,2048,110872.31,1787804286.172
1817,16.158,0.001247,0.00052204,2048,126746.01,1787804286.189
1818,17.17,0.000443,0.00052155,2048,119276.42,1787804286.206
1819,15.973,0.000509,0.00052106,2048,128218.77,1787804286.222
1820,16.497,0.000606,0.00052057,2048,124143.78,1787804286.239
1821,18.767,0.000659,0.00052008,2048,109127.14,1787804286.258
1822,16.321,0.000579,0.00051959,2048,125484.81,1787804286.274
1823,16.245,0.000717,0.0005191,2048,126070.34,1787804286.29
1824,16.038,0.00051,0.00051861,2048,127698.31,1787804286.307
1825,16.484,0.00074,0.00051812,2048,124241.69,1787804286.324
1826,17.086,0.001042,0.00051763,2048,119867.02,1787804286.341
1827,16.054,0.000608,0.00051714,2048,127568.66,1787804286.357
1828,15.643,0.000774,0.00051665,2048,130919.5,1787804286.373
1829,17.037,0.000471,0.00051616,2048,120206.84,1787804286.39
1830,19.836,0.000742,0.00051567,2048,103244.02,1787804286.41
1831,15.861,0.000624,0.00051518,2048,129124.19,1787804286.426
1832,15.874,0.000646,0.00051469,2048,129014.38,1787804286.442
1833,16.599,0.000641,0.0005142,2048,123380.18,1787804286.459
1834,17.026,0.000585,0.00051371,2048,120287.33,1787804286.476
1835,18.54,0.0004,0.00051323,2048,110466.25,1787804286.495
1836,17.667,0.000912,0.00051274,2048,115921.68,1787804286.512
1837,15.578,0.000645,0.00051225,2048,131469.99,1787804286.528
1838,15.33,0.000672,0.00051176,2048,133595.13,1787804286.544
1839,14.94,0.00056,0.00051127,2048,137078.91,1787804286.559
1840,15.11,0.000508,0.00051078,2048,135541.17,1787804286.574
1841,17.199,0.000696,0.00051029,2048,119073.92,1787804286.591
1842,15.683,0.000473,0.0005098,2048,130583.93,1787804286.607
1843,17.575,0.000761,0.00050931,2048,116527.84,1787804286.625
1844,16.385,0.000565,0.00050882,2048,124990.08,1787804286.642
1845,16.294,0.000676,0.00050834,2048,125694.29,1787804286.658
1846,14.768,0.000685,0.00050785,2048,138673.53,1787804286.673
1847,14.984,0.000879,0.00050736,2048,136681.86,1787804286.688
1848,16.28,0.000956,0.00050687,2048,125800.84,1787804286.705
1849,19.143,0.000904,0.00050638,2048,106986.51,1787804286.724
1850,21.027,0.000631,0.00050589,2048,97398.58,1787804286.745
1851,20.737,0.000948,0.0005054,2048,98758.29,1787804286.767
1852,22.131,0.000654,0.00050492,2048,92540.71,1787804286.789
1853,17.155,0.000601,0.00050443,2048,119380.71,1787804286.806
1854,15.205,0.000467,0.00050394,2048,134691.65,1787804286.822
1855,14.904,0.00059,0.00050345,2048,137411.85,1787804286.837
1856,14.853,0.000448,0.00050296,2048,137881.82,1787804286.852
1857,15.376,0.000624,0.00050247,2048,133196.32,1787804286.867
1858,21.794,0.000503,0.00050199,2048,93972.97,1787804286.889
1859,16.81,0.000473,0.0005015,2048,121830.79,1787804286.906
1860,16.108,0.000656,0.00050101,2048,127145.74,1787804286.923
1861,15.78,0.000963,0.00050052,2048,129786.18,1787804286.939
1862,15.372,0.000494,0.00050003,2048,133226.65,1787804286.954
1863,15.457,0.000601,0.00049955,2048,132493.17,1787804286.969
1864,16.037,0.000511,0.00049906,2048,127704.68,1787804286.986
1865,16.818,0.000636,0.00049857,2048,121776.46,1787804287.003
1866,21.054,0.000584,0.00049808,2048,97271.37,1787804287.024
1867,15.966,0.000611,0.0004976,2048,128275.79,1787804287.04
1868,16.572,0.000824,0.00049711,2048,123578.96,1787804287.057
1869,15.852,0.001089,0.00049662,2048,129194.24,1787804287.073
1870,15.824,0.000658,0.00049613,2048,129426.11,1787804287.089
1871,17.811,0.000541,0.00049565,2048,114982.54,1787804287.107
1872,16.668,0.000602,0.00049516,2048,122866.49,1787804287.124
1873,16.199,0.001086,0.00049467,2048,126430.68,1787804287.14
1874,15.974,0.00082,0.00049418,2048,128205.13,1787804287.156
1875,19.466,0.000623,0.0004937,2048,105209.62,1787804287.176
1876,20.813,0.00081,0.00049321,2048,98401.46,1787804287.197
1877,17.269,0.001283,0.00049272,2048,118593.33,1787804287.214
1878,15.947,0.000942,0.00049224,2048,128425.41,1787804287.23
1879,16.849,0.000632,0.00049175,2048,121547.35,1787804287.247
1880,17.395,0.000596,0.00049126,2048,117731.6,1787804287.265
1881,15.2,0.000572,0.00049078,2048,134737.73,1787804287.28
1882,16.028,0.000608,0.00049029,2048,127774.8,1787804287.297
1883,25.693,0.000703,0.0004898,2048,79709.5,1787804287.322
1884,19.937,0.001355,0.00048932,2048,102726.16,1787804287.343
1885,16.375,0.001111,0.00048883,2048,125070.99,1787804287.359
1886,17.017,0.000592,0.00048834,2048,120353.07,1787804287.376
1887,15.857,0.001009,0.00048786,2048,129155.95,1787804287.392
1888,17.558,0.001456,0.00048737,2048,116645.31,1787804287.41
1889,15.993,0.000544,0.00048689,2048,128059.23,1787804287.426
1890,22.91,0.000813,0.0004864,2048,89393.67,1787804287.449
1891,16.361,0.001511,0.00048591,2048,125173.43,1787804287.466
1892,23.479,0.002559,0.00048543,2048,87226.51,1787804287.49
1893,17.825,0.000625,0.00048494,2048,114895.46,1787804287.508
1894,17.137,0.00084,0.00048446,2048,119504.71,1787804287.525
1895,15.68,0.001108,0.00048397,2048,130613.91,1787804287.541
1896,14.948,0.001604,0.00048349,2048,137008.3,1787804287.556
1897,15.177,0.000749,0.000483,2048,134939.25,1787804287.571
1898,15.395,0.001407,0.00048251,2048,133030.2,1787804287.587
1899,15.329,0.001565,0.00048203,2048,133600.36,1787804287.602
1900,15.261,0.000962,0.00048154,2048,134195.64,1787804287.618
1901,14.597,0.000781,0.00048106,2048,140301.84,1787804287.633
1902,15.17,0.001431,0.00048057,2048,134999.74,1787804287.648
1903,15.301,0.000912,0.00048009,2048,133844.84,1787804287.663
1904,15.269,0.000707,0.0004796,2048,134128.85,1787804287.679
1905,15.11,0.001256,0.00047912,2048,135542.97,1787804287.694
1906,16.997,0.000929,0.00047863,2048,120492.56,1787804287.711
1907,17.243,0.000548,0.00047815,2048,118775.59,1787804287.729
1908,15.512,0.000965,0.00047767,2048,132027.67,1787804287.744
1909,14.964,0.001204,0.00047718,2048,136863.63,1787804287.759
1910,15.077,0.001023,0.0004767,2048,135838.74,1787804287.775
1911,15.065,0.000708,0.00047621,2048,135943.34,1787804287.79
1912,15.532,0.000631,0.00047573,2048,131860.21,1787804287.806
1913,15.716,0.000672,0.00047524,2048,130316.37,1787804287.822
1914,15.081,0.000771,0.00047476,2048,135800.01,1787804287.837
1915,14.635,0.000916,0.00047428,2048,139935.63,1787804287.852
1916,15.214,0.000435,0.00047379,2048,134614.63,1787804287.867
1917,15.508,0.001079,0.00047331,2048,132057.47,1787804287.883
1918,15.541,0.000643,0.00047283,2048,131780.45,1787804287.898
1919,15.643,0.000701,0.00047234,2048,130920.34,1787804287.914
1920,16.181,0.000693,0.00047186,2048,126569.76,1787804287.93
1921,15.234,0.000753,0.00047137,2048,134437.89,1787804287.946
1922,14.666,0.000783,0.00047089,2048,139642.71,1787804287.961
1923,14.83,0.000824,0.00047041,2048,138099.38,1787804287.976
1924,14.958,0.00115,0.00046993,2048,136916.7,1787804287.991
1925,15.521,0.000631,0.00046944,2048,131951.11,1787804288.007
1926,15.772,0.000776,0.00046896,2048,129847.9,1787804288.022
1927,16.095,0.000751,0.00046848,2048,127241.32,1787804288.039
1928,15.613,0.00063,0.00046799,2048,131175.26,1787804288.055
1929,15.294,0.000444,0.00046751,2048,133906.97,1787804288.07
1930,14.873,0.000833,0.00046703,2048,137696.41,1787804288.085
1931,15.544,0.000892,0.00046655,2048,131758.41,1787804288.101
1932,17.578,0.000866,0.00046606,2048,116510.6,1787804288.119
1933,19.736,0.000562,0.00046558,2048,103770.81,1787804288.139
1934,38.073,0.000586,0.0004651,2048,53790.69,1787804288.177
1935,38.682,0.000594,0.00046462,2048,52945.21,1787804288.216
1936,31.26,0.00096,0.00046414,2048,65513.99,1787804288.248
1937,26.169,0.000617,0.00046365,2048,78259.64,1787804288.275
1938,15.516,0.000668,0.00046317,2048,131989.38,1787804288.29
1939,16.625,0.000511,0.00046269,2048,123187.97,1787804288.307
1940,15.851,0.000891,0.00046221,2048,129200.76,1787804288.323
1941,15.826,0.000649,0.00046173,2048,129410.58,1787804288.339
1942,15.011,0.000775,0.00046125,2048,136434.19,1787804288.354
1943,15.001,0.000975,0.00046077,2048,136526.96,1787804288.369
1944,14.897,0.000614,0.00046028,2048,137477.35,1787804288.385
1945,15.833,0.000808,0.0004598,2048,129351.73,1787804288.401
1946,17.75,0.000723,0.00045932,2048,115377.68,1787804288.419
1947,15.957,0.000833,0.00045884,2048,128343.32,1787804288.435
1948,17.001,0.000715,0.00045836,2048,120466.34,1787804288.452
1949,16.048,0.000595,0.00045788,2048,127617.15,1787804288.468
1950,19.248,0.000789,0.0004574,2048,106401.77,1787804288.488
1951,19.74,0.001063,0.00045692,2048,103747.16,1787804288.507
1952,18.518,0.000592,0.00045644,2048,110594.5,1787804288.526
1953,17.24,0.001236,0.00045596,2048,118790.06,1787804288.543
1954,28.756,0.000914,0.00045548,2048,71218.68,1787804288.573
1955,33.382,0.000934,0.000455,2048,61351.16,1787804288.606
1956,18.666,0.000581,0.00045452,2048,109717.03,1787804288.625
1957,16.257,0.000983,0.00045404,2048,125977.28,1787804288.642
1958,15.114,0.000583,0.00045356,2048,135507.99,1787804288.657
1959,15.152,0.000908,0.00045308,2048,135160.11,1787804288.672
1960,15.374,0.000457,0.0004526,2048,133213.65,1787804288.688
1961,15.098,0.000718,0.00045212,2048,135647.11,1787804288.703
1962,16.647,0.00084,0.00045164,2048,123021.47,1787804288.72
1963,16.673,0.0006,0.00045116,2048,122835.53,1787804288.737
1964,16.842,0.000476,0.00045069,2048,121598.59,1787804288.754
1965,19.355,0.000493,0.00045021,2048,105811.36,1787804288.773
1966,28.451,0.00051,0.00044973,2048,71983.16,1787804288.802
1967,17.289,0.001026,0.00044925,2048,118454.08,1787804288.82
1968,15.615,0.000811,0.00044877,2048,131159.3,1787804288.836
1969,31.593,0.000527,0.00044829,2048,64824.08,1787804288.867
1970,22.062,0.000817,0.00044782,2048,92829.72,1787804288.89
1971,15.448,0.000574,0.00044734,2048,132576.37,1787804288.905
1972,18.107,0.000468,0.00044686,2048,113107.93,1787804288.924
1973,16.144,0.000558,0.00044638,2048,126858.28,1787804288.94
1974,21.597,0.000519,0.0004459,2048,94829.74,1787804288.961
1975,21.266,0.000546,0.00044543,2048,96301.7,1787804288.983
1976,15.417,0.000556,0.00044495,2048,132843.82,1787804288.998
1977,15.3,0.000598,0.00044447,2048,133851.84,1787804289.014
1978,18.939,0.00036,0.000444,2048,108133.79,1787804289.033
1979,16.146,0.000488,0.00044352,2048,126840.2,1787804289.049
1980,15.753,0.000771,0.00044304,2048,130004.51,1787804289.065
1981,15.93,0.000611,0.00044256,2048,128558.43,1787804289.081
1982,15.724,0.000687,0.00044209,2048,130243.44,1787804289.097
1983,15.848,0.000447,0.00044161,2048,129226.85,1787804289.113
1984,16.471,0.000675,0.00044114,2048,124342.01,1787804289.13
1985,19.448,0.000678,0.00044066,2048,105304.83,1787804289.15
1986,15.538,0.000556,0.00044018,2048,131805.05,1787804289.165
1987,15.123,0.000998,0.00043971,2048,135422.87,1787804289.181
1988,15.341,0.000689,0.00043923,2048,133497.6,1787804289.196
1989,16.002,0.00041,0.00043876,2048,127984.8,1787804289.212
1990,22.455,0.000742,0.00043828,2048,91203.82,1787804289.235
1991,16.88,0.000683,0.0004378,2048,121325.58,1787804289.252
1992,15.554,0.000637,0.00043733,2048,131672.0,1787804289.268
1993,16.812,0.00067,0.00043685,2048,121818.47,1787804289.285
1994,16.115,0.000728,0.00043638,2048,127088.93,1787804289.301
1995,16.768,0.000698,0.0004359,2048,122134.49,1787804289.318
1996,21.252,0.000408,0.00043543,2048,96369.67,1787804289.339
1997,18.029,0.000736,0.00043495,2048,113596.65,1787804289.357
1998,16.65,0.000655,0.00043448,2048,123004.48,1787804289.374
1999,15.401,0.000599,0.00043401,2048,132981.83,1787804289.39
2000,17.063,0.000472,0.00043353,2048,120029.3,1787804289.407
2001,16.676,0.00055,0.00043306,2048,122807.54,1787804289.424
2002,18.56,0.000626,0.00043258,2048,110347.21,1787804289.443
2003,25.385,0.000511,0.00043211,2048,80677.88,1787804289.468
2004,19.477,0.00042,0.00043164,2048,105148.58,1787804289.488
2005,16.117,0.000438,0.00043116,2048,127073.16,1787804289.504
2006,15.914,0.000697,0.00043069,2048,128688.48,1787804289.52
2007,17.292,0.000714,0.00043022,2048,118437.64,1787804289.538
2008,15.483,0.000827,0.00042974,2048,132274.11,1787804289.554
2009,15.762,0.000825,0.00042927,2048,129935.22,1787804289.569
2010,14.972,0.00095,0.0004288,2048,136790.5,1787804289.585
2011,15.3,0.000812,0.00042832,2048,133859.71,1787804289.6
2012,15.815,0.000724,0.00042785,2048,129499.77,1787804289.616
2013,16.378,0.00048,0.00042738,2048,125048.85,1787804289.633
2014,17.397,0.000498,0.00042691,2048,117720.77,1787804289.65
2015,16.771,0.000594,0.00042644,2048,122114.1,1787804289.667
2016,16.563,0.000616,0.00042596,2048,123652.08,1787804289.684
2017,16.674,0.000543,0.00042549,2048,122829.64,1787804289.701
2018,17.051,0.000452,0.00042502,2048,120108.14,1787804289.718
2019,20.738,0.000498,0.00042455,2048,98755.43,1787804289.739
2020,17.239,0.000612,0.00042408,2048,118800.39,1787804289.756
2021,15.841,0.000571,0.00042361,2048,129288.03,1787804289.772
2022,15.834,0.000524,0.00042313,2048,129342.74,1787804289.788
2023,16.024,0.000945,0.00042266,2048,127812.28,1787804289.805
2024,17.115,0.001448,0.00042219,2048,119658.32,1787804289.822
2025,16.78,0.00057,0.00042172,2048,122052.97,1787804289.839
2026,15.879,0.000736,0.00042125,2048,128972.13,1787804289.855
2027,15.845,0.000805,0.00042078,2048,129249.68,1787804289.87
2028,16.949,0.000707,0.00042031,2048,120833.8,1787804289.888
2029,16.364,0.001369,0.00041984,2048,125155.83,1787804289.905
2030,15.482,0.000753,0.00041937,2048,132282.65,1787804289.92
2031,15.114,0.000884,0.0004189,2048,135499.02,1787804289.936
2032,15.944,0.000885,0.00041843,2048,128447.96,1787804289.952
2033,19.224,0.000826,0.00041796,2048,106534.61,1787804289.971
2034,18.042,0.000716,0.00041749,2048,113514.8,1787804289.989
2035,18.758,0.00062,0.00041703,2048,109181.25,1787804290.008
2036,17.231,0.000744,0.00041656,2048,118853.48,1787804290.026
2037,21.421,0.000879,0.00041609,2048,95607.11,1787804290.047
2038,15.071,0.000826,0.00041562,2048,135886.51,1787804290.062
2039,14.745,0.000607,0.00041515,2048,138895.48,1787804290.077
2040,15.107,0.000611,0.00041468,2048,135570.78,1787804290.093
2041,15.294,0.00066,0.00041421,2048,133908.72,1787804290.108
2042,16.203,0.0006,0.00041375,2048,126394.01,1787804290.125
2043,18.775,0.000531,0.00041328,2048,109078.9,1787804290.144
2044,15.256,0.000462,0.00041281,2048,134244.91,1787804290.159
2045,15.853,0.000521,0.00041234,2048,129187.72,1787804290.175
2046,15.256,0.001094,0.00041188,2048,134240.51,1787804290.19
2047,16.685,0.000809,0.00041141,2048,122744.24,1787804290.207
2048,14.964,0.00062,0.00041094,2048,136857.23,1787804290.222
2049,14.946,0.000493,0.00041048,2048,137024.8,1787804290.237
2050,15.86,0.000701,0.00041001,2048,129127.44,1787804290.254
2051,18.856,0.000773,0.00040954,2048,108609.76,1787804290.273
2052,20.097,0.000546,0.00040908,2048,101907.28,1787804290.293
2053,17.039,0.000914,0.00040861,2048,120192.03,1787804290.31
2054,14.874,0.000488,0.00040814,2048,137693.63,1787804290.325
2055,18.125,0.000724,0.00040768,2048,112995.6,1787804290.344
2056,17.966,0.000692,0.00040721,2048,113992.46,1787804290.362
2057,17.124,0.000607,0.00040675,2048,119601.72,1787804290.379
2058,21.534,0.001014,0.00040628,2048,95107.18,1787804290.401
2059,17.278,0.000512,0.00040582,2048,118532.92,1787804290.418
2060,17.061,0.000575,0.00040535,2048,120037.75,1787804290.436
2061,17.236,0.000479,0.00040489,2048,118818.32,1787804290.453
2062,20.133,0.000573,0.00040442,2048,101722.53,1787804290.473
2063,17.126,0.000891,0.00040396,2048,119587.05,1787804290.491
2064,16.836,0.000503,0.00040349,2048,121641.21,1787804290.508
2065,19.128,0.001125,0.00040303,2048,107068.17,1787804290.527
2066,18.19,0.00094,0.00040257,2048,112587.48,1787804290.545
2067,17.661,0.000549,0.0004021,2048,115964.35,1787804290.563
2068,16.263,0.000486,0.00040164,2048,125928.48,1787804290.579
2069,15.768,0.00047,0.00040118,2048,129884.13,1787804290.595
2070,15.715,0.000524,0.00040071,2048,130321.35,1787804290.611
2071,15.436,0.000503,0.00040025,2048,132674.28,1787804290.627
2072,15.491,0.00063,0.00039979,2048,132202.38,1787804290.643
2073,15.888,0.000812,0.00039932,2048,128902.32,1787804290.659
2074,18.459,0.000496,0.00039886,2048,110946.79,1787804290.677
2075,16.43,0.000929,0.0003984,2048,124646.24,1787804290.694
2076,19.217,0.000462,0.00039794,2048,106571.2,1787804290.713
2077,20.553,0.000589,0.00039748,2048,99643.85,1787804290.734
2078,19.791,0.000584,0.00039701,2048,103481.38,1787804290.754
2079,16.121,0.000523,0.00039655,2048,127035.33,1787804290.77
2080,14.548,0.000635,0.00039609,2048,140773.43,1787804290.785
2081,18.486,0.000498,0.00039563,2048,110787.14,1787804290.803
2082,16.42,0.00051,0.00039517,2048,124724.42,1787804290.82
2083,16.784,0.001563,0.00039471,2048,122021.7,1787804290.837
2084,16.505,0.001512,0.00039425,2048,124086.62,1787804290.853
2085,16.734,0.000506,0.00039379,2048,122386.29,1787804290.87
2086,16.96,0.000424,0.00039333,2048,120756.85,1787804290.888
2087,15.763,0.000596,0.00039287,2048,129927.8,1787804290.903
2088,18.845,0.000434,0.00039241,2048,108678.92,1787804290.922
2089,19.757,0.000782,0.00039195,2048,103659.99,1787804290.942
2090,18.345,0.000595,0.00039149,2048,111639.26,1787804290.961
2091,17.644,0.000424,0.00039103,2048,116072.14,1787804290.979
2092,15.035,0.000546,0.00039057,2048,136211.87,1787804290.994
2093,15.16,0.000586,0.00039011,2048,135087.89,1787804291.009
2094,16.399,0.000611,0.00038965,2048,124887.95,1787804291.026
2095,17.799,0.000545,0.00038919,2048,115062.0,1787804291.044
2096,17.195,0.000799,0.00038873,2048,119103.7,1787804291.061
2097,16.946,0.00076,0.00038828,2048,120853.77,1787804291.078
2098,17.05,0.000439,0.00038782,2048,120116.6,1787804291.096
2099,15.59,0.000575,0.00038736,2048,131367.1,1787804291.111
2100,15.818,0.000625,0.0003869,2048,129471.93,1787804291.127
2101,17.29,0.000602,0.00038645,2048,118448.6,1787804291.145
2102,17.027,0.00057,0.00038599,2048,120280.97,1787804291.162
2103,15.657,0.000484,0.00038553,2048,130801.61,1787804291.178
2104,15.419,0.000627,0.00038507,2048,132824.86,1787804291.193
2105,15.11,0.000442,0.00038462,2048,135538.48,1787804291.209
2106,14.736,0.000536,0.00038416,2048,138976.54,1787804291.224
2107,15.717,0.000929,0.00038371,2048,130306.42,1787804291.24
2108,16.527,0.000675,0.00038325,2048,123921.44,1787804291.256
2109,16.298,0.000481,0.00038279,2048,125662.67,1787804291.273
2110,16.598,0.000531,0.00038234,2048,123389.1,1787804291.29
2111,16.235,0.000668,0.00038188,2048,126144.1,1787804291.306
2112,16.401,0.000496,0.00038143,2048,124869.67,1787804291.323
2113,17.133,0.00052,0.00038097,2048,119535.4,1787804291.34
2114,16.566,0.000627,0.00038052,2048,123627.45,1787804291.357
2115,15.345,0.000456,0.00038006,2048,133467.15,1787804291.372
2116,17.208,0.000605,0.00037961,2048,119014.41,1787804291.389
2117,16.864,0.001066,0.00037915,2048,121445.01,1787804291.407
2118,18.304,0.000656,0.0003787,2048,111889.95,1787804291.425
2119,24.061,0.001156,0.00037825,2048,85118.76,1787804291.449
2120,17.332,0.000927,0.00037779,2048,118162.94,1787804291.467
2121,15.33,0.000591,0.00037734,2048,133593.39,1787804291.482
2122,16.08,0.000581,0.00037689,2048,127360.02,1787804291.499
2123,16.32,0.000662,0.00037643,2048,125489.43,1787804291.515
2124,17.114,0.000821,0.00037598,2048,119669.51,1787804291.532
2125,16.359,0.000707,0.00037553,2048,125194.09,1787804291.549
2126,18.562,0.000819,0.00037508,2048,110332.94,1787804291.568
2127,17.103,0.0005,0.00037462,2048,119742.97,1787804291.585
2128,17.353,0.000888,0.00037417,2048,118019.94,1787804291.603
2129,20.053,0.001158,0.00037372,2048,102128.85,1787804291.623
2130,15.852,0.000934,0.00037327,2048,129196.68,1787804291.639
2131,17.647,0.000601,0.00037282,2048,116050.43,1787804291.657
2132,15.691,0.000696,0.00037237,2048,130524.01,1787804291.672
2133,16.162,0.000592,0.00037191,2048,126719.34,1787804291.689
2134,14.926,0.000654,0.00037146,2048,137208.4,1787804291.704
2135,15.025,0.000533,0.00037101,2048,136307.06,1787804291.719
2136,17.553,0.000819,0.00037056,2048,116678.54,1787804291.737
2137,19.024,0.00064,0.00037011,2048,107654.06,1787804291.756
2138,19.393,0.000545,0.00036966,2048,105606.2,1787804291.776
2139,15.365,0.000535,0.00036921,2048,133289.94,1787804291.791
2140,15.135,0.000694,0.00036876,2048,135315.49,1787804291.806
2141,15.184,0.000632,0.00036831,2048,134877.04,1787804291.822
2142,15.66,0.000503,0.00036787,2048,130779.89,1787804291.838
2143,17.228,0.000753,0.00036742,2048,118879.01,1787804291.855
2144,16.173,0.000803,0.00036697,2048,126633.94,1787804291.872
2145,14.842,0.001125,0.00036652,2048,137985.86,1787804291.887
2146,18.559,0.000794,0.00036607,2048,110347.8,1787804291.905
2147,15.918,0.000608,0.00036562,2048,128656.15,1787804291.921
2148,14.946,0.00088,0.00036518,2048,137026.63,1787804291.936
2149,18.545,0.000507,0.00036473,2048,110436.46,1787804291.956
2150,16.15,0.000898,0.00036428,2048,126814.29,1787804291.972
2151,23.708,0.000683,0.00036383,2048,86383.61,1787804291.995
2152,23.495,0.000629,0.00036339,2048,87168.97,1787804292.019
2153,18.973,0.000886,0.00036294,2048,107942.87,1787804292.038
2154,16.929,0.000957,0.0003625,2048,120976.55,1787804292.055
2155,15.51,0.001148,0.00036205,2048,132046.4,1787804292.071
2156,15.243,0.001553,0.0003616,2048,134354.11,1787804292.086
2157,15.344,0.000731,0.00036116,2048,133472.37,1787804292.102
2158,15.147,0.000376,0.00036071,2048,135210.08,1787804292.118
2159,14.731,0.00076,0.00036027,2048,139025.6,1787804292.133
2160,16.345,0.001278,0.00035982,2048,125296.72,1787804292.149
2161,16.174,0.002078,0.00035938,2048,126621.41,1787804292.166
2162,15.115,0.000959,0.00035893,2048,135494.54,1787804292.181
2163,14.944,0.000474,0.00035849,2048,137042.22,1787804292.196
2164,15.086,0.000643,0.00035804,2048,135757.7,1787804292.211
2165,15.022,0.000599,0.0003576,2048,136328.84,1787804292.226
2166,15.204,0.001005,0.00035716,2048,134697.85,1787804292.242
2167,15.654,0.000978,0.00035671,2048,130825.0,1787804292.258
2168,16.565,0.000812,0.00035627,2048,123631.93,1787804292.274
2169,16.459,0.000617,0.00035583,2048,124431.16,1787804292.291
2170,16.178,0.00047,0.00035538,2048,126590.89,1787804292.307
2171,16.376,0.001225,0.00035494,2048,125063.36,1787804292.324
2172,16.238,0.000943,0.0003545,2048,126122.35,1787804292.34
2173,17.108,0.000947,0.00035406,2048,119710.78,1787804292.357
2174,18.563,0.000552,0.00035362,2048,110328.18,1787804292.376
2175,15.686,0.001184,0.00035317,2048,130563.12,1787804292.393
2176,16.665,0.00045,0.00035273,2048,122890.81,1787804292.409
2177,15.988,0.000507,0.00035229,2048,128098.48,1787804292.426
2178,15.203,0.000549,0.00035185,2048,134705.82,1787804292.44
2179,16.931,0.000727,0.00035141,2048,120960.12,1787804292.458
2180,17.862,0.000462,0.00035097,2048,114658.74,1787804292.475
2181,17.212,0.000429,0.00035053,2048,118983.3,1787804292.493
2182,20.311,0.00054,0.00035009,2048,100832.56,1787804292.514
2183,17.753,0.000416,0.00034965,2048,115360.13,1787804292.531
2184,15.445,0.00128,0.00034921,2048,132599.55,1787804292.547
2185,16.23,0.00045,0.00034877,2048,126188.41,1787804292.564
2186,29.091,0.000471,0.00034833,2048,70400.51,1787804292.593
2187,29.326,0.000354,0.00034789,2048,69835.64,1787804292.623
2188,26.184,0.000431,0.00034746,2048,78216.3,1787804292.648
2189,17.526,0.000474,0.00034702,2048,116852.29,1787804292.666
2190,19.035,0.00046,0.00034658,2048,107589.58,1787804292.685
2191,20.218,0.000462,0.00034614,2048,101293.87,1787804292.705
2192,20.999,0.000401,0.0003457,2048,97526.13,1787804292.727
2193,15.067,0.000403,0.00034527,2048,135928.0,1787804292.743
2194,18.885,0.000509,0.00034483,2048,108444.13,1787804292.761
2195,17.323,0.000762,0.00034439,2048,118227.06,1787804292.778
2196,16.197,0.000591,0.00034396,2048,126442.39,1787804292.795
2197,23.75,0.000542,0.00034352,2048,86229.76,1787804292.819
2198,16.642,0.000442,0.00034308,2048,123064.35,1787804292.836
2199,16.453,0.000527,0.00034265,2048,124474.27,1787804292.853
2200,17.143,0.000476,0.00034221,2048,119465.67,1787804292.87
2201,19.284,0.000395,0.00034178,2048,106203.13,1787804292.889
2202,16.794,0.000546,0.00034134,2048,121950.49,1787804292.906
2203,16.662,0.000517,0.00034091,2048,122912.2,1787804292.923
2204,15.998,0.000596,0.00034047,2048,128016.0,1787804292.939
2205,16.121,0.000632,0.00034004,2048,127038.48,1787804292.955
2206,15.795,0.000573,0.00033961,2048,129660.46,1787804292.972
2207,17.259,0.00039,0.00033917,2048,118665.48,1787804292.989
2208,14.825,0.000473,0.00033874,2048,138149.68,1787804293.004
2209,14.959,0.000432,0.0003383,2048,136909.38,1787804293.019
2210,14.952,0.000373,0.00033787,2048,136967.98,1787804293.035
2211,15.46,0.000829,0.00033744,2048,132474.32,1787804293.05
2212,16.237,0.000523,0.00033701,2048,126130.9,1787804293.067
2213,16.235,0.000585,0.00033657,2048,126144.88,1787804293.083
2214,15.486,0.000389,0.00033614,2048,132249.34,1787804293.099
2215,15.129,0.000401,0.00033571,2048,135368.26,1787804293.114
2216,15.675,0.000502,0.00033528,2048,130651.41,1787804293.13
2217,15.95,0.000729,0.00033485,2048,128405.28,1787804293.146
2218,17.664,0.000394,0.00033442,2048,115938.75,1787804293.164
2219,16.609,0.000611,0.00033399,2048,123309.61,1787804293.181
2220,16.762,0.000409,0.00033356,2048,122181.12,1787804293.198
2221,15.733,0.000624,0.00033312,2048,130174.73,1787804293.213
2222,15.689,0.000468,0.00033269,2048,130538.15,1787804293.229
2223,15.157,0.000423,0.00033227,2048,135121.76,1787804293.245
2224,14.746,0.000449,0.00033184,2048,138886.06,1787804293.26
2225,15.374,0.000441,0.00033141,2048,133210.18,1787804293.275
2226,15.495,0.00052,0.00033098,2048,132169.11,1787804293.291
2227,14.633,0.000502,0.00033055,2048,139962.41,1787804293.306
2228,15.06,0.000461,0.00033012,2048,135988.47,1787804293.321
2229,15.273,0.000537,0.00032969,2048,134096.36,1787804293.336
2230,15.154,0.000385,0.00032926,2048,135149.4,1787804293.351
2231,17.11,0.000396,0.00032884,2048,119696.08,1787804293.369
2232,15.416,0.000654,0.00032841,2048,132853.3,1787804293.384
2233,15.307,0.000417,0.00032798,2048,133796.74,1787804293.4
2234,15.806,0.000842,0.00032756,2048,129567.77,1787804293.416
2235,14.883,0.000714,0.00032713,2048,137606.66,1787804293.431
2236,15.738,0.000376,0.0003267,2048,130127.59,1787804293.447
2237,16.059,0.000534,0.00032628,2048,127525.76,1787804293.463
2238,19.004,0.0005,0.00032585,2048,107766.22,1787804293.482
2239,28.069,0.000569,0.00032543,2048,72963.84,1787804293.511
2240,15.555,0.000455,0.000325,2048,131665.23,1787804293.526
2241,20.044,0.000449,0.00032458,2048,102175.72,1787804293.547
2242,22.143,0.000354,0.00032415,2048,92491.4,1787804293.569
2243,19.613,0.000551,0.00032373,2048,104422.13,1787804293.589
2244,14.637,0.000509,0.0003233,2048,139922.25,1787804293.604
2245,15.264,0.000518,0.00032288,2048,134170.15,1787804293.619
2246,14.884,0.000375,0.00032245,2048,137596.5,1787804293.634
2247,15.532,0.000524,0.00032203,2048,131853.42,1787804293.65
2248,16.872,0.0005,0.00032161,2048,121381.67,1787804293.667
2249,17.519,0.000687,0.00032118,2048,116904.99,1787804293.685
2250,15.945,0.000494,0.00032076,2048,128440.71,1787804293.701
2251,15.87,0.000851,0.00032034,2048,129046.08,1787804293.717
2252,15.581,0.000494,0.00031992,2048,131444.67,1787804293.733
2253,15.521,0.000503,0.0003195,2048,131951.11,1787804293.748
2254,16.161,0.000369,0.00031907,2048,126726.4,1787804293.765
2255,17.115,0.000526,0.00031865,2048,119661.82,1787804293.782
2256,15.101,0.000589,0.00031823,2048,135617.46,1787804293.797
2257,15.364,0.000735,0.00031781,2048,133301.22,1787804293.813
2258,15.19,0.000555,0.00031739,2048,134822.88,1787804293.828
2259,15.193,0.000557,0.00031697,2048,134795.37,1787804293.843
2260,15.437,0.000574,0.00031655,2048,132668.26,1787804293.859
2261,16.021,0.000452,0.00031613,2048,127829.83,1787804293.875
2262,14.814,0.000543,0.00031571,2048,138251.34,1787804293.89
2263,15.246,0.000558,0.00031529,2048,134325.91,1787804293.906
2264,16.3,0.000489,0.00031488,2048,125645.71,1787804293.922
2265,15.207,0.000414,0.00031446,2048,134672.16,1787804293.937
2266,15.127,0.000581,0.00031404,2048,135390.64,1787804293.953
2267,16.655,0.000593,0.00031362,2048,122963.86,1787804293.97
2268,15.701,0.000629,0.0003132,2048,130436.72,1787804293.986
2269,15.259,0.000625,0.00031279,2048,134213.23,1787804294.001
2270,15.431,0.000432,0.00031237,2048,132722.43,1787804294.017
2271,15.591,0.00045,0.00031195,2048,131361.2,1787804294.032
2272,15.342,0.000412,0.00031154,2048,133488.9,1787804294.048
2273,16.182,0.000558,0.00031112,2048,126558.81,1787804294.064
2274,19.588,0.000443,0.0003107,2048,104552.21,1787804294.084
2275,16.412,0.000416,0.00031029,2048,124782.94,1787804294.101
2276,15.354,0.000657,0.00030987,2048,133386.31,1787804294.116
2277,15.661,0.000525,0.00030946,2048,130772.37,1787804294.131
2278,15.501,0.000628,0.00030904,2048,132122.21,1787804294.148
2279,17.104,0.000517,0.00030863,2048,119740.87,1787804294.165
2280,18.345,0.000383,0.00030822,2048,111639.27,1787804294.184
2281,15.183,0.000382,0.0003078,2048,134892.15,1787804294.199
2282,15.387,0.000519,0.00030739,2048,133100.23,1787804294.215
2283,15.139,0.000464,0.00030697,2048,135278.85,1787804294.23
2284,16.255,0.000863,0.00030656,2048,125993.55,1787804294.246
2285,16.972,0.000666,0.00030615,2048,120667.92,1787804294.263
2286,20.46,0.000436,0.00030574,2048,100099.71,1787804294.284
2287,18.721,0.000481,0.00030532,2048,109396.45,1787804294.303
2288,15.592,0.000716,0.00030491,2048,131352.78,1787804294.318
2289,15.083,0.000475,0.0003045,2048,135782.01,1787804294.334
2290,16.677,0.000534,0.00030409,2048,122801.65,1787804294.35
2291,16.723,0.000479,0.00030368,2048,122464.6,1787804294.367
2292,15.258,0.000494,0.00030327,2048,134226.43,1787804294.383
2293,18.306,0.000416,0.00030286,2048,111878.33,1787804294.401
2294,16.8,0.000426,0.00030245,2048,121901.13,1787804294.418
2295,15.889,0.000547,0.00030204,2048,128895.83,1787804294.434
2296,16.302,0.000589,0.00030163,2048,125629.53,1787804294.451
2297,17.54,0.000354,0.00030122,2048,116760.36,1787804294.468
2298,15.994,0.00069,0.00030081,2048,128049.62,1787804294.485
2299,17.567,0.000578,0.0003004,2048,116580.24,1787804294.502
2300,15.645,0.000495,0.00029999,2048,130903.61,1787804294.518
2301,15.469,0.00038,0.00029959,2048,132398.1,1787804294.534
2302,17.235,0.000746,0.00029918,2048,118831.41,1787804294.551
2303,16.308,0.000572,0.00029877,2048,125586.39,1787804294.568
2304,16.62,0.000375,0.00029836,2048,123228.0,1787804294.585
2305,21.261,0.000646,0.00029796,2048,96326.15,1787804294.606
2306,18.216,0.00092,0.00029755,2048,112428.02,1787804294.625
2307,17.603,0.000477,0.00029714,2048,116346.45,1787804294.642
2308,17.164,0.000781,0.00029674,2048,119316.72,1787804294.66
2309,16.37,0.000444,0.00029633,2048,125109.96,1787804294.676
2310,17.504,0.000496,0.00029593,2048,117003.17,1787804294.694
2311,16.153,0.000466,0.00029552,2048,126789.95,1787804294.71
2312,14.993,0.000733,0.00029512,2048,136598.9,1787804294.725
2313,15.306,0.000427,0.00029471,2048,133801.99,1787804294.741
2314,14.886,0.000466,0.00029431,2048,137582.63,1787804294.756
2315,15.789,0.000506,0.0002939,2048,129712.2,1787804294.772
2316,15.382,0.000393,0.0002935,2048,133144.37,1787804294.787
2317,15.752,0.000426,0.0002931,2048,130016.89,1787804294.803
2318,17.183,0.000588,0.0002927,2048,119189.65,1787804294.821
2319,17.749,0.000625,0.00029229,2048,115386.13,1787804294.839
2320,16.588,0.0008,0.00029189,2048,123463.49,1787804294.855
2321,18.068,0.000587,0.00029149,2048,113350.2,1787804294.873
2322,18.818,0.000326,0.00029109,2048,108833.7,1787804294.892
2323,18.911,0.000465,0.00029069,2048,108297.9,1787804294.912
2324,16.225,0.000501,0.00029028,2048,126224.96,1787804294.928
2325,15.427,0.000497,0.00028988,2048,132755.98,1787804294.944
2326,15.52,0.000342,0.00028948,2048,131957.06,1787804294.959
2327,17.141,0.000455,0.00028908,2048,119480.31,1787804294.977
2328,20.602,0.000464,0.00028868,2048,99406.86,1787804294.998
2329,17.129,0.000522,0.00028828,2048,119562.62,1787804295.016
2330,17.249,0.000484,0.00028789,2048,118729.46,1787804295.033
2331,16.206,0.000438,0.00028749,2048,126376.07,1787804295.049
2332,20.564,0.000598,0.00028709,2048,99593.94,1787804295.07
2333,18.879,0.000455,0.00028669,2048,108479.75,1787804295.089
2334,15.495,0.000469,0.00028629,2048,132172.52,1787804295.104
2335,15.472,0.000474,0.00028589,2048,132368.15,1787804295.121
2336,15.46,0.000393,0.0002855,2048,132473.46,1787804295.136
2337,17.531,0.000634,0.0002851,2048,116822.96,1787804295.154
2338,16.055,0.000404,0.0002847,2048,127559.12,1787804295.17
2339,17.386,0.00091,0.00028431,2048,117799.32,1787804295.187
2340,16.659,0.000532,0.00028391,2048,122938.03,1787804295.204
2341,14.979,0.000567,0.00028351,2048,136722.92,1787804295.219
2342,19.701,0.000613,0.00028312,2048,103954.64,1787804295.239
2343,15.928,0.00037,0.00028272,2048,128577.8,1787804295.255
2344,16.483,0.000515,0.00028233,2048,124253.0,1787804295.272
2345,17.528,0.000413,0.00028194,2048,116838.96,1787804295.29
2346,16.517,0.000392,0.00028154,2048,123997.21,1787804295.306
2347,22.902,0.000369,0.00028115,2048,89425.68,1787804295.329
2348,15.601,0.000699,0.00028075,2048,131275.32,1787804295.345
2349,20.054,0.000501,0.00028036,2048,102122.23,1787804295.365
2350,21.093,0.000453,0.00027997,2048,97096.12,1787804295.387
2351,22.33,0.000393,0.00027958,2048,91713.54,1787804295.409
2352,15.453,0.000483,0.00027918,2048,132533.47,1787804295.425
2353,14.943,0.000582,0.00027879,2048,137052.3,1787804295.44
2354,15.016,0.000383,0.0002784,2048,136386.94,1787804295.455
2355,15.632,0.000435,0.00027801,2048,131011.63,1787804295.471
2356,18.976,0.000411,0.00027762,2048,107923.53,1787804295.49
2357,17.812,0.000501,0.00027723,2048,114978.67,1787804295.508
2358,19.275,0.000572,0.00027684,2048,106252.72,1787804295.528
2359,16.261,0.000539,0.00027645,2048,125942.42,1787804295.544
2360,15.788,0.000451,0.00027606,2048,129722.06,1787804295.56
2361,17.063,0.000463,0.00027567,2048,120029.3,1787804295.577
2362,17.335,0.000568,0.00027528,2048,118145.21,1787804295.595
2363,16.451,0.000877,0.00027489,2048,124489.4,1787804295.612
2364,16.92,0.00062,0.0002745,2048,121037.33,1787804295.629
2365,15.597,0.000636,0.00027411,2048,131308.15,1787804295.644
2366,15.568,0.000699,0.00027373,2048,131555.28,1787804295.66
2367,15.692,0.000824,0.00027334,2048,130515.69,1787804295.676
2368,18.047,0.00084,0.00027295,2048,113481.46,1787804295.694
2369,15.951,0.000612,0.00027257,2048,128394.81,1787804295.71
2370,15.406,0.000514,0.00027218,2048,132935.22,1787804295.726
2371,15.201,0.000617,0.00027179,2048,134727.09,1787804295.741
2372,15.253,0.001039,0.00027141,2048,134269.55,1787804295.757
2373,15.044,0.000657,0.00027102,2048,136136.72,1787804295.772
2374,15.426,0.000796,0.00027064,2048,132765.45,1787804295.787
2375,16.419,0.000748,0.00027025,2048,124734.3,1787804295.804
2376,14.876,0.000721,0.00026987,2048,137672.34,1787804295.819
2377,15.14,0.000776,0.00026948,2048,135270.81,1787804295.834
2378,15.028,0.000525,0.0002691,2048,136276.23,1787804295.85
2379,14.792,0.000723,0.00026872,2048,138456.03,1787804295.865
2380,15.763,0.000453,0.00026833,2048,129922.03,1787804295.881
2381,17.105,0.000459,0.00026795,2048,119730.37,1787804295.898
2382,15.776,0.000598,0.00026757,2048,129816.62,1787804295.914
2383,16.6,0.000648,0.00026719,2048,123372.75,1787804295.93
2384,15.716,0.000808,0.00026681,2048,130314.72,1787804295.946
2385,15.553,0.000568,0.00026642,2048,131677.08,1787804295.962
2386,16.213,0.000548,0.00026604,2048,126320.72,1787804295.978
2387,17.362,0.000556,0.00026566,2048,117958.76,1787804295.996
2388,16.993,0.00066,0.00026528,2048,120518.8,1787804296.013
2389,21.179,0.000484,0.0002649,2048,96699.56,1787804296.034
2390,18.895,0.00079,0.00026452,2048,108387.32,1787804296.054
2391,20.734,0.000736,0.00026414,2048,98772.58,1787804296.074
2392,17.311,0.000672,0.00026376,2048,118305.6,1787804296.092
2393,17.685,0.000636,0.00026339,2048,115805.01,1787804296.11
2394,18.117,0.000547,0.00026301,2048,113041.13,1787804296.129
2395,16.191,0.001131,0.00026263,2048,126493.15,1787804296.145
2396,17.39,0.001009,0.00026225,2048,117766.12,1787804296.163
2397,16.199,0.00038,0.00026188,2048,126430.68,1787804296.178
2398,16.26,0.000607,0.0002615,2048,125951.71,1787804296.195
2399,15.277,0.000544,0.00026112,2048,134056.86,1787804296.21
2400,15.509,0.0009,0.00026075,2048,132053.21,1787804296.226
2401,15.504,0.000398,0.00026037,2048,132095.8,1787804296.242
2402,15.42,0.000366,0.00025999,2048,132810.22,1787804296.257
2403,15.624,0.000463,0.00025962,2048,131076.19,1787804296.273
2404,16.133,0.000541,0.00025924,2048,126942.41,1787804296.289
2405,15.579,0.000501,0.00025887,2048,131459.02,1787804296.305
2406,16.386,0.000577,0.0002585,2048,124987.79,1787804296.322
2407,17.875,0.000439,0.00025812,2048,114572.14,1787804296.34
2408,16.621,0.000724,0.00025775,2048,123216.13,1787804296.356
2409,16.533,0.000525,0.00025738,2048,123876.46,1787804296.373
2410,18.417,0.000531,0.000257,2048,111201.0,1787804296.392
2411,20.222,0.000722,0.00025663,2048,101274.34,1787804296.412
2412,17.593,0.00072,0.00025626,2048,116407.95,1787804296.43
2413,17.109,0.000458,0.00025589,2048,119702.38,1787804296.447
2414,17.475,0.000383,0.00025552,2048,117196.66,1787804296.465
2415,19.278,0.000408,0.00025514,2048,106234.54,1787804296.484
2416,20.77,0.000518,0.00025477,2048,98602.33,1787804296.505
2417,17.39,0.000584,0.0002544,2048,117770.19,1787804296.523
2418,16.509,0.000484,0.00025403,2048,124055.8,1787804296.54
2419,16.023,0.000475,0.00025366,2048,127817.06,1787804296.556
2420,15.805,0.000529,0.00025329,2048,129575.97,1787804296.572
2421,16.048,0.000582,0.00025293,2048,127619.53,1787804296.588
2422,17.888,0.00073,0.00025256,2048,114487.6,1787804296.606
2423,15.979,0.00075,0.00025219,2048,128167.42,1787804296.622
2424,15.478,0.000488,0.00025182,2048,132315.98,1787804296.638
2425,15.36,0.000363,0.00025145,2048,133336.81,1787804296.653
2426,15.455,0.000611,0.00025109,2048,132516.32,1787804296.669
2427,15.313,0.000589,0.00025072,2048,133739.08,1787804296.684
2428,20.109,0.000499,0.00025035,2048,101846.46,1787804296.705
2429,15.551,0.000449,0.00024999,2048,131699.95,1787804296.72
2430,15.871,0.000637,0.00024962,2048,129042.01,1787804296.736
2431,17.597,0.000738,0.00024926,2048,116380.83,1787804296.754
2432,15.648,0.00073,0.00024889,2048,130877.67,1787804296.77
2433,21.08,0.000528,0.00024853,2048,97152.78,1787804296.791
2434,15.673,0.00066,0.00024816,2048,130667.24,1787804296.807
2435,17.357,0.000703,0.0002478,2048,117990.02,1787804296.825
2436,15.546,0.000769,0.00024743,2048,131738.07,1787804296.841
2437,15.608,0.00062,0.00024707,2048,131213.92,1787804296.856
2438,15.73,0.000336,0.00024671,2048,130192.94,1787804296.872
2439,15.848,0.000757,0.00024635,2048,129230.11,1787804296.888
2440,19.544,0.000663,0.00024598,2048,104789.73,1787804296.908
2441,17.17,0.000425,0.00024562,2048,119279.2,1787804296.925
2442,15.374,0.000627,0.00024526,2048,133209.32,1787804296.941
2443,14.666,0.000552,0.0002449,2048,139644.62,1787804296.956
2444,16.633,0.000549,0.00024454,2048,123128.72,1787804296.972
2445,22.561,0.000531,0.00024418,2048,90775.72,1787804296.995
2446,16.888,0.000822,0.00024382,2048,121268.1,1787804297.012
2447,16.57,0.000439,0.00024346,2048,123599.1,1787804297.029
2448,15.889,0.000488,0.0002431,2048,128890.96,1787804297.045
2449,16.06,0.000564,0.00024274,2048,127521.79,1787804297.062
2450,16.437,0.000635,0.00024238,2048,124594.67,1787804297.078
2451,19.542,0.000622,0.00024203,2048,104802.06,1787804297.098
2452,15.74,0.000363,0.00024167,2048,130117.67,1787804297.114
2453,18.619,0.000523,0.00024131,2048,109993.39,1787804297.133
2454,26.578,0.000505,0.00024095,2048,77057.66,1787804297.16
2455,23.092,0.000543,0.0002406,2048,88690.26,1787804297.183
2456,25.357,0.00045,0.00024024,2048,80767.93,1787804297.209
2457,18.586,0.000955,0.00023988,2048,110191.06,1787804297.227
2458,15.896,0.000945,0.00023953,2048,128838.25,1787804297.243
2459,15.365,0.000503,0.00023917,2048,133287.34,1787804297.259
2460,15.344,0.000589,0.00023882,2048,133468.02,1787804297.274
2461,17.978,0.000597,0.00023846,2048,113917.64,1787804297.293
2462,17.034,0.00037,0.00023811,2048,120230.13,1787804297.31
2463,16.016,0.000409,0.00023776,2048,127873.72,1787804297.326
2464,15.219,0.000514,0.0002374,2048,134572.17,1787804297.342
2465,15.084,0.00039,0.00023705,2048,135768.5,1787804297.357
2466,15.04,0.000452,0.0002367,2048,136172.02,1787804297.372
2467,16.141,0.000492,0.00023635,2048,126883.43,1787804297.389
2468,19.3,0.000549,0.00023599,2048,106114.54,1787804297.408
2469,17.358,0.000651,0.00023564,2048,117987.98,1787804297.426
2470,15.989,0.000732,0.00023529,2048,128088.06,1787804297.442
2471,14.984,0.000449,0.00023494,2048,136683.69,1787804297.457
2472,15.791,0.000339,0.00023459,2048,129695.77,1787804297.473
2473,15.893,0.000405,0.00023424,2048,128862.57,1787804297.489
2474,16.662,0.000416,0.00023389,2048,122917.37,1787804297.506
2475,19.416,0.000586,0.00023354,2048,105481.65,1787804297.525
2476,21.511,0.000499,0.00023319,2048,95208.87,1787804297.547
2477,16.28,0.000677,0.00023284,2048,125796.98,1787804297.564
2478,16.51,0.000524,0.0002325,2048,124044.53,1787804297.58
2479,18.76,0.000564,0.00023215,2048,109170.19,1787804297.599
2480,17.864,0.00063,0.0002318,2048,114641.41,1787804297.617
2481,15.39,0.000511,0.00023146,2048,133071.7,1787804297.633
2482,15.128,0.000549,0.00023111,2048,135376.32,1787804297.648
2483,15.088,0.000444,0.00023076,2048,135735.21,1787804297.663
2484,15.121,0.00041,0.00023042,2048,135437.19,1787804297.679
2485,15.217,0.000433,0.00023007,2048,134586.32,1787804297.694
2486,16.919,0.000675,0.00022973,2048,121043.77,1787804297.711
2487,16.29,0.000478,0.00022938,2048,125724.39,1787804297.728
2488,15.256,0.000477,0.00022904,2048,134244.03,1787804297.743
2489,27.331,0.000383,0.00022869,2048,74932.13,1787804297.771
2490,15.327,0.000401,0.00022835,2048,133617.79,1787804297.786
2491,16.242,0.000358,0.00022801,2048,126094.4,1787804297.803
2492,21.776,0.000529,0.00022766,2048,94047.2,1787804297.825
2493,18.439,0.000399,0.00022732,2048,111070.74,1787804297.843
2494,23.4,0.000989,0.00022698,2048,87520.99,1787804297.867
2495,17.086,0.000458,0.00022664,2048,119862.11,1787804297.884
2496,16.287,0.000462,0.0002263,2048,125747.55,1787804297.901
2497,16.998,0.000618,0.00022596,2048,120484.76,1787804297.918
2498,16.226,0.000433,0.00022562,2048,126217.18,1787804297.934
2499,15.607,0.000556,0.00022528,2048,131220.65,1787804297.95
2500,15.949,0.000877,0.00022494,2048,128407.69,1787804297.966
2501,15.89,0.000532,0.0002246,2048,128888.52,1787804297.982
2502,16.035,0.000672,0.00022426,2048,127717.43,1787804297.998
2503,17.615,0.000507,0.00022392,2048,116261.91,1787804298.016
2504,15.909,0.000342,0.00022358,2048,128729.74,1787804298.032
2505,15.64,0.000421,0.00022324,2048,130949.64,1787804298.048
2506,15.406,0.00038,0.00022291,2048,132937.81,1787804298.064
2507,15.753,0.000425,0.00022257,2048,130009.46,1787804298.08
2508,17.666,0.000354,0.00022223,2048,115926.93,1787804298.097
2509,20.237,0.000668,0.0002219,2048,101198.77,1787804298.117
2510,16.848,0.000259,0.00022156,2048,121555.29,1787804298.134
2511,15.592,0.000384,0.00022123,2048,131349.41,1787804298.15
2512,16.022,0.000453,0.00022089,2048,127824.24,1787804298.166
2513,15.871,0.000875,0.00022056,2048,129038.76,1787804298.182
2514,15.783,0.000472,0.00022022,2048,129759.87,1787804298.198
2515,17.015,0.000494,0.00021989,2048,120362.97,1787804298.216
2516,16.507,0.000382,0.00021955,2048,124070.08,1787804298.232
2517,17.937,0.000535,0.00021922,2048,114175.49,1787804298.25
2518,16.794,0.000366,0.00021889,2048,121946.86,1787804298.267
2519,17.458,0.000448,0.00021856,2048,117308.1,1787804298.285
2520,24.315,0.000507,0.00021823,2048,84228.19,1787804298.31
2521,19.262,0.000474,0.00021789,2048,106324.43,1787804298.329
2522,15.097,0.000303,0.00021756,2048,135659.68,1787804298.344
2523,16.037,0.000448,0.00021723,2048,127703.09,1787804298.361
2524,15.634,0.000379,0.0002169,2048,130998.22,1787804298.376
2525,16.425,0.000435,0.00021657,2048,124688.73,1787804298.393
2526,16.861,0.000733,0.00021624,2048,121463.73,1787804298.41
2527,20.473,0.000447,0.00021591,2048,100036.63,1787804298.431
2528,15.707,0.000382,0.00021558,2048,130386.89,1787804298.447
2529,15.715,0.000512,0.00021526,2048,130323.84,1787804298.462
2530,14.812,0.000391,0.00021493,2048,138270.94,1787804298.477
2531,19.415,0.000447,0.0002146,2048,105484.91,1787804298.497
2532,17.081,0.000363,0.00021427,2048,119900.01,1787804298.514
2533,17.836,0.000379,0.00021395,2048,114823.95,1787804298.532
2534,21.258,0.000434,0.00021362,2048,96338.84,1787804298.554
2535,21.279,0.000671,0.0002133,2048,96243.77,1787804298.575
2536,17.049,0.000623,0.00021297,2048,120126.46,1787804298.592
2537,22.084,0.000424,0.00021264,2048,92738.08,1787804298.615
2538,18.772,0.000408,0.00021232,2048,109100.98,1787804298.634
2539,18.427,0.000601,0.000212,2048,111143.07,1787804298.652
2540,16.452,0.000458,0.00021167,2048,124487.13,1787804298.669
2541,15.798,0.000371,0.00021135,2048,129640.77,1787804298.685
2542,15.0,0.000385,0.00021103,2048,136533.33,1787804298.7
2543,17.439,0.00031,0.0002107,2048,117437.25,1787804298.718
2544,15.607,0.00074,0.00021038,2048,131225.69,1787804298.734
2545,16.969,0.000893,0.00021006,2048,120690.67,1787804298.751
2546,14.869,0.000573,0.00020974,2048,137734.38,1787804298.766
2547,14.725,0.000522,0.00020942,2048,139084.14,1787804298.781
2548,14.641,0.000335,0.0002091,2048,139878.29,1787804298.795
2549,15.875,0.000589,0.00020878,2048,129003.81,1787804298.812
2550,22.743,0.00066,0.00020846,2048,90048.89,1787804298.834
2551,15.785,0.000532,0.00020814,2048,129745.07,1787804298.85
2552,14.757,0.000527,0.00020782,2048,138781.6,1787804298.865
2553,15.148,0.000431,0.0002075,2048,135202.04,1787804298.881
2554,17.581,0.000301,0.00020718,2048,116486.74,1787804298.898
2555,19.427,0.00051,0.00020686,2048,105422.46,1787804298.918
2556,16.76,0.000395,0.00020655,2048,122192.06,1787804298.935
2557,15.497,0.00071,0.00020623,2048,132152.9,1787804298.951
2558,17.98,0.000398,0.00020591,2048,113902.44,1787804298.969
2559,17.812,0.000583,0.0002056,2048,114976.73,1787804298.987
2560,15.648,0.001054,0.00020528,2048,130876.0,1787804299.003
2561,19.807,0.000495,0.00020496,2048,103398.31,1787804299.023
2562,15.59,0.000383,0.00020465,2048,131367.1,1787804299.038
2563,17.196,0.000459,0.00020434,2048,119094.69,1787804299.056
2564,15.452,0.000377,0.00020402,2048,132538.62,1787804299.071
2565,14.82,0.000541,0.00020371,2048,138190.7,1787804299.087
2566,14.903,0.000471,0.00020339,2048,137424.76,1787804299.102
2567,15.928,0.000461,0.00020308,2048,128576.99,1787804299.118
2568,19.886,0.000367,0.00020277,2048,102985.99,1787804299.138
2569,15.107,0.000805,0.00020246,2048,135569.88,1787804299.153
2570,17.321,0.000845,0.00020215,2048,118235.25,1787804299.171
2571,16.413,0.000341,0.00020183,2048,124776.86,1787804299.187
2572,16.105,0.000723,0.00020152,2048,127167.06,1787804299.203
2573,22.203,0.000515,0.00020121,2048,92238.54,1787804299.226
2574,16.458,0.000707,0.0002009,2048,124438.72,1787804299.242
2575,15.19,0.000386,0.00020059,2048,134829.98,1787804299.258
2576,15.567,0.000519,0.00020028,2048,131559.51,1787804299.274
2577,16.257,0.000428,0.00019998,2048,125974.18,1787804299.29
2578,17.814,0.000372,0.00019967,2048,114963.18,1787804299.308
2579,16.575,0.000363,0.00019936,2048,123556.6,1787804299.325
2580,17.645,0.000415,0.00019905,2048,116064.24,1787804299.343
2581,16.003,0.000482,0.00019874,2048,127976.0,1787804299.359
2582,16.711,0.000409,0.00019844,2048,122557.67,1787804299.376
2583,16.676,0.000353,0.00019813,2048,122810.49,1787804299.392
2584,17.481,0.000329,0.00019783,2048,117153.09,1787804299.41
2585,17.675,0.000434,0.00019752,2048,115870.53,1787804299.428
2586,16.709,0.000308,0.00019722,2048,122570.88,1787804299.446
2587,17.005,0.000435,0.00019691,2048,120438.71,1787804299.463
2588,16.366,0.000328,0.00019661,2048,125138.24,1787804299.479
2589,21.895,0.000345,0.0001963,2048,93537.34,1787804299.501
2590,16.76,0.000347,0.000196,2048,122197.16,1787804299.518
2591,17.787,0.000485,0.0001957,2048,115141.57,1787804299.537
2592,17.084,0.000311,0.0001954,2048,119876.14,1787804299.554
2593,16.728,0.000353,0.00019509,2048,122433.12,1787804299.571
2594,19.278,0.000393,0.00019479,2048,106236.19,1787804299.59
2595,15.635,0.000521,0.00019449,2048,130987.33,1787804299.606
2596,17.568,0.000418,0.00019419,2048,116576.26,1787804299.624
2597,16.593,0.000595,0.00019389,2048,123427.03,1787804299.641
2598,15.589,0.000452,0.00019359,2048,131373.84,1787804299.657
2599,16.383,0.00039,0.00019329,2048,125008.39,1787804299.673
2600,15.697,0.000557,0.00019299,2048,130469.96,1787804299.689
2601,15.937,0.000401,0.00019269,2048,128504.38,1787804299.705
2602,16.396,0.000436,0.00019239,2048,124912.32,1787804299.722
2603,17.614,0.000552,0.0001921,2048,116274.45,1787804299.739
2604,16.67,0.000614,0.0001918,2048,122858.38,1787804299.756
2605,15.409,0.00096,0.0001915,2048,132907.61,1787804299.772
2606,16.507,0.000617,0.00019121,2048,124066.32,1787804299.789
2607,15.714,0.000294,0.00019091,2048,130331.3,1787804299.805
2608,21.411,0.000353,0.00019061,2048,95653.55,1787804299.826
2609,17.019,0.000477,0.00019032,2048,120333.27,1787804299.843
2610,15.913,0.000376,0.00019002,2048,128700.61,1787804299.859
2611,16.083,0.000468,0.00018973,2048,127338.63,1787804299.876
2612,15.936,0.000354,0.00018944,2048,128513.25,1787804299.892
2613,15.671,0.00032,0.00018914,2048,130689.76,1787804299.907
2614,16.866,0.000402,0.00018885,2048,121429.89,1787804299.925
2615,20.156,0.000465,0.00018856,2048,101609.48,1787804299.945
2616,16.8,0.00067,0.00018826,2048,121908.39,1787804299.962
2617,20.288,0.000416,0.00018797,2048,100947.37,1787804299.982
2618,19.592,0.000402,0.00018768,2048,104531.39,1787804300.002
2619,16.302,0.000498,0.00018739,2048,125627.22,1787804300.019
2620,17.921,0.000798,0.0001871,2048,114278.06,1787804300.037
2621,16.741,0.000346,0.00018681,2048,122332.93,1787804300.054
2622,15.964,0.000616,0.00018652,2048,128287.85,1787804300.07
2623,15.748,0.000491,0.00018623,2048,130051.56,1787804300.086
2624,25.636,0.000436,0.00018594,2048,79887.97,1787804300.111
2625,17.806,0.000366,0.00018565,2048,115020.64,1787804300.129
2626,16.9,0.000576,0.00018537,2048,121184.15,1787804300.147
2627,15.947,0.000527,0.00018508,2048,128424.6,1787804300.163
2628,15.701,0.000432,0.00018479,2048,130440.87,1787804300.179
2629,19.489,0.000428,0.00018451,2048,105083.3,1787804300.198
2630,17.051,0.000368,0.00018422,2048,120110.96,1787804300.216
2631,16.699,0.000394,0.00018393,2048,122641.34,1787804300.232
2632,16.712,0.000444,0.00018365,2048,122547.41,1787804300.249
2633,16.267,0.000941,0.00018336,2048,125901.38,1787804300.266
2634,16.801,0.000442,0.00018308,2048,121900.41,1787804300.283
2635,15.404,0.0005,0.00018279,2048,132950.75,1787804300.298
2636,15.666,0.000556,0.00018251,2048,130730.64,1787804300.314
2637,17.604,0.000785,0.00018223,2048,116339.84,1787804300.332
2638,17.961,0.000387,0.00018195,2048,114024.2,1787804300.35
2639,15.615,0.000444,0.00018166,2048,131154.26,1787804300.366
2640,15.095,0.000476,0.00018138,2048,135671.37,1787804300.381
2641,15.14,0.000476,0.0001811,2048,135272.59,1787804300.397
2642,17.735,0.000732,0.00018082,2048,115475.92,1787804300.414
2643,17.853,0.000458,0.00018054,2048,114717.18,1787804300.432
2644,18.059,0.000345,0.00018026,2048,113404.17,1787804300.451
2645,17.274,0.000511,0.00017998,2048,118562.43,1787804300.469
2646,20.061,0.00041,0.0001797,2048,102087.1,1787804300.488
2647,20.451,0.00072,0.00017942,2048,100141.8,1787804300.509
2648,17.276,0.000373,0.00017914,2048,118546.65,1787804300.527
2649,21.636,0.000436,0.00017887,2048,94659.24,1787804300.548
2650,20.707,0.000477,0.00017859,2048,98901.84,1787804300.569
2651,19.409,0.00057,0.00017831,2048,105517.52,1787804300.589
2652,31.362,0.000499,0.00017803,2048,65303.0,1787804300.621
2653,19.027,0.000604,0.00017776,2048,107635.95,1787804300.64
2654,23.156,0.000648,0.00017748,2048,88442.45,1787804300.663
2655,16.608,0.000619,0.00017721,2048,123315.55,1787804300.68
2656,16.79,0.000555,0.00017693,2048,121978.09,1787804300.697
2657,19.596,0.000374,0.00017666,2048,104511.66,1787804300.717
2658,18.498,0.000437,0.00017638,2048,110714.67,1787804300.736
2659,18.591,0.000377,0.00017611,2048,110162.61,1787804300.754
2660,16.31,0.000588,0.00017584,2048,125568.68,1787804300.771
2661,15.252,0.000467,0.00017557,2048,134280.11,1787804300.786
2662,16.738,0.000643,0.00017529,2048,122354.85,1787804300.803
2663,16.155,0.000351,0.00017502,2048,126771.9,1787804300.82
2664,22.627,0.000434,0.00017475,2048,90512.94,1787804300.842
2665,16.167,0.000432,0.00017448,2048,126677.02,1787804300.859
2666,16.478,0.000675,0.00017421,2048,124286.93,1787804300.876
2667,15.277,0.000541,0.00017394,2048,134061.24,1787804300.891
2668,15.136,0.000712,0.00017367,2048,135306.55,1787804300.906
2669,15.058,0.000403,0.0001734,2048,136009.24,1787804300.922
2670,16.359,0.000422,0.00017313,2048,125193.32,1787804300.938
2671,17.242,0.000392,0.00017287,2048,118776.97,1787804300.956
2672,16.351,0.000439,0.0001726,2048,125249.21,1787804300.972
2673,16.545,0.000327,0.00017233,2048,123780.63,1787804300.989
2674,19.552,0.000364,0.00017206,2048,104746.85,1787804301.008
2675,24.561,0.000624,0.0001718,2048,83384.91,1787804301.033
2676,20.195,0.000768,0.00017153,2048,101413.25,1787804301.054
2677,23.783,0.000673,0.00017127,2048,86112.65,1787804301.078
2678,15.642,0.000408,0.000171,2048,130932.06,1787804301.093
2679,14.979,0.000512,0.00017074,2048,136723.84,1787804301.109
2680,15.2,0.00049,0.00017047,2048,134738.61,1787804301.124
2681,18.189,0.000492,0.00017021,2048,112594.91,1787804301.142
2682,16.734,0.000556,0.00016995,2048,122385.56,1787804301.159
2683,23.062,0.000717,0.00016968,2048,88802.17,1787804301.183
2684,19.458,0.001124,0.00016942,2048,105251.26,1787804301.202
2685,18.243,0.000384,0.00016916,2048,112259.78,1787804301.221
2686,38.842,0.000296,0.0001689,2048,52726.84,1787804301.26
2687,41.733,0.000591,0.00016864,2048,49073.87,1787804301.302
2688,25.572,0.000587,0.00016838,2048,80087.91,1787804301.328
2689,18.433,0.000624,0.00016812,2048,111103.27,1787804301.347
2690,16.459,0.00095,0.00016786,2048,124430.4,1787804301.363
2691,15.009,0.000401,0.0001676,2048,136452.37,1787804301.379
2692,16.93,0.000297,0.00016734,2048,120970.12,1787804301.396
2693,16.32,0.000694,0.00016708,2048,125489.43,1787804301.412
2694,16.281,0.00044,0.00016683,2048,125790.8,1787804301.429
2695,19.197,0.000606,0.00016657,2048,106685.0,1787804301.448
2696,16.657,0.000422,0.00016631,2048,122952.79,1787804301.465
2697,17.012,0.001304,0.00016606,2048,120388.44,1787804301.482
2698,18.125,0.000598,0.0001658,2048,112993.73,1787804301.5
2699,16.245,0.000303,0.00016554,2048,126067.23,1787804301.517
2700,16.621,0.000698,0.00016529,2048,123219.84,1787804301.534
2701,17.124,0.000379,0.00016504,2048,119600.32,1787804301.552
2702,19.23,0.000532,0.00016478,2048,106501.37,1787804301.571
2703,15.925,0.000383,0.00016453,2048,128603.63,1787804301.587
2704,16.328,0.000568,0.00016427,2048,125430.25,1787804301.604
2705,17.818,0.001037,0.00016402,2048,114942.53,1787804301.622
2706,16.152,0.000489,0.00016377,2048,126792.3,1787804301.638
2707,18.087,0.000434,0.00016352,2048,113231.75,1787804301.656
2708,15.285,0.00067,0.00016327,2048,133990.2,1787804301.672
2709,15.3,0.000958,0.00016302,2048,133856.21,1787804301.687
2710,18.473,0.000844,0.00016277,2048,110862.1,1787804301.706
2711,15.098,0.000315,0.00016252,2048,135646.21,1787804301.721
2712,17.783,0.000397,0.00016227,2048,115164.23,1787804301.739
2713,21.353,0.000608,0.00016202,2048,95912.48,1787804301.761
2714,25.649,0.000617,0.00016177,2048,79847.48,1787804301.786
2715,16.157,0.00064,0.00016152,2048,126755.42,1787804301.803
2716,15.769,0.000677,0.00016127,2048,129873.42,1787804301.819
2717,16.514,0.000381,0.00016103,2048,124013.73,1787804301.835
2718,16.964,0.000297,0.00016078,2048,120729.8,1787804301.853
2719,15.286,0.000435,0.00016053,2048,133977.05,1787804301.868
2720,16.079,0.000529,0.00016029,2048,127368.73,1787804301.885
2721,20.885,0.000412,0.00016004,2048,98061.28,1787804301.906
2722,16.03,0.000482,0.0001598,2048,127759.65,1787804301.922
2723,15.626,0.00061,0.00015955,2048,131061.1,1787804301.938
2724,17.845,0.000448,0.00015931,2048,114767.97,1787804301.956
2725,21.123,0.000283,0.00015907,2048,96955.01,1787804301.977
2726,17.797,0.000374,0.00015882,2048,115078.81,1787804301.995
2727,16.82,0.000532,0.00015858,2048,121759.09,1787804302.013
2728,20.694,0.000593,0.00015834,2048,98967.8,1787804302.033
2729,17.777,0.000328,0.0001581,2048,115204.39,1787804302.051
2730,17.164,0.000284,0.00015786,2048,119322.98,1787804302.069
2731,14.947,0.000313,0.00015762,2048,137022.04,1787804302.084
2732,16.574,0.000482,0.00015738,2048,123564.8,1787804302.101
2733,16.053,0.000474,0.00015714,2048,127575.81,1787804302.117
2734,19.729,0.000357,0.0001569,2048,103806.05,1787804302.137
2735,20.998,0.000316,0.00015666,2048,97534.96,1787804302.158
2736,17.756,0.000341,0.00015642,2048,115343.24,1787804302.176
2737,17.023,0.000608,0.00015618,2048,120304.29,1787804302.193
2738,16.293,0.000366,0.00015595,2048,125698.92,1787804302.21
2739,16.152,0.000296,0.00015571,2048,126798.58,1787804302.226
2740,17.311,0.000411,0.00015547,2048,118307.65,1787804302.243
2741,19.897,0.000294,0.00015524,2048,102927.5,1787804302.263
2742,17.169,0.000487,0.000155,2048,119286.15,1787804302.281
2743,16.888,0.000452,0.00015477,2048,121269.54,1787804302.298
2744,15.461,0.000313,0.00015453,2048,132459.75,1787804302.313
2745,14.817,0.00036,0.0001543,2048,138218.68,1787804302.328
2746,15.23,0.000502,0.00015406,2048,134467.91,1787804302.344
2747,20.389,0.000338,0.00015383,2048,100444.35,1787804302.364
2748,18.094,0.00046,0.0001536,2048,113184.81,1787804302.383
2749,15.112,0.000318,0.00015337,2048,135524.13,1787804302.398
2750,18.226,0.000571,0.00015314,2048,112367.56,1787804302.416
2751,17.002,0.000496,0.0001529,2048,120453.58,1787804302.434
2752,16.432,0.00036,0.00015267,2048,124635.62,1787804302.45
2753,16.74,0.000375,0.00015244,2048,122339.5,1787804302.467
2754,16.826,0.00031,0.00015221,2048,121718.56,1787804302.484
2755,16.847,0.000413,0.00015198,2048,121561.78,1787804302.501
2756,17.458,0.000362,0.00015176,2048,117310.12,1787804302.519
2757,17.026,0.000468,0.00015153,2048,120289.45,1787804302.536
2758,16.707,0.00033,0.0001513,2048,122579.68,1787804302.553
2759,17.575,0.000468,0.00015107,2048,116530.49,1787804302.571
2760,17.204,0.000511,0.00015085,2048,119042.08,1787804302.588
2761,15.485,0.000278,0.00015062,2048,132253.61,1787804302.604
2762,14.968,0.00039,0.00015039,2048,136821.57,1787804302.619
2763,14.748,0.000577,0.00015017,2048,138866.29,1787804302.634
2764,15.123,0.000448,0.00014994,2048,135425.55,1787804302.649
2765,15.568,0.000666,0.00014972,2048,131554.44,1787804302.665
2766,15.363,0.000436,0.00014949,2048,133308.16,1787804302.68
2767,19.138,0.000411,0.00014927,2048,107012.79,1787804302.699
2768,21.085,0.000364,0.00014905,2048,97132.5,1787804302.721
2769,15.53,0.000441,0.00014882,2048,131875.49,1787804302.736
2770,15.778,0.000371,0.0001486,2048,129799.34,1787804302.752
2771,15.702,0.000411,0.00014838,2048,130426.75,1787804302.768
2772,16.585,0.000572,0.00014816,2048,123487.31,1787804302.785
2773,15.891,0.000548,0.00014794,2048,128878.79,1787804302.801
2774,16.505,0.000426,0.00014772,2048,124082.86,1787804302.818
2775,38.776,0.000346,0.0001475,2048,52816.31,1787804302.857
2776,17.973,0.000508,0.00014728,2048,113951.24,1787804302.875
2777,17.932,0.000498,0.00014706,2048,114209.87,1787804302.893
2778,16.144,0.000343,0.00014684,2048,126859.85,1787804302.91
2779,16.303,0.000368,0.00014662,2048,125618.74,1787804302.926
2780,21.899,0.000327,0.00014641,2048,93519.4,1787804302.948
2781,15.963,0.000433,0.00014619,2048,128295.08,1787804302.964
2782,16.721,0.00042,0.00014597,2048,122480.71,1787804302.981
2783,15.327,0.000447,0.00014576,2048,133621.28,1787804302.997
2784,15.482,0.000349,0.00014554,2048,132280.94,1787804303.013
2785,14.709,0.000397,0.00014533,2048,139232.59,1787804303.027
2786,14.674,0.000369,0.00014511,2048,139563.73,1787804303.042
2787,15.63,0.000314,0.0001449,2048,131029.23,1787804303.058
2788,16.783,0.000399,0.00014469,2048,122026.79,1787804303.075
2789,16.403,0.000383,0.00014447,2048,124852.16,1787804303.092
2790,15.383,0.000414,0.00014426,2048,133131.38,1787804303.107
2791,15.628,0.000539,0.00014405,2048,131043.49,1787804303.123
2792,15.781,0.00043,0.00014384,2048,129777.14,1787804303.139
2793,15.511,0.000435,0.00014363,2048,132034.48,1787804303.155
2794,18.806,0.000586,0.00014341,2048,108904.31,1787804303.174
2795,18.663,0.000314,0.0001432,2048,109734.66,1787804303.192
2796,19.675,0.000299,0.000143,2048,104092.54,1787804303.212
2797,15.471,0.000866,0.00014279,2048,132380.13,1787804303.228
2798,15.465,0.000564,0.00014258,2048,132429.78,1787804303.244
2799,15.326,0.000448,0.00014237,2048,133627.38,1787804303.259
2800,16.019,0.000405,0.00014216,2048,127847.38,1787804303.275
2801,17.296,0.0007,0.00014195,2048,118406.83,1787804303.293
2802,15.683,0.000344,0.00014175,2048,130588.09,1787804303.309
2803,15.091,0.000337,0.00014154,2048,135713.62,1787804303.324
2804,15.457,0.000753,0.00014134,2048,132499.18,1787804303.339
2805,15.465,0.000339,0.00014113,2048,132429.78,1787804303.355
2806,16.871,0.000381,0.00014093,2048,121393.9,1787804303.372
2807,17.399,0.000652,0.00014072,2048,117706.56,1787804303.39
2808,16.756,0.000725,0.00014052,2048,122225.6,1787804303.407
2809,16.579,0.000905,0.00014031,2048,123527.53,1787804303.423
2810,16.045,0.001019,0.00014011,2048,127641.01,1787804303.44
2811,16.322,0.000416,0.00013991,2048,125474.82,1787804303.456
2812,17.718,0.000475,0.00013971,2048,115589.32,1787804303.474
2813,19.23,0.000368,0.00013951,2048,106498.6,1787804303.494
2814,18.556,0.000376,0.0001393,2048,110367.42,1787804303.512
2815,14.674,0.000368,0.0001391,2048,139566.58,1787804303.527
2816,15.295,0.000395,0.0001389,2048,133903.47,1787804303.543
2817,17.199,0.000567,0.00013871,2048,119073.23,1787804303.56
2818,22.693,0.000537,0.00013851,2048,90246.9,1787804303.583
2819,16.772,0.00082,0.00013831,2048,122104.64,1787804303.6
2820,19.686,0.000455,0.00013811,2048,104035.44,1787804303.62
2821,15.748,0.000331,0.00013791,2048,130048.26,1787804303.636
2822,15.344,0.00041,0.00013772,2048,133473.24,1787804303.651
2823,15.791,0.000271,0.00013752,2048,129693.31,1787804303.667
2824,19.642,0.000353,0.00013732,2048,104266.37,1787804303.687
2825,16.353,0.000411,0.00013713,2048,125236.96,1787804303.703
2826,16.433,0.000342,0.00013693,2048,124625.0,1787804303.72
2827,16.625,0.000346,0.00013674,2048,123186.49,1787804303.737
2828,15.481,0.000462,0.00013654,2048,132290.34,1787804303.752
2829,15.415,0.000408,0.00013635,2048,132859.33,1787804303.768
2830,17.365,0.000657,0.00013616,2048,117939.06,1787804303.785
2831,18.651,0.000752,0.00013596,2048,109808.8,1787804303.804
2832,15.578,0.000495,0.00013577,2048,131464.08,1787804303.819
2833,30.762,0.000499,0.00013558,2048,66576.08,1787804303.851
2834,18.231,0.000416,0.00013539,2048,112336.13,1787804303.87
2835,16.57,0.000795,0.0001352,2048,123598.35,1787804303.887
2836,15.377,0.000359,0.00013501,2048,133185.93,1787804303.902
2837,15.157,0.000408,0.00013482,2048,135121.76,1787804303.917
2838,14.779,0.0006,0.00013463,2048,138576.88,1787804303.932
2839,14.803,0.00035,0.00013444,2048,138351.27,1787804303.947
2840,15.067,0.000443,0.00013425,2048,135928.9,1787804303.963
2841,15.437,0.000342,0.00013407,2048,132664.83,1787804303.978
2842,17.454,0.000706,0.00013388,2048,117336.33,1787804303.996
2843,14.861,0.000528,0.00013369,2048,137810.38,1787804304.011
2844,14.946,0.000387,0.00013351,2048,137024.79,1787804304.026
2845,15.239,0.000386,0.00013332,2048,134395.55,1787804304.041
2846,15.833,0.000371,0.00013314,2048,129351.72,1787804304.057
2847,15.974,0.000368,0.00013295,2048,128205.13,1787804304.074
2848,17.619,0.000465,0.00013277,2048,116238.81,1787804304.091
2849,17.052,0.000435,0.00013258,2048,120105.33,1787804304.108
2850,15.087,0.00037,0.0001324,2048,135745.11,1787804304.123
2851,15.588,0.000317,0.00013222,2048,131384.8,1787804304.139
2852,14.954,0.000675,0.00013204,2048,136952.41,1787804304.154
2853,15.333,0.000457,0.00013185,2048,133567.25,1787804304.17
2854,16.38,0.000464,0.00013167,2048,125030.52,1787804304.186
2855,17.845,0.000509,0.00013149,2048,114766.68,1787804304.204
2856,17.403,0.000528,0.00013131,2048,117682.89,1787804304.222
2857,17.312,0.000744,0.00013113,2048,118296.71,1787804304.239
2858,15.207,0.000443,0.00013095,2048,134673.05,1787804304.255
2859,15.384,0.000284,0.00013077,2048,133122.73,1787804304.27
2860,16.088,0.000298,0.0001306,2048,127303.81,1787804304.286
2861,16.055,0.000308,0.00013042,2048,127563.1,1787804304.303
2862,15.41,0.000414,0.00013024,2048,132904.16,1787804304.318
2863,14.918,0.000477,0.00013006,2048,137283.82,1787804304.333
2864,15.005,0.00034,0.00012989,2048,136487.84,1787804304.349
2865,15.28,0.000347,0.00012971,2048,134030.54,1787804304.364
2866,15.317,0.000427,0.00012954,2048,133708.52,1787804304.38
2867,17.329,0.000479,0.00012936,2048,118181.35,1787804304.397
2868,17.009,0.000533,0.00012919,2048,120410.38,1787804304.414
2869,17.909,0.000493,0.00012902,2048,114354.0,1787804304.432
2870,19.613,0.000428,0.00012884,2048,104420.54,1787804304.452
2871,23.455,0.000537,0.00012867,2048,87318.0,1787804304.476
2872,17.58,0.000283,0.0001285,2048,116498.67,1787804304.494
2873,21.317,0.000319,0.00012833,2048,96072.2,1787804304.515
2874,24.467,0.000401,0.00012815,2048,83702.87,1787804304.54
2875,16.827,0.000351,0.00012798,2048,121709.16,1787804304.557
2876,16.902,0.000274,0.00012781,2048,121171.24,1787804304.574
2877,16.968,0.00033,0.00012764,2048,120698.5,1787804304.591
2878,16.779,0.000652,0.00012748,2048,122056.61,1787804304.608
2879,17.84,0.00086,0.00012731,2048,114796.92,1787804304.626
2880,16.594,0.000294,0.00012714,2048,123417.36,1787804304.643
2881,16.59,0.000323,0.00012697,2048,123451.58,1787804304.659
2882,17.04,0.000396,0.0001268,2048,120186.38,1787804304.677
2883,16.327,0.000597,0.00012664,2048,125437.16,1787804304.693
2884,17.115,0.000509,0.00012647,2048,119657.62,1787804304.71
2885,15.678,0.000428,0.00012631,2048,130628.07,1787804304.726
2886,15.654,0.000451,0.00012614,2048,130830.85,1787804304.742
2887,15.5,0.000349,0.00012598,2048,132128.18,1787804304.758
2888,15.933,0.000354,0.00012581,2048,128540.67,1787804304.774
2889,17.343,0.000505,0.00012565,2048,118090.03,1787804304.791
2890,16.396,0.000324,0.00012548,2048,124907.75,1787804304.808
2891,16.04,0.00144,0.00012532,2048,127677.61,1787804304.824
2892,15.051,0.000843,0.00012516,2048,136072.5,1787804304.839
2893,15.064,0.000441,0.000125,2048,135951.46,1787804304.855
2894,15.325,0.000351,0.00012484,2048,133641.33,1787804304.871
2895,15.96,0.000432,0.00012468,2048,128320.8,1787804304.886
2896,15.449,0.000401,0.00012452,2048,132563.5,1787804304.902
2897,15.619,0.000719,0.00012436,2048,131119.83,1787804304.918
2898,15.451,0.000544,0.0001242,2048,132546.34,1787804304.933
2899,15.015,0.000356,0.00012404,2048,136395.12,1787804304.948
2900,15.967,0.000297,0.00012388,2048,128262.14,1787804304.965
2901,17.211,0.000349,0.00012372,2048,118995.74,1787804304.982
2902,17.43,0.000887,0.00012357,2048,117495.87,1787804305.0
2903,15.955,0.001602,0.00012341,2048,128357.8,1787804305.016
2904,14.957,0.000499,0.00012325,2048,136925.85,1787804305.031
2905,15.46,0.000297,0.0001231,2048,132469.18,1787804305.046
2906,15.222,0.000399,0.00012294,2048,134538.58,1787804305.062
2907,15.336,0.00035,0.00012279,2048,133545.48,1787804305.077
2908,15.648,0.000365,0.00012264,2048,130876.84,1787804305.093
2909,17.533,0.000383,0.00012248,2048,116807.64,1787804305.111
2910,15.731,0.000351,0.00012233,2048,130190.45,1787804305.127
2911,18.045,0.000386,0.00012218,2048,113491.53,1787804305.145
2912,15.563,0.000587,0.00012202,2048,131596.7,1787804305.161
2913,15.451,0.000307,0.00012187,2048,132544.62,1787804305.176
2914,16.349,0.000626,0.00012172,2048,125266.83,1787804305.193
2915,16.868,0.000551,0.00012157,2048,121413.33,1787804305.21
2916,14.973,0.000467,0.00012142,2048,136775.88,1787804305.225
2917,15.493,0.000429,0.00012127,2048,132192.14,1787804305.241
2918,14.934,0.001206,0.00012112,2048,137139.49,1787804305.256
2919,15.493,0.00038,0.00012098,2048,132187.02,1787804305.272
2920,17.094,0.000397,0.00012083,2048,119804.62,1787804305.289
2921,19.525,0.000305,0.00012068,2048,104893.31,1787804305.309
2922,15.328,0.000399,0.00012053,2048,133614.31,1787804305.324
2923,20.102,0.000441,0.00012039,2048,101878.89,1787804305.344
2924,16.551,0.000441,0.00012024,2048,123739.49,1787804305.361
2925,14.997,0.000343,0.0001201,2048,136558.82,1787804305.376
2926,18.322,0.001021,0.00011995,2048,111778.19,1787804305.395
2927,18.165,0.000424,0.00011981,2048,112746.77,1787804305.413
2928,14.962,0.000473,0.00011966,2048,136883.76,1787804305.428
2929,15.262,0.000306,0.00011952,2048,134190.37,1787804305.444
2930,14.665,0.000416,0.00011938,2048,139650.33,1787804305.458
2931,16.333,0.000456,0.00011923,2048,125391.08,1787804305.475
2932,16.141,0.000363,0.00011909,2048,126880.28,1787804305.491
2933,20.116,0.000496,0.00011895,2048,101808.49,1787804305.511
2934,17.649,0.000567,0.00011881,2048,116043.2,1787804305.529
2935,14.747,0.000741,0.00011867,2048,138878.53,1787804305.544
2936,15.426,0.000384,0.00011853,2048,132766.31,1787804305.56
2937,16.137,0.00054,0.00011839,2048,126914.88,1787804305.577
2938,19.963,0.000415,0.00011825,2048,102590.31,1787804305.597
2939,17.96,0.000458,0.00011812,2048,114029.28,1787804305.615
2940,16.44,0.000381,0.00011798,2048,124573.45,1787804305.632
2941,15.585,0.000369,0.00011784,2048,131410.09,1787804305.648
2942,15.039,0.000454,0.0001177,2048,136179.27,1787804305.663
2943,14.58,0.000396,0.00011757,2048,140467.36,1787804305.678
2944,15.7,0.000426,0.00011743,2048,130446.69,1787804305.693
2945,15.104,0.000455,0.0001173,2048,135595.91,1787804305.709
2946,29.537,0.000354,0.00011716,2048,69335.59,1787804305.738
2947,23.891,0.000546,0.00011703,2048,85723.73,1787804305.763
2948,15.508,0.000337,0.0001169,2048,132060.87,1787804305.778
2949,15.061,0.000521,0.00011676,2048,135976.74,1787804305.793
2950,18.377,0.000396,0.00011663,2048,111444.26,1787804305.812
2951,14.973,0.000396,0.0001165,2048,136781.36,1787804305.827
2952,14.833,0.000571,0.00011637,2048,138074.24,1787804305.841
2953,16.297,0.000353,0.00011624,2048,125668.07,1787804305.858
2954,15.797,0.000533,0.0001161,2048,129647.33,1787804305.874
2955,15.889,0.000389,0.00011598,2048,128891.77,1787804305.89
2956,16.012,0.000582,0.00011585,2048,127907.27,1787804305.907
2957,21.086,0.000691,0.00011572,2048,97126.52,1787804305.928
2958,15.444,0.000518,0.00011559,2048,132606.42,1787804305.943
2959,14.569,0.000551,0.00011546,2048,140576.31,1787804305.958
2960,14.779,0.000498,0.00011533,2048,138575.94,1787804305.974
2961,16.178,0.000332,0.00011521,2048,126592.45,1787804305.989
2962,17.268,0.000419,0.00011508,2048,118602.94,1787804306.007
2963,17.316,0.000436,0.00011495,2048,118273.48,1787804306.025
2964,15.354,0.000334,0.00011483,2048,133386.31,1787804306.04
2965,14.573,0.000713,0.0001147,2048,140532.9,1787804306.055
2966,15.591,0.000273,0.00011458,2048,131360.36,1787804306.071
2967,14.553,0.0003,0.00011446,2048,140728.93,1787804306.086
2968,17.172,0.000351,0.00011433,2048,119266.7,1787804306.103
2969,16.289,0.000416,0.00011421,2048,125729.02,1787804306.119
2970,14.328,0.000411,0.00011409,2048,142934.91,1787804306.133
2971,14.726,0.000502,0.00011397,2048,139077.52,1787804306.148
2972,14.753,0.000378,0.00011385,2048,138818.28,1787804306.163
2973,14.774,0.000366,0.00011373,2048,138622.84,1787804306.178
2974,16.718,0.000278,0.00011361,2048,122501.23,1787804306.196
2975,15.591,0.000421,0.00011349,2048,131356.15,1787804306.211
2976,14.56,0.000384,0.00011337,2048,140658.38,1787804306.226
2977,15.35,0.00105,0.00011325,2048,133416.72,1787804306.242
2978,14.597,0.000784,0.00011313,2048,140306.65,1787804306.256
2979,15.044,0.000442,0.00011301,2048,136133.1,1787804306.272
2980,15.443,0.000432,0.0001129,2048,132619.3,1787804306.287
2981,20.055,0.000502,0.00011278,2048,102118.66,1787804306.308
2982,16.123,0.000491,0.00011266,2048,127021.14,1787804306.324
2983,16.256,0.000567,0.00011255,2048,125981.93,1787804306.34
2984,17.502,0.000462,0.00011243,2048,117017.2,1787804306.358
2985,18.553,0.000346,0.00011232,2048,110384.08,1787804306.377
2986,15.842,0.000551,0.00011221,2048,129279.87,1787804306.393
2987,20.905,0.000403,0.00011209,2048,97965.12,1787804306.414
2988,20.321,0.000513,0.00011198,2048,100784.43,1787804306.434
2989,15.667,0.001053,0.00011187,2048,130716.45,1787804306.45
2990,14.3,0.000393,0.00011176,2048,143214.78,1787804306.465
2991,14.065,0.000633,0.00011164,2048,145608.63,1787804306.479
2992,14.874,0.000355,0.00011153,2048,137693.63,1787804306.494
2993,15.779,0.000609,0.00011142,2048,129791.94,1787804306.51
2994,15.39,0.000754,0.00011131,2048,133071.7,1787804306.526
2995,14.666,0.000428,0.0001112,2048,139645.57,1787804306.54
2996,14.394,0.000425,0.0001111,2048,142282.49,1787804306.555
2997,14.817,0.000341,0.00011099,2048,138223.35,1787804306.57
2998,14.595,0.000366,0.00011088,2048,140321.07,1787804306.585
2999,14.988,0.000322,0.00011077,2048,136643.56,1787804306.6
3000,15.445,0.000482,0.00011067,2048,132599.55,1787804306.615
3001,14.813,0.000459,0.00011056,2048,138254.14,1787804306.63
3002,15.166,0.000517,0.00011046,2048,135035.34,1787804306.646
3003,14.666,0.000364,0.00011035,2048,139640.81,1787804306.661
3004,24.504,0.00063,0.00011025,2048,83576.49,1787804306.685
3005,20.887,0.000727,0.00011014,2048,98050.01,1787804306.706
3006,15.749,0.000855,0.00011004,2048,130042.48,1787804306.722
3007,14.632,0.000876,0.00010994,2048,139962.41,1787804306.737
3008,14.615,0.000318,0.00010983,2048,140132.88,1787804306.752
3009,14.583,0.000504,0.00010973,2048,140436.53,1787804306.767
3010,14.453,0.000633,0.00010963,2048,141700.68,1787804306.781
3011,14.724,0.000665,0.00010953,2048,139089.8,1787804306.796
3012,15.547,0.000527,0.00010943,2048,131726.21,1787804306.812
3013,15.34,0.000494,0.00010933,2048,133508.04,1787804306.827
3014,15.777,0.000578,0.00010923,2048,129812.51,1787804306.843
3015,15.422,0.000375,0.00010913,2048,132793.86,1787804306.859
3016,15.767,0.00045,0.00010903,2048,129888.25,1787804306.875
3017,16.299,0.000783,0.00010894,2048,125652.65,1787804306.891
3018,16.05,0.000536,0.00010884,2048,127601.25,1787804306.907
3019,18.791,0.000815,0.00010874,2048,108987.77,1787804306.926
3020,16.146,0.000619,0.00010865,2048,126843.35,1787804306.943
3021,19.664,0.000371,0.00010855,2048,104150.24,1787804306.962
3022,15.77,0.000779,0.00010846,2048,129866.84,1787804306.978
3023,15.526,0.000552,0.00010836,2048,131909.47,1787804306.994
3024,17.585,0.000487,0.00010827,2048,116460.91,1787804307.012
3025,17.103,0.000335,0.00010817,2048,119747.17,1787804307.029
3026,19.552,0.00051,0.00010808,2048,104744.17,1787804307.049
3027,16.288,0.000491,0.00010799,2048,125739.83,1787804307.065
3028,15.365,0.000511,0.0001079,2048,133289.94,1787804307.081
3029,14.94,0.000557,0.00010781,2048,137085.33,1787804307.096
3030,15.558,0.000624,0.00010772,2048,131632.23,1787804307.112
3031,17.115,0.000426,0.00010763,2048,119661.12,1787804307.129
3032,21.275,0.000467,0.00010754,2048,96261.86,1787804307.15
3033,16.405,0.000313,0.00010745,2048,124843.03,1787804307.167
3034,16.221,0.000361,0.00010736,2048,126255.31,1787804307.183
3035,17.18,0.000589,0.00010727,2048,119206.3,1787804307.201
3036,20.565,0.000531,0.00010718,2048,99588.13,1787804307.222
3037,15.473,0.000461,0.00010709,2048,132356.17,1787804307.237
3038,15.086,0.000312,0.00010701,2048,135751.41,1787804307.253
3039,15.24,0.000336,0.00010692,2048,134386.73,1787804307.268
3040,15.765,0.000267,0.00010684,2048,129910.5,1787804307.284
3041,15.567,0.000582,0.00010675,2048,131564.58,1787804307.3
3042,20.122,0.000627,0.00010667,2048,101778.64,1787804307.32
3043,15.301,0.000295,0.00010658,2048,133851.83,1787804307.336
3044,15.435,0.000492,0.0001065,2048,132682.02,1787804307.351
3045,18.085,0.000413,0.00010642,2048,113243.02,1787804307.369
3046,15.982,0.000409,0.00010633,2048,128140.96,1787804307.386
3047,15.666,0.000447,0.00010625,2048,130728.13,1787804307.401
3048,18.592,0.000348,0.00010617,2048,110153.72,1787804307.42
3049,17.621,0.000392,0.00010609,2048,116226.28,1787804307.438
3050,18.673,0.000477,0.00010601,2048,109675.9,1787804307.457
3051,34.441,0.000288,0.00010593,2048,59463.84,1787804307.491
3052,21.669,0.000297,0.00010585,2048,94512.03,1787804307.513
3053,19.328,0.000567,0.00010577,2048,105961.36,1787804307.532
3054,17.527,0.000452,0.00010569,2048,116848.96,1787804307.55
3055,15.679,0.000381,0.00010562,2048,130619.74,1787804307.566
3056,14.662,0.000634,0.00010554,2048,139681.76,1787804307.581
3057,15.784,0.000564,0.00010546,2048,129755.76,1787804307.597
3058,25.538,0.000306,0.00010539,2048,80194.22,1787804307.623
3059,25.4,0.000633,0.00010531,2048,80628.97,1787804307.649
3060,15.603,0.000619,0.00010524,2048,131257.65,1787804307.664
3061,14.489,0.000492,0.00010516,2048,141346.66,1787804307.679
3062,15.008,0.000634,0.00010509,2048,136461.46,1787804307.694
3063,15.402,0.00049,0.00010502,2048,132966.29,1787804307.71
3064,16.812,0.000369,0.00010494,2048,121819.2,1787804307.727
3065,16.091,0.000542,0.00010487,2048,127279.28,1787804307.743
3066,15.648,0.000451,0.0001048,2048,130881.02,1787804307.759
3067,24.653,0.000434,0.00010473,2048,83071.37,1787804307.784
3068,24.225,0.000646,0.00010466,2048,84541.11,1787804307.808
3069,20.374,0.000541,0.00010459,2048,100522.74,1787804307.829
3070,15.328,0.00044,0.00010452,2048,133615.18,1787804307.844
3071,16.973,0.000522,0.00010445,2048,120660.81,1787804307.861
3072,16.345,0.000836,0.00010438,2048,125298.26,1787804307.878
3073,15.838,0.000685,0.00010431,2048,129311.71,1787804307.894
3074,15.217,0.000335,0.00010424,2048,134583.66,1787804307.909
3075,15.955,0.00034,0.00010418,2048,128361.02,1787804307.925
3076,14.541,0.000329,0.00010411,2048,140847.98,1787804307.94
3077,15.246,0.000407,0.00010404,2048,134331.2,1787804307.955
3078,14.689,0.00035,0.00010398,2048,139422.16,1787804307.97
3079,14.725,0.000433,0.00010391,2048,139079.41,1787804307.985
3080,14.419,0.000468,0.00010385,2048,142030.87,1787804308.0
3081,16.023,0.000492,0.00010379,2048,127817.86,1787804308.016
3082,14.914,0.000459,0.00010372,2048,137322.48,1787804308.031
3083,22.463,0.000409,0.00010366,2048,91171.34,1787804308.054
3084,33.519,0.00048,0.0001036,2048,61100.04,1787804308.087
3085,25.301,0.000361,0.00010354,2048,80945.74,1787804308.113
3086,16.379,0.000879,0.00010347,2048,125036.63,1787804308.129
3087,16.438,0.000956,0.00010341,2048,124587.09,1787804308.146
3088,16.43,0.000764,0.00010335,2048,124652.31,1787804308.163
3089,19.353,0.000346,0.00010329,2048,105825.57,1787804308.183
3090,28.174,0.000444,0.00010324,2048,72692.17,1787804308.21
3091,16.073,0.000404,0.00010318,2048,127418.65,1787804308.227
3092,16.535,0.000533,0.00010312,2048,123858.48,1787804308.243
3093,16.681,0.000461,0.00010306,2048,122772.21,1787804308.26
3094,14.667,0.000423,0.000103,2048,139637.0,1787804308.275
3095,15.111,0.000464,0.00010295,2048,135533.1,1787804308.29
3096,16.055,0.000654,0.00010289,2048,127561.51,1787804308.307
3097,15.746,0.000337,0.00010284,2048,130063.13,1787804308.323
3098,14.914,0.000466,0.00010278,2048,137323.4,1787804308.338
3099,14.908,0.000287,0.00010273,2048,137378.67,1787804308.353
3100,14.925,0.000958,0.00010267,2048,137216.67,1787804308.368
3101,15.447,0.000838,0.00010262,2048,132584.09,1787804308.383
3102,15.365,0.000427,0.00010257,2048,133290.81,1787804308.399
3103,19.75,0.00057,0.00010252,2048,103697.25,1787804308.419
3104,18.345,0.000545,0.00010247,2048,111636.83,1787804308.438
3105,17.478,0.000493,0.00010241,2048,117175.88,1787804308.455
3106,17.324,0.000535,0.00010236,2048,118218.87,1787804308.473
3107,21.515,0.000505,0.00010231,2048,95190.73,1787804308.495
3108,21.446,0.000302,0.00010226,2048,95497.44,1787804308.516
3109,23.492,0.000653,0.00010222,2048,87180.1,1787804308.54
3110,16.885,0.000422,0.00010217,2048,121288.93,1787804308.557
3111,17.449,0.000616,0.00010212,2048,117369.95,1787804308.574
3112,16.023,0.00036,0.00010207,2048,127817.06,1787804308.59
3113,17.191,0.000442,0.00010202,2048,119134.88,1787804308.608
3114,17.63,0.000654,0.00010198,2048,116164.31,1787804308.626
3115,17.789,0.000675,0.00010193,2048,115125.38,1787804308.643
3116,17.543,0.000407,0.00010189,2048,116742.39,1787804308.662
3117,17.473,0.000418,0.00010184,2048,117210.75,1787804308.68
3118,16.12,0.000379,0.0001018,2048,127048.72,1787804308.696
3119,15.496,0.000294,0.00010176,2048,132162.29,1787804308.711
3120,16.838,0.001298,0.00010171,2048,121630.37,1787804308.728
3121,15.433,0.000364,0.00010167,2048,132699.21,1787804308.744
3122,15.201,0.000314,0.00010163,2048,134732.41,1787804308.759
3123,16.39,0.000354,0.00010159,2048,124955.77,1787804308.776
3124,15.247,0.000379,0.00010155,2048,134317.98,1787804308.791
3125,15.048,0.000337,0.00010151,2048,136093.3,1787804308.806
3126,16.348,0.000293,0.00010147,2048,125272.2,1787804308.823
3127,14.105,0.000359,0.00010143,2048,145193.65,1787804308.837
3128,14.95,0.000315,0.00010139,2048,136989.05,1787804308.852
3129,14.883,0.000341,0.00010135,2048,137604.82,1787804308.867
3130,14.742,0.000444,0.00010131,2048,138926.57,1787804308.882
3131,14.204,0.000423,0.00010127,2048,144181.69,1787804308.897
3132,14.394,0.000334,0.00010124,2048,142277.55,1787804308.911
3133,14.215,0.00029,0.0001012,2048,144077.22,1787804308.926
3134,15.646,0.000282,0.00010117,2048,130894.4,1787804308.941
3135,15.144,0.000357,0.00010113,2048,135236.86,1787804308.957
3136,15.586,0.00024,0.0001011,2048,131404.19,1787804308.972
3137,15.255,0.000336,0.00010106,2048,134252.82,1787804308.988
3138,14.445,0.000362,0.00010103,2048,141780.14,1787804309.002
3139,14.725,0.000277,0.000101,2048,139080.36,1787804309.017
3140,16.6,0.000313,0.00010096,2048,123376.47,1787804309.034
3141,14.934,0.000427,0.00010093,2048,137140.41,1787804309.049
3142,15.102,0.000507,0.0001009,2048,135607.59,1787804309.064
3143,15.006,0.000418,0.00010087,2048,136476.92,1787804309.08
3144,14.806,0.000631,0.00010084,2048,138326.04,1787804309.095
3145,14.289,0.000371,0.00010081,2048,143325.03,1787804309.109
3146,14.903,0.000344,0.00010078,2048,137417.39,1787804309.124
3147,14.847,0.00038,0.00010075,2048,137940.32,1787804309.139
3148,15.852,0.000402,0.00010072,2048,129199.13,1787804309.155
3149,14.993,0.000329,0.0001007,2048,136599.81,1787804309.17
3150,14.879,0.000361,0.00010067,2048,137642.73,1787804309.185
3151,14.485,0.000363,0.00010064,2048,141387.64,1787804309.2
3152,15.337,0.000337,0.00010062,2048,133537.64,1787804309.216
3153,15.586,0.000301,0.00010059,2048,131400.82,1787804309.231
3154,14.706,0.000252,0.00010057,2048,139265.73,1787804309.246
3155,15.424,0.000392,0.00010054,2048,132781.8,1787804309.262
3156,14.274,0.000353,0.00010052,2048,143473.63,1787804309.276
3157,14.877,0.000301,0.00010049,2048,137661.24,1787804309.291
3158,14.367,0.000352,0.00010047,2048,142544.93,1787804309.306
3159,15.575,0.000336,0.00010045,2048,131489.4,1787804309.321
3160,20.628,0.000293,0.00010043,2048,99284.45,1787804309.342
3161,14.833,0.000363,0.00010041,2048,138070.52,1787804309.357
3162,14.997,0.000214,0.00010039,2048,136564.29,1787804309.372
3163,14.504,0.000312,0.00010037,2048,141201.45,1787804309.387
3164,24.928,0.000352,0.00010035,2048,82155.29,1787804309.412
3165,17.547,0.000275,0.00010033,2048,116712.45,1787804309.43
3166,15.326,0.000297,0.00010031,2048,133624.77,1787804309.445
3167,14.611,0.000417,0.00010029,2048,140170.29,1787804309.46
3168,14.322,0.000324,0.00010027,2048,142994.79,1787804309.474
3169,14.816,0.000315,0.00010026,2048,138228.94,1787804309.489
3170,16.712,0.000241,0.00010024,2048,122549.61,1787804309.506
3171,15.123,0.000263,0.00010023,2048,135424.66,1787804309.522
3172,14.97,0.000237,0.00010021,2048,136809.69,1787804309.537
3173,14.806,0.00045,0.0001002,2048,138321.37,1787804309.552
3174,14.175,0.000393,0.00010018,2048,144484.81,1787804309.566
3175,16.099,0.000364,0.00010017,2048,127216.03,1787804309.582
3176,18.1,0.000237,0.00010015,2048,113147.3,1787804309.6
3177,21.422,0.000382,0.00010014,2048,95602.21,1787804309.622
3178,21.0,0.000489,0.00010013,2048,97523.81,1787804309.643
3179,15.376,0.000319,0.00010012,2048,133193.72,1787804309.659
3180,15.366,0.000287,0.00010011,2048,133283.87,1787804309.674
3181,14.719,0.000308,0.0001001,2048,139143.67,1787804309.689
3182,14.811,0.000224,0.00010009,2048,138276.54,1787804309.704
3183,14.49,0.000286,0.00010008,2048,141337.88,1787804309.719
3184,14.503,0.000341,0.00010007,2048,141215.08,1787804309.734
3185,15.27,0.000365,0.00010006,2048,134122.7,1787804309.749
3186,14.698,0.000357,0.00010005,2048,139342.48,1787804309.764
3187,14.212,0.000199,0.00010005,2048,144105.6,1787804309.778
3188,14.241,0.000372,0.00010004,2048,143812.15,1787804309.793
3189,14.821,0.0003,0.00010003,2048,138179.51,1787804309.808
3190,14.693,0.000383,0.00010003,2048,139386.1,1787804309.823
3191,15.721,0.000261,0.00010002,2048,130269.95,1787804309.838
3192,14.375,0.000216,0.00010002,2048,142466.59,1787804309.853
3193,14.378,0.000234,0.00010001,2048,142444.79,1787804309.867
3194,14.785,0.000257,0.00010001,2048,138515.02,1787804309.882
3195,14.424,0.000216,0.00010001,2048,141981.64,1787804309.897
3196,14.158,0.000202,0.0001,2048,144656.26,1787804309.911
3197,14.412,0.000287,0.0001,2048,142099.86,1787804309.926
3198,15.975,0.000327,0.0001,2048,128199.51,1787804309.942
3199,26.774,0.000213,0.0001,2048,76492.12,1787804309.969
3200,25.472,0.000367,0.0001,2048,80402.01,1787804309.995
