step,elapsed_ms,loss,lr,tokens,tokens_per_sec,timestamp
1,104.902,1.226327,3.13e-06,2048,19522.93,1787761273.401
2,133.124,1.2547,6.25e-06,2048,15384.18,1787761273.535
3,178.546,1.236047,9.37e-06,2048,11470.41,1787761273.716
4,200.344,1.341504,1.25e-05,2048,10222.41,1787761273.917
5,191.983,1.287086,1.563e-05,2048,10667.6,1787761274.111
6,184.142,1.40562,1.875e-05,2048,11121.86,1787761274.297
7,153.801,1.268341,2.187e-05,2048,13315.94,1787761274.452
8,145.98,1.295676,2.5e-05,2048,14029.37,1787761274.599
9,142.729,1.244167,2.813e-05,2048,14348.84,1787761274.742
10,132.343,1.254286,3.125e-05,2048,15474.89,1787761274.877
11,105.311,1.301121,3.438e-05,2048,19447.14,1787761274.982
12,135.702,1.326027,3.75e-05,2048,15091.89,1787761275.119
13,95.46,1.280343,4.063e-05,2048,21453.92,1787761275.217
14,104.014,1.188633,4.375e-05,2048,19689.64,1787761275.321
15,119.801,1.22497,4.688e-05,2048,17094.97,1787761275.443
16,118.168,1.208971,5e-05,2048,17331.21,1787761275.561
17,100.889,1.236783,5.312e-05,2048,20299.62,1787761275.663
18,107.646,1.244618,5.625e-05,2048,19025.27,1787761275.771
19,127.195,1.198864,5.937e-05,2048,16101.31,1787761275.901
20,143.438,1.154169,6.25e-05,2048,14277.91,1787761276.046
21,113.108,1.1851,6.563e-05,2048,18106.65,1787761276.16
22,107.789,1.082414,6.875e-05,2048,19000.14,1787761276.268
23,109.405,1.158608,7.187e-05,2048,18719.42,1787761276.379
24,99.389,1.136568,7.5e-05,2048,20605.96,1787761276.479
25,90.82,1.235974,7.813e-05,2048,22550.17,1787761276.571
26,113.54,1.131188,8.125e-05,2048,18037.65,1787761276.687
27,149.478,1.049137,8.438e-05,2048,13701.06,1787761276.837
28,148.544,1.036376,8.75e-05,2048,13787.11,1787761276.987
29,131.535,1.330329,9.062e-05,2048,15570.0,1787761277.119
30,148.084,1.090789,9.375e-05,2048,13829.99,1787761277.269
31,144.102,1.083836,9.688e-05,2048,14212.18,1787761277.415
32,110.429,1.262394,0.0001,2048,18545.79,1787761277.526
33,128.542,1.123834,0.00010312,2048,15932.5,1787761277.657
34,151.063,0.979822,0.00010625,2048,13557.28,1787761277.81
35,147.844,1.038177,0.00010938,2048,13852.48,1787761277.959
36,148.128,1.059119,0.0001125,2048,13825.87,1787761278.109
37,166.771,1.294746,0.00011563,2048,12280.3,1787761278.277
38,168.664,1.356776,0.00011875,2048,12142.49,1787761278.448
39,161.71,0.891196,0.00012187,2048,12664.63,1787761278.613
40,168.714,1.131324,0.000125,2048,12138.91,1787761278.784
41,140.926,1.305015,0.00012812,2048,14532.43,1787761278.927
42,137.005,0.840612,0.00013125,2048,14948.38,1787761279.065
43,136.473,0.975934,0.00013438,2048,15006.62,1787761279.203
44,122.61,0.98233,0.0001375,2048,16703.34,1787761279.325
45,175.328,1.04511,0.00014063,2048,11680.93,1787761279.502
46,152.349,0.859468,0.00014375,2048,13442.82,1787761279.656
47,107.047,0.874371,0.00014688,2048,19131.87,1787761279.764
48,118.71,0.810247,0.00015,2048,17252.05,1787761279.884
49,110.139,0.879889,0.00015313,2048,18594.68,1787761279.995
50,115.396,0.7964,0.00015625,2048,17747.6,1787761280.112
51,146.697,1.058266,0.00015937,2048,13960.74,1787761280.26
52,106.739,0.82431,0.0001625,2048,19187.06,1787761280.368
53,123.057,0.824556,0.00016563,2048,16642.72,1787761280.492
54,131.066,0.772109,0.00016875,2048,15625.72,1787761280.624
55,128.853,0.820988,0.00017187,2048,15894.08,1787761280.754
56,157.74,0.750892,0.000175,2048,12983.37,1787761280.912
57,153.454,0.842494,0.00017813,2048,13346.03,1787761281.067
58,165.905,0.770055,0.00018125,2048,12344.44,1787761281.235
59,150.041,0.709179,0.00018438,2048,13649.61,1787761281.385
60,121.42,0.701548,0.0001875,2048,16867.07,1787761281.508
61,110.685,0.779214,0.00019062,2048,18502.98,1787761281.622
62,114.802,0.575442,0.00019375,2048,17839.35,1787761281.738
63,108.081,0.538818,0.00019688,2048,18948.68,1787761281.847
64,127.447,0.575933,0.0002,2048,16069.46,1787761281.976
65,121.721,0.593263,0.00020313,2048,16825.31,1787761282.098
66,169.052,0.674568,0.00020625,2048,12114.64,1787761282.269
67,175.351,1.000941,0.00020938,2048,11679.42,1787761282.445
68,185.366,0.56652,0.0002125,2048,11048.38,1787761282.632
69,170.538,0.50786,0.00021563,2048,12009.09,1787761282.804
70,155.992,0.571346,0.00021875,2048,13128.86,1787761282.961
71,190.783,0.526958,0.00022187,2048,10734.7,1787761283.154
72,188.436,0.468801,0.000225,2048,10868.41,1787761283.344
73,184.244,0.54906,0.00022813,2048,11115.71,1787761283.531
74,195.558,0.397588,0.00023125,2048,10472.57,1787761283.728
75,187.398,0.435407,0.00023437,2048,10928.61,1787761283.918
76,142.212,0.420366,0.0002375,2048,14400.99,1787761284.062
77,164.818,0.452437,0.00024063,2048,12425.8,1787761284.226
78,143.327,0.366643,0.00024375,2048,14288.97,1787761284.372
79,119.109,0.370013,0.00024688,2048,17194.26,1787761284.493
80,120.732,0.418021,0.00025,2048,16963.18,1787761284.615
81,141.19,0.359263,0.00025312,2048,14505.32,1787761284.756
82,126.952,0.341245,0.00025625,2048,16132.03,1787761284.885
83,173.443,0.318147,0.00025938,2048,11807.91,1787761285.06
84,172.418,0.348129,0.0002625,2048,11878.08,1787761285.233
85,170.044,0.346978,0.00026563,2048,12043.95,1787761285.405
86,157.889,0.322121,0.00026875,2048,12971.14,1787761285.564
87,126.556,0.292012,0.00027187,2048,16182.6,1787761285.692
88,129.675,0.302085,0.000275,2048,15793.32,1787761285.822
89,144.73,0.258347,0.00027812,2048,14150.47,1787761285.967
90,167.523,0.262971,0.00028125,2048,12225.17,1787761286.137
91,181.183,0.263485,0.00028438,2048,11303.46,1787761286.32
92,169.789,0.257414,0.0002875,2048,12062.04,1787761286.492
93,152.344,0.254063,0.00029063,2048,13443.3,1787761286.646
94,166.735,0.244577,0.00029375,2048,12282.99,1787761286.814
95,156.82,0.222025,0.00029687,2048,13059.6,1787761286.972
96,154.187,0.212459,0.0003,2048,13282.61,1787761287.128
97,157.687,0.224474,0.00030313,2048,12987.78,1787761287.286
98,196.081,0.200601,0.00030625,2048,10444.67,1787761287.483
99,205.007,0.20698,0.00030938,2048,9989.9,1787761287.69
100,184.585,0.216809,0.0003125,2048,11095.17,1787761287.876
101,189.992,0.1964,0.00031562,2048,10779.41,1787761288.068
102,163.28,0.227153,0.00031875,2048,12542.86,1787761288.232
103,193.788,0.21617,0.00032188,2048,10568.28,1787761288.427
104,213.648,0.222886,0.000325,2048,9585.86,1787761288.642
105,200.951,0.270818,0.00032813,2048,10191.52,1787761288.845
106,231.609,0.235334,0.00033125,2048,8842.48,1787761289.078
107,223.055,0.185431,0.00033437,2048,9181.6,1787761289.304
108,231.517,0.180799,0.0003375,2048,8846.02,1787761289.537
109,252.377,0.152351,0.00034062,2048,8114.85,1787761289.792
110,275.928,0.151227,0.00034375,2048,7422.23,1787761290.07
111,267.275,0.149979,0.00034688,2048,7662.53,1787761290.339
112,275.519,0.149459,0.00035,2048,7433.25,1787761290.616
113,217.569,0.15225,0.00035313,2048,9413.09,1787761290.836
114,193.188,0.130295,0.00035625,2048,10601.06,1787761291.031
115,184.945,0.150579,0.00035937,2048,11073.58,1787761291.217
116,135.978,0.143663,0.0003625,2048,15061.26,1787761291.354
117,119.612,0.205049,0.00036563,2048,17122.03,1787761291.475
118,121.841,0.202129,0.00036875,2048,16808.75,1787761291.597
119,146.073,0.137651,0.00037188,2048,14020.37,1787761291.744
120,113.325,0.177734,0.000375,2048,18071.87,1787761291.859
121,115.836,0.169253,0.00037812,2048,17680.23,1787761291.976
122,107.94,0.112428,0.00038125,2048,18973.43,1787761292.085
123,124.354,0.141416,0.00038438,2048,16469.15,1787761292.211
124,152.163,0.201525,0.0003875,2048,13459.24,1787761292.365
125,120.653,0.191541,0.00039063,2048,16974.28,1787761292.486
126,140.241,0.254034,0.00039375,2048,14603.47,1787761292.628
127,155.669,0.176776,0.00039687,2048,13156.09,1787761292.785
128,132.155,0.161711,0.0004,2048,15497.0,1787761292.918
129,131.556,0.146702,0.00040313,2048,15567.54,1787761293.051
130,165.111,0.129406,0.00040625,2048,12403.8,1787761293.218
131,130.029,0.14773,0.00040938,2048,15750.38,1787761293.348
132,181.948,0.32193,0.0004125,2048,11255.99,1787761293.532
133,167.683,0.266725,0.00041563,2048,12213.52,1787761293.7
134,149.043,0.128166,0.00041875,2048,13740.99,1787761293.851
135,145.392,0.142553,0.00042187,2048,14086.11,1787761293.997
136,116.405,0.206105,0.000425,2048,17593.75,1787761294.114
137,111.474,0.138174,0.00042813,2048,18371.98,1787761294.227
138,112.048,0.155608,0.00043125,2048,18277.9,1787761294.339
139,107.596,0.155807,0.00043438,2048,19034.18,1787761294.448
140,158.106,0.124499,0.0004375,2048,12953.34,1787761294.607
141,158.242,0.136148,0.00044062,2048,12942.22,1787761294.767
142,164.402,0.160372,0.00044375,2048,12457.31,1787761294.933
143,148.688,0.116471,0.00044688,2048,13773.85,1787761295.084
144,161.493,0.109561,0.00045,2048,12681.66,1787761295.246
145,149.632,0.121132,0.00045313,2048,13686.96,1787761295.399
146,177.757,0.092794,0.00045625,2048,11521.35,1787761295.578
147,196.103,0.135406,0.00045937,2048,10443.5,1787761295.776
148,182.016,0.086871,0.0004625,2048,11251.78,1787761295.96
149,191.753,0.116492,0.00046563,2048,10680.42,1787761296.154
150,164.478,0.86169,0.00046875,2048,12451.51,1787761296.32
151,177.12,0.201992,0.00047188,2048,11562.8,1787761296.498
152,178.119,0.129096,0.000475,2048,11497.94,1787761296.678
153,169.098,0.091765,0.00047813,2048,12111.33,1787761296.849
154,177.438,0.441056,0.00048125,2048,11542.09,1787761297.027
155,195.915,0.17025,0.00048437,2048,10453.53,1787761297.225
156,193.171,0.868907,0.0004875,2048,10602.01,1787761297.42
157,208.37,0.25122,0.00049062,2048,9828.67,1787761297.63
158,222.296,0.269721,0.00049375,2048,9212.95,1787761297.854
159,216.924,0.154047,0.00049688,2048,9441.09,1787761298.072
160,217.553,0.171546,0.0005,2048,9413.82,1787761298.291
161,228.6,0.137787,0.00050313,2048,8958.88,1787761298.521
162,240.207,0.196458,0.00050625,2048,8525.99,1787761298.763
163,215.781,0.102957,0.00050938,2048,9491.12,1787761298.982
164,214.036,0.461769,0.0005125,2048,9568.47,1787761299.198
165,238.991,0.177396,0.00051563,2048,8569.37,1787761299.439
166,221.863,0.117082,0.00051875,2048,9230.93,1787761299.663
167,197.225,0.095014,0.00052187,2048,10384.08,1787761299.862
168,177.518,0.506148,0.000525,2048,11536.83,1787761300.041
169,169.713,0.098681,0.00052812,2048,12067.4,1787761300.212
170,181.003,0.108079,0.00053125,2048,11314.72,1787761300.394
171,130.442,0.102361,0.00053438,2048,15700.44,1787761300.526
172,123.485,0.087041,0.0005375,2048,16585.02,1787761300.651
173,120.059,0.096979,0.00054062,2048,17058.27,1787761300.772
174,124.188,0.06946,0.00054375,2048,16491.06,1787761300.897
175,110.21,0.258143,0.00054688,2048,18582.77,1787761301.009
176,114.153,0.208074,0.00055,2048,17940.88,1787761301.123
177,106.669,0.135246,0.00055313,2048,19199.65,1787761301.231
178,108.606,0.116854,0.00055625,2048,18857.1,1787761301.341
179,130.282,0.111466,0.00055937,2048,15719.71,1787761301.472
180,110.555,0.407288,0.0005625,2048,18524.68,1787761301.583
181,120.377,0.10023,0.00056563,2048,17013.25,1787761301.707
182,121.486,0.421062,0.00056875,2048,16857.9,1787761301.829
183,126.122,0.3219,0.00057188,2048,16238.23,1787761301.956
184,108.619,0.098674,0.000575,2048,18854.88,1787761302.065
185,140.126,0.115162,0.00057812,2048,14615.45,1787761302.207
186,133.727,0.149951,0.00058125,2048,15314.74,1787761302.342
187,126.781,0.080315,0.00058438,2048,16153.83,1787761302.47
188,121.408,0.075812,0.0005875,2048,16868.7,1787761302.592
189,144.6,0.100581,0.00059063,2048,14163.17,1787761302.738
190,177.096,0.09073,0.00059375,2048,11564.35,1787761302.916
191,135.733,0.073453,0.00059688,2048,15088.49,1787761303.053
192,124.94,0.085523,0.0006,2048,16391.87,1787761303.179
193,119.68,0.073368,0.00060313,2048,17112.31,1787761303.299
194,131.008,0.0689,0.00060625,2048,15632.6,1787761303.432
195,159.695,0.143185,0.00060937,2048,12824.42,1787761303.593
196,132.125,0.047719,0.0006125,2048,15500.51,1787761303.726
197,159.735,0.096303,0.00061562,2048,12821.27,1787761303.886
198,138.458,0.089475,0.00061875,2048,14791.51,1787761304.027
199,143.324,0.091118,0.00062187,2048,14289.28,1787761304.171
200,108.991,0.091456,0.000625,2048,18790.51,1787761304.281
201,131.821,0.087509,0.00062813,2048,15536.21,1787761304.415
202,125.077,0.067106,0.00063125,2048,16373.95,1787761304.54
203,121.596,0.236364,0.00063438,2048,16842.63,1787761304.663
204,126.622,0.487276,0.0006375,2048,16174.1,1787761304.791
205,129.163,0.173045,0.00064063,2048,15855.97,1787761304.921
206,141.34,0.077992,0.00064375,2048,14489.85,1787761305.064
207,122.135,0.292575,0.00064687,2048,16768.32,1787761305.187
208,110.738,0.525628,0.00065,2048,18494.1,1787761305.299
209,113.35,0.085382,0.00065312,2048,18067.9,1787761305.413
210,127.858,0.070943,0.00065625,2048,16017.76,1787761305.543
211,142.026,0.067722,0.00065938,2048,14419.86,1787761305.686
212,184.049,0.101342,0.0006625,2048,11127.5,1787761305.873
213,110.789,0.079512,0.00066562,2048,18485.66,1787761305.985
214,175.963,0.668046,0.00066875,2048,11638.79,1787761306.161
215,157.107,0.075251,0.00067188,2048,13035.73,1787761306.32
216,134.227,0.20946,0.000675,2048,15257.77,1787761306.455
217,111.223,0.061091,0.00067813,2048,18413.52,1787761306.567
218,132.366,0.081493,0.00068125,2048,15472.22,1787761306.701
219,124.147,0.067557,0.00068437,2048,16496.56,1787761306.826
220,125.085,0.049566,0.0006875,2048,16372.93,1787761306.953
221,110.202,0.038217,0.00069063,2048,18584.02,1787761307.064
222,115.66,0.058386,0.00069375,2048,17707.04,1787761307.18
223,125.95,0.054616,0.00069688,2048,16260.39,1787761307.308
224,103.932,0.041188,0.0007,2048,19705.21,1787761307.413
225,121.156,0.056329,0.00070312,2048,16903.81,1787761307.534
226,114.261,0.035378,0.00070625,2048,17923.81,1787761307.651
227,109.84,0.049894,0.00070938,2048,18645.25,1787761307.761
228,124.426,0.037476,0.0007125,2048,16459.6,1787761307.887
229,117.538,0.038027,0.00071563,2048,17424.12,1787761308.005
230,96.2,0.028359,0.00071875,2048,21288.91,1787761308.103
231,148.711,0.038746,0.00072188,2048,13771.64,1787761308.252
232,135.72,0.035274,0.000725,2048,15089.94,1787761308.388
233,180.368,0.025493,0.00072813,2048,11354.55,1787761308.571
234,178.425,0.035576,0.00073125,2048,11478.24,1787761308.751
235,120.52,0.035238,0.00073438,2048,16992.97,1787761308.872
236,148.268,0.031507,0.0007375,2048,13812.8,1787761309.022
237,141.596,0.025941,0.00074062,2048,14463.68,1787761309.165
238,135.365,0.080916,0.00074375,2048,15129.42,1787761309.301
239,147.387,0.0341,0.00074687,2048,13895.44,1787761309.45
240,207.826,0.022715,0.00075,2048,9854.38,1787761309.66
241,188.497,0.038326,0.00075313,2048,10864.91,1787761309.85
242,191.12,0.032376,0.00075625,2048,10715.79,1787761310.042
243,175.373,0.035365,0.00075938,2048,11677.96,1787761310.22
244,181.487,0.075336,0.0007625,2048,11284.58,1787761310.402
245,161.38,0.053109,0.00076563,2048,12690.58,1787761310.566
246,160.246,0.051597,0.00076875,2048,12780.38,1787761310.727
247,150.047,0.032945,0.00077187,2048,13649.08,1787761310.879
248,166.155,0.044011,0.000775,2048,12325.86,1787761311.046
249,126.435,0.031255,0.00077812,2048,16198.1,1787761311.174
250,106.383,0.025367,0.00078125,2048,19251.29,1787761311.281
251,148.512,0.027807,0.00078438,2048,13790.18,1787761311.431
252,186.841,0.037267,0.0007875,2048,10961.2,1787761311.619
253,178.29,0.032715,0.00079062,2048,11486.9,1787761311.8
254,142.124,0.031636,0.00079375,2048,14409.94,1787761311.944
255,140.57,0.020708,0.00079688,2048,14569.26,1787761312.085
256,181.418,0.018521,0.0008,2048,11288.83,1787761312.268
257,135.917,0.020429,0.00080313,2048,15068.06,1787761312.406
258,136.326,0.089913,0.00080625,2048,15022.82,1787761312.543
259,123.173,0.423378,0.00080937,2048,16626.95,1787761312.668
260,108.193,0.024904,0.0008125,2048,18929.19,1787761312.777
261,116.108,0.057269,0.00081563,2048,17638.83,1787761312.894
262,109.459,0.041739,0.00081875,2048,18710.13,1787761313.005
263,108.717,0.021217,0.00082188,2048,18837.92,1787761313.114
264,122.866,0.034056,0.000825,2048,16668.51,1787761313.239
265,121.718,0.026455,0.00082812,2048,16825.74,1787761313.361
266,162.903,0.018734,0.00083125,2048,12571.91,1787761313.525
267,176.545,0.024234,0.00083438,2048,11600.46,1787761313.704
268,147.713,0.033993,0.0008375,2048,13864.75,1787761313.853
269,130.091,0.052582,0.00084063,2048,15742.79,1787761313.984
270,161.049,0.061524,0.00084375,2048,12716.64,1787761314.146
271,126.165,0.041417,0.00084688,2048,16232.66,1787761314.274
272,158.143,0.041906,0.00085,2048,12950.29,1787761314.432
273,161.706,0.022574,0.00085313,2048,12664.97,1787761314.596
274,185.543,0.048226,0.00085625,2048,11037.88,1787761314.783
275,175.872,0.036368,0.00085938,2048,11644.81,1787761314.961
276,147.411,0.025609,0.0008625,2048,13893.17,1787761315.109
277,115.569,0.031939,0.00086562,2048,17720.98,1787761315.226
278,118.455,0.025793,0.00086875,2048,17289.31,1787761315.345
279,117.129,0.015812,0.00087187,2048,17484.94,1787761315.464
280,110.113,0.018256,0.000875,2048,18599.13,1787761315.575
281,145.431,0.016788,0.00087813,2048,14082.32,1787761315.722
282,134.943,0.016661,0.00088125,2048,15176.8,1787761315.859
283,165.51,0.017212,0.00088438,2048,12373.9,1787761316.025
284,160.958,0.01738,0.0008875,2048,12723.82,1787761316.187
285,139.995,0.016529,0.00089063,2048,14629.11,1787761316.329
286,141.352,0.021784,0.00089375,2048,14488.63,1787761316.471
287,151.255,0.362131,0.00089687,2048,13540.0,1787761316.624
288,144.741,0.025486,0.0009,2048,14149.43,1787761316.771
289,157.608,0.023923,0.00090312,2048,12994.29,1787761316.931
290,150.799,0.050556,0.00090625,2048,13580.96,1787761317.083
291,150.356,0.039601,0.00090938,2048,13621.02,1787761317.234
292,140.928,0.028307,0.0009125,2048,14532.25,1787761317.376
293,170.494,0.020664,0.00091562,2048,12012.15,1787761317.548
294,149.599,0.018476,0.00091875,2048,13689.95,1787761317.699
295,155.259,0.018628,0.00092188,2048,13190.9,1787761317.856
296,146.09,0.013155,0.000925,2048,14018.77,1787761318.002
297,186.779,0.016179,0.00092813,2048,10964.82,1787761318.191
298,135.991,0.013156,0.00093125,2048,15059.85,1787761318.328
299,138.072,0.016756,0.00093437,2048,14832.84,1787761318.468
300,158.332,0.024203,0.0009375,2048,12934.89,1787761318.627
301,117.85,0.016709,0.00094063,2048,17378.1,1787761318.747
302,122.713,0.014059,0.00094375,2048,16689.31,1787761318.87
303,111.275,0.010295,0.00094688,2048,18404.77,1787761318.982
304,100.558,0.009776,0.00095,2048,20366.36,1787761319.083
305,107.064,0.01125,0.00095312,2048,19128.75,1787761319.191
306,109.83,0.012188,0.00095625,2048,18646.98,1787761319.302
307,91.823,0.009579,0.00095938,2048,22303.85,1787761319.395
308,116.865,0.016153,0.0009625,2048,17524.45,1787761319.513
309,113.765,0.009792,0.00096563,2048,18002.04,1787761319.628
310,132.566,0.010616,0.00096875,2048,15448.9,1787761319.762
311,147.618,0.009963,0.00097188,2048,13873.63,1787761319.911
312,178.136,0.009544,0.000975,2048,11496.83,1787761320.09
313,181.799,0.011885,0.00097813,2048,11265.17,1787761320.274
314,153.45,0.013968,0.00098125,2048,13346.34,1787761320.43
315,137.643,0.012069,0.00098438,2048,14879.07,1787761320.568
316,130.975,0.013754,0.0009875,2048,15636.51,1787761320.701
317,110.986,0.011949,0.00099062,2048,18452.71,1787761320.812
318,138.922,0.00898,0.00099375,2048,14742.07,1787761320.953
319,193.138,0.00852,0.00099687,2048,10603.83,1787761321.147
320,219.063,0.006692,0.001,2048,9348.93,1787761321.368
321,179.296,0.009706,0.001,2048,11422.42,1787761321.549
322,211.151,0.010507,0.001,2048,9699.2,1787761321.762
323,201.894,0.00775,0.001,2048,10143.93,1787761321.965
324,220.401,0.006011,0.001,2048,9292.14,1787761322.187
325,229.386,0.007338,0.00099999,2048,8928.17,1787761322.42
326,203.197,0.009073,0.00099999,2048,10078.91,1787761322.625
327,216.458,0.006432,0.00099999,2048,9461.4,1787761322.844
328,192.467,0.005943,0.00099998,2048,10640.77,1787761323.038
329,173.085,0.006274,0.00099998,2048,11832.36,1787761323.212
330,165.339,0.006287,0.00099997,2048,12386.69,1787761323.38
331,186.901,0.005971,0.00099997,2048,10957.68,1787761323.568
332,152.733,0.005978,0.00099996,2048,13409.01,1787761323.722
333,156.94,0.005463,0.00099995,2048,13049.61,1787761323.88
334,157.822,0.005248,0.00099995,2048,12976.69,1787761324.04
335,147.564,0.005932,0.00099994,2048,13878.76,1787761324.189
336,163.263,0.005162,0.00099993,2048,12544.2,1787761324.354
337,144.8,0.006038,0.00099992,2048,14143.69,1787761324.499
338,174.949,0.006462,0.00099991,2048,11706.3,1787761324.675
339,208.746,0.00615,0.0009999,2048,9810.95,1787761324.886
340,180.138,0.007011,0.00099989,2048,11369.06,1787761325.068
341,190.738,0.003919,0.00099988,2048,10737.24,1787761325.26
342,170.242,0.007545,0.00099987,2048,12029.96,1787761325.432
343,179.628,0.004232,0.00099986,2048,11401.36,1787761325.614
344,183.421,0.008536,0.00099985,2048,11165.59,1787761325.799
345,172.591,0.005699,0.00099983,2048,11866.2,1787761325.973
346,180.014,0.020508,0.00099982,2048,11376.89,1787761326.155
347,164.196,0.009411,0.0009998,2048,12472.91,1787761326.32
348,171.03,0.014267,0.00099979,2048,11974.5,1787761326.494
349,129.694,0.012558,0.00099977,2048,15790.97,1787761326.625
350,155.523,0.013618,0.00099976,2048,13168.43,1787761326.782
351,124.849,0.011845,0.00099974,2048,16403.76,1787761326.908
352,119.074,0.009377,0.00099973,2048,17199.37,1787761327.029
353,151.025,0.006491,0.00099971,2048,13560.65,1787761327.182
354,158.233,0.007553,0.00099969,2048,12942.91,1787761327.342
355,143.797,0.016955,0.00099967,2048,14242.29,1787761327.487
356,154.737,0.015237,0.00099965,2048,13235.37,1787761327.642
357,162.614,0.01557,0.00099963,2048,12594.24,1787761327.806
358,129.56,0.007417,0.00099961,2048,15807.36,1787761327.937
359,154.519,0.009217,0.00099959,2048,13254.07,1787761328.092
360,130.759,0.00779,0.00099957,2048,15662.45,1787761328.225
361,146.209,0.013102,0.00099955,2048,14007.36,1787761328.372
362,143.71,0.007683,0.00099953,2048,14250.96,1787761328.517
363,132.553,0.014583,0.00099951,2048,15450.4,1787761328.651
364,141.355,0.011545,0.00099948,2048,14488.34,1787761328.794
365,123.829,0.010053,0.00099946,2048,16538.95,1787761328.919
366,159.876,0.008625,0.00099943,2048,12809.96,1787761329.08
367,135.323,0.006621,0.00099941,2048,15134.17,1787761329.217
368,148.391,0.007567,0.00099938,2048,13801.36,1787761329.366
369,164.405,0.012327,0.00099936,2048,12457.02,1787761329.532
370,194.337,0.007648,0.00099933,2048,10538.4,1787761329.728
371,171.947,0.009618,0.0009993,2048,11910.66,1787761329.901
372,212.011,0.006832,0.00099928,2048,9659.89,1787761330.115
373,212.149,0.006029,0.00099925,2048,9653.58,1787761330.329
374,248.106,0.004856,0.00099922,2048,8254.53,1787761330.58
375,238.084,0.005889,0.00099919,2048,8602.02,1787761330.819
376,223.311,0.005325,0.00099916,2048,9171.07,1787761331.045
377,225.835,0.006037,0.00099913,2048,9068.55,1787761331.272
378,203.751,0.005121,0.0009991,2048,10051.49,1787761331.477
379,201.552,0.006561,0.00099907,2048,10161.13,1787761331.681
380,197.529,0.005861,0.00099904,2048,10368.1,1787761331.881
381,196.954,0.004223,0.000999,2048,10398.37,1787761332.08
382,195.369,0.004906,0.00099897,2048,10482.74,1787761332.276
383,184.148,0.005642,0.00099894,2048,11121.51,1787761332.462
384,196.677,0.005526,0.0009989,2048,10413.03,1787761332.66
385,199.26,0.004782,0.00099887,2048,10278.04,1787761332.862
386,190.212,0.005457,0.00099883,2048,10766.93,1787761333.053
387,192.072,0.003644,0.0009988,2048,10662.65,1787761333.248
388,222.193,0.003458,0.00099876,2048,9217.22,1787761333.472
389,225.529,0.003549,0.00099873,2048,9080.87,1787761333.699
390,198.218,0.003223,0.00099869,2048,10332.05,1787761333.899
391,169.304,0.004329,0.00099865,2048,12096.58,1787761334.069
392,179.125,0.003555,0.00099861,2048,11433.37,1787761334.251
393,185.002,0.004158,0.00099857,2048,11070.15,1787761334.437
394,192.052,0.00352,0.00099853,2048,10663.77,1787761334.631
395,181.339,0.004208,0.00099849,2048,11293.76,1787761334.813
396,179.624,0.003592,0.00099845,2048,11401.6,1787761334.994
397,196.938,0.00295,0.00099841,2048,10399.2,1787761335.195
398,204.647,0.003402,0.00099837,2048,10007.47,1787761335.401
399,222.987,0.004218,0.00099833,2048,9184.4,1787761335.626
400,244.494,0.003149,0.00099829,2048,8376.48,1787761335.872
401,253.74,0.002823,0.00099824,2048,8071.25,1787761336.128
402,245.439,0.00288,0.0009982,2048,8344.24,1787761336.375
403,252.505,0.003914,0.00099816,2048,8110.74,1787761336.63
404,356.81,0.003803,0.00099811,2048,5739.74,1787761336.989
405,224.301,0.002905,0.00099807,2048,9130.59,1787761337.215
406,219.017,0.002787,0.00099802,2048,9350.88,1787761337.436
407,243.553,0.002887,0.00099798,2048,8408.84,1787761337.681
408,252.862,0.003487,0.00099793,2048,8099.29,1787761337.937
409,319.376,0.003053,0.00099788,2048,6412.5,1787761338.257
410,272.696,0.002659,0.00099783,2048,7510.2,1787761338.532
411,281.585,0.00248,0.00099778,2048,7273.1,1787761338.816
412,286.244,0.002334,0.00099774,2048,7154.74,1787761339.104
413,257.449,0.002598,0.00099769,2048,7954.98,1787761339.364
414,229.442,0.002756,0.00099764,2048,8926.0,1787761339.595
415,256.312,0.002325,0.00099759,2048,7990.25,1787761339.855
416,243.225,0.002374,0.00099753,2048,8420.2,1787761340.1
417,270.551,0.00254,0.00099748,2048,7569.73,1787761340.372
418,234.652,0.002653,0.00099743,2048,8727.83,1787761340.609
419,238.777,0.002215,0.00099738,2048,8577.04,1787761340.85
420,254.941,0.002123,0.00099733,2048,8033.23,1787761341.107
421,224.821,0.002125,0.00099727,2048,9109.46,1787761341.334
422,218.728,0.002083,0.00099722,2048,9363.23,1787761341.555
423,200.579,0.001886,0.00099716,2048,10210.43,1787761341.757
424,180.666,0.002044,0.00099711,2048,11335.81,1787761341.94
425,219.255,0.002286,0.00099705,2048,9340.73,1787761342.16
426,212.645,0.002215,0.000997,2048,9631.06,1787761342.375
427,254.292,0.002148,0.00099694,2048,8053.73,1787761342.632
428,233.504,0.002266,0.00099688,2048,8770.72,1787761342.867
429,270.09,0.002256,0.00099682,2048,7582.67,1787761343.139
430,263.753,0.002013,0.00099676,2048,7764.83,1787761343.405
431,263.239,0.002018,0.00099671,2048,7780.01,1787761343.67
432,251.495,0.00191,0.00099665,2048,8143.31,1787761343.923
433,243.338,0.0018,0.00099659,2048,8416.26,1787761344.17
434,227.325,0.002869,0.00099653,2048,9009.14,1787761344.398
435,258.814,0.00214,0.00099646,2048,7913.01,1787761344.659
436,220.613,0.001784,0.0009964,2048,9283.22,1787761344.881
437,194.296,0.001981,0.00099634,2048,10540.6,1787761345.078
438,189.825,0.002871,0.00099628,2048,10788.87,1787761345.269
439,184.383,0.00252,0.00099621,2048,11107.29,1787761345.455
440,199.178,0.001893,0.00099615,2048,10282.26,1787761345.656
441,189.57,0.002189,0.00099609,2048,10803.37,1787761345.848
442,208.867,0.001852,0.00099602,2048,9805.26,1787761346.058
443,189.264,0.002769,0.00099596,2048,10820.84,1787761346.25
444,200.532,0.002356,0.00099589,2048,10212.82,1787761346.451
445,189.763,0.001956,0.00099582,2048,10792.43,1787761346.643
446,176.982,0.001782,0.00099576,2048,11571.81,1787761346.821
447,134.685,0.00216,0.00099569,2048,15205.87,1787761346.957
448,150.534,0.002008,0.00099562,2048,13604.92,1787761347.109
449,190.396,0.002015,0.00099555,2048,10756.54,1787761347.301
450,183.105,0.002013,0.00099548,2048,11184.86,1787761347.486
451,175.502,0.002017,0.00099541,2048,11669.37,1787761347.664
452,161.751,0.001696,0.00099534,2048,12661.46,1787761347.827
453,209.681,0.001763,0.00099527,2048,9767.22,1787761348.038
454,183.139,0.001753,0.0009952,2048,11182.78,1787761348.222
455,167.993,0.001541,0.00099513,2048,12190.99,1787761348.392
456,180.765,0.00191,0.00099506,2048,11329.66,1787761348.574
457,180.237,0.001849,0.00099498,2048,11362.79,1787761348.756
458,172.9,0.001808,0.00099491,2048,11844.98,1787761348.931
459,193.644,0.001652,0.00099484,2048,10576.1,1787761349.125
460,164.754,0.001773,0.00099476,2048,12430.69,1787761349.292
461,187.23,0.001739,0.00099469,2048,10938.45,1787761349.481
462,186.414,0.001678,0.00099461,2048,10986.32,1787761349.668
463,171.553,0.001682,0.00099454,2048,11937.97,1787761349.841
464,158.107,0.002306,0.00099446,2048,12953.24,1787761350.0
465,179.76,0.001635,0.00099438,2048,11392.97,1787761350.182
466,155.906,0.001609,0.00099431,2048,13136.11,1787761350.338
467,143.605,0.001656,0.00099423,2048,14261.33,1787761350.484
468,161.85,0.00168,0.00099415,2048,12653.68,1787761350.647
469,208.811,0.001742,0.00099407,2048,9807.91,1787761350.858
470,186.891,0.001999,0.00099399,2048,10958.26,1787761351.047
471,176.436,0.001509,0.00099391,2048,11607.64,1787761351.225
472,179.353,0.001555,0.00099383,2048,11418.85,1787761351.405
473,174.829,0.001453,0.00099375,2048,11714.28,1787761351.581
474,150.311,0.001628,0.00099367,2048,13625.13,1787761351.733
475,149.134,0.001924,0.00099358,2048,13732.61,1787761351.883
476,182.696,0.001472,0.0009935,2048,11209.88,1787761352.068
477,178.008,0.001396,0.00099342,2048,11505.11,1787761352.248
478,182.731,0.001505,0.00099333,2048,11207.74,1787761352.432
479,218.794,0.001647,0.00099325,2048,9360.39,1787761352.653
480,173.81,0.001752,0.00099316,2048,11782.97,1787761352.828
481,192.901,0.001635,0.00099308,2048,10616.84,1787761353.022
482,160.129,0.001482,0.00099299,2048,12789.66,1787761353.184
483,168.781,0.00157,0.00099291,2048,12134.05,1787761353.354
484,171.829,0.001869,0.00099282,2048,11918.85,1787761353.528
485,171.761,0.001551,0.00099273,2048,11923.54,1787761353.701
486,182.0,0.001639,0.00099264,2048,11252.77,1787761353.884
487,132.295,0.001647,0.00099255,2048,15480.55,1787761354.019
488,135.675,0.00137,0.00099246,2048,15094.93,1787761354.155
489,126.121,0.001237,0.00099237,2048,16238.4,1787761354.282
490,121.99,0.001281,0.00099228,2048,16788.29,1787761354.405
491,112.347,0.002143,0.00099219,2048,18229.25,1787761354.518
492,123.925,0.001483,0.0009921,2048,16526.06,1787761354.644
493,115.244,0.001547,0.00099201,2048,17770.97,1787761354.759
494,122.672,0.001633,0.00099192,2048,16694.87,1787761354.883
495,130.258,0.00143,0.00099183,2048,15722.59,1787761355.014
496,134.35,0.001446,0.00099173,2048,15243.79,1787761355.151
497,171.408,0.00192,0.00099164,2048,11948.14,1787761355.324
498,212.534,0.001427,0.00099154,2048,9636.12,1787761355.538
499,230.135,0.001583,0.00099145,2048,8899.13,1787761355.77
500,210.235,0.001636,0.00099135,2048,9741.48,1787761355.982
501,203.665,0.00129,0.00099126,2048,10055.72,1787761356.188
502,196.368,0.00144,0.00099116,2048,10429.4,1787761356.385
503,194.388,0.001473,0.00099106,2048,10535.65,1787761356.581
504,191.551,0.001398,0.00099097,2048,10691.65,1787761356.775
505,178.382,0.00153,0.00099087,2048,11480.99,1787761356.955
506,179.931,0.001366,0.00099077,2048,11382.17,1787761357.137
507,195.265,0.001244,0.00099067,2048,10488.28,1787761357.334
508,148.95,0.001251,0.00099057,2048,13749.55,1787761357.484
509,153.249,0.001752,0.00099047,2048,13363.88,1787761357.64
510,145.813,0.001304,0.00099037,2048,14045.44,1787761357.787
511,159.563,0.001369,0.00099027,2048,12835.08,1787761357.948
512,167.377,0.001557,0.00099017,2048,12235.86,1787761358.116
513,195.051,0.001294,0.00099006,2048,10499.8,1787761358.312
514,160.616,0.001274,0.00098996,2048,12750.89,1787761358.474
515,163.234,0.001662,0.00098986,2048,12546.38,1787761358.638
516,190.893,0.001769,0.00098975,2048,10728.52,1787761358.832
517,184.902,0.001293,0.00098965,2048,11076.13,1787761359.018
518,205.658,0.001395,0.00098954,2048,9958.29,1787761359.225
519,191.384,0.00171,0.00098944,2048,10701.01,1787761359.419
520,177.219,0.00181,0.00098933,2048,11556.32,1787761359.598
521,162.843,0.001236,0.00098923,2048,12576.49,1787761359.762
522,173.701,0.001687,0.00098912,2048,11790.38,1787761359.937
523,177.722,0.001581,0.00098901,2048,11523.6,1787761360.117
524,185.525,0.001525,0.0009889,2048,11038.96,1787761360.304
525,199.693,0.001401,0.0009888,2048,10255.75,1787761360.507
526,224.398,0.001328,0.00098869,2048,9126.66,1787761360.733
527,221.87,0.00173,0.00098858,2048,9230.65,1787761360.957
528,243.051,0.001038,0.00098847,2048,8426.22,1787761361.202
529,204.517,0.001208,0.00098836,2048,10013.84,1787761361.407
530,166.36,0.001943,0.00098824,2048,12310.64,1787761361.575
531,152.034,0.001211,0.00098813,2048,13470.64,1787761361.729
532,145.658,0.001163,0.00098802,2048,14060.31,1787761361.875
533,130.694,0.001021,0.00098791,2048,15670.18,1787761362.008
534,127.86,0.001508,0.00098779,2048,16017.53,1787761362.137
535,168.522,0.001287,0.00098768,2048,12152.72,1787761362.307
536,132.57,0.001089,0.00098757,2048,15448.38,1787761362.44
537,129.617,0.001124,0.00098745,2048,15800.41,1787761362.57
538,135.154,0.001375,0.00098734,2048,15153.1,1787761362.706
539,120.316,0.001395,0.00098722,2048,17021.83,1787761362.828
540,121.55,0.001111,0.0009871,2048,16849.06,1787761362.95
541,105.618,0.001303,0.00098699,2048,19390.6,1787761363.057
542,121.617,0.001258,0.00098687,2048,16839.71,1787761363.18
543,128.805,0.001067,0.00098675,2048,15899.95,1787761363.31
544,131.453,0.001142,0.00098663,2048,15579.69,1787761363.442
545,127.115,0.001061,0.00098651,2048,16111.37,1787761363.571
546,163.601,0.001284,0.00098639,2048,12518.27,1787761363.736
547,134.373,0.001125,0.00098627,2048,15241.11,1787761363.872
548,133.994,0.001297,0.00098615,2048,15284.28,1787761364.007
549,163.911,0.001302,0.00098603,2048,12494.59,1787761364.173
550,141.83,0.001056,0.00098591,2048,14439.83,1787761364.316
551,125.419,0.001224,0.00098579,2048,16329.26,1787761364.442
552,156.144,0.00114,0.00098567,2048,13116.07,1787761364.599
553,171.217,0.000923,0.00098554,2048,11961.45,1787761364.772
554,189.924,0.001248,0.00098542,2048,10783.24,1787761364.962
555,138.735,0.001152,0.0009853,2048,14761.96,1787761365.104
556,157.141,0.000868,0.00098517,2048,13032.86,1787761365.262
557,166.552,0.001056,0.00098505,2048,12296.45,1787761365.429
558,168.076,0.001036,0.00098492,2048,12184.99,1787761365.599
559,132.695,0.000947,0.00098479,2048,15433.94,1787761365.735
560,123.653,0.000952,0.00098467,2048,16562.46,1787761365.859
561,128.035,0.001054,0.00098454,2048,15995.61,1787761365.989
562,151.453,0.000944,0.00098441,2048,13522.33,1787761366.141
563,145.252,0.000924,0.00098428,2048,14099.67,1787761366.288
564,125.529,0.000962,0.00098415,2048,16314.99,1787761366.415
565,124.71,0.000873,0.00098402,2048,16422.06,1787761366.541
566,144.575,0.001234,0.0009839,2048,14165.62,1787761366.686
567,151.74,0.00119,0.00098376,2048,13496.74,1787761366.84
568,171.238,0.000981,0.00098363,2048,11959.97,1787761367.012
569,141.135,0.000989,0.0009835,2048,14510.89,1787761367.155
570,128.111,0.001064,0.00098337,2048,15986.17,1787761367.285
571,157.786,0.001187,0.00098324,2048,12979.59,1787761367.443
572,128.77,0.001007,0.0009831,2048,15904.3,1787761367.572
573,127.41,0.000933,0.00098297,2048,16074.09,1787761367.701
574,128.392,0.001258,0.00098284,2048,15951.16,1787761367.831
575,127.124,0.000888,0.0009827,2048,16110.2,1787761367.959
576,130.753,0.000862,0.00098257,2048,15663.1,1787761368.09
577,134.554,0.000867,0.00098243,2048,15220.62,1787761368.227
578,122.911,0.000982,0.0009823,2048,16662.48,1787761368.352
579,132.368,0.000865,0.00098216,2048,15472.06,1787761368.486
580,151.879,0.000929,0.00098202,2048,13484.44,1787761368.639
581,188.638,0.001082,0.00098188,2048,10856.75,1787761368.829
582,169.214,0.000918,0.00098175,2048,12103.02,1787761369.0
583,167.106,0.000865,0.00098161,2048,12255.71,1787761369.168
584,141.63,0.000963,0.00098147,2048,14460.22,1787761369.312
585,144.211,0.000948,0.00098133,2048,14201.45,1787761369.458
586,134.174,0.000949,0.00098119,2048,15263.81,1787761369.593
587,123.055,0.000983,0.00098105,2048,16642.99,1787761369.717
588,138.63,0.000908,0.00098091,2048,14773.13,1787761369.856
589,141.205,0.000847,0.00098077,2048,14503.72,1787761369.999
590,127.482,0.001013,0.00098062,2048,16065.03,1787761370.128
591,116.842,0.000794,0.00098048,2048,17527.87,1787761370.246
592,107.141,0.000973,0.00098034,2048,19114.93,1787761370.353
593,107.208,0.000951,0.00098019,2048,19103.05,1787761370.462
594,106.498,0.000833,0.00098005,2048,19230.34,1787761370.568
595,147.58,0.000825,0.0009799,2048,13877.19,1787761370.719
596,153.441,0.00094,0.00097976,2048,13347.13,1787761370.874
597,148.546,0.000929,0.00097961,2048,13787.01,1787761371.023
598,121.87,0.000913,0.00097947,2048,16804.79,1787761371.146
599,148.73,0.00083,0.00097932,2048,13769.92,1787761371.296
600,127.159,0.000797,0.00097917,2048,16105.83,1787761371.424
601,128.219,0.000765,0.00097902,2048,15972.71,1787761371.555
602,118.882,0.00091,0.00097888,2048,17227.09,1787761371.674
603,110.234,0.000975,0.00097873,2048,18578.61,1787761371.784
604,115.383,0.000968,0.00097858,2048,17749.52,1787761371.901
605,134.032,0.000897,0.00097843,2048,15279.88,1787761372.036
606,138.101,0.001971,0.00097828,2048,14829.72,1787761372.175
607,105.75,0.000937,0.00097813,2048,19366.45,1787761372.282
608,128.494,0.001786,0.00097798,2048,15938.5,1787761372.412
609,131.462,0.001164,0.00097782,2048,15578.66,1787761372.545
610,133.014,0.000857,0.00097767,2048,15396.83,1787761372.68
611,131.875,0.001803,0.00097752,2048,15529.88,1787761372.813
612,122.699,0.001177,0.00097736,2048,16691.29,1787761372.936
613,124.222,0.000848,0.00097721,2048,16486.65,1787761373.063
614,121.492,0.001202,0.00097706,2048,16857.02,1787761373.185
615,131.758,0.001373,0.0009769,2048,15543.66,1787761373.317
616,139.96,0.001367,0.00097675,2048,14632.75,1787761373.459
617,171.15,0.001453,0.00097659,2048,11966.1,1787761373.631
618,137.789,0.00128,0.00097643,2048,14863.26,1787761373.77
619,133.717,0.001333,0.00097628,2048,15315.99,1787761373.905
620,118.401,0.00098,0.00097612,2048,17297.21,1787761374.025
621,126.672,0.001066,0.00097596,2048,16167.79,1787761374.153
622,115.652,0.001982,0.0009758,2048,17708.28,1787761374.269
623,135.078,0.000871,0.00097564,2048,15161.64,1787761374.406
624,114.853,0.001674,0.00097548,2048,17831.5,1787761374.521
625,139.254,0.000901,0.00097532,2048,14706.93,1787761374.662
626,123.445,0.001439,0.00097516,2048,16590.36,1787761374.786
627,127.549,0.000889,0.000975,2048,16056.6,1787761374.914
628,153.663,0.000817,0.00097484,2048,13327.86,1787761375.069
629,142.738,0.000887,0.00097468,2048,14347.96,1787761375.213
630,140.885,0.001017,0.00097452,2048,14536.64,1787761375.355
631,168.454,0.000747,0.00097435,2048,12157.64,1787761375.526
632,189.483,0.000916,0.00097419,2048,10808.36,1787761375.717
633,223.324,0.000975,0.00097402,2048,9170.52,1787761375.941
634,192.651,0.001124,0.00097386,2048,10630.62,1787761376.136
635,206.853,0.000888,0.00097369,2048,9900.77,1787761376.344
636,173.469,0.000804,0.00097353,2048,11806.18,1787761376.52
637,174.138,0.001581,0.00097336,2048,11760.78,1787761376.695
638,176.683,0.00153,0.0009732,2048,11591.41,1787761376.873
639,131.17,0.000795,0.00097303,2048,15613.31,1787761377.007
640,163.322,0.000917,0.00097286,2048,12539.67,1787761377.172
641,129.947,0.003574,0.00097269,2048,15760.33,1787761377.302
642,116.248,0.000948,0.00097252,2048,17617.55,1787761377.42
643,114.459,0.002582,0.00097236,2048,17892.87,1787761377.536
644,133.086,0.002594,0.00097219,2048,15388.59,1787761377.669
645,108.913,0.001126,0.00097202,2048,18803.96,1787761377.78
646,111.232,0.001917,0.00097185,2048,18411.93,1787761377.891
647,115.936,0.002383,0.00097167,2048,17664.9,1787761378.008
648,102.431,0.002679,0.0009715,2048,19994.01,1787761378.112
649,116.659,0.005319,0.00097133,2048,17555.36,1787761378.229
650,136.74,0.001735,0.00097116,2048,14977.37,1787761378.368
651,135.362,0.001394,0.00097098,2048,15129.8,1787761378.505
652,115.143,0.00258,0.00097081,2048,17786.66,1787761378.621
653,159.366,0.002595,0.00097064,2048,12850.9,1787761378.783
654,182.001,0.001341,0.00097046,2048,11252.7,1787761378.966
655,181.894,0.00169,0.00097029,2048,11259.27,1787761379.15
656,182.723,0.00231,0.00097011,2048,11208.21,1787761379.334
657,181.572,0.003151,0.00096994,2048,11279.29,1787761379.517
658,146.972,0.001065,0.00096976,2048,13934.65,1787761379.666
659,147.51,0.001372,0.00096958,2048,13883.81,1787761379.814
660,178.28,0.002277,0.0009694,2048,11487.58,1787761379.994
661,173.333,0.001712,0.00096923,2048,11815.43,1787761380.17
662,193.039,0.001273,0.00096905,2048,10609.28,1787761380.364
663,200.982,0.002311,0.00096887,2048,10189.95,1787761380.567
664,215.069,0.001607,0.00096869,2048,9522.53,1787761380.784
665,208.966,0.001856,0.00096851,2048,9800.64,1787761380.994
666,214.06,0.001227,0.00096833,2048,9567.41,1787761381.21
667,200.749,0.00163,0.00096815,2048,10201.81,1787761381.414
668,173.196,0.001312,0.00096796,2048,11824.76,1787761381.588
669,235.725,0.002404,0.00096778,2048,8688.09,1787761381.827
670,182.591,0.001886,0.0009676,2048,11216.33,1787761382.011
671,162.726,0.003875,0.00096742,2048,12585.55,1787761382.175
672,150.702,0.002391,0.00096723,2048,13589.72,1787761382.326
673,144.654,0.002049,0.00096705,2048,14157.87,1787761382.472
674,126.835,0.001443,0.00096686,2048,16146.98,1787761382.601
675,149.541,0.001294,0.00096668,2048,13695.26,1787761382.751
676,104.061,0.002209,0.00096649,2048,19680.73,1787761382.856
677,123.777,0.003552,0.00096631,2048,16545.83,1787761382.981
678,123.805,0.001491,0.00096612,2048,16542.08,1787761383.107
679,161.284,0.001781,0.00096593,2048,12698.11,1787761383.268
680,168.151,0.002389,0.00096575,2048,12179.51,1787761383.438
681,169.194,0.001884,0.00096556,2048,12104.46,1787761383.609
682,162.668,0.002232,0.00096537,2048,12590.09,1787761383.772
683,163.413,0.001828,0.00096518,2048,12532.69,1787761383.937
684,187.08,0.001173,0.00096499,2048,10947.16,1787761384.126
685,181.865,0.00166,0.0009648,2048,11261.11,1787761384.31
686,178.729,0.001773,0.00096461,2048,11458.68,1787761384.491
687,177.227,0.001723,0.00096442,2048,11555.81,1787761384.67
688,140.117,0.001454,0.00096423,2048,14616.39,1787761384.81
689,179.409,0.00218,0.00096404,2048,11415.23,1787761384.992
690,216.211,0.001278,0.00096384,2048,9472.24,1787761385.209
691,219.837,0.001121,0.00096365,2048,9315.98,1787761385.431
692,206.823,0.000969,0.00096346,2048,9902.21,1787761385.641
693,192.516,0.001697,0.00096326,2048,10638.08,1787761385.834
694,185.359,0.002569,0.00096307,2048,11048.82,1787761386.022
695,153.042,0.001101,0.00096287,2048,13381.99,1787761386.175
696,159.958,0.001489,0.00096268,2048,12803.39,1787761386.337
697,142.851,0.001339,0.00096248,2048,14336.6,1787761386.481
698,155.968,0.00142,0.00096228,2048,13130.91,1787761386.639
699,156.12,0.001411,0.00096209,2048,13118.13,1787761386.795
700,138.027,0.001316,0.00096189,2048,14837.68,1787761386.935
701,119.557,0.001326,0.00096169,2048,17129.86,1787761387.055
702,126.447,0.000989,0.00096149,2048,16196.51,1787761387.184
703,124.006,0.001002,0.00096129,2048,16515.37,1787761387.31
704,109.635,0.002422,0.0009611,2048,18680.23,1787761387.42
705,129.868,0.001276,0.0009609,2048,15769.8,1787761387.551
706,130.799,0.000975,0.0009607,2048,15657.56,1787761387.683
707,133.762,0.000985,0.00096049,2048,15310.78,1787761387.818
708,129.369,0.001098,0.00096029,2048,15830.73,1787761387.948
709,184.556,0.001234,0.00096009,2048,11096.87,1787761388.133
710,128.584,0.000971,0.00095989,2048,15927.37,1787761388.264
711,135.875,0.00097,0.00095969,2048,15072.72,1787761388.401
712,142.21,0.001059,0.00095948,2048,14401.28,1787761388.544
713,154.97,0.000957,0.00095928,2048,13215.5,1787761388.7
714,156.41,0.001359,0.00095907,2048,13093.76,1787761388.857
715,128.367,0.000989,0.00095887,2048,15954.26,1787761388.987
716,124.4,0.000734,0.00095866,2048,16462.98,1787761389.112
717,152.845,0.000758,0.00095846,2048,13399.2,1787761389.267
718,128.066,0.001045,0.00095825,2048,15991.75,1787761389.395
719,117.651,0.000713,0.00095805,2048,17407.42,1787761389.515
720,125.864,0.000841,0.00095784,2048,16271.52,1787761389.641
721,133.141,0.000813,0.00095763,2048,15382.2,1787761389.777
722,145.436,0.000801,0.00095742,2048,14081.78,1787761389.923
723,117.066,0.000805,0.00095721,2048,17494.33,1787761390.042
724,124.74,0.000683,0.000957,2048,16418.18,1787761390.167
725,128.79,0.000845,0.0009568,2048,15901.87,1787761390.297
726,171.824,0.000933,0.00095659,2048,11919.17,1787761390.47
727,157.413,0.000863,0.00095637,2048,13010.4,1787761390.629
728,204.286,0.000874,0.00095616,2048,10025.16,1787761390.835
729,166.931,0.000624,0.00095595,2048,12268.58,1787761391.003
730,190.466,0.000729,0.00095574,2048,10752.56,1787761391.195
731,177.937,0.000612,0.00095553,2048,11509.72,1787761391.375
732,204.433,0.000795,0.00095531,2048,10017.94,1787761391.581
733,183.261,0.000726,0.0009551,2048,11175.29,1787761391.765
734,176.297,0.000642,0.00095489,2048,11616.75,1787761391.944
735,177.971,0.000668,0.00095467,2048,11507.49,1787761392.124
736,119.315,0.000669,0.00095446,2048,17164.59,1787761392.244
737,160.125,0.000672,0.00095424,2048,12789.98,1787761392.404
738,146.452,0.000607,0.00095403,2048,13984.09,1787761392.552
739,173.605,0.00069,0.00095381,2048,11796.89,1787761392.727
740,134.969,0.000693,0.00095359,2048,15173.84,1787761392.864
741,118.016,0.00077,0.00095338,2048,17353.51,1787761392.982
742,197.724,0.001066,0.00095316,2048,10357.86,1787761393.181
743,175.688,0.000723,0.00095294,2048,11657.02,1787761393.359
744,175.029,0.00075,0.00095272,2048,11700.93,1787761393.535
745,192.301,0.00102,0.0009525,2048,10649.95,1787761393.728
746,177.186,0.000784,0.00095228,2048,11558.44,1787761393.907
747,170.66,0.001306,0.00095206,2048,12000.47,1787761394.079
748,151.274,0.000703,0.00095184,2048,13538.33,1787761394.23
749,148.846,0.000582,0.00095162,2048,13759.21,1787761394.381
750,168.951,0.001775,0.0009514,2048,12121.85,1787761394.552
751,187.344,0.0013,0.00095118,2048,10931.77,1787761394.74
752,198.55,0.001233,0.00095095,2048,10314.79,1787761394.939
753,191.088,0.00067,0.00095073,2048,10717.59,1787761395.132
754,171.802,0.001456,0.00095051,2048,11920.72,1787761395.306
755,183.108,0.001966,0.00095028,2048,11184.64,1787761395.489
756,172.347,0.000579,0.00095006,2048,11883.02,1787761395.664
757,165.882,0.000797,0.00094983,2048,12346.15,1787761395.832
758,159.088,0.001015,0.00094961,2048,12873.38,1787761395.993
759,169.95,0.00068,0.00094938,2048,12050.58,1787761396.164
760,159.332,0.000807,0.00094915,2048,12853.64,1787761396.324
761,168.227,0.000695,0.00094893,2048,12174.01,1787761396.494
762,150.104,0.000671,0.0009487,2048,13643.9,1787761396.646
763,169.313,0.000615,0.00094847,2048,12095.96,1787761396.815
764,186.587,0.00075,0.00094824,2048,10976.09,1787761397.004
765,183.702,0.000676,0.00094802,2048,11148.47,1787761397.19
766,188.802,0.000581,0.00094779,2048,10847.34,1787761397.38
767,169.749,0.000604,0.00094756,2048,12064.85,1787761397.551
768,228.554,0.000622,0.00094733,2048,8960.68,1787761397.781
769,208.713,0.000558,0.0009471,2048,9812.54,1787761397.992
770,212.803,0.000629,0.00094686,2048,9623.93,1787761398.206
771,220.61,0.00071,0.00094663,2048,9283.37,1787761398.429
772,228.476,0.000799,0.0009464,2048,8963.72,1787761398.659
773,214.817,0.000606,0.00094617,2048,9533.7,1787761398.876
774,194.654,0.00068,0.00094594,2048,10521.24,1787761399.074
775,201.637,0.000582,0.0009457,2048,10156.85,1787761399.277
776,177.085,0.00067,0.00094547,2048,11565.03,1787761399.456
777,178.24,0.000663,0.00094523,2048,11490.13,1787761399.636
778,182.673,0.000518,0.000945,2048,11211.29,1787761399.82
779,197.539,0.000638,0.00094476,2048,10367.56,1787761400.019
780,198.891,0.000868,0.00094453,2048,10297.08,1787761400.22
781,177.678,0.000729,0.00094429,2048,11526.5,1787761400.399
782,177.408,0.000646,0.00094405,2048,11544.01,1787761400.578
783,190.921,0.000641,0.00094382,2048,10726.97,1787761400.771
784,211.252,0.000921,0.00094358,2048,9694.56,1787761400.983
785,218.331,0.000573,0.00094334,2048,9380.27,1787761401.203
786,192.892,0.000796,0.0009431,2048,10617.34,1787761401.398
787,196.286,0.000773,0.00094286,2048,10433.77,1787761401.596
788,287.042,0.000823,0.00094262,2048,7134.84,1787761401.885
789,262.295,0.000666,0.00094238,2048,7808.01,1787761402.149
790,264.938,0.000643,0.00094214,2048,7730.13,1787761402.416
791,281.447,0.00065,0.0009419,2048,7276.67,1787761402.699
792,258.596,0.000907,0.00094166,2048,7919.7,1787761402.96
793,234.822,0.000549,0.00094142,2048,8721.51,1787761403.198
794,260.093,0.000586,0.00094118,2048,7874.1,1787761403.46
795,280.622,0.001141,0.00094093,2048,7298.07,1787761403.743
796,261.66,0.000729,0.00094069,2048,7826.95,1787761404.006
797,217.089,0.000923,0.00094045,2048,9433.91,1787761404.225
798,188.756,0.000579,0.0009402,2048,10849.96,1787761404.416
799,171.704,0.001015,0.00093996,2048,11927.51,1787761404.59
800,191.908,0.000659,0.00093971,2048,10671.78,1787761404.783
801,167.985,0.000639,0.00093947,2048,12191.57,1787761404.953
802,170.92,0.000669,0.00093922,2048,11982.21,1787761405.125
803,161.13,0.000675,0.00093897,2048,12710.25,1787761405.288
804,145.717,0.000652,0.00093873,2048,14054.62,1787761405.435
805,159.543,0.000705,0.00093848,2048,12836.65,1787761405.596
806,163.779,0.0006,0.00093823,2048,12504.65,1787761405.76
807,171.085,0.000575,0.00093798,2048,11970.66,1787761405.932
808,164.478,0.000611,0.00093773,2048,12451.49,1787761406.099
809,205.064,0.000555,0.00093748,2048,9987.13,1787761406.305
810,182.296,0.000617,0.00093723,2048,11234.45,1787761406.49
811,166.771,0.000547,0.00093698,2048,12280.32,1787761406.658
812,178.074,0.000556,0.00093673,2048,11500.83,1787761406.838
813,138.784,0.000596,0.00093648,2048,14756.75,1787761406.978
814,161.495,0.000523,0.00093623,2048,12681.55,1787761407.141
815,147.922,0.000676,0.00093598,2048,13845.12,1787761407.29
816,135.153,0.000659,0.00093573,2048,15153.19,1787761407.426
817,141.104,0.000604,0.00093547,2048,14514.15,1787761407.568
818,127.564,0.000543,0.00093522,2048,16054.74,1787761407.697
819,147.074,0.000712,0.00093496,2048,13924.93,1787761407.845
820,123.016,0.000633,0.00093471,2048,16648.21,1787761407.97
821,110.185,0.000677,0.00093446,2048,18586.92,1787761408.081
822,129.175,0.000884,0.0009342,2048,15854.52,1787761408.211
823,120.601,0.000596,0.00093394,2048,16981.67,1787761408.332
824,167.766,0.000926,0.00093369,2048,12207.51,1787761408.501
825,148.105,0.00064,0.00093343,2048,13828.06,1787761408.651
826,134.118,0.000735,0.00093317,2048,15270.17,1787761408.786
827,158.685,0.001039,0.00093292,2048,12906.1,1787761408.947
828,162.13,0.000869,0.00093266,2048,12631.83,1787761409.11
829,129.99,0.000623,0.0009324,2048,15755.03,1787761409.242
830,120.446,0.0013,0.00093214,2048,17003.53,1787761409.363
831,136.968,0.000621,0.00093188,2048,14952.41,1787761409.501
832,119.599,0.000958,0.00093162,2048,17123.92,1787761409.621
833,143.743,0.000938,0.00093136,2048,14247.67,1787761409.766
834,121.423,0.000659,0.0009311,2048,16866.71,1787761409.888
835,112.363,0.000628,0.00093084,2048,18226.59,1787761410.002
836,122.256,0.001263,0.00093058,2048,16751.72,1787761410.125
837,145.364,0.000609,0.00093032,2048,14088.75,1787761410.272
838,127.085,0.00084,0.00093005,2048,16115.2,1787761410.4
839,121.904,0.000788,0.00092979,2048,16800.17,1787761410.524
840,121.486,0.00066,0.00092953,2048,16857.85,1787761410.646
841,121.946,0.000598,0.00092926,2048,16794.36,1787761410.77
842,126.293,0.000488,0.000929,2048,16216.23,1787761410.897
843,134.745,0.000641,0.00092873,2048,15199.07,1787761411.032
844,176.028,0.000739,0.00092847,2048,11634.53,1787761411.209
845,186.505,0.000684,0.0009282,2048,10980.96,1787761411.397
846,186.638,0.000585,0.00092794,2048,10973.14,1787761411.586
847,179.023,0.000437,0.00092767,2048,11439.85,1787761411.767
848,144.784,0.000532,0.0009274,2048,14145.19,1787761411.914
849,187.254,0.000714,0.00092713,2048,10936.99,1787761412.102
850,187.573,0.000754,0.00092687,2048,10918.43,1787761412.291
851,169.403,0.00045,0.0009266,2048,12089.49,1787761412.463
852,155.478,0.000565,0.00092633,2048,13172.32,1787761412.62
853,174.15,0.00062,0.00092606,2048,11759.98,1787761412.796
854,130.334,0.00046,0.00092579,2048,15713.43,1787761412.928
855,162.832,0.000464,0.00092552,2048,12577.36,1787761413.092
856,158.85,0.001022,0.00092525,2048,12892.63,1787761413.252
857,157.392,0.000589,0.00092498,2048,13012.14,1787761413.41
858,177.215,0.000451,0.00092471,2048,11556.6,1787761413.588
859,178.652,0.001628,0.00092443,2048,11463.6,1787761413.769
860,203.683,0.000839,0.00092416,2048,10054.86,1787761413.974
861,200.699,0.000959,0.00092389,2048,10204.32,1787761414.177
862,195.103,0.001778,0.00092362,2048,10497.0,1787761414.373
863,215.495,0.003087,0.00092334,2048,9503.71,1787761414.59
864,212.056,0.001395,0.00092307,2048,9657.81,1787761414.804
865,207.489,0.003085,0.00092279,2048,9870.4,1787761415.014
866,170.75,0.002704,0.00092252,2048,11994.14,1787761415.187
867,178.443,0.001069,0.00092224,2048,11477.05,1787761415.367
868,176.003,0.003234,0.00092197,2048,11636.16,1787761415.544
869,185.584,0.003444,0.00092169,2048,11035.43,1787761415.731
870,201.597,0.001412,0.00092141,2048,10158.87,1787761415.935
871,226.915,0.003799,0.00092113,2048,9025.43,1787761416.163
872,218.675,0.001386,0.00092086,2048,9365.49,1787761416.384
873,208.605,0.002721,0.00092058,2048,9817.62,1787761416.594
874,191.678,0.001155,0.0009203,2048,10684.6,1787761416.787
875,220.719,0.001187,0.00092002,2048,9278.78,1787761417.009
876,244.45,0.001927,0.00091974,2048,8377.99,1787761417.256
877,239.135,0.001621,0.00091946,2048,8564.18,1787761417.497
878,235.848,0.000983,0.00091918,2048,8683.54,1787761417.734
879,262.479,0.001274,0.0009189,2048,7802.54,1787761417.998
880,233.946,0.001342,0.00091862,2048,8754.15,1787761418.235
881,288.682,0.001232,0.00091834,2048,7094.32,1787761418.525
882,226.51,0.00306,0.00091805,2048,9041.56,1787761418.755
883,237.456,0.0012,0.00091777,2048,8624.77,1787761418.995
884,218.988,0.001514,0.00091749,2048,9352.13,1787761419.215
885,197.962,0.003707,0.00091721,2048,10345.44,1787761419.415
886,210.608,0.001097,0.00091692,2048,9724.22,1787761419.628
887,210.996,0.001227,0.00091664,2048,9706.33,1787761419.841
888,231.15,0.000745,0.00091635,2048,8860.04,1787761420.075
889,207.289,0.009884,0.00091607,2048,9879.94,1787761420.284
890,261.539,0.002138,0.00091578,2048,7830.58,1787761420.548
891,305.049,0.001318,0.00091549,2048,6713.68,1787761420.854
892,280.494,0.004042,0.00091521,2048,7301.4,1787761421.137
893,276.576,0.004049,0.00091492,2048,7404.84,1787761421.416
894,294.236,0.001598,0.00091463,2048,6960.4,1787761421.712
895,224.48,0.001569,0.00091435,2048,9123.3,1787761421.938
896,248.181,0.002543,0.00091406,2048,8252.04,1787761422.188
897,282.929,0.003165,0.00091377,2048,7238.57,1787761422.472
898,222.137,0.001364,0.00091348,2048,9219.54,1787761422.697
899,338.121,0.001132,0.00091319,2048,6057.01,1787761423.037
900,310.45,0.001839,0.0009129,2048,6596.88,1787761423.349
901,365.935,0.001616,0.00091261,2048,5596.62,1787761423.719
902,674.871,0.001459,0.00091232,2048,3034.65,1787761424.395
903,413.97,0.001492,0.00091203,2048,4947.22,1787761424.811
904,479.479,0.001281,0.00091174,2048,4271.3,1787761425.292
905,586.953,0.001085,0.00091144,2048,3489.2,1787761425.881
906,720.384,0.00145,0.00091115,2048,2842.93,1787761426.603
907,739.274,0.001399,0.00091086,2048,2770.28,1787761427.345
908,933.961,0.001261,0.00091056,2048,2192.81,1787761428.281
909,547.626,0.00072,0.00091027,2048,3739.78,1787761428.83
910,590.328,0.001115,0.00090998,2048,3469.26,1787761429.423
911,562.714,0.001247,0.00090968,2048,3639.5,1787761429.987
912,440.543,0.001263,0.00090939,2048,4648.81,1787761430.43
913,241.756,0.000649,0.00090909,2048,8471.34,1787761430.674
914,272.176,0.000857,0.00090879,2048,7524.55,1787761430.948
915,314.476,0.001204,0.0009085,2048,6512.43,1787761431.264
916,358.536,0.001307,0.0009082,2048,5712.12,1787761431.624
917,570.884,0.001038,0.0009079,2048,3587.42,1787761432.197
918,679.355,0.001378,0.00090761,2048,3014.63,1787761432.878
919,693.857,0.001607,0.00090731,2048,2951.62,1787761433.575
920,987.518,0.001438,0.00090701,2048,2073.89,1787761434.565
921,797.267,0.001145,0.00090671,2048,2568.77,1787761435.363
922,738.366,0.001993,0.00090641,2048,2773.69,1787761436.104
923,255.93,0.00105,0.00090611,2048,8002.19,1787761436.361
924,259.58,0.001588,0.00090581,2048,7889.66,1787761436.623
925,245.805,0.001175,0.00090551,2048,8331.82,1787761436.871
926,363.889,0.001481,0.00090521,2048,5628.09,1787761437.237
927,226.329,0.000847,0.00090491,2048,9048.79,1787761437.465
928,483.681,0.001283,0.0009046,2048,4234.19,1787761437.95
929,412.064,0.001005,0.0009043,2048,4970.1,1787761438.365
930,589.409,0.00069,0.000904,2048,3474.67,1787761438.955
931,529.936,0.000851,0.0009037,2048,3864.62,1787761439.487
932,641.197,0.000935,0.00090339,2048,3194.03,1787761440.13
933,294.682,0.00125,0.00090309,2048,6949.86,1787761440.427
934,242.715,0.001026,0.00090278,2048,8437.89,1787761440.672
935,281.957,0.000941,0.00090248,2048,7263.52,1787761440.956
936,584.412,0.000935,0.00090217,2048,3504.38,1787761441.543
937,366.091,0.002029,0.00090187,2048,5594.23,1787761441.912
938,391.342,0.000657,0.00090156,2048,5233.27,1787761442.305
939,558.763,0.001227,0.00090126,2048,3665.24,1787761442.865
940,257.866,0.001252,0.00090095,2048,7942.09,1787761443.125
941,633.603,0.000758,0.00090064,2048,3232.31,1787761443.761
942,359.635,0.000703,0.00090033,2048,5694.66,1787761444.122
943,270.649,0.000815,0.00090002,2048,7567.0,1787761444.394
944,250.199,0.001019,0.00089972,2048,8185.48,1787761444.647
945,301.759,0.000653,0.00089941,2048,6786.87,1787761444.951
946,222.304,0.000766,0.0008991,2048,9212.59,1787761445.174
947,275.999,0.000798,0.00089879,2048,7420.33,1787761445.452
948,243.589,0.000825,0.00089848,2048,8407.6,1787761445.698
949,328.592,0.001082,0.00089817,2048,6232.65,1787761446.029
950,270.821,0.001514,0.00089785,2048,7562.18,1787761446.301
951,294.902,0.000998,0.00089754,2048,6944.68,1787761446.597
952,403.018,0.001358,0.00089723,2048,5081.66,1787761447.002
953,236.52,0.001338,0.00089692,2048,8658.89,1787761447.241
954,558.019,0.001598,0.00089661,2048,3670.13,1787761447.801
955,343.542,0.001424,0.00089629,2048,5961.42,1787761448.148
956,226.6,0.001778,0.00089598,2048,9037.96,1787761448.376
957,300.729,0.001076,0.00089566,2048,6810.11,1787761448.678
958,215.402,0.001121,0.00089535,2048,9507.81,1787761448.896
959,451.997,0.001711,0.00089504,2048,4531.0,1787761449.35
960,264.759,0.001853,0.00089472,2048,7735.35,1787761449.616
961,210.069,0.001694,0.0008944,2048,9749.2,1787761449.828
962,421.96,0.001039,0.00089409,2048,4853.54,1787761450.252
963,495.409,0.001003,0.00089377,2048,4133.96,1787761450.749
964,321.044,0.003417,0.00089345,2048,6379.2,1787761451.072
965,396.617,0.000893,0.00089314,2048,5163.68,1787761451.471
966,229.967,0.001233,0.00089282,2048,8905.61,1787761451.702
967,233.285,0.001304,0.0008925,2048,8778.96,1787761451.937
968,227.38,0.00403,0.00089218,2048,9006.95,1787761452.167
969,226.46,0.001601,0.00089186,2048,9043.52,1787761452.395
970,317.346,0.008724,0.00089154,2048,6453.52,1787761452.715
971,452.056,0.000564,0.00089122,2048,4530.42,1787761453.168
972,549.248,0.001508,0.0008909,2048,3728.74,1787761453.719
973,686.896,0.006914,0.00089058,2048,2981.53,1787761454.409
974,573.314,0.001187,0.00089026,2048,3572.21,1787761454.984
975,393.485,0.001078,0.00088994,2048,5204.77,1787761455.38
976,258.474,0.002772,0.00088962,2048,7923.44,1787761455.64
977,227.57,0.003868,0.0008893,2048,8999.42,1787761455.87
978,277.566,0.001462,0.00088897,2048,7378.42,1787761456.149
979,235.641,0.002211,0.00088865,2048,8691.18,1787761456.386
980,233.999,0.002671,0.00088833,2048,8752.18,1787761456.622
981,265.79,0.00179,0.000888,2048,7705.34,1787761456.89
982,253.392,0.001118,0.00088768,2048,8082.33,1787761457.145
983,387.03,0.002334,0.00088736,2048,5291.58,1787761457.534
984,351.638,0.00195,0.00088703,2048,5824.16,1787761457.888
985,227.665,0.001399,0.0008867,2048,8995.69,1787761458.117
986,226.835,0.001011,0.00088638,2048,9028.58,1787761458.346
987,221.136,0.002217,0.00088605,2048,9261.26,1787761458.569
988,267.721,0.001565,0.00088573,2048,7649.75,1787761458.84
989,374.274,0.002421,0.0008854,2048,5471.92,1787761459.215
990,234.635,0.002448,0.00088507,2048,8728.44,1787761459.451
991,290.478,0.002104,0.00088474,2048,7050.44,1787761459.746
992,238.755,0.001945,0.00088442,2048,8577.83,1787761459.986
993,249.911,0.001418,0.00088409,2048,8194.91,1787761460.238
994,253.075,0.001679,0.00088376,2048,8092.46,1787761460.492
995,410.424,0.002684,0.00088343,2048,4989.96,1787761460.905
996,272.825,0.000931,0.0008831,2048,7506.63,1787761461.181
997,228.662,0.001606,0.00088277,2048,8956.44,1787761461.411
998,301.975,0.002124,0.00088244,2048,6782.01,1787761461.714
999,259.338,0.001088,0.00088211,2048,7897.03,1787761461.975
1000,329.428,0.000707,0.00088177,2048,6216.84,1787761462.307
1001,274.686,0.001489,0.00088144,2048,7455.8,1787761462.584
1002,301.824,0.004642,0.00088111,2048,6785.4,1787761462.888
1003,240.004,0.000568,0.00088078,2048,8533.2,1787761463.129
1004,254.16,0.001434,0.00088045,2048,8057.91,1787761463.386
1005,229.82,0.005237,0.00088011,2048,8911.31,1787761463.617
1006,253.812,0.005544,0.00087978,2048,8068.96,1787761463.873
1007,250.921,0.001902,0.00087944,2048,8161.92,1787761464.126
1008,247.613,0.004479,0.00087911,2048,8270.96,1787761464.376
1009,255.722,0.006473,0.00087877,2048,8008.71,1787761464.635
1010,272.642,0.001047,0.00087844,2048,7511.68,1787761464.909
1011,308.146,0.002484,0.0008781,2048,6646.2,1787761465.22
1012,262.21,0.008259,0.00087777,2048,7810.53,1787761465.483
1013,244.758,0.00107,0.00087743,2048,8367.45,1787761465.73
1014,259.498,0.001349,0.00087709,2048,7892.17,1787761465.991
1015,206.721,0.002947,0.00087676,2048,9907.05,1787761466.2
1016,199.956,0.015785,0.00087642,2048,10242.26,1787761466.402
1017,244.483,0.000855,0.00087608,2048,8376.85,1787761466.649
1018,235.071,0.004979,0.00087574,2048,8712.28,1787761466.885
1019,222.889,0.001861,0.0008754,2048,9188.44,1787761467.111
1020,246.674,0.003075,0.00087506,2048,8302.47,1787761467.359
1021,284.008,0.005662,0.00087472,2048,7211.06,1787761467.645
1022,238.796,0.001766,0.00087438,2048,8576.35,1787761467.885
1023,219.852,0.001826,0.00087404,2048,9315.35,1787761468.108
1024,200.899,0.001351,0.0008737,2048,10194.19,1787761468.31
1025,221.919,0.003022,0.00087336,2048,9228.61,1787761468.534
1026,205.772,0.003383,0.00087302,2048,9952.78,1787761468.741
1027,222.229,0.001469,0.00087268,2048,9215.72,1787761468.965
1028,287.462,0.002172,0.00087234,2048,7124.41,1787761469.255
1029,203.138,0.003061,0.00087199,2048,10081.84,1787761469.46
1030,235.233,0.001832,0.00087165,2048,8706.25,1787761469.698
1031,216.136,0.002477,0.00087131,2048,9475.51,1787761469.916
1032,218.298,0.003206,0.00087096,2048,9381.65,1787761470.136
1033,230.077,0.001357,0.00087062,2048,8901.36,1787761470.367
1034,248.183,0.001341,0.00087027,2048,8251.98,1787761470.618
1035,231.882,0.0016,0.00086993,2048,8832.06,1787761470.851
1036,226.717,0.002082,0.00086958,2048,9033.3,1787761471.08
1037,213.48,0.002801,0.00086924,2048,9593.4,1787761471.294
1038,220.757,0.001712,0.00086889,2048,9277.19,1787761471.517
1039,199.121,0.000678,0.00086854,2048,10285.22,1787761471.719
1040,199.757,0.001254,0.0008682,2048,10252.46,1787761471.92
1041,229.38,0.001302,0.00086785,2048,8928.43,1787761472.151
1042,243.668,0.000906,0.0008675,2048,8404.88,1787761472.396
1043,206.637,0.001056,0.00086716,2048,9911.11,1787761472.605
1044,151.689,0.000996,0.00086681,2048,13501.33,1787761472.758
1045,150.249,0.000593,0.00086646,2048,13630.68,1787761472.91
1046,205.268,0.000756,0.00086611,2048,9977.2,1787761473.117
1047,179.614,0.00115,0.00086576,2048,11402.2,1787761473.298
1048,185.914,0.001381,0.00086541,2048,11015.87,1787761473.486
1049,184.518,0.000783,0.00086506,2048,11099.18,1787761473.671
1050,194.21,0.000645,0.00086471,2048,10545.27,1787761473.867
1051,181.332,0.000849,0.00086436,2048,11294.21,1787761474.05
1052,188.251,0.000817,0.00086401,2048,10879.09,1787761474.239
1053,193.371,0.0011,0.00086365,2048,10591.02,1787761474.435
1054,198.796,0.00071,0.0008633,2048,10302.03,1787761474.635
1055,214.387,0.00065,0.00086295,2048,9552.81,1787761474.851
1056,230.468,0.000677,0.0008626,2048,8886.28,1787761475.084
1057,235.05,0.00072,0.00086224,2048,8713.04,1787761475.321
1058,246.915,0.000941,0.00086189,2048,8294.36,1787761475.569
1059,259.408,0.001421,0.00086154,2048,7894.91,1787761475.83
1060,228.534,0.001048,0.00086118,2048,8961.47,1787761476.061
1061,199.221,0.000589,0.00086083,2048,10280.03,1787761476.262
1062,194.89,0.000604,0.00086047,2048,10508.48,1787761476.46
1063,192.323,0.000828,0.00086012,2048,10648.77,1787761476.654
1064,202.986,0.000895,0.00085976,2048,10089.38,1787761476.859
1065,219.934,0.000812,0.0008594,2048,9311.87,1787761477.08
1066,184.911,0.000475,0.00085905,2048,11075.59,1787761477.268
1067,178.261,0.000504,0.00085869,2048,11488.8,1787761477.448
1068,173.256,0.000707,0.00085833,2048,11820.64,1787761477.622
1069,175.558,0.000531,0.00085797,2048,11665.65,1787761477.8
1070,168.722,0.001108,0.00085762,2048,12138.3,1787761477.971
1071,185.993,0.000559,0.00085726,2048,11011.2,1787761478.158
1072,168.324,0.000499,0.0008569,2048,12167.0,1787761478.327
1073,183.32,0.000767,0.00085654,2048,11171.7,1787761478.512
1074,170.9,0.000526,0.00085618,2048,11983.64,1787761478.685
1075,183.323,0.000457,0.00085582,2048,11171.53,1787761478.87
1076,155.39,0.000541,0.00085546,2048,13179.75,1787761479.027
1077,189.945,0.000626,0.0008551,2048,10782.04,1787761479.219
1078,183.689,0.000543,0.00085474,2048,11149.27,1787761479.403
1079,207.014,0.00054,0.00085438,2048,9893.07,1787761479.612
1080,198.528,0.000548,0.00085402,2048,10315.91,1787761479.812
1081,201.319,0.000515,0.00085365,2048,10172.89,1787761480.016
1082,267.636,0.000529,0.00085329,2048,7652.19,1787761480.286
1083,252.574,0.000483,0.00085293,2048,8108.5,1787761480.541
1084,250.495,0.000503,0.00085257,2048,8175.8,1787761480.793
1085,170.833,0.000499,0.0008522,2048,11988.34,1787761480.965
1086,183.14,0.000535,0.00085184,2048,11182.72,1787761481.149
1087,138.858,0.000565,0.00085147,2048,14748.88,1787761481.289
1088,161.979,0.000571,0.00085111,2048,12643.63,1787761481.453
1089,159.068,0.000564,0.00085074,2048,12875.0,1787761481.614
1090,163.207,0.000482,0.00085038,2048,12548.48,1787761481.779
1091,129.775,0.00051,0.00085001,2048,15781.12,1787761481.909
1092,150.835,0.00068,0.00084965,2048,13577.71,1787761482.062
1093,138.368,0.000645,0.00084928,2048,14801.14,1787761482.201
1094,165.53,0.000442,0.00084891,2048,12372.38,1787761482.368
1095,143.161,0.000522,0.00084855,2048,14305.6,1787761482.513
1096,150.178,0.000623,0.00084818,2048,13637.19,1787761482.664
1097,160.003,0.00055,0.00084781,2048,12799.75,1787761482.825
1098,180.717,0.000447,0.00084744,2048,11332.62,1787761483.007
1099,172.875,0.000491,0.00084707,2048,11846.7,1787761483.182
1100,134.832,0.00052,0.00084671,2048,15189.3,1787761483.32
1101,139.866,0.000448,0.00084634,2048,14642.59,1787761483.461
1102,184.077,0.00042,0.00084597,2048,11125.75,1787761483.647
1103,149.464,0.000496,0.0008456,2048,13702.32,1787761483.798
1104,139.16,0.00043,0.00084523,2048,14716.93,1787761483.939
1105,169.324,0.000463,0.00084486,2048,12095.18,1787761484.11
1106,168.534,0.000495,0.00084448,2048,12151.88,1787761484.279
1107,127.042,0.000397,0.00084411,2048,16120.6,1787761484.408
1108,126.582,0.000444,0.00084374,2048,16179.22,1787761484.536
1109,118.839,0.000409,0.00084337,2048,17233.46,1787761484.656
1110,170.877,0.00041,0.000843,2048,11985.24,1787761484.828
1111,184.919,0.00048,0.00084262,2048,11075.14,1787761485.014
1112,175.583,0.000491,0.00084225,2048,11664.02,1787761485.192
1113,175.54,0.000447,0.00084188,2048,11666.84,1787761485.368
1114,194.968,0.000408,0.0008415,2048,10504.29,1787761485.565
1115,173.494,0.000418,0.00084113,2048,11804.42,1787761485.74
1116,167.578,0.000642,0.00084076,2048,12221.17,1787761485.909
1117,168.613,0.000423,0.00084038,2048,12146.12,1787761486.08
1118,154.015,0.000416,0.00084001,2048,13297.41,1787761486.235
1119,178.823,0.000435,0.00083963,2048,11452.69,1787761486.415
1120,155.235,0.000513,0.00083925,2048,13192.92,1787761486.572
1121,136.344,0.000613,0.00083888,2048,15020.81,1787761486.709
1122,184.943,0.000467,0.0008385,2048,11073.67,1787761486.896
1123,153.028,0.000592,0.00083812,2048,13383.22,1787761487.05
1124,188.15,0.000488,0.00083775,2048,10884.93,1787761487.24
1125,189.888,0.000539,0.00083737,2048,10785.31,1787761487.431
1126,182.587,0.000464,0.00083699,2048,11216.6,1787761487.616
1127,156.797,0.000396,0.00083661,2048,13061.45,1787761487.774
1128,143.535,0.000477,0.00083624,2048,14268.33,1787761487.918
1129,171.703,0.000451,0.00083586,2048,11927.59,1787761488.092
1130,153.798,0.000524,0.00083548,2048,13316.14,1787761488.247
1131,143.601,0.000485,0.0008351,2048,14261.78,1787761488.392
1132,140.853,0.000365,0.00083472,2048,14539.96,1787761488.533
1133,115.672,0.000374,0.00083434,2048,17705.28,1787761488.651
1134,118.879,0.000467,0.00083396,2048,17227.57,1787761488.771
1135,155.229,0.000574,0.00083358,2048,13193.39,1787761488.927
1136,133.761,0.000387,0.00083319,2048,15310.88,1787761489.063
1137,139.431,0.000506,0.00083281,2048,14688.28,1787761489.203
1138,155.787,0.000387,0.00083243,2048,13146.13,1787761489.36
1139,186.432,0.00043,0.00083205,2048,10985.24,1787761489.548
1140,170.293,0.000586,0.00083167,2048,12026.32,1787761489.72
1141,167.152,0.000413,0.00083128,2048,12252.31,1787761489.888
1142,134.437,0.000443,0.0008309,2048,15233.89,1787761490.025
1143,133.67,0.000497,0.00083052,2048,15321.36,1787761490.159
1144,177.582,0.000455,0.00083013,2048,11532.69,1787761490.337
1145,183.51,0.000397,0.00082975,2048,11160.14,1787761490.523
1146,141.516,0.0005,0.00082936,2048,14471.91,1787761490.666
1147,102.087,0.000435,0.00082898,2048,20061.38,1787761490.769
1148,102.162,0.000669,0.00082859,2048,20046.51,1787761490.872
1149,110.123,0.000444,0.00082821,2048,18597.34,1787761490.984
1150,127.273,0.000596,0.00082782,2048,16091.33,1787761491.113
1151,130.612,0.00054,0.00082743,2048,15680.08,1787761491.245
1152,118.777,0.000478,0.00082705,2048,17242.38,1787761491.365
1153,134.47,0.000493,0.00082666,2048,15230.14,1787761491.502
1154,159.59,0.000498,0.00082627,2048,12832.85,1787761491.663
1155,161.22,0.0004,0.00082589,2048,12703.17,1787761491.826
1156,185.383,0.000383,0.0008255,2048,11047.41,1787761492.013
1157,183.515,0.000491,0.00082511,2048,11159.86,1787761492.198
1158,166.647,0.000411,0.00082472,2048,12289.49,1787761492.367
1159,181.779,0.000456,0.00082433,2048,11266.4,1787761492.55
1160,170.458,0.000562,0.00082394,2048,12014.67,1787761492.722
1161,208.279,0.000495,0.00082355,2048,9832.95,1787761492.931
1162,198.532,0.000514,0.00082316,2048,10315.7,1787761493.132
1163,211.892,0.000392,0.00082277,2048,9665.3,1787761493.345
1164,203.019,0.00042,0.00082238,2048,10087.72,1787761493.55
1165,198.622,0.00042,0.00082199,2048,10311.02,1787761493.75
1166,191.245,0.000417,0.0008216,2048,10708.75,1787761493.943
1167,183.969,0.000401,0.00082121,2048,11132.3,1787761494.129
1168,147.461,0.000398,0.00082082,2048,13888.43,1787761494.278
1169,150.725,0.000365,0.00082042,2048,13587.68,1787761494.429
1170,183.108,0.000366,0.00082003,2048,11184.67,1787761494.614
1171,171.287,0.000397,0.00081964,2048,11956.56,1787761494.788
1172,164.832,0.000405,0.00081925,2048,12424.78,1787761494.954
1173,169.749,0.000348,0.00081885,2048,12064.87,1787761495.125
1174,172.255,0.000437,0.00081846,2048,11889.34,1787761495.299
1175,133.858,0.0004,0.00081806,2048,15299.82,1787761495.435
1176,116.613,0.000477,0.00081767,2048,17562.32,1787761495.552
1177,163.042,0.00041,0.00081728,2048,12561.2,1787761495.717
1178,115.02,0.000409,0.00081688,2048,17805.66,1787761495.832
1179,133.255,0.000375,0.00081649,2048,15368.99,1787761495.967
1180,144.909,0.000366,0.00081609,2048,14132.98,1787761496.114
1181,164.647,0.000395,0.00081569,2048,12438.76,1787761496.279
1182,144.765,0.000397,0.0008153,2048,14147.1,1787761496.425
1183,149.38,0.000513,0.0008149,2048,13710.01,1787761496.576
1184,164.891,0.000427,0.0008145,2048,12420.34,1787761496.742
1185,137.627,0.00039,0.00081411,2048,14880.8,1787761496.88
1186,148.195,0.000619,0.00081371,2048,13819.67,1787761497.03
1187,127.214,0.000649,0.00081331,2048,16098.86,1787761497.159
1188,127.134,0.000409,0.00081291,2048,16108.96,1787761497.287
1189,121.328,0.00056,0.00081251,2048,16879.9,1787761497.411
1190,133.433,0.000414,0.00081211,2048,15348.48,1787761497.544
1191,182.493,0.000433,0.00081172,2048,11222.34,1787761497.729
1192,183.688,0.000388,0.00081132,2048,11149.33,1787761497.914
1193,183.332,0.000406,0.00081092,2048,11170.97,1787761498.099
1194,196.782,0.000355,0.00081052,2048,10407.47,1787761498.298
1195,196.553,0.000387,0.00081012,2048,10419.57,1787761498.496
1196,188.832,0.000405,0.00080972,2048,10845.64,1787761498.686
1197,210.664,0.000359,0.00080931,2048,9721.65,1787761498.898
1198,190.977,0.000357,0.00080891,2048,10723.81,1787761499.091
1199,182.772,0.000352,0.00080851,2048,11205.21,1787761499.276
1200,223.737,0.000422,0.00080811,2048,9153.6,1787761499.5
1201,216.313,0.00058,0.00080771,2048,9467.76,1787761499.72
1202,195.692,0.000348,0.0008073,2048,10465.4,1787761499.917
1203,219.306,0.000394,0.0008069,2048,9338.55,1787761500.138
1204,223.884,0.000391,0.0008065,2048,9147.61,1787761500.364
1205,221.661,0.000538,0.0008061,2048,9239.34,1787761500.587
1206,223.723,0.000472,0.00080569,2048,9154.19,1787761500.813
1207,229.426,0.00038,0.00080529,2048,8926.63,1787761501.045
1208,218.556,0.000354,0.00080488,2048,9370.6,1787761501.266
1209,229.496,0.00038,0.00080448,2048,8923.9,1787761501.497
1210,224.055,0.000434,0.00080407,2048,9140.62,1787761501.723
1211,211.514,0.000348,0.00080367,2048,9682.57,1787761501.936
1212,202.784,0.000512,0.00080326,2048,10099.4,1787761502.141
1213,173.307,0.00042,0.00080286,2048,11817.16,1787761502.316
1214,180.994,0.000341,0.00080245,2048,11315.27,1787761502.498
1215,198.063,0.000372,0.00080204,2048,10340.12,1787761502.699
1216,200.903,0.000369,0.00080164,2048,10193.97,1787761502.901
1217,181.771,0.000351,0.00080123,2048,11266.92,1787761503.085
1218,157.763,0.000345,0.00080082,2048,12981.47,1787761503.244
1219,146.278,0.000349,0.00080041,2048,14000.72,1787761503.391
1220,128.739,0.000407,0.00080001,2048,15908.11,1787761503.522
1221,161.66,0.000376,0.0007996,2048,12668.59,1787761503.686
1222,161.947,0.000379,0.00079919,2048,12646.09,1787761503.849
1223,174.783,0.000336,0.00079878,2048,11717.39,1787761504.025
1224,152.508,0.000321,0.00079837,2048,13428.81,1787761504.178
1225,129.383,0.000348,0.00079796,2048,15829.02,1787761504.309
1226,169.009,0.000352,0.00079755,2048,12117.72,1787761504.479
1227,155.885,0.000353,0.00079714,2048,13137.92,1787761504.636
1228,175.47,0.000528,0.00079673,2048,11671.49,1787761504.813
1229,136.972,0.000337,0.00079632,2048,14951.93,1787761504.952
1230,135.638,0.000523,0.00079591,2048,15099.02,1787761505.089
1231,156.943,0.000372,0.0007955,2048,13049.3,1787761505.247
1232,170.663,0.000374,0.00079509,2048,12000.25,1787761505.419
1233,149.503,0.000507,0.00079468,2048,13698.69,1787761505.57
1234,152.146,0.000641,0.00079426,2048,13460.75,1787761505.723
1235,131.363,0.000358,0.00079385,2048,15590.35,1787761505.855
1236,120.338,0.000471,0.00079344,2048,17018.77,1787761505.977
1237,139.417,0.000533,0.00079303,2048,14689.79,1787761506.119
1238,135.58,0.000572,0.00079261,2048,15105.46,1787761506.255
1239,178.437,0.000373,0.0007922,2048,11477.41,1787761506.435
1240,184.182,0.000676,0.00079178,2048,11119.44,1787761506.621
1241,188.806,0.000662,0.00079137,2048,10847.12,1787761506.811
1242,152.778,0.000461,0.00079096,2048,13405.03,1787761506.965
1243,178.185,0.000463,0.00079054,2048,11493.69,1787761507.145
1244,209.635,0.000671,0.00079013,2048,9769.37,1787761507.357
1245,187.929,0.000553,0.00078971,2048,10897.76,1787761507.546
1246,200.134,0.000504,0.0007893,2048,10233.15,1787761507.748
1247,188.673,0.000388,0.00078888,2048,10854.77,1787761507.938
1248,189.797,0.000527,0.00078846,2048,10790.5,1787761508.13
1249,190.619,0.000446,0.00078805,2048,10743.92,1787761508.322
1250,194.896,0.00033,0.00078763,2048,10508.18,1787761508.518
1251,207.083,0.000345,0.00078721,2048,9889.74,1787761508.727
1252,249.031,0.000682,0.0007868,2048,8223.88,1787761508.978
1253,205.937,0.000382,0.00078638,2048,9944.77,1787761509.186
1254,207.885,0.000343,0.00078596,2048,9851.61,1787761509.395
1255,196.193,0.000451,0.00078554,2048,10438.68,1787761509.593
1256,188.307,0.000544,0.00078512,2048,10875.84,1787761509.783
1257,152.938,0.000317,0.00078471,2048,13391.07,1787761509.938
1258,184.899,0.000357,0.00078429,2048,11076.3,1787761510.124
1259,211.531,0.000382,0.00078387,2048,9681.77,1787761510.338
1260,224.238,0.000449,0.00078345,2048,9133.15,1787761510.563
1261,237.461,0.0003,0.00078303,2048,8624.56,1787761510.803
1262,241.622,0.000398,0.00078261,2048,8476.04,1787761511.046
1263,217.078,0.000332,0.00078219,2048,9434.39,1787761511.266
1264,227.847,0.000339,0.00078177,2048,8988.5,1787761511.496
1265,225.247,0.000363,0.00078135,2048,9092.24,1787761511.723
1266,220.541,0.00033,0.00078093,2048,9286.24,1787761511.945
1267,234.805,0.000435,0.0007805,2048,8722.13,1787761512.181
1268,202.733,0.000334,0.00078008,2048,10101.95,1787761512.386
1269,210.754,0.000344,0.00077966,2048,9717.49,1787761512.599
1270,206.745,0.000351,0.00077924,2048,9905.91,1787761512.808
1271,205.089,0.00035,0.00077882,2048,9985.9,1787761513.014
1272,180.348,0.000384,0.00077839,2048,11355.81,1787761513.196
1273,193.196,0.000288,0.00077797,2048,10600.61,1787761513.391
1274,194.757,0.000339,0.00077755,2048,10515.7,1787761513.588
1275,179.276,0.000348,0.00077712,2048,11423.71,1787761513.769
1276,196.248,0.000403,0.0007767,2048,10435.76,1787761513.967
1277,186.647,0.000394,0.00077627,2048,10972.56,1787761514.155
1278,195.624,0.000363,0.00077585,2048,10469.06,1787761514.353
1279,184.482,0.000309,0.00077542,2048,11101.36,1787761514.539
1280,212.574,0.000368,0.000775,2048,9634.28,1787761514.753
1281,207.152,0.000479,0.00077457,2048,9886.45,1787761514.962
1282,212.733,0.000374,0.00077415,2048,9627.1,1787761515.177
1283,212.62,0.000388,0.00077372,2048,9632.19,1787761515.392
1284,209.87,0.000382,0.0007733,2048,9758.4,1787761515.603
1285,174.984,0.000587,0.00077287,2048,11703.91,1787761515.78
1286,175.482,0.000408,0.00077244,2048,11670.73,1787761515.957
1287,195.125,0.000332,0.00077202,2048,10495.81,1787761516.154
1288,167.253,0.00033,0.00077159,2048,12244.94,1787761516.322
1289,191.24,0.000372,0.00077116,2048,10709.08,1787761516.515
1290,196.038,0.00033,0.00077074,2048,10446.95,1787761516.713
1291,208.111,0.000403,0.00077031,2048,9840.89,1787761516.922
1292,217.261,0.000313,0.00076988,2048,9426.43,1787761517.142
1293,204.9,0.000448,0.00076945,2048,9995.1,1787761517.348
1294,187.639,0.000352,0.00076902,2048,10914.55,1787761517.537
1295,185.578,0.000478,0.00076859,2048,11035.78,1787761517.725
1296,205.187,0.000454,0.00076816,2048,9981.15,1787761517.931
1297,204.949,0.000345,0.00076773,2048,9992.73,1787761518.139
1298,192.793,0.000386,0.00076731,2048,10622.8,1787761518.333
1299,196.18,0.000329,0.00076688,2048,10439.38,1787761518.531
1300,199.007,0.000306,0.00076644,2048,10291.11,1787761518.732
1301,212.171,0.000355,0.00076601,2048,9652.57,1787761518.946
1302,206.162,0.000449,0.00076558,2048,9933.92,1787761519.154
1303,202.493,0.000365,0.00076515,2048,10113.92,1787761519.358
1304,209.633,0.000386,0.00076472,2048,9769.44,1787761519.57
1305,221.579,0.000303,0.00076429,2048,9242.77,1787761519.793
1306,216.181,0.000351,0.00076386,2048,9473.53,1787761520.011
1307,200.066,0.000529,0.00076343,2048,10236.6,1787761520.212
1308,217.849,0.000501,0.00076299,2048,9401.01,1787761520.431
1309,218.03,0.000333,0.00076256,2048,9393.2,1787761520.651
1310,201.82,0.000407,0.00076213,2048,10147.68,1787761520.855
1311,181.447,0.00081,0.0007617,2048,11287.04,1787761521.038
1312,190.878,0.00042,0.00076126,2048,10729.36,1787761521.23
1313,214.988,0.000494,0.00076083,2048,9526.09,1787761521.447
1314,207.81,0.000477,0.00076039,2048,9855.13,1787761521.656
1315,183.09,0.000501,0.00075996,2048,11185.77,1787761521.842
1316,189.234,0.000322,0.00075953,2048,10822.59,1787761522.033
1317,206.887,0.000332,0.00075909,2048,9899.14,1787761522.242
1318,210.342,0.000392,0.00075866,2048,9736.53,1787761522.455
1319,216.802,0.000381,0.00075822,2048,9446.39,1787761522.673
1320,180.653,0.000301,0.00075779,2048,11336.63,1787761522.855
1321,173.829,0.00029,0.00075735,2048,11781.71,1787761523.031
1322,169.574,0.000769,0.00075692,2048,12077.33,1787761523.202
1323,180.07,0.000279,0.00075648,2048,11373.35,1787761523.383
1324,192.546,0.000358,0.00075604,2048,10636.41,1787761523.578
1325,191.247,0.000292,0.00075561,2048,10708.64,1787761523.77
1326,164.384,0.000437,0.00075517,2048,12458.62,1787761523.936
1327,178.059,0.00037,0.00075473,2048,11501.84,1787761524.116
1328,191.214,0.000318,0.0007543,2048,10710.51,1787761524.309
1329,173.429,0.000303,0.00075386,2048,11808.83,1787761524.483
1330,176.661,0.000402,0.00075342,2048,11592.84,1787761524.661
1331,275.201,0.000471,0.00075298,2048,7441.84,1787761524.938
1332,216.676,0.000398,0.00075254,2048,9451.88,1787761525.156
1333,236.534,0.000376,0.00075211,2048,8658.37,1787761525.396
1334,237.793,0.000415,0.00075167,2048,8612.52,1787761525.636
1335,205.68,0.000355,0.00075123,2048,9957.22,1787761525.843
1336,189.273,0.000425,0.00075079,2048,10820.36,1787761526.034
1337,183.41,0.000496,0.00075035,2048,11166.22,1787761526.219
1338,199.003,0.000404,0.00074991,2048,10291.3,1787761526.419
1339,225.779,0.000377,0.00074947,2048,9070.8,1787761526.647
1340,171.218,0.000382,0.00074903,2048,11961.35,1787761526.819
1341,180.972,0.000359,0.00074859,2048,11316.67,1787761527.003
1342,186.796,0.000316,0.00074815,2048,10963.82,1787761527.192
1343,192.784,0.000314,0.00074771,2048,10623.28,1787761527.386
1344,160.804,0.000359,0.00074727,2048,12736.03,1787761527.548
1345,195.487,0.000726,0.00074683,2048,10476.39,1787761527.746
1346,207.746,0.000359,0.00074638,2048,9858.19,1787761527.955
1347,207.408,0.000486,0.00074594,2048,9874.25,1787761528.164
1348,209.476,0.000661,0.0007455,2048,9776.76,1787761528.375
1349,168.469,0.000425,0.00074506,2048,12156.55,1787761528.545
1350,185.077,0.000465,0.00074462,2048,11065.65,1787761528.732
1351,153.146,0.000692,0.00074417,2048,13372.82,1787761528.888
1352,189.295,0.00034,0.00074373,2048,10819.09,1787761529.079
1353,130.225,0.000694,0.00074329,2048,15726.58,1787761529.21
1354,172.931,0.000383,0.00074284,2048,11842.88,1787761529.384
1355,192.554,0.000381,0.0007424,2048,10635.97,1787761529.579
1356,182.568,0.000413,0.00074196,2048,11217.76,1787761529.763
1357,159.828,0.000664,0.00074151,2048,12813.8,1787761529.924
1358,211.421,0.000458,0.00074107,2048,9686.82,1787761530.137
1359,209.506,0.000321,0.00074062,2048,9775.38,1787761530.348
1360,202.192,0.000608,0.00074018,2048,10129.0,1787761530.552
1361,218.182,0.00062,0.00073973,2048,9386.67,1787761530.773
1362,192.016,0.000426,0.00073929,2048,10665.77,1787761530.966
1363,188.203,0.000424,0.00073884,2048,10881.87,1787761531.156
1364,186.792,0.000476,0.0007384,2048,10964.09,1787761531.345
1365,189.165,0.000433,0.00073795,2048,10826.53,1787761531.536
1366,220.266,0.000449,0.0007375,2048,9297.83,1787761531.759
1367,190.318,0.000295,0.00073706,2048,10760.93,1787761531.95
1368,184.523,0.000447,0.00073661,2048,11098.88,1787761532.136
1369,182.781,0.000442,0.00073617,2048,11204.68,1787761532.322
1370,182.732,0.000408,0.00073572,2048,11207.65,1787761532.506
1371,198.862,0.000449,0.00073527,2048,10298.6,1787761532.706
1372,210.728,0.000492,0.00073482,2048,9718.68,1787761532.919
1373,248.353,0.00045,0.00073438,2048,8246.33,1787761533.168
1374,233.324,0.000577,0.00073393,2048,8777.48,1787761533.404
1375,230.261,0.000462,0.00073348,2048,8894.25,1787761533.636
1376,208.761,0.00036,0.00073303,2048,9810.25,1787761533.847
1377,238.691,0.000541,0.00073258,2048,8580.13,1787761534.088
1378,237.389,0.000544,0.00073213,2048,8627.2,1787761534.327
1379,228.333,0.000281,0.00073169,2048,8969.34,1787761534.557
1380,196.514,0.000532,0.00073124,2048,10421.65,1787761534.755
1381,226.89,0.000498,0.00073079,2048,9026.4,1787761534.983
1382,219.61,0.000251,0.00073034,2048,9325.61,1787761535.204
1383,205.697,0.000382,0.00072989,2048,9956.39,1787761535.412
1384,208.265,0.000469,0.00072944,2048,9833.62,1787761535.622
1385,224.801,0.000397,0.00072899,2048,9110.27,1787761535.848
1386,219.899,0.000486,0.00072854,2048,9313.35,1787761536.071
1387,226.23,0.000313,0.00072809,2048,9052.75,1787761536.3
1388,212.521,0.000357,0.00072763,2048,9636.69,1787761536.514
1389,227.076,0.00032,0.00072718,2048,9019.01,1787761536.743
1390,229.568,0.000298,0.00072673,2048,8921.09,1787761536.974
1391,194.908,0.000314,0.00072628,2048,10507.52,1787761537.171
1392,173.279,0.000357,0.00072583,2048,11819.09,1787761537.346
1393,143.241,0.000289,0.00072538,2048,14297.62,1787761537.491
1394,157.207,0.00041,0.00072492,2048,13027.44,1787761537.65
1395,130.733,0.000331,0.00072447,2048,15665.53,1787761537.781
1396,137.827,0.000294,0.00072402,2048,14859.19,1787761537.921
1397,165.849,0.000319,0.00072357,2048,12348.57,1787761538.089
1398,183.488,0.000308,0.00072311,2048,11161.51,1787761538.273
1399,245.636,0.000274,0.00072266,2048,8337.55,1787761538.519
1400,230.215,0.00028,0.00072221,2048,8896.03,1787761538.752
1401,211.29,0.000343,0.00072175,2048,9692.85,1787761538.965
1402,203.393,0.000313,0.0007213,2048,10069.17,1787761539.171
1403,202.244,0.000349,0.00072085,2048,10126.36,1787761539.374
1404,199.572,0.000329,0.00072039,2048,10261.97,1787761539.576
1405,206.474,0.000391,0.00071994,2048,9918.93,1787761539.785
1406,182.536,0.000411,0.00071948,2048,11219.72,1787761539.969
1407,141.79,0.000275,0.00071903,2048,14443.93,1787761540.112
1408,144.19,0.000489,0.00071857,2048,14203.44,1787761540.257
1409,130.412,0.000432,0.00071812,2048,15704.08,1787761540.389
1410,190.466,0.000319,0.00071766,2048,10752.58,1787761540.582
1411,168.976,0.00027,0.00071721,2048,12120.06,1787761540.751
1412,194.6,0.000285,0.00071675,2048,10524.16,1787761540.949
1413,167.141,0.000401,0.00071629,2048,12253.14,1787761541.116
1414,226.496,0.000458,0.00071584,2048,9042.08,1787761541.345
1415,193.941,0.000252,0.00071538,2048,10559.9,1787761541.54
1416,222.486,0.000318,0.00071493,2048,9205.09,1787761541.764
1417,214.252,0.000448,0.00071447,2048,9558.83,1787761541.98
1418,187.384,0.000508,0.00071401,2048,10929.43,1787761542.169
1419,191.001,0.000296,0.00071355,2048,10722.46,1787761542.361
1420,198.338,0.000289,0.0007131,2048,10325.79,1787761542.562
1421,177.623,0.000505,0.00071264,2048,11530.02,1787761542.741
1422,142.014,0.000508,0.00071218,2048,14421.1,1787761542.885
1423,147.949,0.000387,0.00071172,2048,13842.65,1787761543.035
1424,148.134,0.000481,0.00071127,2048,13825.31,1787761543.185
1425,199.103,0.000576,0.00071081,2048,10286.14,1787761543.385
1426,191.208,0.000384,0.00071035,2048,10710.84,1787761543.578
1427,179.963,0.000335,0.00070989,2048,11380.14,1787761543.759
1428,239.062,0.000305,0.00070943,2048,8566.82,1787761544.001
1429,173.657,0.000372,0.00070897,2048,11793.36,1787761544.176
1430,213.522,0.000285,0.00070851,2048,9591.52,1787761544.391
1431,209.325,0.0005,0.00070805,2048,9783.83,1787761544.602
1432,207.805,0.000442,0.00070759,2048,9855.39,1787761544.811
1433,196.246,0.000306,0.00070713,2048,10435.9,1787761545.009
1434,184.935,0.000341,0.00070667,2048,11074.19,1787761545.196
1435,193.464,0.000332,0.00070621,2048,10585.97,1787761545.391
1436,225.91,0.000365,0.00070575,2048,9065.55,1787761545.619
1437,190.965,0.000492,0.00070529,2048,10724.5,1787761545.812
1438,194.351,0.000308,0.00070483,2048,10537.66,1787761546.008
1439,206.974,0.000314,0.00070437,2048,9894.98,1787761546.216
1440,182.369,0.000319,0.00070391,2048,11230.0,1787761546.401
1441,212.727,0.000317,0.00070345,2048,9627.36,1787761546.616
1442,206.796,0.000339,0.00070299,2048,9903.5,1787761546.825
1443,224.102,0.000623,0.00070252,2048,9138.7,1787761547.051
1444,211.041,0.000325,0.00070206,2048,9704.28,1787761547.264
1445,207.678,0.00034,0.0007016,2048,9861.42,1787761547.473
1446,228.069,0.000453,0.00070114,2048,8979.75,1787761547.703
1447,193.581,0.000412,0.00070068,2048,10579.57,1787761547.899
1448,198.893,0.000403,0.00070021,2048,10296.98,1787761548.099
1449,195.553,0.00025,0.00069975,2048,10472.88,1787761548.297
1450,196.994,0.000249,0.00069929,2048,10396.27,1787761548.496
1451,199.873,0.000823,0.00069882,2048,10246.5,1787761548.697
1452,176.874,0.000294,0.00069836,2048,11578.89,1787761548.876
1453,190.843,0.000302,0.0006979,2048,10731.35,1787761549.068
1454,188.734,0.000316,0.00069743,2048,10851.26,1787761549.258
1455,184.579,0.000458,0.00069697,2048,11095.54,1787761549.444
1456,224.435,0.000577,0.00069651,2048,9125.13,1787761549.671
1457,231.781,0.000405,0.00069604,2048,8835.92,1787761549.904
1458,206.947,0.000281,0.00069558,2048,9896.27,1787761550.112
1459,205.43,0.000447,0.00069511,2048,9969.33,1787761550.321
1460,185.107,0.000282,0.00069465,2048,11063.9,1787761550.508
1461,187.363,0.000233,0.00069418,2048,10930.68,1787761550.697
1462,184.858,0.000323,0.00069372,2048,11078.77,1787761550.884
1463,164.62,0.000261,0.00069325,2048,12440.8,1787761551.05
1464,152.902,0.000289,0.00069279,2048,13394.18,1787761551.205
1465,145.579,0.000338,0.00069232,2048,14067.99,1787761551.351
1466,173.163,0.000332,0.00069186,2048,11826.99,1787761551.526
1467,129.016,0.000245,0.00069139,2048,15874.05,1787761551.657
1468,143.566,0.000261,0.00069092,2048,14265.18,1787761551.802
1469,145.084,0.000305,0.00069046,2048,14115.94,1787761551.948
1470,133.992,0.000307,0.00068999,2048,15284.46,1787761552.083
1471,171.59,0.000744,0.00068952,2048,11935.46,1787761552.256
1472,175.861,0.000679,0.00068906,2048,11645.56,1787761552.433
1473,153.637,0.000491,0.00068859,2048,13330.09,1787761552.588
1474,172.561,0.000299,0.00068812,2048,11868.25,1787761552.762
1475,167.06,0.000444,0.00068766,2048,12259.05,1787761552.931
1476,162.333,0.00071,0.00068719,2048,12616.07,1787761553.095
1477,183.231,0.000267,0.00068672,2048,11177.14,1787761553.281
1478,167.672,0.000315,0.00068625,2048,12214.29,1787761553.45
1479,189.717,0.000351,0.00068579,2048,10795.02,1787761553.642
1480,178.733,0.000344,0.00068532,2048,11458.4,1787761553.822
1481,180.312,0.000347,0.00068485,2048,11358.07,1787761554.004
1482,169.289,0.00026,0.00068438,2048,12097.63,1787761554.176
1483,183.141,0.000378,0.00068391,2048,11182.61,1787761554.359
1484,174.294,0.000511,0.00068344,2048,11750.25,1787761554.536
1485,198.871,0.000288,0.00068297,2048,10298.15,1787761554.736
1486,176.706,0.000396,0.00068251,2048,11589.84,1787761554.915
1487,182.79,0.000416,0.00068204,2048,11204.09,1787761555.099
1488,187.067,0.000291,0.00068157,2048,10947.97,1787761555.288
1489,162.969,0.000278,0.0006811,2048,12566.84,1787761555.452
1490,156.982,0.00025,0.00068063,2048,13046.07,1787761555.61
1491,160.947,0.000296,0.00068016,2048,12724.7,1787761555.774
1492,130.658,0.000387,0.00067969,2048,15674.46,1787761555.905
1493,148.565,0.000274,0.00067922,2048,13785.24,1787761556.055
1494,111.898,0.000286,0.00067875,2048,18302.33,1787761556.168
1495,121.293,0.000297,0.00067828,2048,16884.68,1787761556.291
1496,106.675,0.00039,0.00067781,2048,19198.48,1787761556.398
1497,133.675,0.000471,0.00067734,2048,15320.76,1787761556.533
1498,110.103,0.000328,0.00067687,2048,18600.7,1787761556.643
1499,99.163,0.000333,0.00067639,2048,20652.84,1787761556.744
1500,116.909,0.000462,0.00067592,2048,17517.9,1787761556.861
1501,117.615,0.000245,0.00067545,2048,17412.73,1787761556.981
1502,118.752,0.000622,0.00067498,2048,17246.01,1787761557.101
1503,136.9,0.000704,0.00067451,2048,14959.86,1787761557.238
1504,156.9,0.000362,0.00067404,2048,13052.92,1787761557.396
1505,174.114,0.000285,0.00067356,2048,11762.4,1787761557.573
1506,159.27,0.000394,0.00067309,2048,12858.68,1787761557.733
1507,159.156,0.000531,0.00067262,2048,12867.87,1787761557.894
1508,144.967,0.000669,0.00067215,2048,14127.31,1787761558.04
1509,119.71,0.000282,0.00067168,2048,17108.04,1787761558.16
1510,122.818,0.000326,0.0006712,2048,16675.03,1787761558.284
1511,142.65,0.000523,0.00067073,2048,14356.8,1787761558.428
1512,129.495,0.00054,0.00067026,2048,15815.32,1787761558.559
1513,117.21,0.000349,0.00066978,2048,17472.97,1787761558.677
1514,105.476,0.000417,0.00066931,2048,19416.72,1787761558.783
1515,124.226,0.000473,0.00066884,2048,16486.08,1787761558.909
1516,129.204,0.000483,0.00066836,2048,15850.9,1787761559.039
1517,139.4,0.000703,0.00066789,2048,14691.57,1787761559.18
1518,107.754,0.000341,0.00066742,2048,19006.22,1787761559.29
1519,137.147,0.00034,0.00066694,2048,14932.88,1787761559.427
1520,114.112,0.000546,0.00066647,2048,17947.31,1787761559.543
1521,116.244,0.000414,0.00066599,2048,17618.05,1787761559.66
1522,114.724,0.00043,0.00066552,2048,17851.46,1787761559.776
1523,102.127,0.000578,0.00066505,2048,20053.36,1787761559.879
1524,116.046,0.000391,0.00066457,2048,17648.11,1787761559.997
1525,124.072,0.000453,0.0006641,2048,16506.6,1787761560.122
1526,108.905,0.000507,0.00066362,2048,18805.45,1787761560.231
1527,100.843,0.000411,0.00066315,2048,20308.76,1787761560.334
1528,113.858,0.000438,0.00066267,2048,17987.3,1787761560.449
1529,140.801,0.000332,0.0006622,2048,14545.35,1787761560.591
1530,106.052,0.00043,0.00066172,2048,19311.26,1787761560.698
1531,116.566,0.00038,0.00066124,2048,17569.39,1787761560.816
1532,111.61,0.000857,0.00066077,2048,18349.58,1787761560.928
1533,109.447,0.000447,0.00066029,2048,18712.27,1787761561.038
1534,111.216,0.000328,0.00065982,2048,18414.63,1787761561.151
1535,150.959,0.000422,0.00065934,2048,13566.57,1787761561.303
1536,163.565,0.000402,0.00065886,2048,12520.99,1787761561.469
1537,149.918,0.000846,0.00065839,2048,13660.85,1787761561.62
1538,114.059,0.000408,0.00065791,2048,17955.68,1787761561.735
1539,131.152,0.000337,0.00065744,2048,15615.52,1787761561.868
1540,122.283,0.000446,0.00065696,2048,16748.08,1787761561.991
1541,141.003,0.000416,0.00065648,2048,14524.5,1787761562.133
1542,166.593,0.000285,0.000656,2048,12293.44,1787761562.301
1543,137.681,0.00068,0.00065553,2048,14874.94,1787761562.441
1544,157.791,0.000269,0.00065505,2048,12979.2,1787761562.599
1545,158.487,0.000805,0.00065457,2048,12922.2,1787761562.76
1546,165.538,0.000235,0.0006541,2048,12371.77,1787761562.927
1547,190.909,0.000307,0.00065362,2048,10727.6,1787761563.12
1548,181.277,0.000804,0.00065314,2048,11297.63,1787761563.303
1549,176.407,0.000372,0.00065266,2048,11609.49,1787761563.481
1550,157.972,0.000634,0.00065218,2048,12964.33,1787761563.641
1551,129.761,0.000329,0.00065171,2048,15782.84,1787761563.771
1552,177.073,0.000378,0.00065123,2048,11565.88,1787761563.949
1553,147.662,0.0005,0.00065075,2048,13869.52,1787761564.099
1554,167.456,0.000397,0.00065027,2048,12230.06,1787761564.267
1555,172.194,0.000902,0.00064979,2048,11893.53,1787761564.441
1556,162.401,0.000518,0.00064931,2048,12610.78,1787761564.605
1557,133.794,0.000361,0.00064884,2048,15307.17,1787761564.741
1558,135.505,0.000711,0.00064836,2048,15113.86,1787761564.877
1559,125.034,0.000589,0.00064788,2048,16379.51,1787761565.003
1560,117.888,0.000352,0.0006474,2048,17372.38,1787761565.122
1561,113.496,0.000423,0.00064692,2048,18044.69,1787761565.236
1562,126.491,0.000399,0.00064644,2048,16190.85,1787761565.364
1563,121.023,0.000424,0.00064596,2048,16922.38,1787761565.485
1564,121.025,0.000403,0.00064548,2048,16922.17,1787761565.607
1565,118.294,0.000725,0.000645,2048,17312.83,1787761565.726
1566,124.169,0.000261,0.00064452,2048,16493.69,1787761565.852
1567,104.718,0.000342,0.00064404,2048,19557.31,1787761565.958
1568,134.057,0.000453,0.00064356,2048,15277.12,1787761566.093
1569,118.444,0.000526,0.00064308,2048,17290.92,1787761566.213
1570,122.983,0.000399,0.0006426,2048,16652.69,1787761566.337
1571,127.42,0.000454,0.00064212,2048,16072.88,1787761566.466
1572,169.391,0.000336,0.00064164,2048,12090.41,1787761566.636
1573,172.647,0.00028,0.00064116,2048,11862.34,1787761566.811
1574,181.552,0.000415,0.00064068,2048,11280.5,1787761566.996
1575,187.081,0.00029,0.0006402,2048,10947.14,1787761567.184
1576,153.475,0.000239,0.00063972,2048,13344.23,1787761567.339
1577,132.174,0.000373,0.00063923,2048,15494.7,1787761567.472
1578,167.556,0.000319,0.00063875,2048,12222.79,1787761567.642
1579,161.665,0.000345,0.00063827,2048,12668.2,1787761567.805
1580,168.955,0.000306,0.00063779,2048,12121.56,1787761567.976
1581,182.35,0.000301,0.00063731,2048,11231.16,1787761568.16
1582,168.117,0.000453,0.00063683,2048,12182.0,1787761568.329
1583,181.038,0.000296,0.00063635,2048,11312.57,1787761568.512
1584,183.969,0.000452,0.00063586,2048,11132.3,1787761568.697
1585,179.023,0.00022,0.00063538,2048,11439.87,1787761568.879
1586,177.232,0.000283,0.0006349,2048,11555.45,1787761569.058
1587,175.37,0.000265,0.00063442,2048,11678.17,1787761569.234
1588,162.329,0.000351,0.00063394,2048,12616.35,1787761569.398
1589,155.384,0.000241,0.00063345,2048,13180.22,1787761569.555
1590,155.353,0.000328,0.00063297,2048,13182.85,1787761569.713
1591,176.767,0.000465,0.00063249,2048,11585.89,1787761569.891
1592,146.908,0.00036,0.00063201,2048,13940.72,1787761570.039
1593,112.382,0.000301,0.00063152,2048,18223.61,1787761570.152
1594,141.455,0.00027,0.00063104,2048,14478.07,1787761570.297
1595,155.905,0.0003,0.00063056,2048,13136.25,1787761570.454
1596,152.294,0.000333,0.00063007,2048,13447.71,1787761570.607
1597,173.394,0.000405,0.00062959,2048,11811.26,1787761570.781
1598,169.767,0.000396,0.00062911,2048,12063.62,1787761570.953
1599,173.448,0.000488,0.00062863,2048,11807.56,1787761571.128
1600,132.908,0.000279,0.00062814,2048,15409.18,1787761571.262
1601,106.707,0.000446,0.00062766,2048,19192.71,1787761571.37
1602,105.711,0.000416,0.00062717,2048,19373.61,1787761571.477
1603,111.18,0.00033,0.00062669,2048,18420.61,1787761571.589
1604,143.924,0.000398,0.00062621,2048,14229.74,1787761571.734
1605,169.329,0.000554,0.00062572,2048,12094.8,1787761571.905
1606,180.191,0.000572,0.00062524,2048,11365.69,1787761572.087
1607,170.445,0.000424,0.00062476,2048,12015.58,1787761572.259
1608,150.993,0.00047,0.00062427,2048,13563.57,1787761572.411
1609,164.6,0.000964,0.00062379,2048,12442.29,1787761572.576
1610,173.624,0.000265,0.0006233,2048,11795.59,1787761572.752
1611,165.646,0.000427,0.00062282,2048,12363.69,1787761572.919
1612,160.669,0.000448,0.00062233,2048,12746.73,1787761573.081
1613,170.402,0.000343,0.00062185,2048,12018.62,1787761573.253
1614,146.94,0.000304,0.00062137,2048,13937.67,1787761573.401
1615,156.559,0.000489,0.00062088,2048,13081.32,1787761573.559
1616,177.851,0.0004,0.0006204,2048,11515.26,1787761573.738
1617,220.55,0.00031,0.00061991,2048,9285.86,1787761573.96
1618,182.773,0.00037,0.00061943,2048,11205.15,1787761574.145
1619,158.889,0.000384,0.00061894,2048,12889.51,1787761574.305
1620,193.509,0.00028,0.00061846,2048,10583.49,1787761574.5
1621,168.047,0.000246,0.00061797,2048,12187.07,1787761574.67
1622,153.191,0.000278,0.00061749,2048,13368.98,1787761574.826
1623,144.847,0.000236,0.000617,2048,14139.02,1787761574.971
1624,170.871,0.000261,0.00061651,2048,11985.64,1787761575.143
1625,142.878,0.00031,0.00061603,2048,14333.88,1787761575.287
1626,158.855,0.000246,0.00061554,2048,12892.29,1787761575.448
1627,170.415,0.000359,0.00061506,2048,12017.72,1787761575.62
1628,172.785,0.000318,0.00061457,2048,11852.9,1787761575.795
1629,154.01,0.000295,0.00061409,2048,13297.87,1787761575.951
1630,164.004,0.000333,0.0006136,2048,12487.51,1787761576.116
1631,144.834,0.000624,0.00061311,2048,14140.3,1787761576.262
1632,165.993,0.00036,0.00061263,2048,12337.9,1787761576.429
1633,171.211,0.000229,0.00061214,2048,11961.82,1787761576.601
1634,196.315,0.000306,0.00061166,2048,10432.2,1787761576.8
1635,185.622,0.000329,0.00061117,2048,11033.15,1787761576.987
1636,191.393,0.000286,0.00061068,2048,10700.51,1787761577.181
1637,171.929,0.00022,0.0006102,2048,11911.87,1787761577.354
1638,167.175,0.000278,0.00060971,2048,12250.62,1787761577.523
1639,171.65,0.000297,0.00060922,2048,11931.23,1787761577.696
1640,168.138,0.000511,0.00060874,2048,12180.5,1787761577.866
1641,173.938,0.000254,0.00060825,2048,11774.28,1787761578.042
1642,182.937,0.00032,0.00060776,2048,11195.12,1787761578.227
1643,164.438,0.00026,0.00060728,2048,12454.51,1787761578.392
1644,129.176,0.000359,0.00060679,2048,15854.35,1787761578.523
1645,135.908,0.000318,0.0006063,2048,15068.96,1787761578.66
1646,110.406,0.000332,0.00060582,2048,18549.63,1787761578.772
1647,106.364,0.000325,0.00060533,2048,19254.71,1787761578.878
1648,134.252,0.000255,0.00060484,2048,15254.85,1787761579.013
1649,148.158,0.000268,0.00060435,2048,13823.07,1787761579.164
1650,184.201,0.00028,0.00060387,2048,11118.27,1787761579.35
1651,185.784,0.000282,0.00060338,2048,11023.54,1787761579.537
1652,177.034,0.000269,0.00060289,2048,11568.39,1787761579.716
1653,180.672,0.000348,0.0006024,2048,11335.44,1787761579.898
1654,160.35,0.000643,0.00060192,2048,12772.07,1787761580.06
1655,179.071,0.000392,0.00060143,2048,11436.78,1787761580.24
1656,169.958,0.00026,0.00060094,2048,12050.04,1787761580.412
1657,170.072,0.000363,0.00060045,2048,12041.94,1787761580.584
1658,177.644,0.000279,0.00059997,2048,11528.68,1787761580.763
1659,153.943,0.000317,0.00059948,2048,13303.61,1787761580.919
1660,119.753,0.000304,0.00059899,2048,17101.94,1787761581.04
1661,134.64,0.000491,0.0005985,2048,15210.93,1787761581.177
1662,154.211,0.000463,0.00059801,2048,13280.53,1787761581.332
1663,166.105,0.000488,0.00059753,2048,12329.57,1787761581.499
1664,177.649,0.000252,0.00059704,2048,11528.34,1787761581.678
1665,172.81,0.000391,0.00059655,2048,11851.14,1787761581.853
1666,170.952,0.000266,0.00059606,2048,11979.98,1787761582.025
1667,174.194,0.000334,0.00059557,2048,11757.01,1787761582.201
1668,167.943,0.00104,0.00059508,2048,12194.64,1787761582.371
1669,151.808,0.000523,0.0005946,2048,13490.73,1787761582.524
1670,145.511,0.000342,0.00059411,2048,14074.53,1787761582.67
1671,206.774,0.000314,0.00059362,2048,9904.55,1787761582.878
1672,239.656,0.000485,0.00059313,2048,8545.59,1787761583.12
1673,179.402,0.000435,0.00059264,2048,11415.72,1787761583.301
1674,154.787,0.000461,0.00059215,2048,13231.07,1787761583.457
1675,108.74,0.000339,0.00059166,2048,18833.86,1787761583.568
1676,136.775,0.000312,0.00059118,2048,14973.54,1787761583.705
1677,160.835,0.000324,0.00059069,2048,12733.52,1787761583.867
1678,124.117,0.000258,0.0005902,2048,16500.52,1787761583.993
1679,99.073,0.000287,0.00058971,2048,20671.73,1787761584.093
1680,110.474,0.000321,0.00058922,2048,18538.23,1787761584.204
1681,109.947,0.000349,0.00058873,2048,18627.12,1787761584.315
1682,103.901,0.000315,0.00058824,2048,19711.13,1787761584.42
1683,115.129,0.000224,0.00058775,2048,17788.77,1787761584.537
1684,106.007,0.000274,0.00058726,2048,19319.52,1787761584.643
1685,98.293,0.000263,0.00058677,2048,20835.6,1787761584.743
1686,127.492,0.000311,0.00058629,2048,16063.7,1787761584.872
1687,146.347,0.000475,0.0005858,2048,13994.11,1787761585.019
1688,163.102,0.000356,0.00058531,2048,12556.58,1787761585.184
1689,129.314,0.000367,0.00058482,2048,15837.43,1787761585.315
1690,141.677,0.000182,0.00058433,2048,14455.42,1787761585.457
1691,127.801,0.00033,0.00058384,2048,16024.98,1787761585.586
1692,103.244,0.000281,0.00058335,2048,19836.45,1787761585.689
1693,103.587,0.000197,0.00058286,2048,19770.9,1787761585.795
1694,111.705,0.000219,0.00058237,2048,18333.96,1787761585.907
1695,130.993,0.000262,0.00058188,2048,15634.38,1787761586.039
1696,114.401,0.000301,0.00058139,2048,17901.97,1787761586.155
1697,124.172,0.000236,0.0005809,2048,16493.24,1787761586.28
1698,120.577,0.000226,0.00058041,2048,16984.93,1787761586.402
1699,115.437,0.000219,0.00057992,2048,17741.36,1787761586.518
1700,104.403,0.000258,0.00057943,2048,19616.33,1787761586.623
1701,136.531,0.000265,0.00057894,2048,15000.23,1787761586.761
1702,111.73,0.000225,0.00057845,2048,18329.9,1787761586.873
1703,109.026,0.000211,0.00057796,2048,18784.49,1787761586.983
1704,104.968,0.000276,0.00057747,2048,19510.76,1787761587.09
1705,111.271,0.000306,0.00057698,2048,18405.51,1787761587.202
1706,98.973,0.000185,0.00057649,2048,20692.53,1787761587.302
1707,97.122,0.00027,0.000576,2048,21086.88,1787761587.4
1708,93.253,0.000263,0.00057551,2048,21961.78,1787761587.494
1709,106.069,0.00023,0.00057502,2048,19308.15,1787761587.601
1710,126.16,0.000247,0.00057453,2048,16233.35,1787761587.729
1711,132.563,0.00028,0.00057404,2048,15449.21,1787761587.862
1712,149.698,0.000273,0.00057355,2048,13680.89,1787761588.014
1713,115.477,0.000294,0.00057306,2048,17735.16,1787761588.129
1714,90.836,0.00031,0.00057257,2048,22546.15,1787761588.222
1715,106.389,0.000407,0.00057208,2048,19250.18,1787761588.329
1716,88.94,0.000277,0.00057159,2048,23026.66,1787761588.419
1717,101.772,0.000407,0.0005711,2048,20123.35,1787761588.522
1718,88.441,0.000423,0.00057061,2048,23156.58,1787761588.611
1719,101.628,0.000448,0.00057012,2048,20151.93,1787761588.714
1720,92.865,0.000388,0.00056963,2048,22053.52,1787761588.807
1721,101.679,0.000466,0.00056914,2048,20141.74,1787761588.91
1722,118.497,0.000519,0.00056865,2048,17283.08,1787761589.029
1723,95.794,0.000694,0.00056816,2048,21379.12,1787761589.126
1724,107.691,0.000507,0.00056767,2048,19017.44,1787761589.234
1725,104.461,0.000507,0.00056718,2048,19605.46,1787761589.339
1726,115.808,0.000541,0.00056669,2048,17684.37,1787761589.456
1727,113.42,0.000641,0.0005662,2048,18056.83,1787761589.571
1728,106.884,0.000368,0.0005657,2048,19160.92,1787761589.679
1729,126.614,0.000523,0.00056521,2048,16175.15,1787761589.808
1730,127.169,0.000379,0.00056472,2048,16104.59,1787761589.936
1731,118.018,0.000358,0.00056423,2048,17353.33,1787761590.056
1732,98.497,0.000434,0.00056374,2048,20792.57,1787761590.155
1733,100.8,0.000462,0.00056325,2048,20317.38,1787761590.256
1734,110.929,0.000369,0.00056276,2048,18462.18,1787761590.368
1735,122.764,0.000411,0.00056227,2048,16682.47,1787761590.492
1736,132.978,0.000461,0.00056178,2048,15401.04,1787761590.625
1737,116.522,0.000303,0.00056129,2048,17576.08,1787761590.743
1738,109.235,0.000296,0.0005608,2048,18748.64,1787761590.853
1739,102.291,0.000301,0.00056031,2048,20021.31,1787761590.956
1740,85.546,0.000759,0.00055982,2048,23940.48,1787761591.043
1741,99.745,0.000476,0.00055933,2048,20532.44,1787761591.143
1742,125.899,0.000387,0.00055884,2048,16266.98,1787761591.27
1743,148.59,0.000276,0.00055834,2048,13782.91,1787761591.42
1744,175.229,0.000262,0.00055785,2048,11687.54,1787761591.598
1745,163.04,0.001199,0.00055736,2048,12561.33,1787761591.762
1746,126.957,0.000245,0.00055687,2048,16131.4,1787761591.891
1747,111.735,0.000219,0.00055638,2048,18329.1,1787761592.003
1748,143.496,0.000527,0.00055589,2048,14272.17,1787761592.148
1749,136.867,0.00056,0.0005554,2048,14963.43,1787761592.286
1750,143.013,0.000347,0.00055491,2048,14320.36,1787761592.43
1751,126.551,0.000263,0.00055442,2048,16183.22,1787761592.557
1752,112.277,0.000348,0.00055393,2048,18240.52,1787761592.671
1753,141.831,0.000436,0.00055344,2048,14439.75,1787761592.814
1754,111.54,0.000347,0.00055295,2048,18361.16,1787761592.927
1755,128.38,0.000249,0.00055245,2048,15952.59,1787761593.057
1756,102.252,0.000276,0.00055196,2048,20028.91,1787761593.16
1757,120.888,0.000496,0.00055147,2048,16941.29,1787761593.282
1758,131.679,0.000249,0.00055098,2048,15552.95,1787761593.414
1759,165.581,0.000247,0.00055049,2048,12368.61,1787761593.581
1760,149.535,0.000448,0.00055,2048,13695.79,1787761593.732
1761,109.569,0.000261,0.00054951,2048,18691.44,1787761593.842
1762,127.956,0.000306,0.00054902,2048,16005.55,1787761593.971
1763,116.869,0.000227,0.00054853,2048,17523.85,1787761594.09
1764,132.2,0.00035,0.00054804,2048,15491.64,1787761594.223
1765,106.701,0.000336,0.00054755,2048,19193.88,1787761594.33
1766,98.134,0.000234,0.00054705,2048,20869.42,1787761594.43
1767,126.511,0.000257,0.00054656,2048,16188.34,1787761594.558
1768,113.26,0.000269,0.00054607,2048,18082.29,1787761594.673
1769,125.068,0.00033,0.00054558,2048,16375.08,1787761594.799
1770,95.371,0.000208,0.00054509,2048,21474.08,1787761594.895
1771,110.297,0.000231,0.0005446,2048,18568.12,1787761595.007
1772,114.871,0.000229,0.00054411,2048,17828.65,1787761595.122
1773,127.789,0.000314,0.00054362,2048,16026.36,1787761595.252
1774,138.02,0.000294,0.00054313,2048,14838.42,1787761595.391
1775,115.296,0.000246,0.00054264,2048,17762.98,1787761595.507
1776,112.535,0.00027,0.00054215,2048,18198.75,1787761595.621
1777,118.799,0.000303,0.00054166,2048,17239.17,1787761595.741
1778,95.908,0.000363,0.00054116,2048,21353.84,1787761595.838
1779,93.44,0.000228,0.00054067,2048,21917.78,1787761595.933
1780,96.91,0.000229,0.00054018,2048,21133.1,1787761596.03
1781,102.106,0.000264,0.00053969,2048,20057.67,1787761596.133
1782,103.116,0.000365,0.0005392,2048,19861.05,1787761596.237
1783,118.675,0.000318,0.00053871,2048,17257.19,1787761596.358
1784,109.109,0.000345,0.00053822,2048,18770.2,1787761596.468
1785,100.292,0.000297,0.00053773,2048,20420.37,1787761596.569
1786,94.49,0.00037,0.00053724,2048,21674.32,1787761596.664
1787,106.454,0.000323,0.00053675,2048,19238.3,1787761596.772
1788,101.439,0.000231,0.00053626,2048,20189.43,1787761596.874
1789,94.616,0.00025,0.00053577,2048,21645.43,1787761596.97
1790,127.286,0.000303,0.00053528,2048,16089.75,1787761597.099
1791,141.857,0.000464,0.00053479,2048,14437.09,1787761597.241
1792,143.872,0.000279,0.0005343,2048,14234.92,1787761597.387
1793,144.451,0.000253,0.0005338,2048,14177.84,1787761597.534
1794,157.412,0.000363,0.00053331,2048,13010.46,1787761597.692
1795,143.382,0.00041,0.00053282,2048,14283.5,1787761597.838
1796,118.631,0.000226,0.00053233,2048,17263.59,1787761597.957
1797,110.147,0.000268,0.00053184,2048,18593.35,1787761598.068
1798,92.524,0.00047,0.00053135,2048,22134.77,1787761598.162
1799,101.421,0.000278,0.00053086,2048,20192.98,1787761598.263
1800,105.908,0.00024,0.00053037,2048,19337.5,1787761598.37
1801,131.775,0.000303,0.00052988,2048,15541.6,1787761598.504
1802,136.045,0.000237,0.00052939,2048,15053.88,1787761598.641
1803,136.516,0.000253,0.0005289,2048,15001.95,1787761598.779
1804,138.164,0.000207,0.00052841,2048,14823.0,1787761598.919
1805,159.265,0.000644,0.00052792,2048,12859.04,1787761599.079
1806,165.457,0.000356,0.00052743,2048,12377.81,1787761599.246
1807,160.335,0.000418,0.00052694,2048,12773.26,1787761599.408
1808,169.381,0.000581,0.00052645,2048,12091.07,1787761599.579
1809,145.219,0.000427,0.00052596,2048,14102.87,1787761599.725
1810,174.638,0.000359,0.00052547,2048,11727.14,1787761599.901
1811,190.83,0.000513,0.00052498,2048,10732.06,1787761600.094
1812,193.941,0.000813,0.00052449,2048,10559.91,1787761600.29
1813,220.213,0.000555,0.000524,2048,9300.07,1787761600.511
1814,195.219,0.000381,0.00052351,2048,10490.77,1787761600.709
1815,171.383,0.000529,0.00052302,2048,11949.81,1787761600.881
1816,135.427,0.000475,0.00052253,2048,15122.5,1787761601.019
1817,142.079,0.000666,0.00052204,2048,14414.5,1787761601.162
1818,137.958,0.000426,0.00052155,2048,14845.09,1787761601.302
1819,141.832,0.000306,0.00052106,2048,14439.64,1787761601.444
1820,166.55,0.000421,0.00052057,2048,12296.63,1787761601.613
1821,167.842,0.000406,0.00052008,2048,12201.96,1787761601.783
1822,158.262,0.00032,0.00051959,2048,12940.61,1787761601.942
1823,155.47,0.000329,0.0005191,2048,13172.95,1787761602.1
1824,146.951,0.000306,0.00051861,2048,13936.6,1787761602.247
1825,156.011,0.000227,0.00051812,2048,13127.32,1787761602.405
1826,141.512,0.000226,0.00051763,2048,14472.28,1787761602.548
1827,140.098,0.000265,0.00051714,2048,14618.37,1787761602.689
1828,172.081,0.000469,0.00051665,2048,11901.41,1787761602.862
1829,198.691,0.000443,0.00051616,2048,10307.46,1787761603.062
1830,144.36,0.000269,0.00051567,2048,14186.74,1787761603.208
1831,153.848,0.000269,0.00051518,2048,13311.81,1787761603.363
1832,126.584,0.000534,0.00051469,2048,16179.04,1787761603.491
1833,115.75,0.000252,0.0005142,2048,17693.35,1787761603.608
1834,122.353,0.000236,0.00051371,2048,16738.4,1787761603.731
1835,171.481,0.000322,0.00051323,2048,11943.04,1787761603.903
1836,133.187,0.000219,0.00051274,2048,15376.83,1787761604.038
1837,123.907,0.000331,0.00051225,2048,16528.49,1787761604.163
1838,118.631,0.000333,0.00051176,2048,17263.64,1787761604.283
1839,123.733,0.000302,0.00051127,2048,16551.73,1787761604.408
1840,127.346,0.000201,0.00051078,2048,16082.21,1787761604.538
1841,112.098,0.000316,0.00051029,2048,18269.7,1787761604.651
1842,120.118,0.00021,0.0005098,2048,17049.94,1787761604.772
1843,113.726,0.000185,0.00050931,2048,18008.2,1787761604.886
1844,120.977,0.00017,0.00050882,2048,16928.81,1787761605.009
1845,144.714,0.000225,0.00050834,2048,14152.05,1787761605.155
1846,112.893,0.000277,0.00050785,2048,18141.02,1787761605.269
1847,116.906,0.000188,0.00050736,2048,17518.42,1787761605.386
1848,103.825,0.000269,0.00050687,2048,19725.5,1787761605.491
1849,122.716,0.000261,0.00050638,2048,16688.93,1787761605.615
1850,123.65,0.000257,0.00050589,2048,16562.83,1787761605.739
1851,149.356,0.000185,0.0005054,2048,13712.18,1787761605.889
1852,126.495,0.000224,0.00050492,2048,16190.38,1787761606.017
1853,170.163,0.000205,0.00050443,2048,12035.49,1787761606.188
1854,177.014,0.000211,0.00050394,2048,11569.69,1787761606.367
1855,168.99,0.000235,0.00050345,2048,12119.1,1787761606.538
1856,199.76,0.000234,0.00050296,2048,10252.32,1787761606.739
1857,202.566,0.000174,0.00050247,2048,10110.26,1787761606.944
1858,169.606,0.000192,0.00050199,2048,12075.04,1787761607.115
1859,160.32,0.000212,0.0005015,2048,12774.48,1787761607.276
1860,164.975,0.000252,0.00050101,2048,12414.01,1787761607.442
1861,163.929,0.000237,0.00050052,2048,12493.22,1787761607.608
1862,133.9,0.000192,0.00050003,2048,15295.02,1787761607.743
1863,136.456,0.000242,0.00049955,2048,15008.54,1787761607.88
1864,133.813,0.000236,0.00049906,2048,15304.95,1787761608.016
1865,135.286,0.000346,0.00049857,2048,15138.34,1787761608.152
1866,128.989,0.000361,0.00049808,2048,15877.34,1787761608.283
1867,138.127,0.000225,0.0004976,2048,14826.91,1787761608.422
1868,120.524,0.000288,0.00049711,2048,16992.45,1787761608.544
1869,126.68,0.000342,0.00049662,2048,16166.69,1787761608.672
1870,136.223,0.000336,0.00049613,2048,15034.14,1787761608.81
1871,92.794,0.000389,0.00049565,2048,22070.44,1787761608.904
1872,123.929,0.000376,0.00049516,2048,16525.52,1787761609.029
1873,144.61,0.000265,0.00049467,2048,14162.22,1787761609.177
1874,118.559,0.000314,0.00049418,2048,17274.11,1787761609.296
1875,134.628,0.000506,0.0004937,2048,15212.28,1787761609.432
1876,115.595,0.000205,0.00049321,2048,17717.09,1787761609.549
1877,119.991,0.000231,0.00049272,2048,17067.99,1787761609.671
1878,134.855,0.000259,0.00049224,2048,15186.67,1787761609.807
1879,128.282,0.000391,0.00049175,2048,15964.78,1787761609.937
1880,130.198,0.000273,0.00049126,2048,15729.84,1787761610.068
1881,128.189,0.000263,0.00049078,2048,15976.36,1787761610.197
1882,144.634,0.000277,0.00049029,2048,14159.87,1787761610.343
1883,144.178,0.00029,0.0004898,2048,14204.65,1787761610.488
1884,159.52,0.000222,0.00048932,2048,12838.49,1787761610.649
1885,114.632,0.000352,0.00048883,2048,17865.82,1787761610.765
1886,150.611,0.000234,0.00048834,2048,13597.94,1787761610.917
1887,160.631,0.000207,0.00048786,2048,12749.73,1787761611.078
1888,168.567,0.000334,0.00048737,2048,12149.46,1787761611.249
1889,142.523,0.000253,0.00048689,2048,14369.59,1787761611.393
1890,160.251,0.00026,0.0004864,2048,12779.94,1787761611.554
1891,144.462,0.000295,0.00048591,2048,14176.74,1787761611.7
1892,161.387,0.000227,0.00048543,2048,12689.97,1787761611.863
1893,129.261,0.000263,0.00048494,2048,15843.92,1787761611.993
1894,148.925,0.000233,0.00048446,2048,13751.91,1787761612.143
1895,131.713,0.000232,0.00048397,2048,15548.96,1787761612.276
1896,193.317,0.000203,0.00048349,2048,10594.01,1787761612.471
1897,166.163,0.000195,0.000483,2048,12325.21,1787761612.638
1898,150.879,0.000268,0.00048251,2048,13573.81,1787761612.79
1899,157.785,0.000294,0.00048203,2048,12979.72,1787761612.95
1900,132.519,0.000306,0.00048154,2048,15454.34,1787761613.084
1901,132.896,0.00025,0.00048106,2048,15410.58,1787761613.217
1902,125.264,0.000218,0.00048057,2048,16349.46,1787761613.344
1903,133.873,0.000235,0.00048009,2048,15298.13,1787761613.478
1904,147.082,0.000256,0.0004796,2048,13924.21,1787761613.628
1905,158.521,0.000259,0.00047912,2048,12919.42,1787761613.787
1906,127.951,0.000231,0.00047863,2048,16006.15,1787761613.916
1907,126.415,0.0002,0.00047815,2048,16200.55,1787761614.044
1908,100.711,0.000173,0.00047767,2048,20335.5,1787761614.145
1909,110.211,0.000234,0.00047718,2048,18582.54,1787761614.257
1910,108.638,0.000174,0.0004767,2048,18851.53,1787761614.366
1911,121.838,0.00026,0.00047621,2048,16809.18,1787761614.49
1912,128.107,0.000155,0.00047573,2048,15986.67,1787761614.619
1913,115.369,0.000213,0.00047524,2048,17751.72,1787761614.734
1914,135.462,0.000251,0.00047476,2048,15118.65,1787761614.872
1915,136.907,0.000219,0.00047428,2048,14959.1,1787761615.01
1916,120.617,0.000181,0.00047379,2048,16979.38,1787761615.132
1917,129.144,0.000206,0.00047331,2048,15858.22,1787761615.261
1918,124.595,0.000222,0.00047283,2048,16437.22,1787761615.387
1919,119.383,0.000198,0.00047234,2048,17154.91,1787761615.507
1920,116.267,0.00019,0.00047186,2048,17614.61,1787761615.625
1921,101.507,0.000205,0.00047137,2048,20176.03,1787761615.727
1922,120.548,0.000217,0.00047089,2048,16989.14,1787761615.848
1923,128.118,0.000194,0.00047041,2048,15985.23,1787761615.978
1924,119.2,0.000195,0.00046993,2048,17181.22,1787761616.098
1925,116.273,0.000218,0.00046944,2048,17613.73,1787761616.216
1926,155.092,0.000196,0.00046896,2048,13205.06,1787761616.372
1927,157.919,0.000215,0.00046848,2048,12968.7,1787761616.533
1928,139.174,0.00023,0.00046799,2048,14715.45,1787761616.673
1929,122.211,0.000203,0.00046751,2048,16757.96,1787761616.795
1930,129.822,0.000234,0.00046703,2048,15775.45,1787761616.927
1931,160.492,0.000347,0.00046655,2048,12760.77,1787761617.089
1932,163.85,0.000273,0.00046606,2048,12499.21,1787761617.253
1933,137.579,0.000257,0.00046558,2048,14885.99,1787761617.392
1934,143.35,0.000274,0.0004651,2048,14286.71,1787761617.537
1935,120.394,0.000209,0.00046462,2048,17010.81,1787761617.658
1936,132.49,0.000242,0.00046414,2048,15457.76,1787761617.792
1937,118.59,0.000473,0.00046365,2048,17269.63,1787761617.912
1938,107.392,0.000384,0.00046317,2048,19070.39,1787761618.02
1939,134.453,0.000259,0.00046269,2048,15232.07,1787761618.156
1940,107.648,0.000278,0.00046221,2048,19024.99,1787761618.264
1941,127.94,0.000242,0.00046173,2048,16007.57,1787761618.393
1942,127.521,0.000272,0.00046125,2048,16060.14,1787761618.523
1943,149.15,0.000332,0.00046077,2048,13731.16,1787761618.672
1944,135.325,0.000342,0.00046028,2048,15133.9,1787761618.809
1945,126.872,0.00031,0.0004598,2048,16142.2,1787761618.938
1946,118.563,0.000279,0.00045932,2048,17273.58,1787761619.057
1947,121.876,0.000474,0.00045884,2048,16803.95,1787761619.18
1948,115.38,0.000473,0.00045836,2048,17750.1,1787761619.296
1949,124.105,0.000275,0.00045788,2048,16502.17,1787761619.422
1950,143.199,0.000306,0.0004574,2048,14301.77,1787761619.566
1951,153.05,0.000323,0.00045692,2048,13381.27,1787761619.721
1952,132.641,0.000267,0.00045644,2048,15440.21,1787761619.854
1953,135.114,0.000419,0.00045596,2048,15157.58,1787761619.991
1954,128.044,0.000381,0.00045548,2048,15994.49,1787761620.12
1955,118.49,0.000258,0.000455,2048,17284.17,1787761620.24
1956,144.389,0.000178,0.00045452,2048,14183.96,1787761620.384
1957,133.384,0.000282,0.00045404,2048,15354.2,1787761620.52
1958,135.898,0.000305,0.00045356,2048,15070.14,1787761620.657
1959,114.297,0.000295,0.00045308,2048,17918.17,1787761620.772
1960,118.938,0.000224,0.0004526,2048,17219.06,1787761620.892
1961,118.02,0.000218,0.00045212,2048,17352.92,1787761621.011
1962,117.032,0.000287,0.00045164,2048,17499.43,1787761621.129
1963,115.539,0.00039,0.00045116,2048,17725.69,1787761621.246
1964,125.609,0.000216,0.00045069,2048,16304.56,1787761621.373
1965,106.971,0.000238,0.00045021,2048,19145.36,1787761621.481
1966,123.745,0.000333,0.00044973,2048,16550.2,1787761621.606
1967,134.673,0.000345,0.00044925,2048,15207.18,1787761621.742
1968,109.523,0.000336,0.00044877,2048,18699.3,1787761621.853
1969,126.48,0.000222,0.00044829,2048,16192.3,1787761621.98
1970,133.904,0.000186,0.00044782,2048,15294.59,1787761622.115
1971,160.519,0.000817,0.00044734,2048,12758.6,1787761622.277
1972,141.579,0.000268,0.00044686,2048,14465.43,1787761622.42
1973,114.672,0.00021,0.00044638,2048,17859.68,1787761622.536
1974,116.812,0.000327,0.0004459,2048,17532.42,1787761622.653
1975,95.728,0.000492,0.00044543,2048,21393.95,1787761622.75
1976,95.663,0.000215,0.00044495,2048,21408.4,1787761622.847
1977,122.157,0.000413,0.00044447,2048,16765.3,1787761622.97
1978,120.091,0.0003,0.000444,2048,17053.68,1787761623.092
1979,100.792,0.000421,0.00044352,2048,20319.05,1787761623.193
1980,99.995,0.00038,0.00044304,2048,20481.09,1787761623.294
1981,127.216,0.000337,0.00044256,2048,16098.55,1787761623.423
1982,129.84,0.000568,0.00044209,2048,15773.27,1787761623.555
1983,122.221,0.000205,0.00044161,2048,16756.52,1787761623.678
1984,105.325,0.00021,0.00044114,2048,19444.58,1787761623.784
1985,117.759,0.000216,0.00044066,2048,17391.47,1787761623.904
1986,126.422,0.000195,0.00044018,2048,16199.74,1787761624.031
1987,145.42,0.000189,0.00043971,2048,14083.37,1787761624.178
1988,112.121,0.000193,0.00043923,2048,18265.95,1787761624.292
1989,154.201,0.000199,0.00043876,2048,13281.34,1787761624.447
1990,138.813,0.000355,0.00043828,2048,14753.69,1787761624.586
1991,136.458,0.000235,0.0004378,2048,15008.24,1787761624.725
1992,142.163,0.000175,0.00043733,2048,14405.96,1787761624.868
1993,110.095,0.000337,0.00043685,2048,18602.05,1787761624.979
1994,136.064,0.000191,0.00043638,2048,15051.78,1787761625.116
1995,128.145,0.000163,0.0004359,2048,15981.85,1787761625.245
1996,152.14,0.000311,0.00043543,2048,13461.29,1787761625.399
1997,113.733,0.000423,0.00043495,2048,18007.07,1787761625.513
1998,115.932,0.000176,0.00043448,2048,17665.57,1787761625.631
1999,97.556,0.000202,0.00043401,2048,20993.05,1787761625.729
2000,87.75,0.000245,0.00043353,2048,23339.0,1787761625.817
2001,100.317,0.00024,0.00043306,2048,20415.3,1787761625.919
2002,104.61,0.000159,0.00043258,2048,19577.57,1787761626.024
2003,113.571,0.000231,0.00043211,2048,18032.82,1787761626.139
2004,115.956,0.000221,0.00043164,2048,17661.8,1787761626.256
2005,105.856,0.0002,0.00043116,2048,19347.07,1787761626.363
2006,124.971,0.000169,0.00043069,2048,16387.8,1787761626.488
2007,104.243,0.00022,0.00043022,2048,19646.44,1787761626.593
2008,90.953,0.00032,0.00042974,2048,22517.17,1787761626.686
2009,98.207,0.000204,0.00042927,2048,20853.91,1787761626.785
2010,107.747,0.000155,0.0004288,2048,19007.42,1787761626.894
2011,113.193,0.000232,0.00042832,2048,18093.02,1787761627.008
2012,101.317,0.000261,0.00042785,2048,20213.8,1787761627.11
2013,118.55,0.000303,0.00042738,2048,17275.37,1787761627.23
2014,114.85,0.000296,0.00042691,2048,17831.99,1787761627.346
2015,124.792,0.000248,0.00042644,2048,16411.31,1787761627.472
2016,167.973,0.00023,0.00042596,2048,12192.41,1787761627.641
2017,165.249,0.000207,0.00042549,2048,12393.38,1787761627.809
2018,157.322,0.000207,0.00042502,2048,13017.88,1787761627.967
2019,190.522,0.00024,0.00042455,2048,10749.4,1787761628.16
2020,182.685,0.00021,0.00042408,2048,11210.55,1787761628.344
2021,173.796,0.000172,0.00042361,2048,11783.9,1787761628.52
2022,175.065,0.000236,0.00042313,2048,11698.51,1787761628.696
2023,173.968,0.00019,0.00042266,2048,11772.27,1787761628.872
2024,165.288,0.000213,0.00042219,2048,12390.51,1787761629.039
2025,146.721,0.000192,0.00042172,2048,13958.46,1787761629.187
2026,138.135,0.000227,0.00042125,2048,14826.02,1787761629.326
2027,151.898,0.000272,0.00042078,2048,13482.73,1787761629.48
2028,155.57,0.000179,0.00042031,2048,13164.46,1787761629.637
2029,126.35,0.000171,0.00041984,2048,16208.89,1787761629.765
2030,110.607,0.000172,0.00041937,2048,18516.04,1787761629.876
2031,117.906,0.000282,0.0004189,2048,17369.74,1787761629.995
2032,101.785,0.000168,0.00041843,2048,20120.82,1787761630.098
2033,117.606,0.00022,0.00041796,2048,17414.0,1787761630.217
2034,129.881,0.000218,0.00041749,2048,15768.24,1787761630.348
2035,148.697,0.000207,0.00041703,2048,13772.96,1787761630.499
2036,162.174,0.000174,0.00041656,2048,12628.43,1787761630.662
2037,158.158,0.00019,0.00041609,2048,12949.04,1787761630.823
2038,141.077,0.000184,0.00041562,2048,14516.91,1787761630.965
2039,142.784,0.000155,0.00041515,2048,14343.37,1787761631.109
2040,118.467,0.000163,0.00041468,2048,17287.53,1787761631.228
2041,100.365,0.000207,0.00041421,2048,20405.54,1787761631.33
2042,105.917,0.000223,0.00041375,2048,19335.9,1787761631.436
2043,90.887,0.000155,0.00041328,2048,22533.5,1787761631.528
2044,109.195,0.000239,0.00041281,2048,18755.45,1787761631.639
2045,126.962,0.000246,0.00041234,2048,16130.76,1787761631.766
2046,94.428,0.000203,0.00041188,2048,21688.55,1787761631.861
2047,114.029,0.000209,0.00041141,2048,17960.37,1787761631.976
2048,111.937,0.000167,0.00041094,2048,18295.94,1787761632.089
2049,90.106,0.000198,0.00041048,2048,22728.89,1787761632.181
2050,108.443,0.000168,0.00041001,2048,18885.48,1787761632.29
2051,102.138,0.000163,0.00040954,2048,20051.22,1787761632.392
2052,97.128,0.000194,0.00040908,2048,21085.51,1787761632.49
2053,114.356,0.000157,0.00040861,2048,17909.05,1787761632.606
2054,123.649,0.000214,0.00040814,2048,16563.01,1787761632.73
2055,93.355,0.000157,0.00040768,2048,21937.76,1787761632.824
2056,103.826,0.000191,0.00040721,2048,19725.31,1787761632.93
2057,99.709,0.00024,0.00040675,2048,20539.71,1787761633.031
2058,111.396,0.000218,0.00040628,2048,18384.81,1787761633.144
2059,127.441,0.000175,0.00040582,2048,16070.24,1787761633.272
2060,97.664,0.000157,0.00040535,2048,20969.81,1787761633.371
2061,113.462,0.000221,0.00040489,2048,18050.16,1787761633.486
2062,125.098,0.000172,0.00040442,2048,16371.15,1787761633.612
2063,117.767,0.000171,0.00040396,2048,17390.29,1787761633.73
2064,166.665,0.000234,0.00040349,2048,12288.12,1787761633.898
2065,146.399,0.000153,0.00040303,2048,13989.14,1787761634.046
2066,154.986,0.000193,0.00040257,2048,13214.11,1787761634.202
2067,123.875,0.000215,0.0004021,2048,16532.85,1787761634.327
2068,122.141,0.000193,0.00040164,2048,16767.53,1787761634.451
2069,127.487,0.000225,0.00040118,2048,16064.4,1787761634.579
2070,120.828,0.000183,0.00040071,2048,16949.71,1787761634.701
2071,109.752,0.000265,0.00040025,2048,18660.24,1787761634.813
2072,110.717,0.000326,0.00039979,2048,18497.66,1787761634.925
2073,116.988,0.000314,0.00039932,2048,17506.02,1787761635.042
2074,106.686,0.000185,0.00039886,2048,19196.54,1787761635.15
2075,124.285,0.000221,0.0003984,2048,16478.26,1787761635.276
2076,111.061,0.000184,0.00039794,2048,18440.28,1787761635.387
2077,139.86,0.000206,0.00039748,2048,14643.21,1787761635.528
2078,111.751,0.000277,0.00039701,2048,18326.51,1787761635.641
2079,163.342,0.000196,0.00039655,2048,12538.13,1787761635.806
2080,174.537,0.000213,0.00039609,2048,11733.92,1787761635.981
2081,182.441,0.000272,0.00039563,2048,11225.54,1787761636.166
2082,203.061,0.000333,0.00039517,2048,10085.65,1787761636.37
2083,200.853,0.000501,0.00039471,2048,10196.5,1787761636.572
2084,183.509,0.000284,0.00039425,2048,11160.23,1787761636.758
2085,185.653,0.000208,0.00039379,2048,11031.34,1787761636.945
2086,126.477,0.000265,0.00039333,2048,16192.73,1787761637.073
2087,125.48,0.00033,0.00039287,2048,16321.27,1787761637.2
2088,101.82,0.0007,0.00039241,2048,20113.87,1787761637.302
2089,100.353,0.000454,0.00039195,2048,20407.88,1787761637.404
2090,134.901,0.000282,0.00039149,2048,15181.49,1787761637.54
2091,95.758,0.000582,0.00039103,2048,21387.25,1787761637.637
2092,123.753,0.000342,0.00039057,2048,16549.05,1787761637.761
2093,122.236,0.000527,0.00039011,2048,16754.5,1787761637.885
2094,110.497,0.0003,0.00038965,2048,18534.49,1787761637.996
2095,113.907,0.000286,0.00038919,2048,17979.63,1787761638.111
2096,126.743,0.000451,0.00038873,2048,16158.7,1787761638.239
2097,114.806,0.000342,0.00038828,2048,17838.82,1787761638.355
2098,140.792,0.000563,0.00038782,2048,14546.29,1787761638.496
2099,160.518,0.000262,0.00038736,2048,12758.73,1787761638.658
2100,110.163,0.000191,0.0003869,2048,18590.67,1787761638.769
2101,142.247,0.000286,0.00038645,2048,14397.46,1787761638.913
2102,147.41,0.000278,0.00038599,2048,13893.23,1787761639.061
2103,167.979,0.00024,0.00038553,2048,12192.04,1787761639.23
2104,129.942,0.000372,0.00038507,2048,15760.84,1787761639.362
2105,128.393,0.000373,0.00038462,2048,15950.96,1787761639.491
2106,110.605,0.000334,0.00038416,2048,18516.33,1787761639.603
2107,135.706,0.000466,0.00038371,2048,15091.44,1787761639.74
2108,105.678,0.000458,0.00038325,2048,19379.72,1787761639.848
2109,124.968,0.000236,0.00038279,2048,16388.2,1787761639.974
2110,99.934,0.000322,0.00038234,2048,20493.48,1787761640.075
2111,104.441,0.00034,0.00038188,2048,19609.1,1787761640.18
2112,98.603,0.000324,0.00038143,2048,20770.14,1787761640.28
2113,131.348,0.00027,0.00038097,2048,15592.19,1787761640.412
2114,113.173,0.000228,0.00038052,2048,18096.25,1787761640.527
2115,126.864,0.000321,0.00038006,2048,16143.31,1787761640.654
2116,97.455,0.000224,0.00037961,2048,21014.87,1787761640.753
2117,115.19,0.000268,0.00037915,2048,17779.35,1787761640.869
2118,113.137,0.000261,0.0003787,2048,18101.98,1787761640.983
2119,105.819,0.00024,0.00037825,2048,19353.73,1787761641.09
2120,114.737,0.000298,0.00037779,2048,17849.47,1787761641.206
2121,115.153,0.000257,0.00037734,2048,17784.96,1787761641.324
2122,128.683,0.000165,0.00037689,2048,15915.05,1787761641.453
2123,130.001,0.000204,0.00037643,2048,15753.7,1787761641.585
2124,119.314,0.000215,0.00037598,2048,17164.82,1787761641.705
2125,150.241,0.00025,0.00037553,2048,13631.42,1787761641.857
2126,115.081,0.000212,0.00037508,2048,17796.16,1787761641.973
2127,100.293,0.000219,0.00037462,2048,20420.11,1787761642.074
2128,108.781,0.000255,0.00037417,2048,18826.85,1787761642.184
2129,84.233,0.000185,0.00037372,2048,24313.45,1787761642.269
2130,118.642,0.000226,0.00037327,2048,17262.0,1787761642.388
2131,164.016,0.00016,0.00037282,2048,12486.61,1787761642.553
2132,144.57,0.00025,0.00037237,2048,14166.11,1787761642.699
2133,142.847,0.000202,0.00037191,2048,14336.98,1787761642.843
2134,106.919,0.000169,0.00037146,2048,19154.62,1787761642.951
2135,141.16,0.000254,0.00037101,2048,14508.36,1787761643.093
2136,115.069,0.000226,0.00037056,2048,17798.05,1787761643.21
2137,134.382,0.000204,0.00037011,2048,15240.17,1787761643.345
2138,120.644,0.000208,0.00036966,2048,16975.59,1787761643.466
2139,134.167,0.000203,0.00036921,2048,15264.58,1787761643.601
2140,123.871,0.00018,0.00036876,2048,16533.33,1787761643.727
2141,122.412,0.000245,0.00036831,2048,16730.45,1787761643.85
2142,123.552,0.000174,0.00036787,2048,16576.0,1787761643.975
2143,123.535,0.000164,0.00036742,2048,16578.32,1787761644.101
2144,116.506,0.000199,0.00036697,2048,17578.45,1787761644.218
2145,100.452,0.00033,0.00036652,2048,20387.87,1787761644.32
2146,106.192,0.000195,0.00036607,2048,19285.88,1787761644.427
2147,124.361,0.000203,0.00036562,2048,16468.23,1787761644.553
2148,109.585,0.000187,0.00036518,2048,18688.67,1787761644.662
2149,121.632,0.000178,0.00036473,2048,16837.66,1787761644.786
2150,99.181,0.000191,0.00036428,2048,20649.2,1787761644.886
2151,96.455,0.000233,0.00036383,2048,21232.7,1787761644.984
2152,91.763,0.000175,0.00036339,2048,22318.41,1787761645.076
2153,112.623,0.000215,0.00036294,2048,18184.51,1787761645.19
2154,102.112,0.000179,0.0003625,2048,20056.43,1787761645.293
2155,101.082,0.00018,0.00036205,2048,20260.7,1787761645.394
2156,123.396,0.000152,0.0003616,2048,16596.92,1787761645.519
2157,113.575,0.000175,0.00036116,2048,18032.09,1787761645.634
2158,122.771,0.000159,0.00036071,2048,16681.53,1787761645.758
2159,129.123,0.000142,0.00036027,2048,15860.88,1787761645.887
2160,110.773,0.000148,0.00035982,2048,18488.29,1787761645.999
2161,100.821,0.000231,0.00035938,2048,20313.17,1787761646.102
2162,115.928,0.000244,0.00035893,2048,17666.17,1787761646.218
2163,129.621,0.000232,0.00035849,2048,15799.88,1787761646.349
2164,131.689,0.000179,0.00035804,2048,15551.83,1787761646.482
2165,166.393,0.000196,0.0003576,2048,12308.21,1787761646.65
2166,153.163,0.00014,0.00035716,2048,13371.38,1787761646.805
2167,158.78,0.000149,0.00035671,2048,12898.39,1787761646.965
2168,175.849,0.000185,0.00035627,2048,11646.34,1787761647.143
2169,168.783,0.000181,0.00035583,2048,12133.92,1787761647.313
2170,133.01,0.000152,0.00035538,2048,15397.3,1787761647.447
2171,105.622,0.000163,0.00035494,2048,19389.99,1787761647.554
2172,97.04,0.00015,0.0003545,2048,21104.63,1787761647.652
2173,109.126,0.000169,0.00035406,2048,18767.26,1787761647.762
2174,115.176,0.000152,0.00035362,2048,17781.42,1787761647.878
2175,158.088,0.000208,0.00035317,2048,12954.8,1787761648.038
2176,144.311,0.000174,0.00035273,2048,14191.55,1787761648.184
2177,135.029,0.000145,0.00035229,2048,15167.1,1787761648.321
2178,149.849,0.000192,0.00035185,2048,13667.09,1787761648.472
2179,136.659,0.000173,0.00035141,2048,14986.23,1787761648.612
2180,160.426,0.000228,0.00035097,2048,12766.04,1787761648.773
2181,146.951,0.000306,0.00035053,2048,13936.67,1787761648.921
2182,143.604,0.000241,0.00035009,2048,14261.41,1787761649.066
2183,144.771,0.000139,0.00034965,2048,14146.5,1787761649.213
2184,133.29,0.0002,0.00034921,2048,15364.99,1787761649.347
2185,149.759,0.000146,0.00034877,2048,13675.33,1787761649.497
2186,162.731,0.000151,0.00034833,2048,12585.15,1787761649.663
2187,175.459,0.00017,0.00034789,2048,11672.26,1787761649.839
2188,133.367,0.000146,0.00034746,2048,15356.15,1787761649.975
2189,153.289,0.000229,0.00034702,2048,13360.38,1787761650.128
2190,96.268,0.000245,0.00034658,2048,21274.01,1787761650.225
2191,112.96,0.000467,0.00034614,2048,18130.23,1787761650.34
2192,119.253,0.00017,0.0003457,2048,17173.59,1787761650.46
2193,134.171,0.000191,0.00034527,2048,15264.09,1787761650.596
2194,146.111,0.000212,0.00034483,2048,14016.76,1787761650.743
2195,134.845,0.000241,0.00034439,2048,15187.79,1787761650.88
2196,102.712,0.000201,0.00034396,2048,19939.25,1787761650.983
2197,102.366,0.000332,0.00034352,2048,20006.74,1787761651.086
2198,114.985,0.000263,0.00034308,2048,17811.08,1787761651.203
2199,114.116,0.000258,0.00034265,2048,17946.64,1787761651.318
2200,96.399,0.000209,0.00034221,2048,21245.06,1787761651.415
2201,108.14,0.000173,0.00034178,2048,18938.48,1787761651.524
2202,104.513,0.000285,0.00034134,2048,19595.63,1787761651.63
2203,106.626,0.000251,0.00034091,2048,19207.38,1787761651.737
2204,123.007,0.000191,0.00034047,2048,16649.5,1787761651.86
2205,145.373,0.000289,0.00034004,2048,14087.89,1787761652.007
2206,125.638,0.000207,0.00033961,2048,16300.84,1787761652.133
2207,109.036,0.000234,0.00033917,2048,18782.82,1787761652.243
2208,107.7,0.000184,0.00033874,2048,19015.78,1787761652.353
2209,103.636,0.000179,0.0003383,2048,19761.43,1787761652.456
2210,114.075,0.000161,0.00033787,2048,17953.05,1787761652.572
2211,109.004,0.000166,0.00033744,2048,18788.34,1787761652.681
2212,137.505,0.000221,0.00033701,2048,14893.99,1787761652.821
2213,144.7,0.000167,0.00033657,2048,14153.41,1787761652.966
2214,142.004,0.000257,0.00033614,2048,14422.16,1787761653.11
2215,137.469,0.000214,0.00033571,2048,14897.85,1787761653.249
2216,142.706,0.000336,0.00033528,2048,14351.17,1787761653.393
2217,111.327,0.000149,0.00033485,2048,18396.27,1787761653.506
2218,135.875,0.000253,0.00033442,2048,15072.69,1787761653.642
2219,145.128,0.000169,0.00033399,2048,14111.72,1787761653.789
2220,134.114,0.000185,0.00033356,2048,15270.58,1787761653.924
2221,110.63,0.000191,0.00033312,2048,18512.24,1787761654.036
2222,108.496,0.000224,0.00033269,2048,18876.32,1787761654.146
2223,131.428,0.000215,0.00033227,2048,15582.65,1787761654.279
2224,114.13,0.000238,0.00033184,2048,17944.48,1787761654.394
2225,125.176,0.000142,0.00033141,2048,16360.9,1787761654.521
2226,134.893,0.000262,0.00033098,2048,15182.36,1787761654.656
2227,142.052,0.00021,0.00033055,2048,14417.26,1787761654.799
2228,129.703,0.000209,0.00033012,2048,15789.91,1787761654.93
2229,111.954,0.000199,0.00032969,2048,18293.23,1787761655.043
2230,118.343,0.000213,0.00032926,2048,17305.61,1787761655.162
2231,108.624,0.0002,0.00032884,2048,18853.99,1787761655.272
2232,106.568,0.000169,0.00032841,2048,19217.74,1787761655.38
2233,117.075,0.000152,0.00032798,2048,17493.02,1787761655.498
2234,133.452,0.000191,0.00032756,2048,15346.33,1787761655.633
2235,102.369,0.00022,0.00032713,2048,20006.08,1787761655.737
2236,101.829,0.000329,0.0003267,2048,20112.17,1787761655.84
2237,98.74,0.000275,0.00032628,2048,20741.42,1787761655.94
2238,111.168,0.000227,0.00032585,2048,18422.57,1787761656.052
2239,104.142,0.000233,0.00032543,2048,19665.38,1787761656.157
2240,82.054,0.000202,0.000325,2048,24959.26,1787761656.24
2241,108.993,0.000254,0.00032458,2048,18790.13,1787761656.349
2242,104.346,0.000182,0.00032415,2048,19627.1,1787761656.455
2243,112.926,0.000246,0.00032373,2048,18135.82,1787761656.57
2244,142.755,0.000205,0.0003233,2048,14346.28,1787761656.712
2245,129.506,0.000304,0.00032288,2048,15813.93,1787761656.844
2246,108.975,0.000182,0.00032245,2048,18793.25,1787761656.955
2247,120.224,0.000175,0.00032203,2048,17034.81,1787761657.076
2248,109.455,0.000229,0.00032161,2048,18710.82,1787761657.186
2249,113.208,0.000236,0.00032118,2048,18090.64,1787761657.3
2250,117.627,0.000217,0.00032076,2048,17410.91,1787761657.419
2251,92.886,0.000158,0.00032034,2048,22048.56,1787761657.514
2252,114.755,0.000196,0.00031992,2048,17846.75,1787761657.63
2253,118.59,0.000203,0.0003195,2048,17269.54,1787761657.749
2254,112.712,0.000203,0.00031907,2048,18170.2,1787761657.863
2255,123.66,0.0002,0.00031865,2048,16561.58,1787761657.987
2256,111.63,0.000181,0.00031823,2048,18346.34,1787761658.099
2257,121.252,0.00027,0.00031781,2048,16890.51,1787761658.221
2258,92.946,0.000183,0.00031739,2048,22034.42,1787761658.316
2259,103.194,0.000153,0.00031697,2048,19846.19,1787761658.42
2260,107.867,0.000159,0.00031655,2048,18986.29,1787761658.53
2261,137.54,0.000188,0.00031613,2048,14890.22,1787761658.669
2262,106.573,0.000195,0.00031571,2048,19216.8,1787761658.777
2263,104.489,0.000168,0.00031529,2048,19600.17,1787761658.883
2264,105.699,0.000156,0.00031488,2048,19375.68,1787761658.989
2265,85.857,0.000133,0.00031446,2048,23853.62,1787761659.076
2266,102.735,0.00018,0.00031404,2048,19934.84,1787761659.179
2267,95.095,0.000202,0.00031362,2048,21536.45,1787761659.275
2268,106.904,0.000153,0.0003132,2048,19157.3,1787761659.384
2269,115.181,0.000229,0.00031279,2048,17780.73,1787761659.502
2270,120.087,0.000198,0.00031237,2048,17054.33,1787761659.623
2271,102.332,0.000178,0.00031195,2048,20013.33,1787761659.726
2272,111.275,0.00017,0.00031154,2048,18404.85,1787761659.838
2273,113.846,0.000274,0.00031112,2048,17989.15,1787761659.953
2274,127.677,0.000207,0.0003107,2048,16040.49,1787761660.082
2275,132.091,0.000151,0.00031029,2048,15504.5,1787761660.216
2276,150.893,0.00014,0.00030987,2048,13572.54,1787761660.368
2277,120.724,0.000165,0.00030946,2048,16964.37,1787761660.49
2278,117.641,0.000142,0.00030904,2048,17408.93,1787761660.609
2279,110.782,0.000197,0.00030863,2048,18486.81,1787761660.72
2280,120.702,0.000217,0.00030822,2048,16967.37,1787761660.843
2281,128.073,0.0002,0.0003078,2048,15990.93,1787761660.972
2282,100.728,0.000309,0.00030739,2048,20332.0,1787761661.074
2283,126.03,0.000197,0.00030697,2048,16250.05,1787761661.201
2284,108.258,0.000182,0.00030656,2048,18917.79,1787761661.31
2285,126.62,0.000185,0.00030615,2048,16174.32,1787761661.437
2286,140.665,0.000221,0.00030574,2048,14559.43,1787761661.579
2287,117.378,0.000187,0.00030532,2048,17447.96,1787761661.698
2288,119.319,0.0002,0.00030491,2048,17164.04,1787761661.819
2289,114.279,0.000242,0.0003045,2048,17920.99,1787761661.934
2290,92.892,0.000147,0.00030409,2048,22047.2,1787761662.028
2291,103.993,0.000174,0.00030368,2048,19693.67,1787761662.132
2292,86.892,0.000487,0.00030327,2048,23569.43,1787761662.221
2293,108.831,0.000148,0.00030286,2048,18818.08,1787761662.33
2294,86.535,0.00022,0.00030245,2048,23666.64,1787761662.418
2295,100.614,0.00018,0.00030204,2048,20355.06,1787761662.518
2296,132.643,0.000266,0.00030163,2048,15440.0,1787761662.653
2297,136.76,0.000216,0.00030122,2048,14975.18,1787761662.791
2298,115.321,0.000188,0.00030081,2048,17759.09,1787761662.907
2299,123.57,0.000141,0.0003004,2048,16573.58,1787761663.032
2300,114.334,0.000184,0.00029999,2048,17912.37,1787761663.147
2301,124.694,0.000346,0.00029959,2048,16424.26,1787761663.273
2302,109.782,0.000243,0.00029918,2048,18655.19,1787761663.384
2303,125.665,0.000225,0.00029877,2048,16297.26,1787761663.511
2304,118.084,0.000136,0.00029836,2048,17343.53,1787761663.631
2305,101.176,0.000147,0.00029796,2048,20241.89,1787761663.734
2306,116.033,0.000166,0.00029755,2048,17650.21,1787761663.851
2307,109.703,0.000141,0.00029714,2048,18668.64,1787761663.962
2308,107.582,0.000173,0.00029674,2048,19036.64,1787761664.07
2309,113.123,0.000135,0.00029633,2048,18104.25,1787761664.184
2310,84.488,0.000171,0.00029593,2048,24240.16,1787761664.269
2311,91.846,0.000134,0.00029552,2048,22298.24,1787761664.362
2312,103.271,0.000174,0.00029512,2048,19831.24,1787761664.466
2313,93.901,0.00018,0.00029471,2048,21810.23,1787761664.561
2314,84.096,0.000157,0.00029431,2048,24353.12,1787761664.646
2315,85.572,0.000154,0.0002939,2048,23933.12,1787761664.732
2316,89.83,0.000137,0.0002935,2048,22798.54,1787761664.822
2317,109.524,0.00013,0.0002931,2048,18699.15,1787761664.933
2318,116.52,0.000183,0.0002927,2048,17576.4,1787761665.051
2319,101.36,0.000156,0.00029229,2048,20205.21,1787761665.153
2320,118.311,0.000174,0.00029189,2048,17310.27,1787761665.273
2321,101.768,0.000129,0.00029149,2048,20124.28,1787761665.375
2322,99.351,0.000141,0.00029109,2048,20613.78,1787761665.476
2323,88.172,0.000152,0.00029069,2048,23227.22,1787761665.566
2324,112.725,0.000141,0.00029028,2048,18168.09,1787761665.68
2325,114.052,0.000126,0.00028988,2048,17956.78,1787761665.795
2326,125.776,0.000144,0.00028948,2048,16282.85,1787761665.921
2327,122.803,0.000228,0.00028908,2048,16677.17,1787761666.046
2328,106.651,0.000142,0.00028868,2048,19202.91,1787761666.153
2329,107.586,0.000186,0.00028828,2048,19035.97,1787761666.261
2330,91.64,0.000148,0.00028789,2048,22348.34,1787761666.353
2331,119.785,0.000184,0.00028749,2048,17097.31,1787761666.475
2332,126.135,0.000176,0.00028709,2048,16236.58,1787761666.603
2333,114.604,0.00018,0.00028669,2048,17870.22,1787761666.719
2334,119.032,0.000165,0.00028629,2048,17205.44,1787761666.838
2335,100.068,0.00018,0.00028589,2048,20466.12,1787761666.941
2336,119.675,0.000144,0.0002855,2048,17112.99,1787761667.061
2337,92.375,0.000202,0.0002851,2048,22170.55,1787761667.155
2338,91.068,0.000184,0.0002847,2048,22488.76,1787761667.248
2339,100.923,0.000161,0.00028431,2048,20292.76,1787761667.349
2340,101.598,0.000255,0.00028391,2048,20157.84,1787761667.452
2341,125.562,0.000246,0.00028351,2048,16310.6,1787761667.579
2342,139.631,0.000159,0.00028312,2048,14667.21,1787761667.719
2343,114.553,0.000178,0.00028272,2048,17878.14,1787761667.835
2344,110.7,0.000127,0.00028233,2048,18500.4,1787761667.947
2345,110.148,0.000165,0.00028194,2048,18593.17,1787761668.058
2346,113.48,0.000163,0.00028154,2048,18047.22,1787761668.173
2347,109.161,0.000161,0.00028115,2048,18761.33,1787761668.283
2348,110.341,0.000172,0.00028075,2048,18560.66,1787761668.394
2349,100.309,0.000139,0.00028036,2048,20416.91,1787761668.496
2350,116.395,0.000208,0.00027997,2048,17595.33,1787761668.613
2351,106.269,0.000177,0.00027958,2048,19271.83,1787761668.72
2352,93.089,0.000178,0.00027918,2048,22000.38,1787761668.814
2353,86.56,0.000204,0.00027879,2048,23660.0,1787761668.903
2354,98.753,0.000161,0.0002784,2048,20738.61,1787761669.002
2355,105.162,0.000127,0.00027801,2048,19474.75,1787761669.108
2356,95.054,0.000209,0.00027762,2048,21545.58,1787761669.204
2357,113.867,0.000179,0.00027723,2048,17985.94,1787761669.318
2358,96.491,0.000257,0.00027684,2048,21224.82,1787761669.416
2359,95.58,0.000194,0.00027645,2048,21426.96,1787761669.513
2360,114.77,0.000175,0.00027606,2048,17844.43,1787761669.628
2361,103.477,0.000143,0.00027567,2048,19791.88,1787761669.732
2362,111.349,0.000173,0.00027528,2048,18392.67,1787761669.844
2363,98.99,0.000172,0.00027489,2048,20688.96,1787761669.945
2364,101.333,0.000148,0.0002745,2048,20210.61,1787761670.048
2365,100.869,0.000159,0.00027411,2048,20303.64,1787761670.149
2366,125.159,0.000158,0.00027373,2048,16363.25,1787761670.276
2367,85.671,0.000135,0.00027334,2048,23905.55,1787761670.362
2368,93.052,0.000145,0.00027295,2048,22009.1,1787761670.456
2369,99.585,0.000174,0.00027257,2048,20565.35,1787761670.557
2370,117.41,0.00014,0.00027218,2048,17443.13,1787761670.675
2371,133.881,0.000181,0.00027179,2048,15297.21,1787761670.809
2372,145.29,0.000197,0.00027141,2048,14095.99,1787761670.957
2373,135.959,0.000144,0.00027102,2048,15063.32,1787761671.094
2374,117.427,0.000181,0.00027064,2048,17440.64,1787761671.213
2375,144.729,0.0002,0.00027025,2048,14150.58,1787761671.359
2376,131.779,0.000154,0.00026987,2048,15541.11,1787761671.492
2377,129.321,0.000202,0.00026948,2048,15836.5,1787761671.623
2378,125.079,0.000231,0.0002691,2048,16373.65,1787761671.75
2379,121.385,0.000205,0.00026872,2048,16871.89,1787761671.872
2380,143.1,0.000192,0.00026833,2048,14311.67,1787761672.017
2381,126.135,0.000167,0.00026795,2048,16236.61,1787761672.143
2382,98.191,0.000172,0.00026757,2048,20857.27,1787761672.243
2383,106.553,0.000169,0.00026719,2048,19220.55,1787761672.35
2384,117.2,0.000159,0.00026681,2048,17474.33,1787761672.468
2385,104.814,0.000136,0.00026642,2048,19539.43,1787761672.574
2386,101.753,0.000254,0.00026604,2048,20127.09,1787761672.676
2387,99.52,0.00018,0.00026566,2048,20578.74,1787761672.777
2388,97.193,0.000263,0.00026528,2048,21071.52,1787761672.875
2389,145.811,0.000148,0.0002649,2048,14045.54,1787761673.021
2390,141.389,0.000192,0.00026452,2048,14484.83,1787761673.165
2391,105.134,0.000316,0.00026414,2048,19479.83,1787761673.271
2392,116.768,0.000225,0.00026376,2048,17539.05,1787761673.388
2393,104.482,0.000246,0.00026339,2048,19601.41,1787761673.494
2394,102.021,0.000159,0.00026301,2048,20074.38,1787761673.597
2395,105.47,0.000276,0.00026263,2048,19417.79,1787761673.704
2396,101.291,0.000273,0.00026225,2048,20218.99,1787761673.805
2397,102.058,0.000157,0.00026188,2048,20067.04,1787761673.908
2398,120.362,0.000212,0.0002615,2048,17015.29,1787761674.03
2399,92.934,0.000175,0.00026112,2048,22037.05,1787761674.125
2400,114.331,0.000151,0.00026075,2048,17912.93,1787761674.24
2401,112.696,0.000196,0.00026037,2048,18172.86,1787761674.354
2402,110.509,0.000152,0.00025999,2048,18532.51,1787761674.465
2403,99.093,0.000217,0.00025962,2048,20667.54,1787761674.565
2404,155.171,0.000165,0.00025924,2048,13198.36,1787761674.721
2405,167.579,0.000169,0.00025887,2048,12221.09,1787761674.89
2406,170.886,0.000175,0.0002585,2048,11984.6,1787761675.062
2407,123.465,0.000148,0.00025812,2048,16587.68,1787761675.187
2408,119.514,0.000201,0.00025775,2048,17136.07,1787761675.306
2409,158.646,0.000163,0.00025738,2048,12909.28,1787761675.468
2410,105.513,0.000143,0.000257,2048,19409.95,1787761675.574
2411,131.311,0.000148,0.00025663,2048,15596.55,1787761675.707
2412,114.994,0.000176,0.00025626,2048,17809.62,1787761675.823
2413,97.485,0.000277,0.00025589,2048,21008.45,1787761675.921
2414,97.249,0.000146,0.00025552,2048,21059.23,1787761676.019
2415,117.253,0.000173,0.00025514,2048,17466.5,1787761676.137
2416,95.842,0.00026,0.00025477,2048,21368.46,1787761676.234
2417,83.679,0.000139,0.0002544,2048,24474.42,1787761676.319
2418,95.209,0.000196,0.00025403,2048,21510.62,1787761676.414
2419,107.094,0.000165,0.00025366,2048,19123.46,1787761676.522
2420,128.875,0.000151,0.00025329,2048,15891.33,1787761676.652
2421,146.725,0.000127,0.00025293,2048,13958.08,1787761676.8
2422,110.537,0.000148,0.00025256,2048,18527.72,1787761676.911
2423,100.675,0.000216,0.00025219,2048,20342.59,1787761677.013
2424,101.847,0.000227,0.00025182,2048,20108.63,1787761677.115
2425,102.088,0.000162,0.00025145,2048,20061.03,1787761677.219
2426,126.506,0.000129,0.00025109,2048,16188.92,1787761677.346
2427,109.263,0.000173,0.00025072,2048,18743.75,1787761677.457
2428,113.636,0.000172,0.00025035,2048,18022.43,1787761677.571
2429,118.366,0.000123,0.00024999,2048,17302.22,1787761677.69
2430,119.369,0.000167,0.00024962,2048,17156.96,1787761677.811
2431,152.737,0.00015,0.00024926,2048,13408.65,1787761677.966
2432,121.891,0.000129,0.00024889,2048,16801.9,1787761678.089
2433,123.884,0.000187,0.00024853,2048,16531.54,1787761678.215
2434,133.567,0.00017,0.00024816,2048,15333.13,1787761678.35
2435,122.748,0.000282,0.0002478,2048,16684.56,1787761678.475
2436,119.629,0.000231,0.00024743,2048,17119.61,1787761678.595
2437,145.111,0.000162,0.00024707,2048,14113.38,1787761678.742
2438,147.602,0.000187,0.00024671,2048,13875.13,1787761678.89
2439,181.077,0.000187,0.00024635,2048,11310.09,1787761679.072
2440,170.145,0.000143,0.00024598,2048,12036.8,1787761679.244
2441,160.935,0.000175,0.00024562,2048,12725.64,1787761679.406
2442,118.995,0.000215,0.00024526,2048,17210.87,1787761679.525
2443,147.556,0.000245,0.0002449,2048,13879.47,1787761679.675
2444,121.659,0.000158,0.00024454,2048,16833.91,1787761679.798
2445,113.346,0.000225,0.00024418,2048,18068.52,1787761679.912
2446,100.821,0.000162,0.00024382,2048,20313.27,1787761680.014
2447,126.268,0.000184,0.00024346,2048,16219.44,1787761680.14
2448,159.375,0.00016,0.0002431,2048,12850.2,1787761680.301
2449,134.822,0.000128,0.00024274,2048,15190.37,1787761680.438
2450,124.626,0.000161,0.00024238,2048,16433.1,1787761680.565
2451,153.341,0.000181,0.00024203,2048,13355.83,1787761680.72
2452,161.93,0.000169,0.00024167,2048,12647.45,1787761680.883
2453,177.535,0.000152,0.00024131,2048,11535.76,1787761681.061
2454,166.303,0.000139,0.00024095,2048,12314.91,1787761681.229
2455,166.207,0.000179,0.0002406,2048,12322.01,1787761681.397
2456,142.668,0.000166,0.00024024,2048,14355.04,1787761681.541
2457,107.35,0.000141,0.00023988,2048,19077.71,1787761681.65
2458,148.201,0.000143,0.00023953,2048,13819.06,1787761681.799
2459,118.699,0.000172,0.00023917,2048,17253.75,1787761681.918
2460,121.797,0.000188,0.00023882,2048,16814.91,1787761682.041
2461,137.462,0.000156,0.00023846,2048,14898.72,1787761682.179
2462,160.435,0.000197,0.00023811,2048,12765.32,1787761682.341
2463,142.359,0.000138,0.00023776,2048,14386.19,1787761682.485
2464,147.167,0.000182,0.0002374,2048,13916.17,1787761682.633
2465,130.635,0.00019,0.00023705,2048,15677.21,1787761682.765
2466,159.683,0.000193,0.0002367,2048,12825.43,1787761682.926
2467,161.171,0.000198,0.00023635,2048,12707.02,1787761683.089
2468,126.15,0.000178,0.00023599,2048,16234.59,1787761683.216
2469,114.896,0.000228,0.00023564,2048,17824.89,1787761683.332
2470,108.978,0.000158,0.00023529,2048,18792.8,1787761683.442
2471,129.635,0.000182,0.00023494,2048,15798.26,1787761683.573
2472,131.534,0.000198,0.00023459,2048,15570.08,1787761683.706
2473,152.759,0.000203,0.00023424,2048,13406.7,1787761683.86
2474,108.591,0.000152,0.00023389,2048,18859.71,1787761683.969
2475,119.135,0.000189,0.00023354,2048,17190.55,1787761684.089
2476,104.042,0.000198,0.00023319,2048,19684.28,1787761684.194
2477,111.967,0.000196,0.00023284,2048,18291.09,1787761684.307
2478,95.603,0.000201,0.0002325,2048,21421.94,1787761684.403
2479,101.183,0.000321,0.00023215,2048,20240.63,1787761684.506
2480,125.823,0.000157,0.0002318,2048,16276.9,1787761684.633
2481,139.065,0.000267,0.00023146,2048,14726.89,1787761684.774
2482,126.513,0.000214,0.00023111,2048,16188.1,1787761684.902
2483,122.037,0.000176,0.00023076,2048,16781.74,1787761685.026
2484,138.153,0.000169,0.00023042,2048,14824.14,1787761685.166
2485,130.159,0.000252,0.00023007,2048,15734.6,1787761685.298
2486,121.817,0.000249,0.00022973,2048,16812.05,1787761685.421
2487,148.037,0.000113,0.00022938,2048,13834.34,1787761685.57
2488,94.324,0.000137,0.00022904,2048,21712.4,1787761685.665
2489,94.624,0.000129,0.00022869,2048,21643.49,1787761685.76
2490,109.968,0.000183,0.00022835,2048,18623.58,1787761685.872
2491,100.705,0.000127,0.00022801,2048,20336.59,1787761685.973
2492,104.704,0.000149,0.00022766,2048,19560.0,1787761686.079
2493,110.871,0.000149,0.00022732,2048,18471.9,1787761686.19
2494,111.501,0.00018,0.00022698,2048,18367.5,1787761686.302
2495,104.821,0.000132,0.00022664,2048,19538.03,1787761686.408
2496,109.001,0.000131,0.0002263,2048,18788.78,1787761686.518
2497,111.033,0.000174,0.00022596,2048,18444.97,1787761686.63
2498,140.159,0.000182,0.00022562,2048,14611.99,1787761686.771
2499,153.796,0.000123,0.00022528,2048,13316.38,1787761686.927
2500,155.434,0.000143,0.00022494,2048,13175.99,1787761687.084
2501,148.948,0.000179,0.0002246,2048,13749.75,1787761687.235
2502,114.13,0.00018,0.00022426,2048,17944.51,1787761687.351
2503,98.981,0.00016,0.00022392,2048,20690.76,1787761687.451
2504,116.524,0.000129,0.00022358,2048,17575.82,1787761687.569
2505,93.794,0.000192,0.00022324,2048,21835.02,1787761687.663
2506,121.812,0.000169,0.00022291,2048,16812.75,1787761687.786
2507,96.955,0.000138,0.00022257,2048,21123.25,1787761687.884
2508,116.635,0.000138,0.00022223,2048,17559.05,1787761688.003
2509,95.266,0.000119,0.0002219,2048,21497.72,1787761688.099
2510,94.002,0.000117,0.00022156,2048,21786.84,1787761688.194
2511,98.039,0.000157,0.00022123,2048,20889.67,1787761688.293
2512,119.302,0.000133,0.00022089,2048,17166.58,1787761688.413
2513,186.195,0.000164,0.00022056,2048,10999.24,1787761688.601
2514,190.238,0.000143,0.00022022,2048,10765.47,1787761688.792
2515,160.219,0.000133,0.00021989,2048,12782.52,1787761688.955
2516,161.536,0.000156,0.00021955,2048,12678.3,1787761689.117
2517,147.39,0.000169,0.00021922,2048,13895.13,1787761689.266
2518,129.842,0.000128,0.00021889,2048,15773.05,1787761689.398
2519,153.064,0.000159,0.00021856,2048,13380.04,1787761689.552
2520,132.674,0.000175,0.00021823,2048,15436.29,1787761689.686
2521,142.164,0.000166,0.00021789,2048,14405.86,1787761689.829
2522,152.757,0.000135,0.00021756,2048,13406.93,1787761689.982
2523,110.309,0.000472,0.00021723,2048,18566.08,1787761690.094
2524,152.156,0.000199,0.0002169,2048,13459.84,1787761690.248
2525,111.378,0.000133,0.00021657,2048,18387.88,1787761690.36
2526,98.947,0.000129,0.00021624,2048,20697.97,1787761690.46
2527,132.259,0.000306,0.00021591,2048,15484.8,1787761690.594
2528,115.79,0.000145,0.00021558,2048,17687.15,1787761690.71
2529,149.532,0.000259,0.00021526,2048,13696.02,1787761690.861
2530,158.418,0.000306,0.00021493,2048,12927.86,1787761691.021
2531,142.535,0.000132,0.0002146,2048,14368.4,1787761691.165
2532,125.732,0.000155,0.00021427,2048,16288.67,1787761691.292
2533,137.387,0.000183,0.00021395,2048,14906.79,1787761691.43
2534,118.778,0.000487,0.00021362,2048,17242.28,1787761691.55
2535,154.625,0.00023,0.0002133,2048,13244.9,1787761691.707
2536,158.517,0.000142,0.00021297,2048,12919.76,1787761691.866
2537,106.866,0.000275,0.00021264,2048,19164.2,1787761691.974
2538,121.59,0.00019,0.00021232,2048,16843.46,1787761692.096
2539,130.368,0.000193,0.000212,2048,15709.36,1787761692.229
2540,108.524,0.000164,0.00021167,2048,18871.33,1787761692.339
2541,129.159,0.000236,0.00021135,2048,15856.41,1787761692.468
2542,140.022,0.000179,0.00021103,2048,14626.26,1787761692.61
2543,176.137,0.000183,0.0002107,2048,11627.3,1787761692.787
2544,186.879,0.000173,0.00021038,2048,10958.94,1787761692.976
2545,218.502,0.000152,0.00021006,2048,9372.92,1787761693.196
2546,263.821,0.000191,0.00020974,2048,7762.85,1787761693.462
2547,249.406,0.000482,0.00020942,2048,8211.52,1787761693.713
2548,275.585,0.000301,0.0002091,2048,7431.45,1787761693.991
2549,280.37,0.000158,0.00020878,2048,7304.62,1787761694.273
2550,226.977,0.000157,0.00020846,2048,9022.95,1787761694.501
2551,218.94,0.000203,0.00020814,2048,9354.17,1787761694.723
2552,207.167,0.000225,0.00020782,2048,9885.77,1787761694.931
2553,227.271,0.000162,0.0002075,2048,9011.25,1787761695.16
2554,218.733,0.000143,0.00020718,2048,9362.99,1787761695.381
2555,194.595,0.000151,0.00020686,2048,10524.43,1787761695.577
2556,190.068,0.000187,0.00020655,2048,10775.07,1787761695.77
2557,194.477,0.000165,0.00020623,2048,10530.82,1787761695.967
2558,225.205,0.000347,0.00020591,2048,9093.95,1787761696.194
2559,190.484,0.000271,0.0002056,2048,10751.59,1787761696.386
2560,172.11,0.000155,0.00020528,2048,11899.35,1787761696.559
2561,203.214,0.000176,0.00020496,2048,10078.05,1787761696.765
2562,199.43,0.000158,0.00020465,2048,10269.26,1787761696.965
2563,197.499,0.000165,0.00020434,2048,10369.66,1787761697.165
2564,186.885,0.000155,0.00020402,2048,10958.62,1787761697.353
2565,197.244,0.00014,0.00020371,2048,10383.09,1787761697.552
2566,210.353,0.000178,0.00020339,2048,9736.03,1787761697.764
2567,201.973,0.00014,0.00020308,2048,10139.94,1787761697.968
2568,224.919,0.00019,0.00020277,2048,9105.48,1787761698.195
2569,200.566,0.000203,0.00020246,2048,10211.13,1787761698.397
2570,192.85,0.000155,0.00020215,2048,10619.67,1787761698.591
2571,190.605,0.000195,0.00020183,2048,10744.71,1787761698.784
2572,206.024,0.000175,0.00020152,2048,9940.59,1787761698.991
2573,176.627,0.000128,0.00020121,2048,11595.08,1787761699.17
2574,168.277,0.000163,0.0002009,2048,12170.42,1787761699.34
2575,166.301,0.000171,0.00020059,2048,12315.03,1787761699.509
2576,160.231,0.000178,0.00020028,2048,12781.52,1787761699.67
2577,141.178,0.000208,0.00019998,2048,14506.52,1787761699.813
2578,145.689,0.000141,0.00019967,2048,14057.36,1787761699.96
2579,142.052,0.000177,0.00019936,2048,14417.22,1787761700.104
2580,112.312,0.000208,0.00019905,2048,18235.0,1787761700.217
2581,110.325,0.00018,0.00019874,2048,18563.39,1787761700.329
2582,169.162,0.000146,0.00019844,2048,12106.73,1787761700.499
2583,176.888,0.000149,0.00019813,2048,11577.94,1787761700.677
2584,182.967,0.000189,0.00019783,2048,11193.26,1787761700.861
2585,166.52,0.000155,0.00019752,2048,12298.79,1787761701.029
2586,152.006,0.00014,0.00019722,2048,13473.11,1787761701.183
2587,169.341,0.000144,0.00019691,2048,12093.94,1787761701.353
2588,150.687,0.000142,0.00019661,2048,13591.11,1787761701.506
2589,156.021,0.000178,0.0001963,2048,13126.4,1787761701.663
2590,152.76,0.00015,0.000196,2048,13406.63,1787761701.819
2591,181.904,0.000152,0.0001957,2048,11258.7,1787761702.002
2592,172.629,0.000199,0.0001954,2048,11863.59,1787761702.176
2593,163.964,0.000136,0.00019509,2048,12490.52,1787761702.342
2594,169.081,0.000212,0.00019479,2048,12112.52,1787761702.513
2595,147.703,0.000159,0.00019449,2048,13865.63,1787761702.661
2596,160.43,0.000161,0.00019419,2048,12765.69,1787761702.823
2597,147.769,0.000149,0.00019389,2048,13859.5,1787761702.973
2598,133.553,0.000186,0.00019359,2048,15334.68,1787761703.108
2599,164.331,0.00019,0.00019329,2048,12462.69,1787761703.274
2600,193.402,0.00013,0.00019299,2048,10589.35,1787761703.468
2601,198.774,0.00012,0.00019269,2048,10303.18,1787761703.669
2602,168.78,0.000119,0.00019239,2048,12134.1,1787761703.839
2603,191.071,0.000149,0.0001921,2048,10718.51,1787761704.032
2604,166.738,0.000143,0.0001918,2048,12282.74,1787761704.201
2605,169.939,0.000122,0.0001915,2048,12051.35,1787761704.372
2606,200.477,0.000148,0.00019121,2048,10215.65,1787761704.574
2607,176.847,0.000173,0.00019091,2048,11580.62,1787761704.752
2608,170.007,0.000188,0.00019061,2048,12046.54,1787761704.924
2609,167.895,0.000253,0.00019032,2048,12198.09,1787761705.094
2610,196.47,0.00016,0.00019002,2048,10423.96,1787761705.291
2611,159.532,0.000194,0.00018973,2048,12837.55,1787761705.453
2612,144.344,0.000155,0.00018944,2048,14188.29,1787761705.599
2613,172.199,0.000133,0.00018914,2048,11893.23,1787761705.773
2614,159.443,0.000122,0.00018885,2048,12844.7,1787761705.933
2615,169.361,0.000166,0.00018856,2048,12092.48,1787761706.105
2616,171.027,0.000163,0.00018826,2048,11974.73,1787761706.277
2617,168.122,0.000141,0.00018797,2048,12181.62,1787761706.447
2618,166.341,0.000154,0.00018768,2048,12312.03,1787761706.615
2619,133.933,0.000182,0.00018739,2048,15291.28,1787761706.75
2620,161.299,0.000256,0.0001871,2048,12696.92,1787761706.913
2621,173.077,0.000286,0.00018681,2048,11832.86,1787761707.087
2622,150.52,0.000161,0.00018652,2048,13606.16,1787761707.239
2623,145.083,0.000215,0.00018623,2048,14116.06,1787761707.385
2624,151.002,0.000231,0.00018594,2048,13562.77,1787761707.538
2625,141.257,0.00017,0.00018565,2048,14498.37,1787761707.681
2626,115.881,0.000141,0.00018537,2048,17673.26,1787761707.797
2627,107.337,0.000181,0.00018508,2048,19080.04,1787761707.906
2628,142.414,0.000134,0.00018479,2048,14380.58,1787761708.049
2629,161.895,0.000208,0.00018451,2048,12650.19,1787761708.214
2630,162.254,0.000173,0.00018422,2048,12622.17,1787761708.378
2631,146.095,0.00017,0.00018393,2048,14018.27,1787761708.524
2632,111.061,0.000147,0.00018365,2048,18440.4,1787761708.636
2633,141.291,0.000149,0.00018336,2048,14494.91,1787761708.779
2634,158.821,0.000135,0.00018308,2048,12895.06,1787761708.94
2635,129.378,0.000143,0.00018279,2048,15829.55,1787761709.07
2636,125.651,0.000111,0.00018251,2048,16299.05,1787761709.197
2637,164.786,0.000201,0.00018223,2048,12428.28,1787761709.363
2638,173.364,0.000132,0.00018195,2048,11813.27,1787761709.538
2639,181.498,0.000136,0.00018166,2048,11283.88,1787761709.721
2640,187.649,0.000132,0.00018138,2048,10913.98,1787761709.91
2641,173.234,0.000127,0.0001811,2048,11822.15,1787761710.084
2642,175.045,0.000124,0.00018082,2048,11699.86,1787761710.262
2643,186.686,0.000185,0.00018054,2048,10970.32,1787761710.449
2644,194.594,0.000124,0.00018026,2048,10524.45,1787761710.646
2645,148.726,0.000119,0.00017998,2048,13770.24,1787761710.796
2646,161.77,0.000196,0.0001797,2048,12659.96,1787761710.959
2647,186.525,0.000226,0.00017942,2048,10979.76,1787761711.148
2648,153.256,0.000171,0.00017914,2048,13363.24,1787761711.303
2649,180.004,0.000167,0.00017887,2048,11377.49,1787761711.485
2650,199.541,0.000137,0.00017859,2048,10263.53,1787761711.685
2651,234.674,0.000149,0.00017831,2048,8727.01,1787761711.922
2652,209.025,0.000171,0.00017803,2048,9797.87,1787761712.133
2653,223.89,0.000195,0.00017776,2048,9147.36,1787761712.358
2654,196.917,0.000179,0.00017748,2048,10400.33,1787761712.557
2655,197.824,0.000134,0.00017721,2048,10352.64,1787761712.756
2656,196.879,0.000271,0.00017693,2048,10402.35,1787761712.955
2657,203.886,0.000167,0.00017666,2048,10044.81,1787761713.16
2658,233.298,0.000166,0.00017638,2048,8778.46,1787761713.395
2659,247.992,0.000168,0.00017611,2048,8258.34,1787761713.646
2660,252.769,0.000194,0.00017584,2048,8102.27,1787761713.901
2661,250.509,0.00021,0.00017557,2048,8175.36,1787761714.154
2662,258.61,0.000162,0.00017529,2048,7919.27,1787761714.414
2663,258.133,0.000152,0.00017502,2048,7933.91,1787761714.674
2664,228.534,0.000195,0.00017475,2048,8961.46,1787761714.906
2665,186.955,0.000171,0.00017448,2048,10954.49,1787761715.095
2666,181.651,0.000197,0.00017421,2048,11274.35,1787761715.278
2667,183.106,0.000154,0.00017394,2048,11184.78,1787761715.463
2668,185.041,0.000152,0.00017367,2048,11067.81,1787761715.649
2669,176.523,0.000246,0.0001734,2048,11601.89,1787761715.828
2670,171.18,0.000295,0.00017313,2048,11964.01,1787761716.0
2671,199.571,0.000261,0.00017287,2048,10262.0,1787761716.201
2672,186.578,0.000204,0.0001726,2048,10976.67,1787761716.389
2673,205.646,0.000182,0.00017233,2048,9958.86,1787761716.597
2674,191.684,0.000127,0.00017206,2048,10684.25,1787761716.79
2675,171.67,0.000173,0.0001718,2048,11929.89,1787761716.963
2676,169.467,0.000225,0.00017153,2048,12084.96,1787761717.134
2677,171.846,0.000174,0.00017127,2048,11917.67,1787761717.308
2678,159.511,0.000151,0.000171,2048,12839.26,1787761717.468
2679,150.04,0.000151,0.00017074,2048,13649.65,1787761717.619
2680,172.406,0.000251,0.00017047,2048,11878.96,1787761717.793
2681,179.447,0.000218,0.00017021,2048,11412.82,1787761717.974
2682,142.062,0.000225,0.00016995,2048,14416.23,1787761718.118
2683,122.963,0.000203,0.00016968,2048,16655.35,1787761718.243
2684,142.929,0.000151,0.00016942,2048,14328.75,1787761718.387
2685,165.303,0.000172,0.00016916,2048,12389.37,1787761718.553
2686,121.993,0.000159,0.0001689,2048,16787.88,1787761718.677
2687,185.185,0.000161,0.00016864,2048,11059.23,1787761718.864
2688,175.397,0.000159,0.00016838,2048,11676.34,1787761719.04
2689,163.365,0.000156,0.00016812,2048,12536.31,1787761719.205
2690,142.895,0.000141,0.00016786,2048,14332.16,1787761719.35
2691,138.427,0.000277,0.0001676,2048,14794.81,1787761719.489
2692,160.616,0.000131,0.00016734,2048,12750.92,1787761719.652
2693,168.945,0.000109,0.00016708,2048,12122.29,1787761719.822
2694,163.423,0.000172,0.00016683,2048,12531.87,1787761719.987
2695,166.415,0.000233,0.00016657,2048,12306.55,1787761720.154
2696,167.941,0.000161,0.00016631,2048,12194.74,1787761720.323
2697,146.644,0.000107,0.00016606,2048,13965.79,1787761720.472
2698,147.288,0.000163,0.0001658,2048,13904.75,1787761720.619
2699,159.019,0.000129,0.00016554,2048,12878.97,1787761720.781
2700,160.99,0.00022,0.00016529,2048,12721.3,1787761720.943
2701,162.707,0.000179,0.00016504,2048,12587.04,1787761721.107
2702,172.938,0.000149,0.00016478,2048,11842.39,1787761721.282
2703,162.861,0.000125,0.00016453,2048,12575.12,1787761721.446
2704,180.567,0.000189,0.00016427,2048,11342.08,1787761721.629
2705,141.355,0.000152,0.00016402,2048,14488.34,1787761721.772
2706,148.167,0.000124,0.00016377,2048,13822.23,1787761721.921
2707,160.583,0.000136,0.00016352,2048,12753.53,1787761722.084
2708,175.07,0.000182,0.00016327,2048,11698.17,1787761722.26
2709,167.237,0.00018,0.00016302,2048,12246.06,1787761722.429
2710,120.147,0.000135,0.00016277,2048,17045.77,1787761722.549
2711,165.326,0.000122,0.00016252,2048,12387.65,1787761722.716
2712,167.988,0.000137,0.00016227,2048,12191.38,1787761722.887
2713,162.681,0.000155,0.00016202,2048,12589.02,1787761723.051
2714,154.976,0.000124,0.00016177,2048,13214.98,1787761723.207
2715,151.059,0.000132,0.00016152,2048,13557.64,1787761723.36
2716,154.787,0.000114,0.00016127,2048,13231.12,1787761723.516
2717,152.19,0.000113,0.00016103,2048,13456.9,1787761723.67
2718,143.469,0.000119,0.00016078,2048,14274.88,1787761723.813
2719,146.408,0.000135,0.00016053,2048,13988.34,1787761723.963
2720,166.226,0.00019,0.00016029,2048,12320.54,1787761724.13
2721,173.989,0.000122,0.00016004,2048,11770.84,1787761724.306
2722,175.225,0.000125,0.0001598,2048,11687.86,1787761724.483
2723,189.989,0.000142,0.00015955,2048,10779.57,1787761724.674
2724,200.592,0.000206,0.00015931,2048,10209.77,1787761724.876
2725,202.592,0.00014,0.00015907,2048,10109.01,1787761725.081
2726,176.803,0.000165,0.00015882,2048,11583.55,1787761725.26
2727,211.672,0.000122,0.00015858,2048,9675.36,1787761725.472
2728,227.801,0.000114,0.00015834,2048,8990.3,1787761725.703
2729,221.29,0.000175,0.0001581,2048,9254.84,1787761725.925
2730,193.057,0.0002,0.00015786,2048,10608.29,1787761726.12
2731,170.905,0.000188,0.00015762,2048,11983.27,1787761726.292
2732,159.166,0.000125,0.00015738,2048,12867.09,1787761726.453
2733,175.251,0.000145,0.00015714,2048,11686.09,1787761726.63
2734,187.264,0.000134,0.0001569,2048,10936.44,1787761726.819
2735,202.871,0.000129,0.00015666,2048,10095.1,1787761727.024
2736,227.452,0.000158,0.00015642,2048,9004.09,1787761727.253
2737,213.243,0.000144,0.00015618,2048,9604.06,1787761727.469
2738,221.805,0.000156,0.00015595,2048,9233.34,1787761727.693
2739,193.192,0.000119,0.00015571,2048,10600.85,1787761727.887
2740,184.601,0.000116,0.00015547,2048,11094.19,1787761728.074
2741,192.632,0.000165,0.00015524,2048,10631.65,1787761728.268
2742,154.393,0.00015,0.000155,2048,13264.88,1787761728.424
2743,151.98,0.000147,0.00015477,2048,13475.45,1787761728.577
2744,196.824,0.000127,0.00015453,2048,10405.21,1787761728.775
2745,189.753,0.000142,0.0001543,2048,10792.96,1787761728.967
2746,163.397,0.000192,0.00015406,2048,12533.89,1787761729.132
2747,157.368,0.000194,0.00015383,2048,13014.11,1787761729.29
2748,216.236,0.000164,0.0001536,2048,9471.11,1787761729.508
2749,206.849,0.000142,0.00015337,2048,9900.93,1787761729.716
2750,202.909,0.000165,0.00015314,2048,10093.17,1787761729.921
2751,183.901,0.000172,0.0001529,2048,11136.45,1787761730.107
2752,166.05,0.00018,0.00015267,2048,12333.6,1787761730.275
2753,197.498,0.000114,0.00015244,2048,10369.71,1787761730.474
2754,203.944,0.000126,0.00015221,2048,10041.98,1787761730.68
2755,202.227,0.000154,0.00015198,2048,10127.25,1787761730.884
2756,172.163,0.000141,0.00015176,2048,11895.7,1787761731.058
2757,163.602,0.000161,0.00015153,2048,12518.21,1787761731.223
2758,190.133,0.000139,0.0001513,2048,10771.4,1787761731.415
2759,195.741,0.00019,0.00015107,2048,10462.81,1787761731.613
2760,178.356,0.000167,0.00015085,2048,11482.67,1787761731.793
2761,198.376,0.000154,0.00015062,2048,10323.83,1787761731.993
2762,200.825,0.000151,0.00015039,2048,10197.92,1787761732.195
2763,193.381,0.000235,0.00015017,2048,10590.48,1787761732.391
2764,198.565,0.000144,0.00014994,2048,10314.0,1787761732.592
2765,201.346,0.000198,0.00014972,2048,10171.54,1787761732.795
2766,202.015,0.000223,0.00014949,2048,10137.86,1787761732.998
2767,197.62,0.000151,0.00014927,2048,10363.31,1787761733.197
2768,191.081,0.000171,0.00014905,2048,10717.95,1787761733.39
2769,137.112,0.000119,0.00014882,2048,14936.73,1787761733.528
2770,149.891,0.000223,0.0001486,2048,13663.26,1787761733.679
2771,176.848,0.0002,0.00014838,2048,11580.59,1787761733.858
2772,125.82,0.000192,0.00014816,2048,16277.23,1787761733.985
2773,161.964,0.000202,0.00014794,2048,12644.79,1787761734.149
2774,135.69,0.000217,0.00014772,2048,15093.19,1787761734.285
2775,173.195,0.000224,0.0001475,2048,11824.79,1787761734.459
2776,162.092,0.000149,0.00014728,2048,12634.81,1787761734.624
2777,161.023,0.000157,0.00014706,2048,12718.65,1787761734.787
2778,188.803,0.000149,0.00014684,2048,10847.29,1787761734.976
2779,184.556,0.000141,0.00014662,2048,11096.92,1787761735.163
2780,190.166,0.000187,0.00014641,2048,10769.52,1787761735.355
2781,192.481,0.000194,0.00014619,2048,10639.99,1787761735.549
2782,191.697,0.000189,0.00014597,2048,10683.5,1787761735.742
2783,194.562,0.000199,0.00014576,2048,10526.2,1787761735.939
2784,226.175,0.000171,0.00014554,2048,9054.92,1787761736.166
2785,202.936,0.00022,0.00014533,2048,10091.87,1787761736.372
2786,208.123,0.000135,0.00014511,2048,9840.32,1787761736.581
2787,218.911,0.000258,0.0001449,2048,9355.39,1787761736.801
2788,242.884,0.000227,0.00014469,2048,8432.02,1787761737.046
2789,280.445,0.000223,0.00014447,2048,7302.67,1787761737.328
2790,268.974,0.000241,0.00014426,2048,7614.12,1787761737.6
2791,269.363,0.000171,0.00014405,2048,7603.12,1787761737.871
2792,292.404,0.000186,0.00014384,2048,7004.01,1787761738.166
2793,246.07,0.000145,0.00014363,2048,8322.84,1787761738.414
2794,292.898,0.000187,0.00014341,2048,6992.19,1787761738.709
2795,295.122,0.000171,0.0001432,2048,6939.5,1787761739.005
2796,261.447,0.000135,0.000143,2048,7833.33,1787761739.269
2797,275.819,0.000181,0.00014279,2048,7425.17,1787761739.547
2798,244.323,0.000138,0.00014258,2048,8382.35,1787761739.793
2799,246.891,0.000196,0.00014237,2048,8295.18,1787761740.042
2800,254.905,0.00012,0.00014216,2048,8034.35,1787761740.298
2801,250.269,0.000282,0.00014195,2048,8183.2,1787761740.551
2802,215.966,0.00012,0.00014175,2048,9482.97,1787761740.769
2803,218.039,0.000179,0.00014154,2048,9392.8,1787761740.989
2804,213.087,0.000119,0.00014134,2048,9611.1,1787761741.204
2805,188.273,0.000145,0.00014113,2048,10877.82,1787761741.393
2806,199.995,0.000166,0.00014093,2048,10240.26,1787761741.595
2807,189.578,0.000155,0.00014072,2048,10802.92,1787761741.786
2808,223.249,0.000143,0.00014052,2048,9173.62,1787761742.012
2809,218.834,0.00016,0.00014031,2048,9358.71,1787761742.233
2810,231.612,0.000117,0.00014011,2048,8842.36,1787761742.466
2811,218.677,0.000133,0.00013991,2048,9365.42,1787761742.686
2812,201.057,0.000119,0.00013971,2048,10186.18,1787761742.889
2813,193.932,0.000125,0.00013951,2048,10560.41,1787761743.085
2814,189.546,0.000155,0.0001393,2048,10804.79,1787761743.277
2815,190.154,0.000148,0.0001391,2048,10770.23,1787761743.469
2816,224.972,0.000196,0.0001389,2048,9103.37,1787761743.696
2817,229.158,0.000159,0.00013871,2048,8937.05,1787761743.925
2818,220.089,0.000112,0.00013851,2048,9305.32,1787761744.148
2819,199.181,0.000155,0.00013831,2048,10282.12,1787761744.348
2820,231.195,0.000156,0.00013811,2048,8858.31,1787761744.581
2821,252.157,0.000132,0.00013791,2048,8121.92,1787761744.836
2822,222.008,0.000147,0.00013772,2048,9224.89,1787761745.06
2823,208.242,0.00015,0.00013752,2048,9834.69,1787761745.27
2824,202.357,0.000174,0.00013732,2048,10120.7,1787761745.474
2825,217.469,0.000139,0.00013713,2048,9417.41,1787761745.693
2826,202.563,0.000152,0.00013693,2048,10110.43,1787761745.897
2827,205.74,0.000171,0.00013674,2048,9954.33,1787761746.105
2828,208.551,0.000124,0.00013654,2048,9820.14,1787761746.315
2829,202.25,0.000152,0.00013635,2048,10126.06,1787761746.52
2830,192.24,0.000178,0.00013616,2048,10653.38,1787761746.714
2831,196.027,0.000154,0.00013596,2048,10447.55,1787761746.912
2832,223.063,0.000147,0.00013577,2048,9181.27,1787761747.137
2833,227.766,0.000239,0.00013558,2048,8991.68,1787761747.366
2834,197.8,0.000187,0.00013539,2048,10353.91,1787761747.566
2835,224.513,0.000133,0.0001352,2048,9121.95,1787761747.792
2836,204.811,0.000167,0.00013501,2048,9999.48,1787761747.999
2837,207.773,0.000132,0.00013482,2048,9856.91,1787761748.208
2838,211.129,0.000132,0.00013463,2048,9700.21,1787761748.421
2839,219.997,0.000237,0.00013444,2048,9309.23,1787761748.643
2840,225.946,0.000226,0.00013425,2048,9064.12,1787761748.87
2841,212.771,0.000129,0.00013407,2048,9625.38,1787761749.084
2842,224.05,0.000144,0.00013388,2048,9140.82,1787761749.311
2843,207.166,0.000137,0.00013369,2048,9885.81,1787761749.519
2844,235.537,0.000161,0.00013351,2048,8695.03,1787761749.756
2845,214.684,0.000146,0.00013332,2048,9539.61,1787761749.973
2846,239.91,0.000141,0.00013314,2048,8536.52,1787761750.215
2847,239.856,0.000149,0.00013295,2048,8538.44,1787761750.458
2848,223.783,0.000115,0.00013277,2048,9151.72,1787761750.682
2849,211.547,0.000137,0.00013258,2048,9681.07,1787761750.896
2850,206.986,0.000183,0.0001324,2048,9894.37,1787761751.105
2851,193.496,0.000145,0.00013222,2048,10584.21,1787761751.3
2852,193.055,0.00019,0.00013204,2048,10608.36,1787761751.495
2853,193.411,0.000129,0.00013185,2048,10588.87,1787761751.691
2854,175.312,0.000121,0.00013167,2048,11682.02,1787761751.867
2855,198.521,0.000112,0.00013149,2048,10316.26,1787761752.067
2856,193.301,0.000141,0.00013131,2048,10594.9,1787761752.262
2857,180.481,0.000121,0.00013113,2048,11347.47,1787761752.445
2858,166.217,0.000133,0.00013095,2048,12321.23,1787761752.612
2859,166.981,0.000144,0.00013077,2048,12264.83,1787761752.781
2860,207.69,0.000123,0.0001306,2048,9860.84,1787761752.99
2861,219.308,0.000184,0.00013042,2048,9338.44,1787761753.211
2862,219.234,0.000164,0.00013024,2048,9341.63,1787761753.433
2863,241.215,0.000147,0.00013006,2048,8490.36,1787761753.676
2864,215.576,0.000116,0.00012989,2048,9500.14,1787761753.893
2865,255.07,0.000154,0.00012971,2048,8029.16,1787761754.15
2866,235.522,0.000126,0.00012954,2048,8695.56,1787761754.387
2867,283.719,0.000156,0.00012936,2048,7218.41,1787761754.673
2868,244.903,0.000145,0.00012919,2048,8362.5,1787761754.919
2869,260.582,0.000179,0.00012902,2048,7859.32,1787761755.182
2870,249.684,0.000154,0.00012884,2048,8202.37,1787761755.433
2871,227.653,0.000132,0.00012867,2048,8996.13,1787761755.663
2872,201.157,0.000133,0.0001285,2048,10181.08,1787761755.867
2873,217.554,0.000207,0.00012833,2048,9413.74,1787761756.086
2874,221.162,0.000207,0.00012815,2048,9260.2,1787761756.308
2875,199.647,0.00013,0.00012798,2048,10258.12,1787761756.51
2876,212.087,0.000133,0.00012781,2048,9656.43,1787761756.724
2877,189.285,0.000154,0.00012764,2048,10819.69,1787761756.915
2878,169.123,0.000179,0.00012748,2048,12109.54,1787761757.085
2879,140.101,0.000151,0.00012731,2048,14617.98,1787761757.227
2880,191.402,0.000144,0.00012714,2048,10700.01,1787761757.42
2881,149.923,0.000151,0.00012697,2048,13660.38,1787761757.572
2882,152.338,0.000136,0.0001268,2048,13443.76,1787761757.725
2883,179.221,0.000143,0.00012664,2048,11427.2,1787761757.906
2884,213.287,0.000194,0.00012647,2048,9602.1,1787761758.121
2885,196.427,0.000108,0.00012631,2048,10426.24,1787761758.319
2886,197.036,0.000177,0.00012614,2048,10394.04,1787761758.518
2887,171.341,0.000129,0.00012598,2048,11952.77,1787761758.691
2888,194.896,0.000133,0.00012581,2048,10508.18,1787761758.887
2889,149.727,0.000143,0.00012565,2048,13678.25,1787761759.038
2890,171.548,0.00016,0.00012548,2048,11938.37,1787761759.212
2891,150.022,0.000143,0.00012532,2048,13651.29,1787761759.363
2892,134.736,0.000156,0.00012516,2048,15200.12,1787761759.499
2893,163.952,0.000128,0.000125,2048,12491.47,1787761759.665
2894,185.414,0.000138,0.00012484,2048,11045.55,1787761759.852
2895,156.897,0.000141,0.00012468,2048,13053.17,1787761760.009
2896,161.144,0.000156,0.00012452,2048,12709.16,1787761760.172
2897,149.052,0.000145,0.00012436,2048,13740.18,1787761760.323
2898,137.034,0.000147,0.0001242,2048,14945.22,1787761760.461
2899,147.222,0.000159,0.00012404,2048,13910.97,1787761760.61
2900,157.848,0.000148,0.00012388,2048,12974.52,1787761760.77
2901,125.972,0.000133,0.00012372,2048,16257.53,1787761760.896
2902,162.989,0.00014,0.00012357,2048,12565.23,1787761761.061
2903,176.838,0.000191,0.00012341,2048,11581.21,1787761761.239
2904,179.702,0.000112,0.00012325,2048,11396.65,1787761761.42
2905,180.477,0.000141,0.0001231,2048,11347.74,1787761761.602
2906,168.597,0.00013,0.00012294,2048,12147.32,1787761761.772
2907,153.692,0.00016,0.00012279,2048,13325.34,1787761761.928
2908,165.12,0.000123,0.00012264,2048,12403.09,1787761762.095
2909,151.581,0.000133,0.00012248,2048,13510.95,1787761762.247
2910,161.652,0.000159,0.00012233,2048,12669.18,1787761762.41
2911,161.781,0.000151,0.00012218,2048,12659.07,1787761762.574
2912,178.046,0.000122,0.00012202,2048,11502.62,1787761762.752
2913,187.547,0.000148,0.00012187,2048,10919.91,1787761762.942
2914,183.915,0.000169,0.00012172,2048,11135.58,1787761763.127
2915,160.171,0.000148,0.00012157,2048,12786.37,1787761763.289
2916,185.469,0.00017,0.00012142,2048,11042.3,1787761763.476
2917,225.961,0.000115,0.00012127,2048,9063.51,1787761763.705
2918,205.728,0.000137,0.00012112,2048,9954.89,1787761763.912
2919,183.617,0.00012,0.00012098,2048,11153.63,1787761764.097
2920,201.566,0.000122,0.00012083,2048,10160.44,1787761764.3
2921,187.701,0.000135,0.00012068,2048,10910.98,1787761764.49
2922,177.079,0.000146,0.00012053,2048,11565.48,1787761764.668
2923,169.504,0.000128,0.00012039,2048,12082.28,1787761764.84
2924,161.625,0.000141,0.00012024,2048,12671.32,1787761765.002
2925,169.036,0.00013,0.0001201,2048,12115.73,1787761765.173
2926,167.634,0.000192,0.00011995,2048,12217.06,1787761765.342
2927,146.807,0.000137,0.00011981,2048,13950.31,1787761765.491
2928,187.86,0.000107,0.00011966,2048,10901.71,1787761765.68
2929,176.748,0.000127,0.00011952,2048,11587.09,1787761765.859
2930,198.091,0.000122,0.00011938,2048,10338.68,1787761766.058
2931,200.861,0.000145,0.00011923,2048,10196.1,1787761766.26
2932,203.086,0.000138,0.00011909,2048,10084.39,1787761766.465
2933,181.958,0.000112,0.00011895,2048,11255.38,1787761766.648
2934,182.9,0.000156,0.00011881,2048,11197.41,1787761766.833
2935,179.298,0.000223,0.00011867,2048,11422.31,1787761767.014
2936,189.612,0.000148,0.00011853,2048,10801.0,1787761767.206
2937,201.187,0.000224,0.00011839,2048,10179.56,1787761767.408
2938,188.965,0.000155,0.00011825,2048,10838.0,1787761767.6
2939,181.63,0.000117,0.00011812,2048,11275.65,1787761767.783
2940,192.12,0.000122,0.00011798,2048,10660.01,1787761767.977
2941,210.712,0.000132,0.00011784,2048,9719.43,1787761768.188
2942,189.954,0.000152,0.0001177,2048,10781.56,1787761768.381
2943,138.961,0.000107,0.00011757,2048,14737.94,1787761768.521
2944,151.962,0.000117,0.00011743,2048,13477.04,1787761768.675
2945,176.236,0.000152,0.0001173,2048,11620.77,1787761768.851
2946,168.938,0.000122,0.00011716,2048,12122.82,1787761769.023
2947,181.81,0.000124,0.00011703,2048,11264.5,1787761769.206
2948,181.436,0.000163,0.0001169,2048,11287.75,1787761769.389
2949,131.548,0.000124,0.00011676,2048,15568.5,1787761769.522
2950,133.068,0.000155,0.00011663,2048,15390.57,1787761769.656
2951,131.981,0.000195,0.0001165,2048,15517.43,1787761769.79
2952,132.709,0.000238,0.00011637,2048,15432.22,1787761769.923
2953,140.127,0.000163,0.00011624,2048,14615.27,1787761770.065
2954,171.54,0.000119,0.0001161,2048,11938.91,1787761770.239
2955,202.424,0.000129,0.00011598,2048,10117.37,1787761770.443
2956,181.198,0.00015,0.00011585,2048,11302.54,1787761770.626
2957,182.255,0.000133,0.00011572,2048,11236.98,1787761770.809
2958,200.039,0.000116,0.00011559,2048,10238.01,1787761771.012
2959,205.858,0.000133,0.00011546,2048,9948.61,1787761771.219
2960,182.376,0.000137,0.00011533,2048,11229.52,1787761771.403
2961,258.711,0.000147,0.00011521,2048,7916.18,1787761771.664
2962,229.687,0.000149,0.00011508,2048,8916.47,1787761771.895
2963,227.596,0.000119,0.00011495,2048,8998.42,1787761772.125
2964,210.04,0.000114,0.00011483,2048,9750.51,1787761772.336
2965,206.491,0.000116,0.0001147,2048,9918.11,1787761772.544
2966,193.428,0.000165,0.00011458,2048,10587.93,1787761772.74
2967,176.536,0.000135,0.00011446,2048,11601.04,1787761772.918
2968,171.387,0.000228,0.00011433,2048,11949.59,1787761773.091
2969,161.495,0.000138,0.00011421,2048,12681.48,1787761773.253
2970,156.685,0.000208,0.00011409,2048,13070.78,1787761773.411
2971,145.998,0.000146,0.00011397,2048,14027.6,1787761773.559
2972,130.922,0.000121,0.00011385,2048,15642.89,1787761773.691
2973,121.312,0.000144,0.00011373,2048,16882.02,1787761773.814
2974,157.765,0.000174,0.00011361,2048,12981.3,1787761773.973
2975,133.97,0.000188,0.00011349,2048,15287.03,1787761774.109
2976,152.682,0.000152,0.00011337,2048,13413.54,1787761774.263
2977,166.765,0.00022,0.00011325,2048,12280.76,1787761774.43
2978,167.605,0.000164,0.00011313,2048,12219.19,1787761774.599
2979,187.463,0.00012,0.00011301,2048,10924.84,1787761774.788
2980,178.828,0.000154,0.0001129,2048,11452.36,1787761774.969
2981,166.133,0.000181,0.00011278,2048,12327.44,1787761775.136
2982,174.561,0.000195,0.00011266,2048,11732.3,1787761775.312
2983,179.686,0.000184,0.00011255,2048,11397.63,1787761775.494
2984,168.585,0.000177,0.00011243,2048,12148.15,1787761775.664
2985,142.3,0.000181,0.00011232,2048,14392.14,1787761775.808
2986,142.113,0.000258,0.00011221,2048,14411.02,1787761775.952
2987,160.539,0.000157,0.00011209,2048,12757.02,1787761776.113
2988,160.638,0.000125,0.00011198,2048,12749.18,1787761776.275
2989,174.966,0.000175,0.00011187,2048,11705.15,1787761776.452
2990,172.053,0.000154,0.00011176,2048,11903.32,1787761776.626
2991,165.0,0.000146,0.00011164,2048,12412.09,1787761776.793
2992,175.589,0.000121,0.00011153,2048,11663.61,1787761776.969
2993,194.57,0.000141,0.00011142,2048,10525.75,1787761777.165
2994,205.18,0.000166,0.00011131,2048,9981.49,1787761777.372
2995,186.946,0.000222,0.0001112,2048,10955.01,1787761777.56
2996,182.168,0.000127,0.0001111,2048,11242.39,1787761777.745
2997,213.748,0.000154,0.00011099,2048,9581.37,1787761777.961
2998,226.571,0.000147,0.00011088,2048,9039.09,1787761778.188
2999,196.191,0.000151,0.00011077,2048,10438.81,1787761778.386
3000,198.815,0.000173,0.00011067,2048,10301.06,1787761778.587
3001,211.11,0.00014,0.00011056,2048,9701.12,1787761778.8
3002,211.073,0.000138,0.00011046,2048,9702.8,1787761779.012
3003,204.862,0.000161,0.00011035,2048,9996.97,1787761779.219
3004,214.468,0.000106,0.00011025,2048,9549.19,1787761779.435
3005,222.041,0.000135,0.00011014,2048,9223.53,1787761779.659
3006,206.758,0.000125,0.00011004,2048,9905.31,1787761779.868
3007,190.67,0.000128,0.00010994,2048,10741.09,1787761780.06
3008,193.829,0.00013,0.00010983,2048,10566.01,1787761780.256
3009,191.002,0.000126,0.00010973,2048,10722.4,1787761780.449
3010,203.634,0.000149,0.00010963,2048,10057.25,1787761780.654
3011,178.444,0.00015,0.00010953,2048,11476.99,1787761780.834
3012,201.959,0.000176,0.00010943,2048,10140.69,1787761781.037
3013,211.954,0.000217,0.00010933,2048,9662.49,1787761781.251
3014,199.157,0.000174,0.00010923,2048,10283.32,1787761781.452
3015,220.655,0.000148,0.00010913,2048,9281.46,1787761781.675
3016,208.122,0.000123,0.00010903,2048,9840.37,1787761781.885
3017,204.721,0.000169,0.00010894,2048,10003.87,1787761782.091
3018,225.104,0.000126,0.00010884,2048,9098.02,1787761782.318
3019,222.061,0.000126,0.00010874,2048,9222.7,1787761782.542
3020,178.585,0.000161,0.00010865,2048,11467.93,1787761782.722
3021,184.386,0.000238,0.00010855,2048,11107.12,1787761782.908
3022,167.688,0.000125,0.00010846,2048,12213.14,1787761783.077
3023,181.269,0.000114,0.00010836,2048,11298.11,1787761783.26
3024,167.168,0.000145,0.00010827,2048,12251.12,1787761783.428
3025,153.517,0.000113,0.00010817,2048,13340.52,1787761783.583
3026,165.101,0.000115,0.00010808,2048,12404.55,1787761783.75
3027,160.011,0.000127,0.00010799,2048,12799.1,1787761783.912
3028,189.826,0.000162,0.0001079,2048,10788.82,1787761784.104
3029,181.361,0.00025,0.00010781,2048,11292.41,1787761784.287
3030,180.348,0.000175,0.00010772,2048,11355.85,1787761784.468
3031,155.864,0.000159,0.00010763,2048,13139.68,1787761784.626
3032,184.007,0.000132,0.00010754,2048,11130.03,1787761784.811
3033,182.818,0.000184,0.00010745,2048,11202.39,1787761784.995
3034,133.704,0.00012,0.00010736,2048,15317.46,1787761785.131
3035,143.39,0.000166,0.00010727,2048,14282.76,1787761785.275
3036,123.01,0.000141,0.00010718,2048,16649.01,1787761785.399
3037,112.603,0.00013,0.00010709,2048,18187.82,1787761785.513
3038,108.679,0.000123,0.00010701,2048,18844.47,1787761785.623
3039,130.734,0.00012,0.00010692,2048,15665.38,1787761785.754
3040,104.917,0.000138,0.00010684,2048,19520.14,1787761785.861
3041,109.471,0.000184,0.00010675,2048,18708.22,1787761785.971
3042,117.927,0.000145,0.00010667,2048,17366.62,1787761786.09
3043,99.963,0.000186,0.00010658,2048,20487.54,1787761786.191
3044,98.772,0.000163,0.0001065,2048,20734.56,1787761786.291
3045,99.712,0.000143,0.00010642,2048,20539.21,1787761786.391
3046,107.664,0.000125,0.00010633,2048,19022.16,1787761786.499
3047,106.04,0.000117,0.00010625,2048,19313.45,1787761786.606
3048,127.164,0.000156,0.00010617,2048,16105.21,1787761786.734
3049,116.844,0.000162,0.00010609,2048,17527.72,1787761786.852
3050,111.673,0.000127,0.00010601,2048,18339.34,1787761786.965
3051,99.676,0.00013,0.00010593,2048,20546.65,1787761787.065
3052,114.426,0.000181,0.00010585,2048,17898.03,1787761787.181
3053,105.9,0.000113,0.00010577,2048,19338.98,1787761787.288
3054,122.276,0.000148,0.00010569,2048,16749.04,1787761787.41
3055,169.051,0.000124,0.00010562,2048,12114.66,1787761787.582
3056,175.268,0.000157,0.00010554,2048,11684.97,1787761787.758
3057,198.021,0.000173,0.00010546,2048,10342.35,1787761787.958
3058,173.335,0.00014,0.00010539,2048,11815.3,1787761788.132
3059,157.289,0.000209,0.00010531,2048,13020.59,1787761788.291
3060,142.682,0.000145,0.00010524,2048,14353.55,1787761788.435
3061,135.592,0.000132,0.00010516,2048,15104.12,1787761788.573
3062,164.394,0.000186,0.00010509,2048,12457.84,1787761788.738
3063,146.361,0.000127,0.00010502,2048,13992.82,1787761788.886
3064,150.157,0.000153,0.00010494,2048,13639.04,1787761789.038
3065,164.274,0.000135,0.00010487,2048,12467.01,1787761789.204
3066,116.131,0.000183,0.0001048,2048,17635.2,1787761789.322
3067,120.76,0.000175,0.00010473,2048,16959.27,1787761789.444
3068,121.813,0.000149,0.00010466,2048,16812.66,1787761789.567
3069,137.814,0.000122,0.00010459,2048,14860.62,1787761789.706
3070,153.891,0.000155,0.00010452,2048,13308.09,1787761789.86
3071,129.718,0.000147,0.00010445,2048,15788.11,1787761789.992
3072,162.596,0.00016,0.00010438,2048,12595.62,1787761790.156
3073,126.539,0.000132,0.00010431,2048,16184.68,1787761790.284
3074,125.264,0.000257,0.00010424,2048,16349.54,1787761790.41
3075,143.495,0.000127,0.00010418,2048,14272.26,1787761790.555
3076,143.345,0.000134,0.00010411,2048,14287.24,1787761790.7
3077,148.985,0.00016,0.00010404,2048,13746.39,1787761790.849
3078,136.125,0.000186,0.00010398,2048,15044.95,1787761790.986
3079,122.869,0.000121,0.00010391,2048,16668.15,1787761791.111
3080,144.592,0.000137,0.00010385,2048,14164.0,1787761791.257
3081,121.625,0.00015,0.00010379,2048,16838.62,1787761791.38
3082,145.845,0.00017,0.00010372,2048,14042.26,1787761791.527
3083,153.834,0.000152,0.00010366,2048,13313.07,1787761791.682
3084,159.244,0.00018,0.0001036,2048,12860.78,1787761791.843
3085,121.447,0.000132,0.00010354,2048,16863.36,1787761791.965
3086,137.289,0.000119,0.00010347,2048,14917.47,1787761792.104
3087,185.632,0.000145,0.00010341,2048,11032.57,1787761792.292
3088,182.393,0.000132,0.00010335,2048,11228.49,1787761792.475
3089,163.83,0.000152,0.00010329,2048,12500.75,1787761792.64
3090,147.085,0.000177,0.00010324,2048,13923.88,1787761792.79
3091,168.462,0.000162,0.00010318,2048,12157.04,1787761792.959
3092,184.284,0.000172,0.00010312,2048,11113.26,1787761793.145
3093,179.811,0.000167,0.00010306,2048,11389.72,1787761793.327
3094,171.352,0.000144,0.000103,2048,11952.03,1787761793.498
3095,168.25,0.000134,0.00010295,2048,12172.36,1787761793.669
3096,149.355,0.000111,0.00010289,2048,13712.32,1787761793.82
3097,227.321,0.000119,0.00010284,2048,9009.29,1787761794.049
3098,182.594,0.000117,0.00010278,2048,11216.16,1787761794.234
3099,164.222,0.000121,0.00010273,2048,12470.9,1787761794.399
3100,198.216,0.000134,0.00010267,2048,10332.17,1787761794.6
3101,191.748,0.000136,0.00010262,2048,10680.68,1787761794.793
3102,188.389,0.000146,0.00010257,2048,10871.15,1787761794.983
3103,174.827,0.000129,0.00010252,2048,11714.42,1787761795.16
3104,189.029,0.000134,0.00010247,2048,10834.32,1787761795.351
3105,204.95,0.000122,0.00010241,2048,9992.66,1787761795.558
3106,191.376,0.000119,0.00010236,2048,10701.45,1787761795.75
3107,190.133,0.000154,0.00010231,2048,10771.43,1787761795.943
3108,184.388,0.000128,0.00010226,2048,11107.01,1787761796.128
3109,179.584,0.000126,0.00010222,2048,11404.13,1787761796.309
3110,131.641,0.00017,0.00010217,2048,15557.43,1787761796.443
3111,175.537,0.000119,0.00010212,2048,11667.05,1787761796.619
3112,175.886,0.000136,0.00010207,2048,11643.93,1787761796.798
3113,172.31,0.000116,0.00010202,2048,11885.53,1787761796.97
3114,172.345,0.000152,0.00010198,2048,11883.15,1787761797.145
3115,193.096,0.000124,0.00010193,2048,10606.11,1787761797.34
3116,167.551,0.000126,0.00010189,2048,12223.15,1787761797.509
3117,188.81,0.000157,0.00010184,2048,10846.91,1787761797.699
3118,187.489,0.000136,0.0001018,2048,10923.34,1787761797.888
3119,207.516,0.000111,0.00010176,2048,9869.1,1787761798.097
3120,202.769,0.000109,0.00010171,2048,10100.18,1787761798.301
3121,209.477,0.000139,0.00010167,2048,9776.73,1787761798.513
3122,184.754,0.000143,0.00010163,2048,11085.02,1787761798.7
3123,151.191,0.000146,0.00010159,2048,13545.75,1787761798.852
3124,186.176,0.000111,0.00010155,2048,11000.33,1787761799.039
3125,167.588,0.000139,0.00010151,2048,12220.47,1787761799.209
3126,173.606,0.000131,0.00010147,2048,11796.86,1787761799.383
3127,169.657,0.000121,0.00010143,2048,12071.44,1787761799.554
3128,189.516,0.000156,0.00010139,2048,10806.49,1787761799.746
3129,174.735,0.000136,0.00010135,2048,11720.59,1787761799.922
3130,167.947,0.000133,0.00010131,2048,12194.31,1787761800.092
3131,141.579,0.000136,0.00010127,2048,14465.42,1787761800.235
3132,159.63,0.000157,0.00010124,2048,12829.66,1787761800.396
3133,176.765,0.000126,0.0001012,2048,11585.99,1787761800.575
3134,172.905,0.000113,0.00010117,2048,11844.68,1787761800.749
3135,167.274,0.000121,0.00010113,2048,12243.42,1787761800.918
3136,168.407,0.0001,0.0001011,2048,12160.99,1787761801.088
3137,160.123,0.000161,0.00010106,2048,12790.15,1787761801.249
3138,184.127,0.000159,0.00010103,2048,11122.75,1787761801.434
3139,180.47,0.000153,0.000101,2048,11348.12,1787761801.617
3140,169.846,0.00019,0.00010096,2048,12057.97,1787761801.788
3141,162.229,0.000195,0.00010093,2048,12624.16,1787761801.951
3142,165.07,0.000128,0.0001009,2048,12406.89,1787761802.119
3143,200.959,0.000136,0.00010087,2048,10191.15,1787761802.322
3144,198.083,0.000116,0.00010084,2048,10339.13,1787761802.522
3145,201.976,0.000131,0.00010081,2048,10139.81,1787761802.725
3146,259.71,0.000149,0.00010078,2048,7885.73,1787761802.987
3147,219.127,0.000113,0.00010075,2048,9346.18,1787761803.208
3148,260.626,0.000131,0.00010072,2048,7857.99,1787761803.47
3149,206.125,0.000161,0.0001007,2048,9935.74,1787761803.679
3150,175.15,0.000118,0.00010067,2048,11692.82,1787761803.854
3151,140.3,0.000131,0.00010064,2048,14597.31,1787761803.997
3152,146.237,0.000118,0.00010062,2048,14004.63,1787761804.145
3153,143.871,0.000141,0.00010059,2048,14234.97,1787761804.291
3154,121.27,0.000126,0.00010057,2048,16887.89,1787761804.413
3155,158.224,0.000136,0.00010054,2048,12943.68,1787761804.573
3156,230.17,0.000113,0.00010052,2048,8897.78,1787761804.804
3157,180.066,0.000128,0.00010049,2048,11373.62,1787761804.986
3158,122.767,0.000131,0.00010047,2048,16681.95,1787761805.11
3159,148.307,0.000179,0.00010045,2048,13809.24,1787761805.258
3160,172.031,0.000117,0.00010043,2048,11904.86,1787761805.433
3161,174.051,0.000184,0.00010041,2048,11766.64,1787761805.608
3162,187.576,0.000105,0.00010039,2048,10918.26,1787761805.797
3163,201.919,0.000131,0.00010037,2048,10142.67,1787761806.0
3164,189.617,0.000143,0.00010035,2048,10800.71,1787761806.191
3165,177.737,0.000105,0.00010033,2048,11522.64,1787761806.371
3166,185.952,0.000156,0.00010031,2048,11013.59,1787761806.559
3167,176.709,0.000168,0.00010029,2048,11589.68,1787761806.737
3168,195.711,0.000118,0.00010027,2048,10464.43,1787761806.934
3169,174.463,0.000121,0.00010026,2048,11738.85,1787761807.111
3170,164.105,0.000133,0.00010024,2048,12479.78,1787761807.277
3171,172.386,0.000123,0.00010023,2048,11880.31,1787761807.45
3172,166.643,0.000128,0.00010021,2048,12289.74,1787761807.619
3173,179.17,0.00012,0.0001002,2048,11430.5,1787761807.8
3174,195.14,0.000108,0.00010018,2048,10495.01,1787761807.996
3175,221.477,0.000156,0.00010017,2048,9247.0,1787761808.219
3176,215.166,0.000125,0.00010015,2048,9518.25,1787761808.437
3177,185.862,0.000105,0.00010014,2048,11018.93,1787761808.624
3178,195.075,0.000108,0.00010013,2048,10498.52,1787761808.821
3179,196.608,0.000174,0.00010012,2048,10416.68,1787761809.019
3180,196.001,0.000133,0.00010011,2048,10448.93,1787761809.217
3181,196.034,0.000132,0.0001001,2048,10447.19,1787761809.414
3182,223.446,0.000161,0.00010009,2048,9165.51,1787761809.64
3183,238.682,0.000123,0.00010008,2048,8580.46,1787761809.88
3184,217.037,0.00012,0.00010007,2048,9436.19,1787761810.1
3185,259.918,0.000123,0.00010006,2048,7879.4,1787761810.361
3186,230.034,0.000126,0.00010005,2048,8903.04,1787761810.592
3187,224.674,0.000121,0.00010005,2048,9115.42,1787761810.82
3188,204.495,0.000112,0.00010004,2048,10014.9,1787761811.027
3189,192.201,0.000143,0.00010003,2048,10655.51,1787761811.22
3190,217.433,0.000133,0.00010003,2048,9418.99,1787761811.439
3191,216.361,0.000118,0.00010002,2048,9465.64,1787761811.658
3192,204.605,0.00015,0.00010002,2048,10009.55,1787761811.864
3193,218.384,0.000143,0.00010001,2048,9377.97,1787761812.085
3194,198.315,0.000161,0.00010001,2048,10326.99,1787761812.285
3195,193.299,0.000156,0.00010001,2048,10594.99,1787761812.479
3196,193.159,0.000138,0.0001,2048,10602.69,1787761812.674
3197,171.718,0.000288,0.0001,2048,11926.52,1787761812.847
3198,146.95,0.000283,0.0001,2048,13936.67,1787761812.996
3199,213.434,0.00014,0.0001,2048,9595.49,1787761813.212
3200,201.891,0.000112,0.0001,2048,10144.11,1787761813.415
