step,elapsed_ms,loss,lr,tokens,tokens_per_sec,timestamp
1,188.39,1.199464,3.13e-06,2048,10871.08,1787762443.643
2,159.805,1.285349,6.25e-06,2048,12815.64,1787762443.804
3,147.412,1.27211,9.37e-06,2048,13893.04,1787762443.952
4,158.488,1.247907,1.25e-05,2048,12922.1,1787762444.113
5,140.372,1.244545,1.563e-05,2048,14589.81,1787762444.255
6,171.129,1.20682,1.875e-05,2048,11967.58,1787762444.427
7,132.288,1.270758,2.187e-05,2048,15481.32,1787762444.561
8,134.189,1.332836,2.5e-05,2048,15262.09,1787762444.696
9,114.604,1.271925,2.813e-05,2048,17870.29,1787762444.811
10,132.106,1.257555,3.125e-05,2048,15502.66,1787762444.945
11,128.649,1.321966,3.438e-05,2048,15919.31,1787762445.075
12,104.569,1.273001,3.75e-05,2048,19585.21,1787762445.18
13,110.239,1.21392,4.063e-05,2048,18577.85,1787762445.292
14,97.119,1.253742,4.375e-05,2048,21087.6,1787762445.39
15,75.067,1.210119,4.688e-05,2048,27282.26,1787762445.466
16,94.439,1.249939,5e-05,2048,21686.02,1787762445.561
17,107.295,1.207885,5.312e-05,2048,19087.62,1787762445.669
18,85.615,1.221717,5.625e-05,2048,23920.93,1787762445.755
19,108.822,1.16591,5.937e-05,2048,18819.78,1787762445.866
20,119.821,1.209112,6.25e-05,2048,17092.22,1787762445.986
21,129.065,1.121296,6.563e-05,2048,15867.91,1787762446.116
22,127.763,1.054629,6.875e-05,2048,16029.68,1787762446.245
23,108.51,1.188967,7.187e-05,2048,18873.85,1787762446.355
24,134.095,1.228489,7.5e-05,2048,15272.71,1787762446.49
25,108.706,1.297907,7.813e-05,2048,18839.84,1787762446.599
26,94.102,1.137683,8.125e-05,2048,21763.6,1787762446.694
27,98.103,1.229182,8.438e-05,2048,20875.93,1787762446.793
28,103.249,1.118179,8.75e-05,2048,19835.54,1787762446.898
29,137.208,1.23529,9.062e-05,2048,14926.23,1787762447.036
30,137.626,1.187845,9.375e-05,2048,14880.86,1787762447.174
31,137.27,1.041681,9.688e-05,2048,14919.53,1787762447.313
32,115.172,1.061073,0.0001,2048,17782.18,1787762447.429
33,145.118,1.080633,0.00010312,2048,14112.61,1787762447.576
34,165.264,1.009672,0.00010625,2048,12392.26,1787762447.742
35,161.514,1.110755,0.00010938,2048,12680.01,1787762447.905
36,144.111,1.184444,0.0001125,2048,14211.29,1787762448.051
37,169.581,0.931072,0.00011563,2048,12076.81,1787762448.222
38,117.221,1.073107,0.00011875,2048,17471.23,1787762448.341
39,119.323,1.056156,0.00012187,2048,17163.57,1787762448.461
40,116.884,1.084971,0.000125,2048,17521.59,1787762448.579
41,107.278,0.983779,0.00012812,2048,19090.5,1787762448.687
42,125.561,1.123203,0.00013125,2048,16310.8,1787762448.814
43,133.365,0.952483,0.00013438,2048,15356.36,1787762448.948
44,145.216,0.838117,0.0001375,2048,14103.15,1787762449.094
45,161.407,0.976858,0.00014063,2048,12688.38,1787762449.257
46,179.926,0.892694,0.00014375,2048,11382.43,1787762449.439
47,158.805,0.97758,0.00014688,2048,12896.36,1787762449.599
48,136.825,1.04757,0.00015,2048,14968.01,1787762449.738
49,152.023,1.065037,0.00015313,2048,13471.65,1787762449.89
50,153.949,0.866247,0.00015625,2048,13303.12,1787762450.046
51,127.663,0.7141,0.00015937,2048,16042.29,1787762450.176
52,120.518,0.726926,0.0001625,2048,16993.35,1787762450.297
53,139.495,0.801074,0.00016563,2048,14681.58,1787762450.438
54,128.062,1.121684,0.00016875,2048,15992.22,1787762450.566
55,187.283,0.934646,0.00017187,2048,10935.34,1787762450.756
56,170.993,0.854011,0.000175,2048,11977.12,1787762450.929
57,177.418,0.961346,0.00017813,2048,11543.38,1787762451.108
58,184.969,0.818492,0.00018125,2048,11072.14,1787762451.294
59,174.32,0.65889,0.00018438,2048,11748.53,1787762451.47
60,184.407,0.81594,0.0001875,2048,11105.88,1787762451.656
61,199.505,0.649137,0.00019062,2048,10265.4,1787762451.857
62,179.087,0.821907,0.00019375,2048,11435.76,1787762452.038
63,174.959,0.681256,0.00019688,2048,11705.63,1787762452.215
64,146.657,1.189078,0.0002,2048,13964.53,1787762452.363
65,154.383,0.711239,0.00020313,2048,13265.74,1787762452.518
66,191.224,0.695531,0.00020625,2048,10709.97,1787762452.711
67,170.194,0.841568,0.00020938,2048,12033.31,1787762452.883
68,157.012,0.886425,0.0002125,2048,13043.62,1787762453.042
69,144.153,0.583153,0.00021563,2048,14207.15,1787762453.187
70,152.339,0.611287,0.00021875,2048,13443.7,1787762453.342
71,169.2,0.686596,0.00022187,2048,12104.02,1787762453.511
72,179.077,0.688631,0.000225,2048,11436.41,1787762453.692
73,162.759,0.61772,0.00022813,2048,12583.04,1787762453.857
74,143.123,0.538671,0.00023125,2048,14309.39,1787762454.001
75,159.811,0.667102,0.00023437,2048,12815.16,1787762454.163
76,169.854,0.860968,0.0002375,2048,12057.44,1787762454.334
77,209.041,0.507844,0.00024063,2048,9797.11,1787762454.544
78,161.089,0.502714,0.00024375,2048,12713.46,1787762454.708
79,138.558,0.532411,0.00024688,2048,14780.76,1787762454.847
80,137.066,0.569183,0.00025,2048,14941.72,1787762454.985
81,208.538,0.51132,0.00025312,2048,9820.76,1787762455.196
82,179.756,0.417869,0.00025625,2048,11393.19,1787762455.378
83,180.916,0.448328,0.00025938,2048,11320.19,1787762455.56
84,150.647,0.664785,0.0002625,2048,13594.69,1787762455.712
85,122.986,0.518047,0.00026563,2048,16652.29,1787762455.836
86,119.396,0.388937,0.00026875,2048,17152.99,1787762455.957
87,141.658,0.388419,0.00027187,2048,14457.31,1787762456.099
88,137.155,0.623957,0.000275,2048,14932.04,1787762456.239
89,122.766,0.470434,0.00027812,2048,16682.08,1787762456.363
90,180.389,0.498932,0.00028125,2048,11353.26,1787762456.545
91,134.523,0.624775,0.00028438,2048,15224.16,1787762456.682
92,198.242,0.486495,0.0002875,2048,10330.79,1787762456.882
93,164.987,0.407456,0.00029063,2048,12413.12,1787762457.048
94,158.743,0.330354,0.00029375,2048,12901.4,1787762457.209
95,185.489,0.376447,0.00029687,2048,11041.09,1787762457.396
96,176.076,0.427499,0.0003,2048,11631.36,1787762457.574
97,122.869,0.406428,0.00030313,2048,16668.13,1787762457.698
98,122.872,0.295771,0.00030625,2048,16667.79,1787762457.821
99,106.742,0.31671,0.00030938,2048,19186.36,1787762457.929
100,118.532,0.302658,0.0003125,2048,17278.05,1787762458.048
101,102.405,0.270994,0.00031562,2048,19998.95,1787762458.153
102,97.118,0.268048,0.00031875,2048,21087.77,1787762458.25
103,106.165,0.282805,0.00032188,2048,19290.65,1787762458.357
104,132.357,0.260625,0.000325,2048,15473.31,1787762458.491
105,132.773,0.256022,0.00032813,2048,15424.85,1787762458.625
106,126.373,0.250893,0.00033125,2048,16206.02,1787762458.753
107,148.979,0.240029,0.00033437,2048,13746.88,1787762458.903
108,145.6,0.222204,0.0003375,2048,14065.94,1787762459.05
109,147.236,0.206762,0.00034062,2048,13909.69,1787762459.199
110,119.287,0.214648,0.00034375,2048,17168.61,1787762459.319
111,143.416,0.192315,0.00034688,2048,14280.17,1787762459.465
112,121.186,0.20944,0.00035,2048,16899.63,1787762459.588
113,139.124,0.204258,0.00035313,2048,14720.66,1787762459.728
114,113.275,0.195806,0.00035625,2048,18079.94,1787762459.842
115,114.992,0.201296,0.00035937,2048,17809.87,1787762459.957
116,114.068,0.193514,0.0003625,2048,17954.17,1787762460.072
117,110.348,0.167236,0.00036563,2048,18559.43,1787762460.184
118,91.971,0.171392,0.00036875,2048,22267.96,1787762460.278
119,91.064,0.194904,0.00037188,2048,22489.78,1787762460.368
120,105.169,0.181956,0.000375,2048,19473.49,1787762460.476
121,103.015,0.170561,0.00037812,2048,19880.64,1787762460.58
122,125.448,0.193338,0.00038125,2048,16325.49,1787762460.707
123,115.978,0.148445,0.00038438,2048,17658.49,1787762460.825
124,192.481,0.165341,0.0003875,2048,10640.01,1787762461.019
125,143.248,0.143393,0.00039063,2048,14296.93,1787762461.165
126,121.451,0.137554,0.00039375,2048,16862.82,1787762461.287
127,118.523,0.1399,0.00039687,2048,17279.36,1787762461.406
128,104.573,0.258701,0.0004,2048,19584.44,1787762461.512
129,121.398,0.452693,0.00040313,2048,16870.19,1787762461.635
130,98.913,0.17692,0.00040625,2048,20705.11,1787762461.735
131,109.13,0.148543,0.00040938,2048,18766.56,1787762461.845
132,96.18,0.141423,0.0004125,2048,21293.36,1787762461.942
133,85.085,0.164696,0.00041563,2048,24069.93,1787762462.027
134,87.688,0.175031,0.00041875,2048,23355.48,1787762462.117
135,126.889,0.140475,0.00042187,2048,16140.12,1787762462.245
136,127.801,0.117671,0.000425,2048,16024.86,1787762462.373
137,124.215,0.159017,0.00042813,2048,16487.54,1787762462.498
138,152.399,0.142365,0.00043125,2048,13438.37,1787762462.652
139,143.532,0.137095,0.00043438,2048,14268.57,1787762462.797
140,112.626,0.170488,0.0004375,2048,18184.03,1787762462.911
141,108.926,0.158265,0.00044062,2048,18801.76,1787762463.021
142,124.643,0.135511,0.00044375,2048,16430.91,1787762463.146
143,126.329,0.111576,0.00044688,2048,16211.65,1787762463.273
144,133.632,0.108763,0.00045,2048,15325.68,1787762463.408
145,115.565,0.092356,0.00045313,2048,17721.58,1787762463.525
146,118.374,0.110047,0.00045625,2048,17301.1,1787762463.645
147,115.569,0.451363,0.00045937,2048,17720.97,1787762463.76
148,95.246,0.33993,0.0004625,2048,21502.31,1787762463.857
149,102.799,0.205596,0.00046563,2048,19922.37,1787762463.961
150,99.468,0.190337,0.00046875,2048,20589.54,1787762464.062
151,84.181,0.13748,0.00047188,2048,24328.65,1787762464.147
152,79.09,0.234822,0.000475,2048,25894.52,1787762464.226
153,83.218,0.095902,0.00047813,2048,24610.15,1787762464.31
154,87.962,0.100832,0.00048125,2048,23282.68,1787762464.399
155,109.572,0.119557,0.00048437,2048,18690.87,1787762464.509
156,94.992,0.09914,0.0004875,2048,21559.76,1787762464.605
157,102.71,0.129617,0.00049062,2048,19939.73,1787762464.709
158,107.202,0.075314,0.00049375,2048,19104.05,1787762464.817
159,110.633,0.094035,0.00049688,2048,18511.67,1787762464.929
160,94.584,0.081793,0.0005,2048,21652.67,1787762465.024
161,105.193,0.081819,0.00050313,2048,19468.99,1787762465.131
162,119.806,0.101959,0.00050625,2048,17094.27,1787762465.251
163,116.129,0.142187,0.00050938,2048,17635.53,1787762465.368
164,110.792,0.084078,0.0005125,2048,18485.01,1787762465.48
165,117.581,0.114693,0.00051563,2048,17417.77,1787762465.598
166,102.212,0.083643,0.00051875,2048,20036.75,1787762465.702
167,129.159,0.069021,0.00052187,2048,15856.39,1787762465.832
168,140.064,0.069661,0.000525,2048,14621.85,1787762465.973
169,165.751,0.057059,0.00052812,2048,12355.89,1787762466.139
170,149.809,0.059249,0.00053125,2048,13670.74,1787762466.291
171,117.937,0.054233,0.00053438,2048,17365.16,1787762466.411
172,128.635,0.066625,0.0005375,2048,15921.02,1787762466.541
173,102.506,0.098042,0.00054062,2048,19979.4,1787762466.645
174,123.043,0.17364,0.00054375,2048,16644.56,1787762466.769
175,177.374,0.112554,0.00054688,2048,11546.2,1787762466.947
176,176.432,0.193336,0.00055,2048,11607.85,1787762467.125
177,143.526,0.093581,0.00055313,2048,14269.17,1787762467.271
178,152.569,0.242891,0.00055625,2048,13423.39,1787762467.424
179,141.839,0.090173,0.00055937,2048,14438.87,1787762467.567
180,129.367,0.094132,0.0005625,2048,15830.96,1787762467.697
181,136.138,0.069962,0.00056563,2048,15043.6,1787762467.836
182,126.332,0.059017,0.00056875,2048,16211.29,1787762467.962
183,108.838,0.783718,0.00057188,2048,18817.01,1787762468.073
184,111.55,0.874768,0.000575,2048,18359.55,1787762468.185
185,122.56,1.27631,0.00057812,2048,16710.17,1787762468.308
186,118.119,0.653847,0.00058125,2048,17338.48,1787762468.428
187,138.38,0.1085,0.00058438,2048,14799.78,1787762468.567
188,108.037,0.125308,0.0005875,2048,18956.42,1787762468.676
189,149.796,0.163238,0.00059063,2048,13671.95,1787762468.827
190,201.78,0.145282,0.00059375,2048,10149.65,1787762469.03
191,178.918,0.323599,0.00059688,2048,11446.56,1787762469.211
192,149.706,0.109376,0.0006,2048,13680.11,1787762469.363
193,145.54,0.665625,0.00060313,2048,14071.73,1787762469.509
194,173.002,0.170748,0.00060625,2048,11838.04,1787762469.684
195,164.299,0.179278,0.00060937,2048,12465.06,1787762469.85
196,166.688,0.084629,0.0006125,2048,12286.43,1787762470.018
197,152.843,0.094601,0.00061562,2048,13399.37,1787762470.172
198,141.283,0.071136,0.00061875,2048,14495.78,1787762470.315
199,164.302,0.07692,0.00062187,2048,12464.81,1787762470.48
200,186.624,0.107543,0.000625,2048,10973.91,1787762470.668
201,197.212,0.062177,0.00062813,2048,10384.76,1787762470.867
202,190.475,1.938453,0.00063125,2048,10752.1,1787762471.06
203,209.159,0.061857,0.00063438,2048,9791.61,1787762471.271
204,221.31,0.343846,0.0006375,2048,9253.97,1787762471.494
205,207.546,0.117775,0.00064063,2048,9867.67,1787762471.703
206,195.87,0.079633,0.00064375,2048,10455.92,1787762471.901
207,172.502,0.153106,0.00064687,2048,11872.31,1787762472.074
208,199.96,0.663588,0.00065,2048,10242.03,1787762472.277
209,184.724,0.133958,0.00065312,2048,11086.8,1787762472.462
210,201.616,0.185811,0.00065625,2048,10157.92,1787762472.666
211,186.014,0.215485,0.00065938,2048,11009.92,1787762472.853
212,181.165,0.186316,0.0006625,2048,11304.61,1787762473.036
213,219.956,0.110497,0.00066562,2048,9310.97,1787762473.257
214,245.994,0.10287,0.00066875,2048,8325.41,1787762473.504
215,235.818,0.068825,0.00067188,2048,8684.67,1787762473.742
216,192.171,0.071175,0.000675,2048,10657.19,1787762473.935
217,189.374,0.095169,0.00067813,2048,10814.56,1787762474.127
218,192.129,0.079171,0.00068125,2048,10659.48,1787762474.321
219,193.532,0.069659,0.00068437,2048,10582.23,1787762474.516
220,183.878,0.065624,0.0006875,2048,11137.81,1787762474.702
221,182.489,0.094043,0.00069063,2048,11222.6,1787762474.885
222,195.45,0.136694,0.00069375,2048,10478.39,1787762475.083
223,180.052,0.093347,0.00069688,2048,11374.52,1787762475.265
224,181.503,0.159216,0.0007,2048,11283.53,1787762475.448
225,192.488,0.080242,0.00070312,2048,10639.64,1787762475.643
226,195.645,0.070808,0.00070625,2048,10467.92,1787762475.839
227,200.111,0.078447,0.00070938,2048,10234.33,1787762476.041
228,222.525,0.068108,0.0007125,2048,9203.46,1787762476.266
229,205.54,0.056364,0.00071563,2048,9963.99,1787762476.474
230,234.343,0.063409,0.00071875,2048,8739.32,1787762476.71
231,243.97,0.230892,0.00072188,2048,8394.46,1787762476.955
232,198.874,0.233077,0.000725,2048,10297.96,1787762477.155
233,204.525,0.16071,0.00072813,2048,10013.43,1787762477.362
234,238.29,0.109147,0.00073125,2048,8594.56,1787762477.602
235,193.93,0.060229,0.00073438,2048,10560.51,1787762477.798
236,198.61,0.083784,0.0007375,2048,10311.67,1787762477.998
237,209.99,0.090815,0.00074062,2048,9752.85,1787762478.209
238,190.221,0.071258,0.00074375,2048,10766.43,1787762478.401
239,174.941,0.066299,0.00074687,2048,11706.79,1787762478.578
240,197.733,0.569252,0.00075,2048,10357.38,1787762478.776
241,219.689,0.088718,0.00075313,2048,9322.26,1787762478.998
242,200.984,0.111275,0.00075625,2048,10189.85,1787762479.201
243,208.965,0.099319,0.00075938,2048,9800.7,1787762479.41
244,202.92,0.063639,0.0007625,2048,10092.65,1787762479.615
245,208.916,0.063214,0.00076563,2048,9802.99,1787762479.826
246,194.574,0.08184,0.00076875,2048,10525.58,1787762480.021
247,209.546,0.061554,0.00077187,2048,9773.51,1787762480.233
248,204.93,0.054531,0.000775,2048,9993.64,1787762480.44
249,200.287,0.055595,0.00077812,2048,10225.31,1787762480.642
250,199.714,0.133347,0.00078125,2048,10254.66,1787762480.843
251,207.649,0.33309,0.00078438,2048,9862.82,1787762481.052
252,235.925,0.112679,0.0007875,2048,8680.72,1787762481.29
253,218.829,0.070273,0.00079062,2048,9358.89,1787762481.512
254,224.495,0.380241,0.00079375,2048,9122.69,1787762481.737
255,221.533,0.069623,0.00079688,2048,9244.66,1787762481.961
256,156.941,0.052032,0.0008,2048,13049.47,1787762482.12
257,257.628,0.043746,0.00080313,2048,7949.44,1787762482.38
258,288.258,0.761088,0.00080625,2048,7104.75,1787762482.669
259,250.332,0.08546,0.00080937,2048,8181.14,1787762482.922
260,253.013,0.057392,0.0008125,2048,8094.45,1787762483.177
261,206.567,0.038944,0.00081563,2048,9914.44,1787762483.385
262,202.499,0.052473,0.00081875,2048,10113.64,1787762483.589
263,220.346,0.046803,0.00082188,2048,9294.49,1787762483.811
264,210.351,0.05786,0.000825,2048,9736.08,1787762484.022
265,256.362,0.040829,0.00082812,2048,7988.72,1787762484.282
266,226.585,0.037374,0.00083125,2048,9038.56,1787762484.511
267,228.609,0.033578,0.00083438,2048,8958.53,1787762484.742
268,197.793,0.045928,0.0008375,2048,10354.25,1787762484.941
269,207.817,0.050279,0.00084063,2048,9854.8,1787762485.149
270,250.582,0.043872,0.00084375,2048,8172.97,1787762485.402
271,266.075,0.928951,0.00084688,2048,7697.07,1787762485.671
272,232.156,0.120338,0.00085,2048,8821.64,1787762485.906
273,268.235,3.172862,0.00085313,2048,7635.08,1787762486.176
274,256.371,0.787463,0.00085625,2048,7988.42,1787762486.434
275,219.51,2.901297,0.00085938,2048,9329.85,1787762486.655
276,215.881,4.016316,0.0008625,2048,9486.69,1787762486.872
277,212.116,2.456523,0.00086562,2048,9655.1,1787762487.087
278,214.759,1.815058,0.00086875,2048,9536.27,1787762487.303
279,217.265,1.294838,0.00087187,2048,9426.26,1787762487.522
280,212.415,1.294511,0.000875,2048,9641.49,1787762487.736
281,208.831,1.036906,0.00087813,2048,9806.97,1787762487.946
282,253.129,0.559571,0.00088125,2048,8090.73,1787762488.202
283,221.401,0.665393,0.00088438,2048,9250.2,1787762488.424
284,229.209,1.416978,0.0008875,2048,8935.07,1787762488.655
285,244.736,0.569798,0.00089063,2048,8368.19,1787762488.902
286,228.429,1.54875,0.00089375,2048,8965.57,1787762489.132
287,221.048,2.747726,0.00089687,2048,9264.94,1787762489.355
288,197.549,0.712994,0.0009,2048,10367.07,1787762489.555
289,224.405,1.244365,0.00090312,2048,9126.36,1787762489.782
290,253.077,0.695421,0.00090625,2048,8092.39,1787762490.037
291,228.261,0.420436,0.00090938,2048,8972.2,1787762490.267
292,234.561,0.477455,0.0009125,2048,8731.19,1787762490.503
293,221.178,0.524204,0.00091562,2048,9259.51,1787762490.727
294,206.679,0.264683,0.00091875,2048,9909.08,1787762490.935
295,193.499,0.31785,0.00092188,2048,10584.02,1787762491.13
296,195.777,0.355641,0.000925,2048,10460.88,1787762491.327
297,198.029,0.355009,0.00092813,2048,10341.91,1787762491.527
298,197.511,0.397307,0.00093125,2048,10369.02,1787762491.727
299,197.192,0.341367,0.00093437,2048,10385.81,1787762491.925
300,224.037,0.136378,0.0009375,2048,9141.34,1787762492.151
301,204.024,0.125819,0.00094063,2048,10038.05,1787762492.356
302,214.826,0.118118,0.00094375,2048,9533.29,1787762492.572
303,205.573,0.204548,0.00094688,2048,9962.39,1787762492.78
304,199.753,0.754937,0.00095,2048,10252.64,1787762492.982
305,216.265,1.247576,0.00095312,2048,9469.85,1787762493.199
306,195.162,0.228374,0.00095625,2048,10493.83,1787762493.396
307,207.424,0.402985,0.00095938,2048,9873.52,1787762493.607
308,216.129,0.170238,0.0009625,2048,9475.8,1787762493.825
309,209.14,0.139516,0.00096563,2048,9792.5,1787762494.036
310,211.618,0.211756,0.00096875,2048,9677.81,1787762494.249
311,226.233,0.5088,0.00097188,2048,9052.63,1787762494.477
312,207.127,0.50202,0.000975,2048,9887.67,1787762494.686
313,199.537,0.302769,0.00097813,2048,10263.74,1787762494.887
314,201.776,0.176236,0.00098125,2048,10149.86,1787762495.091
315,214.224,0.160578,0.00098438,2048,9560.07,1787762495.306
316,187.42,0.220831,0.0009875,2048,10927.33,1787762495.495
317,186.486,0.184218,0.00099062,2048,10982.04,1787762495.683
318,193.883,0.177515,0.00099375,2048,10563.06,1787762495.879
319,196.82,0.115639,0.00099687,2048,10405.44,1787762496.077
320,183.172,0.107619,0.001,2048,11180.74,1787762496.262
321,206.602,0.785619,0.001,2048,9912.79,1787762496.47
322,203.9,0.100996,0.001,2048,10044.15,1787762496.676
323,219.231,0.099058,0.001,2048,9341.75,1787762496.897
324,212.994,0.16643,0.001,2048,9615.29,1787762497.111
325,199.812,0.076354,0.00099999,2048,10249.61,1787762497.314
326,239.185,0.064957,0.00099999,2048,8562.41,1787762497.555
327,208.69,0.057654,0.00099999,2048,9813.62,1787762497.765
328,207.381,0.048626,0.00099998,2048,9875.54,1787762497.973
329,195.674,0.04953,0.00099998,2048,10466.39,1787762498.171
330,198.556,0.044796,0.00099997,2048,10314.47,1787762498.371
331,175.691,0.037278,0.00099997,2048,11656.86,1787762498.548
332,202.299,0.036674,0.00099996,2048,10123.62,1787762498.753
333,193.443,0.030618,0.00099995,2048,10587.11,1787762498.948
334,193.875,0.030827,0.00099995,2048,10563.5,1787762499.144
335,199.075,0.025811,0.00099994,2048,10287.6,1787762499.344
336,225.654,0.024917,0.00099993,2048,9075.83,1787762499.572
337,208.338,0.035022,0.00099992,2048,9830.18,1787762499.782
338,195.635,0.022111,0.00099991,2048,10468.46,1787762499.98
339,244.318,0.026173,0.0009999,2048,8382.53,1787762500.225
340,304.444,0.021484,0.00099989,2048,6727.03,1787762500.531
341,275.945,0.021922,0.00099988,2048,7421.76,1787762500.809
342,241.679,0.021853,0.00099987,2048,8474.05,1787762501.052
343,270.646,0.016666,0.00099986,2048,7567.07,1787762501.326
344,238.118,0.017996,0.00099985,2048,8600.77,1787762501.566
345,256.367,0.013303,0.00099983,2048,7988.56,1787762501.823
346,252.924,0.160549,0.00099982,2048,8097.31,1787762502.078
347,236.53,0.014034,0.0009998,2048,8658.51,1787762502.318
348,232.09,0.012816,0.00099979,2048,8824.16,1787762502.55
349,226.808,0.012737,0.00099977,2048,9029.67,1787762502.78
350,277.559,0.013257,0.00099976,2048,7378.6,1787762503.058
351,273.272,0.013292,0.00099974,2048,7494.37,1787762503.334
352,199.682,0.011767,0.00099973,2048,10256.31,1787762503.536
353,194.635,0.011638,0.00099971,2048,10522.24,1787762503.731
354,185.042,0.013399,0.00099969,2048,11067.75,1787762503.918
355,233.966,0.010156,0.00099967,2048,8753.41,1787762504.154
356,194.138,0.009631,0.00099965,2048,10549.18,1787762504.349
357,172.107,0.010206,0.00099963,2048,11899.59,1787762504.524
358,173.946,0.010423,0.00099961,2048,11773.74,1787762504.699
359,175.308,0.010125,0.00099959,2048,11682.28,1787762504.876
360,173.64,0.010644,0.00099957,2048,11794.53,1787762505.05
361,163.128,0.01134,0.00099955,2048,12554.54,1787762505.216
362,129.155,0.011695,0.00099953,2048,15856.95,1787762505.346
363,167.75,0.007018,0.00099951,2048,12208.67,1787762505.514
364,192.369,0.009298,0.00099948,2048,10646.22,1787762505.708
365,185.891,0.00937,0.00099946,2048,11017.23,1787762505.896
366,170.867,0.007638,0.00099943,2048,11985.94,1787762506.068
367,158.654,0.007144,0.00099941,2048,12908.56,1787762506.229
368,132.2,0.007154,0.00099938,2048,15491.62,1787762506.362
369,150.065,0.007542,0.00099936,2048,13647.43,1787762506.513
370,146.79,0.006111,0.00099933,2048,13951.88,1787762506.662
371,187.773,0.008815,0.0009993,2048,10906.8,1787762506.85
372,174.361,0.006719,0.00099928,2048,11745.76,1787762507.027
373,157.116,0.005485,0.00099925,2048,13034.98,1787762507.185
374,163.432,0.006157,0.00099922,2048,12531.24,1787762507.349
375,194.212,0.007115,0.00099919,2048,10545.17,1787762507.545
376,195.935,0.005802,0.00099916,2048,10452.43,1787762507.743
377,196.658,0.005569,0.00099913,2048,10414.01,1787762507.941
378,204.64,0.005727,0.0009991,2048,10007.84,1787762508.147
379,192.286,0.004937,0.00099907,2048,10650.8,1787762508.342
380,183.948,0.005436,0.00099904,2048,11133.6,1787762508.527
381,189.953,0.005325,0.000999,2048,10781.6,1787762508.719
382,212.334,0.004949,0.00099897,2048,9645.18,1787762508.933
383,203.571,0.005293,0.00099894,2048,10060.4,1787762509.138
384,190.54,0.004725,0.0009989,2048,10748.42,1787762509.331
385,208.616,0.005227,0.00099887,2048,9817.07,1787762509.541
386,192.535,0.003903,0.00099883,2048,10637.03,1787762509.736
387,193.991,0.004157,0.0009988,2048,10557.19,1787762509.932
388,212.497,0.004115,0.00099876,2048,9637.77,1787762510.146
389,177.02,0.003719,0.00099873,2048,11569.31,1787762510.325
390,182.61,0.003771,0.00099869,2048,11215.14,1787762510.509
391,187.4,0.004399,0.00099865,2048,10928.48,1787762510.697
392,200.431,0.003739,0.00099861,2048,10217.98,1787762510.9
393,197.662,0.003555,0.00099857,2048,10361.11,1787762511.099
394,198.503,0.004598,0.00099853,2048,10317.2,1787762511.298
395,215.173,0.003776,0.00099849,2048,9517.91,1787762511.516
396,209.985,0.003692,0.00099845,2048,9753.09,1787762511.727
397,204.06,0.003645,0.00099841,2048,10036.27,1787762511.934
398,202.417,0.003206,0.00099837,2048,10117.74,1787762512.138
399,208.922,0.003813,0.00099833,2048,9802.68,1787762512.348
400,217.576,0.00402,0.00099829,2048,9412.81,1787762512.568
401,243.797,0.003899,0.00099824,2048,8400.44,1787762512.813
402,245.564,0.003785,0.0009982,2048,8339.99,1787762513.061
403,208.051,0.003222,0.00099816,2048,9843.74,1787762513.271
404,215.014,0.003186,0.00099811,2048,9524.96,1787762513.487
405,202.49,0.003185,0.00099807,2048,10114.07,1787762513.691
406,181.406,0.002967,0.00099802,2048,11289.61,1787762513.874
407,197.868,0.003241,0.00099798,2048,10350.36,1787762514.074
408,204.67,0.003208,0.00099793,2048,10006.37,1787762514.28
409,218.843,0.00292,0.00099788,2048,9358.29,1787762514.501
410,213.505,0.003606,0.00099783,2048,9592.27,1787762514.716
411,219.949,0.003649,0.00099778,2048,9311.23,1787762514.937
412,181.659,0.002857,0.00099774,2048,11273.84,1787762515.121
413,263.08,0.003109,0.00099769,2048,7784.7,1787762515.386
414,211.181,0.002908,0.00099764,2048,9697.84,1787762515.6
415,213.237,0.002817,0.00099759,2048,9604.35,1787762515.816
416,189.82,0.003233,0.00099753,2048,10789.15,1787762516.007
417,180.824,0.002907,0.00099748,2048,11325.94,1787762516.189
418,186.232,0.00301,0.00099743,2048,10997.03,1787762516.377
419,251.764,0.003459,0.00099738,2048,8134.61,1787762516.63
420,265.31,0.002596,0.00099733,2048,7719.28,1787762516.897
421,273.52,0.003675,0.00099727,2048,7487.56,1787762517.173
422,235.011,0.002999,0.00099722,2048,8714.48,1787762517.41
423,197.369,0.003802,0.00099716,2048,10376.48,1787762517.609
424,173.264,0.002699,0.00099711,2048,11820.1,1787762517.784
425,196.362,0.00345,0.00099705,2048,10429.74,1787762517.982
426,211.218,0.004051,0.000997,2048,9696.13,1787762518.194
427,212.469,0.002468,0.00099694,2048,9639.06,1787762518.409
428,197.733,0.002843,0.00099688,2048,10357.41,1787762518.609
429,173.233,0.003203,0.00099682,2048,11822.24,1787762518.783
430,120.485,0.003421,0.00099676,2048,16997.99,1787762518.905
431,133.652,0.003148,0.00099671,2048,15323.34,1787762519.04
432,155.03,0.002794,0.00099665,2048,13210.34,1787762519.196
433,122.134,0.002576,0.00099659,2048,16768.51,1787762519.321
434,130.676,0.002988,0.00099653,2048,15672.3,1787762519.452
435,122.77,0.003404,0.00099646,2048,16681.6,1787762519.576
436,118.497,0.003303,0.0009964,2048,17283.18,1787762519.695
437,107.337,0.006339,0.00099634,2048,19080.15,1787762519.804
438,132.508,0.003019,0.00099628,2048,15455.65,1787762519.937
439,177.572,0.003088,0.00099621,2048,11533.38,1787762520.115
440,155.247,0.003772,0.00099615,2048,13191.92,1787762520.272
441,143.128,0.002536,0.00099609,2048,14308.86,1787762520.416
442,172.577,0.002804,0.00099602,2048,11867.15,1787762520.59
443,182.799,0.00263,0.00099596,2048,11203.57,1787762520.775
444,173.24,0.002806,0.00099589,2048,11821.78,1787762520.95
445,146.567,0.002924,0.00099582,2048,13973.14,1787762521.097
446,121.899,0.002817,0.00099576,2048,16800.79,1787762521.221
447,124.227,0.002914,0.00099569,2048,16485.92,1787762521.346
448,131.48,0.003471,0.00099562,2048,15576.48,1787762521.478
449,164.13,0.002251,0.00099555,2048,12477.9,1787762521.643
450,129.042,0.002408,0.00099548,2048,15870.86,1787762521.774
451,112.141,0.002694,0.00099541,2048,18262.66,1787762521.887
452,104.737,0.003159,0.00099534,2048,19553.66,1787762521.993
453,159.031,0.002697,0.00099527,2048,12878.01,1787762522.153
454,163.272,0.003639,0.0009952,2048,12543.52,1787762522.317
455,164.83,0.002397,0.00099513,2048,12424.95,1787762522.483
456,126.934,0.003621,0.00099506,2048,16134.34,1787762522.611
457,172.911,0.002749,0.00099498,2048,11844.26,1787762522.785
458,165.954,0.002181,0.00099491,2048,12340.8,1787762522.953
459,168.021,0.004156,0.00099484,2048,12188.95,1787762523.123
460,151.288,0.002948,0.00099476,2048,13537.09,1787762523.275
461,160.055,0.003773,0.00099469,2048,12795.59,1787762523.436
462,158.257,0.002445,0.00099461,2048,12940.94,1787762523.596
463,155.95,0.003613,0.00099454,2048,13132.38,1787762523.753
464,134.461,0.002608,0.00099446,2048,15231.15,1787762523.89
465,156.998,0.0022,0.00099438,2048,13044.79,1787762524.047
466,141.74,0.003202,0.00099431,2048,14449.0,1787762524.191
467,134.982,0.002975,0.00099423,2048,15172.4,1787762524.327
468,124.683,0.004749,0.00099415,2048,16425.63,1787762524.452
469,171.511,0.003002,0.00099407,2048,11940.9,1787762524.626
470,163.878,0.004245,0.00099399,2048,12497.08,1787762524.791
471,159.588,0.004462,0.00099391,2048,12833.02,1787762524.953
472,154.62,0.003033,0.00099383,2048,13245.41,1787762525.109
473,153.543,0.002895,0.00099375,2048,13338.28,1787762525.264
474,131.495,0.002845,0.00099367,2048,15574.71,1787762525.396
475,133.146,0.005284,0.00099358,2048,15381.65,1787762525.531
476,117.892,0.003698,0.0009935,2048,17371.86,1787762525.649
477,156.408,0.002204,0.00099342,2048,13093.94,1787762525.807
478,152.751,0.003471,0.00099333,2048,13407.43,1787762525.961
479,179.39,0.002925,0.00099325,2048,11416.45,1787762526.142
480,134.879,0.003692,0.00099316,2048,15183.93,1787762526.279
481,113.116,0.003012,0.00099308,2048,18105.24,1787762526.392
482,148.987,0.003808,0.00099299,2048,13746.18,1787762526.543
483,244.259,0.002905,0.00099291,2048,8384.53,1787762526.789
484,197.494,0.003065,0.00099282,2048,10369.91,1787762526.988
485,185.719,0.002467,0.00099273,2048,11027.42,1787762527.176
486,175.564,0.002702,0.00099264,2048,11665.23,1787762527.352
487,159.54,0.003351,0.00099255,2048,12836.9,1787762527.514
488,179.951,0.00319,0.00099246,2048,11380.85,1787762527.696
489,175.78,0.001981,0.00099237,2048,11650.93,1787762527.873
490,134.623,0.002438,0.00099228,2048,15212.88,1787762528.009
491,178.291,0.002215,0.00099219,2048,11486.86,1787762528.188
492,145.062,0.002514,0.0009921,2048,14118.1,1787762528.334
493,152.808,0.002717,0.00099201,2048,13402.48,1787762528.488
494,104.649,0.005208,0.00099192,2048,19570.14,1787762528.594
495,130.384,0.002006,0.00099183,2048,15707.45,1787762528.726
496,134.626,0.002424,0.00099173,2048,15212.49,1787762528.862
497,165.913,0.005337,0.00099164,2048,12343.8,1787762529.028
498,150.483,0.004067,0.00099154,2048,13609.48,1787762529.181
499,150.861,0.002607,0.00099145,2048,13575.38,1787762529.333
500,135.742,0.002185,0.00099135,2048,15087.42,1787762529.47
501,130.148,0.002109,0.00099126,2048,15735.97,1787762529.602
502,135.928,0.002813,0.00099116,2048,15066.74,1787762529.739
503,159.862,0.003184,0.00099106,2048,12811.03,1787762529.901
504,127.268,0.001936,0.00099097,2048,16092.04,1787762530.03
505,133.679,0.002796,0.00099087,2048,15320.28,1787762530.166
506,121.955,0.002448,0.00099077,2048,16793.13,1787762530.289
507,175.111,0.002007,0.00099067,2048,11695.46,1787762530.465
508,206.533,0.0021,0.00099057,2048,9916.07,1787762530.674
509,131.783,0.002691,0.00099047,2048,15540.73,1787762530.807
510,113.467,0.002921,0.00099037,2048,18049.35,1787762530.921
511,129.421,0.002507,0.00099027,2048,15824.39,1787762531.052
512,137.994,0.001815,0.00099017,2048,14841.2,1787762531.19
513,195.146,0.005023,0.00099006,2048,10494.73,1787762531.387
514,192.284,0.001963,0.00098996,2048,10650.92,1787762531.582
515,189.728,0.002293,0.00098986,2048,10794.38,1787762531.773
516,131.959,0.003308,0.00098975,2048,15519.96,1787762531.906
517,123.161,0.004843,0.00098965,2048,16628.61,1787762532.03
518,165.644,0.002535,0.00098954,2048,12363.9,1787762532.197
519,187.001,0.002337,0.00098944,2048,10951.81,1787762532.385
520,192.713,0.002372,0.00098933,2048,10627.22,1787762532.58
521,209.356,0.003928,0.00098923,2048,9782.38,1787762532.791
522,182.598,0.005624,0.00098912,2048,11215.89,1787762532.975
523,158.771,0.003109,0.00098901,2048,12899.11,1787762533.136
524,148.492,0.002039,0.0009889,2048,13791.95,1787762533.285
525,169.246,0.002825,0.0009888,2048,12100.72,1787762533.457
526,180.661,0.003779,0.00098869,2048,11336.17,1787762533.638
527,167.744,0.005197,0.00098858,2048,12209.04,1787762533.808
528,128.965,0.003357,0.00098847,2048,15880.33,1787762533.939
529,202.184,0.002804,0.00098836,2048,10129.37,1787762534.142
530,181.53,0.002122,0.00098824,2048,11281.85,1787762534.326
531,154.676,0.003474,0.00098813,2048,13240.6,1787762534.482
532,165.202,0.006063,0.00098802,2048,12396.96,1787762534.649
533,121.051,0.001965,0.00098791,2048,16918.49,1787762534.771
534,134.017,0.001832,0.00098779,2048,15281.65,1787762534.906
535,197.521,0.00176,0.00098768,2048,10368.53,1787762535.105
536,189.083,0.00334,0.00098757,2048,10831.24,1787762535.295
537,202.012,0.003961,0.00098745,2048,10138.03,1787762535.499
538,198.662,0.002293,0.00098734,2048,10308.99,1787762535.7
539,198.274,0.002331,0.00098722,2048,10329.15,1787762535.9
540,181.899,0.002186,0.0009871,2048,11258.96,1787762536.083
541,191.254,0.002198,0.00098699,2048,10708.3,1787762536.277
542,173.849,0.002782,0.00098687,2048,11780.37,1787762536.452
543,177.52,0.004072,0.00098675,2048,11536.75,1787762536.631
544,193.011,0.002159,0.00098663,2048,10610.82,1787762536.825
545,172.239,0.001721,0.00098651,2048,11890.44,1787762537.0
546,177.451,0.002599,0.00098639,2048,11541.19,1787762537.178
547,180.538,0.00303,0.00098627,2048,11343.86,1787762537.36
548,204.274,0.003978,0.00098615,2048,10025.73,1787762537.566
549,189.472,0.002207,0.00098603,2048,10809.01,1787762537.757
550,192.579,0.003462,0.00098591,2048,10634.59,1787762537.952
551,159.787,0.002607,0.00098579,2048,12817.04,1787762538.112
552,169.781,0.002976,0.00098567,2048,12062.58,1787762538.285
553,147.308,0.001862,0.00098554,2048,13902.82,1787762538.434
554,172.873,0.00471,0.00098542,2048,11846.85,1787762538.608
555,208.763,0.001882,0.0009853,2048,9810.16,1787762538.819
556,184.817,0.001927,0.00098517,2048,11081.24,1787762539.004
557,174.605,0.003921,0.00098505,2048,11729.37,1787762539.181
558,154.225,0.00406,0.00098492,2048,13279.33,1787762539.337
559,145.749,0.002481,0.00098479,2048,14051.56,1787762539.484
560,142.533,0.001598,0.00098467,2048,14368.56,1787762539.627
561,115.695,0.003329,0.00098454,2048,17701.79,1787762539.744
562,126.33,0.003834,0.00098441,2048,16211.47,1787762539.872
563,148.932,0.004748,0.00098428,2048,13751.23,1787762540.022
564,140.284,0.00292,0.00098415,2048,14598.93,1787762540.164
565,148.113,0.003156,0.00098402,2048,13827.26,1787762540.313
566,182.141,0.003488,0.0009839,2048,11244.02,1787762540.497
567,168.871,0.002951,0.00098376,2048,12127.63,1787762540.667
568,161.458,0.003503,0.00098363,2048,12684.41,1787762540.83
569,134.68,0.002914,0.0009835,2048,15206.39,1787762540.965
570,176.466,0.00218,0.00098337,2048,11605.66,1787762541.144
571,217.909,0.001961,0.00098324,2048,9398.41,1787762541.363
572,217.929,0.00159,0.0009831,2048,9397.57,1787762541.583
573,236.785,0.002115,0.00098297,2048,8649.19,1787762541.822
574,206.923,0.002746,0.00098284,2048,9897.39,1787762542.03
575,188.93,0.002194,0.0009827,2048,10840.02,1787762542.221
576,203.678,0.002023,0.00098257,2048,10055.1,1787762542.426
577,238.899,0.002127,0.00098243,2048,8572.65,1787762542.667
578,206.118,0.001924,0.0009823,2048,9936.08,1787762542.875
579,198.949,0.002578,0.00098216,2048,10294.09,1787762543.075
580,204.65,0.002079,0.00098202,2048,10007.31,1787762543.281
581,205.136,0.00212,0.00098188,2048,9983.61,1787762543.488
582,222.725,0.001714,0.00098175,2048,9195.2,1787762543.713
583,225.43,0.002094,0.00098161,2048,9084.84,1787762543.94
584,178.498,0.002164,0.00098147,2048,11473.54,1787762544.12
585,189.428,0.002223,0.00098133,2048,10811.51,1787762544.311
586,179.261,0.001548,0.00098119,2048,11424.68,1787762544.492
587,148.436,0.001578,0.00098105,2048,13797.17,1787762544.642
588,157.989,0.002352,0.00098091,2048,12962.93,1787762544.801
589,189.266,0.002431,0.00098077,2048,10820.76,1787762544.992
590,185.1,0.001418,0.00098062,2048,11064.31,1787762545.178
591,174.739,0.001786,0.00098048,2048,11720.32,1787762545.355
592,202.872,0.001851,0.00098034,2048,10095.02,1787762545.56
593,179.018,0.001677,0.00098019,2048,11440.2,1787762545.74
594,182.731,0.001781,0.00098005,2048,11207.74,1787762545.924
595,193.274,0.002271,0.0009799,2048,10596.37,1787762546.121
596,180.719,0.001156,0.00097976,2048,11332.54,1787762546.303
597,178.438,0.001219,0.00097961,2048,11477.36,1787762546.483
598,154.89,0.001623,0.00097947,2048,13222.31,1787762546.64
599,155.946,0.001401,0.00097932,2048,13132.77,1787762546.797
600,145.019,0.001669,0.00097917,2048,14122.25,1787762546.943
601,123.247,0.0015,0.00097902,2048,16616.98,1787762547.068
602,151.144,0.001521,0.00097888,2048,13549.97,1787762547.219
603,138.285,0.002044,0.00097873,2048,14809.99,1787762547.36
604,149.795,0.002061,0.00097858,2048,13671.98,1787762547.511
605,148.754,0.001411,0.00097843,2048,13767.71,1787762547.661
606,146.568,0.001454,0.00097828,2048,13973.07,1787762547.808
607,150.123,0.002333,0.00097813,2048,13642.17,1787762547.96
608,126.199,0.001737,0.00097798,2048,16228.4,1787762548.088
609,134.306,0.001179,0.00097782,2048,15248.7,1787762548.223
610,118.333,0.001159,0.00097767,2048,17307.08,1787762548.342
611,103.199,0.001854,0.00097752,2048,19845.19,1787762548.445
612,134.439,0.001308,0.00097736,2048,15233.64,1787762548.581
613,142.433,0.001726,0.00097721,2048,14378.7,1787762548.726
614,123.839,0.001676,0.00097706,2048,16537.59,1787762548.85
615,126.467,0.001589,0.0009769,2048,16193.92,1787762548.978
616,129.749,0.00162,0.00097675,2048,15784.32,1787762549.109
617,102.747,0.001601,0.00097659,2048,19932.36,1787762549.213
618,123.958,0.002453,0.00097643,2048,16521.74,1787762549.337
619,155.505,0.001139,0.00097628,2048,13169.96,1787762549.495
620,155.507,0.001634,0.00097612,2048,13169.82,1787762549.652
621,136.11,0.001565,0.00097596,2048,15046.69,1787762549.789
622,154.39,0.002247,0.0009758,2048,13265.13,1787762549.945
623,128.061,0.001797,0.00097564,2048,15992.42,1787762550.075
624,111.268,0.001277,0.00097548,2048,18405.99,1787762550.187
625,135.431,0.001301,0.00097532,2048,15122.15,1787762550.323
626,146.063,0.001873,0.00097516,2048,14021.38,1787762550.471
627,141.756,0.001488,0.000975,2048,14447.34,1787762550.613
628,172.445,0.001445,0.00097484,2048,11876.28,1787762550.787
629,161.64,0.001438,0.00097468,2048,12670.11,1787762550.95
630,175.784,0.001918,0.00097452,2048,11650.64,1787762551.127
631,178.384,0.001262,0.00097435,2048,11480.86,1787762551.307
632,183.286,0.001333,0.00097419,2048,11173.77,1787762551.492
633,187.158,0.001493,0.00097402,2048,10942.6,1787762551.682
634,205.115,0.00164,0.00097386,2048,9984.64,1787762551.887
635,167.758,0.001536,0.00097369,2048,12208.08,1787762552.057
636,177.877,0.001346,0.00097353,2048,11513.55,1787762552.236
637,151.389,0.001405,0.00097336,2048,13528.03,1787762552.389
638,144.16,0.001441,0.0009732,2048,14206.48,1787762552.535
639,132.364,0.001194,0.00097303,2048,15472.53,1787762552.668
640,120.838,0.001194,0.00097286,2048,16948.3,1787762552.79
641,142.746,0.001445,0.00097269,2048,14347.12,1787762552.935
642,162.112,0.001194,0.00097252,2048,12633.23,1787762553.098
643,145.158,0.001179,0.00097236,2048,14108.78,1787762553.245
644,131.577,0.001113,0.00097219,2048,15565.02,1787762553.378
645,123.709,0.001303,0.00097202,2048,16554.94,1787762553.502
646,144.621,0.001131,0.00097185,2048,14161.18,1787762553.648
647,137.888,0.001012,0.00097167,2048,14852.68,1787762553.788
648,155.314,0.00124,0.0009715,2048,13186.18,1787762553.944
649,140.712,0.001106,0.00097133,2048,14554.54,1787762554.087
650,161.434,0.001128,0.00097116,2048,12686.3,1787762554.25
651,145.232,0.000948,0.00097098,2048,14101.58,1787762554.397
652,165.405,0.001064,0.00097081,2048,12381.74,1787762554.563
653,152.496,0.000987,0.00097064,2048,13429.83,1787762554.716
654,186.424,0.001048,0.00097046,2048,10985.7,1787762554.905
655,153.43,0.001003,0.00097029,2048,13348.06,1787762555.06
656,180.093,0.000955,0.00097011,2048,11371.88,1787762555.242
657,161.707,0.000951,0.00096994,2048,12664.87,1787762555.405
658,129.834,0.001281,0.00096976,2048,15774.01,1787762555.536
659,138.919,0.000954,0.00096958,2048,14742.44,1787762555.676
660,123.444,0.001148,0.0009694,2048,16590.55,1787762555.8
661,148.173,0.001247,0.00096923,2048,13821.68,1787762555.949
662,133.32,0.000955,0.00096905,2048,15361.57,1787762556.083
663,131.397,0.001065,0.00096887,2048,15586.41,1787762556.216
664,101.112,0.001408,0.00096869,2048,20254.83,1787762556.318
665,120.601,0.001038,0.00096851,2048,16981.59,1787762556.439
666,130.935,0.000983,0.00096833,2048,15641.3,1787762556.572
667,116.669,0.001174,0.00096815,2048,17554.01,1787762556.691
668,112.473,0.00091,0.00096796,2048,18208.83,1787762556.805
669,139.972,0.001075,0.00096778,2048,14631.52,1787762556.946
670,168.591,0.001013,0.0009676,2048,12147.76,1787762557.116
671,137.939,0.00106,0.00096742,2048,14847.13,1787762557.255
672,135.526,0.000986,0.00096723,2048,15111.48,1787762557.391
673,135.97,0.000995,0.00096705,2048,15062.12,1787762557.529
674,121.932,0.000979,0.00096686,2048,16796.22,1787762557.651
675,104.884,0.000874,0.00096668,2048,19526.3,1787762557.757
676,178.294,0.000847,0.00096649,2048,11486.63,1787762557.936
677,175.628,0.001051,0.00096631,2048,11661.0,1787762558.113
678,171.902,0.000939,0.00096612,2048,11913.76,1787762558.287
679,161.174,0.000905,0.00096593,2048,12706.77,1787762558.45
680,162.535,0.000867,0.00096575,2048,12600.36,1787762558.613
681,123.162,0.000945,0.00096556,2048,16628.52,1787762558.738
682,108.201,0.000763,0.00096537,2048,18927.82,1787762558.847
683,108.286,0.000842,0.00096518,2048,18912.83,1787762558.956
684,105.992,0.000858,0.00096499,2048,19322.25,1787762559.064
685,146.252,0.000868,0.0009648,2048,14003.2,1787762559.211
686,138.128,0.000859,0.00096461,2048,14826.85,1787762559.351
687,122.733,0.000928,0.00096442,2048,16686.66,1787762559.475
688,115.444,0.00074,0.00096423,2048,17740.2,1787762559.591
689,122.905,0.000814,0.00096404,2048,16663.28,1787762559.715
690,102.357,0.000799,0.00096384,2048,20008.36,1787762559.818
691,111.689,0.000787,0.00096365,2048,18336.68,1787762559.931
692,125.086,0.000795,0.00096346,2048,16372.76,1787762560.058
693,107.225,0.000777,0.00096326,2048,19099.93,1787762560.165
694,108.722,0.000812,0.00096307,2048,18837.02,1787762560.275
695,123.779,0.000893,0.00096287,2048,16545.63,1787762560.4
696,130.247,0.000825,0.00096268,2048,15724.03,1787762560.531
697,117.533,0.000982,0.00096248,2048,17424.95,1787762560.65
698,117.736,0.001003,0.00096228,2048,17394.91,1787762560.768
699,135.203,0.000768,0.00096209,2048,15147.58,1787762560.904
700,113.929,0.000948,0.00096189,2048,17976.11,1787762561.019
701,104.426,0.001478,0.00096169,2048,19612.03,1787762561.125
702,122.389,0.000736,0.00096149,2048,16733.58,1787762561.248
703,98.324,0.001355,0.00096129,2048,20829.16,1787762561.348
704,128.233,0.00209,0.0009611,2048,15970.95,1787762561.476
705,105.143,0.000854,0.0009609,2048,19478.31,1787762561.582
706,101.396,0.001085,0.0009607,2048,20197.96,1787762561.684
707,104.854,0.001247,0.00096049,2048,19532.0,1787762561.79
708,107.754,0.001644,0.00096029,2048,19006.22,1787762561.899
709,140.905,0.000892,0.00096009,2048,14534.64,1787762562.041
710,172.007,0.001549,0.00095989,2048,11906.49,1787762562.214
711,140.786,0.001587,0.00095969,2048,14546.91,1787762562.356
712,142.791,0.002477,0.00095948,2048,14342.6,1787762562.501
713,156.933,0.000977,0.00095928,2048,13050.13,1787762562.659
714,141.362,0.00137,0.00095907,2048,14487.68,1787762562.802
715,149.849,0.001331,0.00095887,2048,13667.08,1787762562.953
716,147.686,0.00117,0.00095866,2048,13867.26,1787762563.101
717,128.195,0.003206,0.00095846,2048,15975.7,1787762563.231
718,127.552,0.001753,0.00095825,2048,16056.18,1787762563.36
719,106.445,0.002038,0.00095805,2048,19240.06,1787762563.467
720,106.006,0.002235,0.00095784,2048,19319.59,1787762563.573
721,101.681,0.001095,0.00095763,2048,20141.38,1787762563.676
722,94.837,0.001391,0.00095742,2048,21594.97,1787762563.772
723,95.071,0.001368,0.00095721,2048,21541.77,1787762563.868
724,103.039,0.00128,0.000957,2048,19875.99,1787762563.971
725,134.915,0.000972,0.0009568,2048,15179.88,1787762564.108
726,107.203,0.001952,0.00095659,2048,19103.96,1787762564.216
727,114.313,0.00118,0.00095637,2048,17915.71,1787762564.331
728,110.283,0.001059,0.00095616,2048,18570.44,1787762564.442
729,121.133,0.000956,0.00095595,2048,16907.05,1787762564.564
730,149.147,0.001001,0.00095574,2048,13731.41,1787762564.715
731,123.614,0.001083,0.00095553,2048,16567.69,1787762564.84
732,123.869,0.000994,0.00095531,2048,16533.61,1787762564.964
733,113.45,0.001117,0.0009551,2048,18052.04,1787762565.079
734,130.569,0.001192,0.00095489,2048,15685.18,1787762565.21
735,150.512,0.000908,0.00095467,2048,13606.88,1787762565.362
736,147.341,0.000833,0.00095446,2048,13899.74,1787762565.511
737,165.721,0.001305,0.00095424,2048,12358.13,1787762565.678
738,178.14,0.000987,0.00095403,2048,11496.58,1787762565.857
739,176.841,0.001185,0.00095381,2048,11581.01,1787762566.036
740,163.583,0.000789,0.00095359,2048,12519.65,1787762566.202
741,177.841,0.000752,0.00095338,2048,11515.9,1787762566.381
742,147.18,0.00135,0.00095316,2048,13914.96,1787762566.53
743,141.936,0.000956,0.00095294,2048,14429.0,1787762566.672
744,167.441,0.000901,0.00095272,2048,12231.17,1787762566.841
745,124.955,0.000886,0.0009525,2048,16389.95,1787762566.967
746,127.26,0.000905,0.00095228,2048,16093.09,1787762567.096
747,107.268,0.000881,0.00095206,2048,19092.35,1787762567.205
748,109.958,0.000945,0.00095184,2048,18625.29,1787762567.316
749,109.067,0.000896,0.00095162,2048,18777.41,1787762567.426
750,106.47,0.000715,0.0009514,2048,19235.54,1787762567.533
751,112.512,0.000761,0.00095118,2048,18202.58,1787762567.647
752,91.651,0.000707,0.00095095,2048,22345.69,1787762567.739
753,89.133,0.000655,0.00095073,2048,22976.98,1787762567.829
754,85.982,0.000692,0.00095051,2048,23818.99,1787762567.916
755,88.621,0.00065,0.00095028,2048,23109.67,1787762568.005
756,77.612,0.000666,0.00095006,2048,26387.6,1787762568.084
757,92.655,0.000843,0.00094983,2048,22103.62,1787762568.177
758,89.145,0.000742,0.00094961,2048,22973.76,1787762568.267
759,111.738,0.000839,0.00094938,2048,18328.59,1787762568.381
760,110.265,0.000648,0.00094915,2048,18573.42,1787762568.492
761,93.685,0.000757,0.00094893,2048,21860.51,1787762568.586
762,111.47,0.000761,0.0009487,2048,18372.61,1787762568.699
763,106.803,0.000678,0.00094847,2048,19175.49,1787762568.807
764,90.301,0.000642,0.00094824,2048,22679.63,1787762568.897
765,80.398,0.000783,0.00094802,2048,25473.37,1787762568.979
766,83.912,0.000608,0.00094779,2048,24406.52,1787762569.063
767,86.62,0.000947,0.00094756,2048,23643.42,1787762569.151
768,130.025,0.000871,0.00094733,2048,15750.83,1787762569.282
769,115.68,0.000711,0.0009471,2048,17704.07,1787762569.399
770,114.293,0.000766,0.00094686,2048,17918.86,1787762569.515
771,104.162,0.000743,0.00094663,2048,19661.61,1787762569.62
772,98.249,0.00068,0.0009464,2048,20844.93,1787762569.719
773,106.892,0.000973,0.00094617,2048,19159.53,1787762569.826
774,101.739,0.000668,0.00094594,2048,20130.04,1787762569.929
775,108.31,0.000809,0.0009457,2048,18908.64,1787762570.04
776,107.085,0.001088,0.00094547,2048,19124.94,1787762570.149
777,114.252,0.00129,0.00094523,2048,17925.27,1787762570.263
778,103.164,0.000933,0.000945,2048,19851.79,1787762570.368
779,91.635,0.001185,0.00094476,2048,22349.54,1787762570.461
780,130.684,0.001019,0.00094453,2048,15671.37,1787762570.593
781,107.849,0.001015,0.00094429,2048,18989.53,1787762570.701
782,108.242,0.001066,0.00094405,2048,18920.58,1787762570.811
783,138.321,0.000891,0.00094382,2048,14806.17,1787762570.95
784,99.206,0.001341,0.00094358,2048,20643.83,1787762571.051
785,113.85,0.000822,0.00094334,2048,17988.64,1787762571.165
786,122.956,0.00116,0.0009431,2048,16656.31,1787762571.289
787,115.702,0.001422,0.00094286,2048,17700.71,1787762571.407
788,90.687,0.000902,0.00094262,2048,22583.27,1787762571.499
789,97.007,0.00085,0.00094238,2048,21111.9,1787762571.596
790,135.624,0.001041,0.00094214,2048,15100.61,1787762571.733
791,134.448,0.00134,0.0009419,2048,15232.68,1787762571.87
792,101.037,0.001012,0.00094166,2048,20269.88,1787762571.972
793,124.165,0.000811,0.00094142,2048,16494.22,1787762572.097
794,119.771,0.0011,0.00094118,2048,17099.33,1787762572.218
795,120.238,0.001037,0.00094093,2048,17032.91,1787762572.339
796,126.202,0.000886,0.00094069,2048,16227.96,1787762572.466
797,107.187,0.000822,0.00094045,2048,19106.79,1787762572.575
798,120.195,0.000908,0.0009402,2048,17039.01,1787762572.696
799,103.409,0.000728,0.00093996,2048,19804.83,1787762572.801
800,113.047,0.000762,0.00093971,2048,18116.42,1787762572.915
801,102.12,0.000809,0.00093947,2048,20054.78,1787762573.018
802,96.159,0.00071,0.00093922,2048,21298.04,1787762573.115
803,98.349,0.000824,0.00093897,2048,20823.8,1787762573.214
804,98.611,0.000648,0.00093873,2048,20768.47,1787762573.313
805,114.503,0.000615,0.00093848,2048,17886.03,1787762573.43
806,127.453,0.001312,0.00093823,2048,16068.68,1787762573.559
807,109.814,0.00073,0.00093798,2048,18649.7,1787762573.67
808,128.206,0.00094,0.00093773,2048,15974.34,1787762573.799
809,129.841,0.000826,0.00093748,2048,15773.14,1787762573.93
810,86.482,0.000608,0.00093723,2048,23681.12,1787762574.016
811,97.711,0.000695,0.00093698,2048,20959.81,1787762574.116
812,117.785,0.000815,0.00093673,2048,17387.69,1787762574.234
813,125.775,0.000639,0.00093648,2048,16283.1,1787762574.361
814,126.884,0.000638,0.00093623,2048,16140.78,1787762574.489
815,159.075,0.000626,0.00093598,2048,12874.41,1787762574.649
816,164.321,0.000624,0.00093573,2048,12463.4,1787762574.815
817,132.865,0.000707,0.00093547,2048,15414.13,1787762574.949
818,111.253,0.000631,0.00093522,2048,18408.46,1787762575.061
819,113.846,0.000908,0.00093496,2048,17989.15,1787762575.176
820,108.939,0.000671,0.00093471,2048,18799.6,1787762575.286
821,107.202,0.000757,0.00093446,2048,19104.09,1787762575.394
822,106.385,0.000865,0.0009342,2048,19250.89,1787762575.502
823,86.272,0.000568,0.00093394,2048,23738.76,1787762575.589
824,93.594,0.000631,0.00093369,2048,21881.63,1787762575.683
825,115.073,0.000796,0.00093343,2048,17797.38,1787762575.799
826,102.19,0.000646,0.00093317,2048,20041.14,1787762575.902
827,115.052,0.000585,0.00093292,2048,17800.69,1787762576.018
828,114.793,0.000623,0.00093266,2048,17840.86,1787762576.134
829,131.227,0.000654,0.0009324,2048,15606.58,1787762576.267
830,101.438,0.000726,0.00093214,2048,20189.69,1787762576.369
831,105.581,0.000822,0.00093188,2048,19397.47,1787762576.476
832,125.293,0.000708,0.00093162,2048,16345.66,1787762576.603
833,108.332,0.000794,0.00093136,2048,18904.78,1787762576.713
834,135.774,0.000704,0.0009311,2048,15083.83,1787762576.849
835,119.828,0.000593,0.00093084,2048,17091.16,1787762576.971
836,125.927,0.000583,0.00093058,2048,16263.38,1787762577.097
837,106.266,0.000806,0.00093032,2048,19272.43,1787762577.205
838,111.884,0.0006,0.00093005,2048,18304.61,1787762577.317
839,109.95,0.000841,0.00092979,2048,18626.65,1787762577.429
840,98.244,0.000726,0.00092953,2048,20846.04,1787762577.528
841,98.784,0.000704,0.00092926,2048,20732.0,1787762577.628
842,88.576,0.000916,0.000929,2048,23121.44,1787762577.717
843,84.562,0.000709,0.00092873,2048,24218.8,1787762577.803
844,99.906,0.000679,0.00092847,2048,20499.23,1787762577.903
845,96.186,0.000695,0.0009282,2048,21292.17,1787762578.0
846,121.769,0.00061,0.00092794,2048,16818.72,1787762578.123
847,125.553,0.000636,0.00092767,2048,16311.8,1787762578.249
848,110.781,0.000736,0.0009274,2048,18486.99,1787762578.361
849,99.361,0.000619,0.00092713,2048,20611.71,1787762578.462
850,125.521,0.000594,0.00092687,2048,16315.98,1787762578.589
851,117.277,0.000797,0.0009266,2048,17462.87,1787762578.708
852,113.972,0.000629,0.00092633,2048,17969.39,1787762578.823
853,100.117,0.001063,0.00092606,2048,20456.05,1787762578.923
854,112.246,0.000806,0.00092579,2048,18245.57,1787762579.037
855,100.687,0.00096,0.00092552,2048,20340.18,1787762579.138
856,120.168,0.000888,0.00092525,2048,17042.75,1787762579.259
857,116.437,0.000742,0.00092498,2048,17588.93,1787762579.376
858,115.679,0.002213,0.00092471,2048,17704.1,1787762579.493
859,132.419,0.000673,0.00092443,2048,15466.12,1787762579.626
860,117.691,0.000985,0.00092416,2048,17401.47,1787762579.746
861,123.512,0.001253,0.00092389,2048,16581.4,1787762579.869
862,140.111,0.001364,0.00092362,2048,14616.96,1787762580.01
863,122.4,0.000888,0.00092334,2048,16731.99,1787762580.135
864,148.43,0.00104,0.00092307,2048,13797.75,1787762580.284
865,127.49,0.001149,0.00092279,2048,16064.01,1787762580.413
866,119.851,0.001592,0.00092252,2048,17087.93,1787762580.535
867,119.86,0.000853,0.00092224,2048,17086.59,1787762580.655
868,119.751,0.000808,0.00092197,2048,17102.23,1787762580.776
869,124.464,0.001348,0.00092169,2048,16454.58,1787762580.902
870,127.1,0.001088,0.00092141,2048,16113.35,1787762581.03
871,122.068,0.001783,0.00092113,2048,16777.59,1787762581.154
872,109.859,0.000881,0.00092086,2048,18642.06,1787762581.265
873,108.654,0.001386,0.00092058,2048,18848.82,1787762581.374
874,91.33,0.001844,0.0009203,2048,22424.15,1787762581.467
875,82.942,0.001143,0.00092002,2048,24692.01,1787762581.55
876,101.029,0.002026,0.00091974,2048,20271.37,1787762581.652
877,82.877,0.001049,0.00091946,2048,24711.38,1787762581.736
878,96.199,0.000688,0.00091918,2048,21289.16,1787762581.833
879,99.413,0.001214,0.0009189,2048,20600.87,1787762581.934
880,128.79,0.001442,0.00091862,2048,15901.83,1787762582.063
881,186.248,0.000982,0.00091834,2048,10996.1,1787762582.251
882,132.038,0.001138,0.00091805,2048,15510.65,1787762582.384
883,100.157,0.001031,0.00091777,2048,20447.96,1787762582.487
884,160.387,0.001062,0.00091749,2048,12769.11,1787762582.648
885,155.275,0.000745,0.00091721,2048,13189.5,1787762582.805
886,159.279,0.00167,0.00091692,2048,12857.92,1787762582.966
887,245.834,0.001206,0.00091664,2048,8330.82,1787762583.213
888,167.452,0.000814,0.00091635,2048,12230.39,1787762583.381
889,131.448,0.001137,0.00091607,2048,15580.26,1787762583.514
890,211.895,0.000925,0.00091578,2048,9665.17,1787762583.728
891,188.231,0.001305,0.00091549,2048,10880.27,1787762583.917
892,190.627,0.000837,0.00091521,2048,10743.48,1787762584.109
893,238.116,0.000779,0.00091492,2048,8600.86,1787762584.349
894,170.121,0.001329,0.00091463,2048,12038.5,1787762584.521
895,138.781,0.001154,0.00091435,2048,14757.03,1787762584.661
896,114.431,0.001265,0.00091406,2048,17897.26,1787762584.776
897,97.998,0.000753,0.00091377,2048,20898.32,1787762584.875
898,98.674,0.000936,0.00091348,2048,20755.3,1787762584.975
899,91.738,0.001363,0.00091319,2048,22324.37,1787762585.067
900,82.513,0.001675,0.0009129,2048,24820.27,1787762585.151
901,86.859,0.000779,0.00091261,2048,23578.39,1787762585.239
902,87.63,0.001065,0.00091232,2048,23371.1,1787762585.327
903,91.309,0.00089,0.00091203,2048,22429.26,1787762585.419
904,106.481,0.001316,0.00091174,2048,19233.57,1787762585.527
905,97.607,0.00117,0.00091144,2048,20982.14,1787762585.626
906,104.721,0.000836,0.00091115,2048,19556.67,1787762585.731
907,171.162,0.000764,0.00091086,2048,11965.24,1787762585.904
908,147.155,0.001427,0.00091056,2048,13917.33,1787762586.052
909,173.077,0.001663,0.00091027,2048,11832.9,1787762586.227
910,162.506,0.000906,0.00090998,2048,12602.61,1787762586.391
911,158.732,0.001136,0.00090968,2048,12902.22,1787762586.551
912,162.861,0.00121,0.00090939,2048,12575.16,1787762586.715
913,169.455,0.000975,0.00090909,2048,12085.83,1787762586.885
914,133.862,0.000879,0.00090879,2048,15299.33,1787762587.021
915,127.628,0.001085,0.0009085,2048,16046.64,1787762587.15
916,145.901,0.000815,0.0009082,2048,14036.94,1787762587.298
917,120.982,0.00109,0.0009079,2048,16928.21,1787762587.419
918,131.406,0.000896,0.00090761,2048,15585.31,1787762587.551
919,125.286,0.000992,0.00090731,2048,16346.53,1787762587.679
920,105.77,0.001117,0.00090701,2048,19362.73,1787762587.787
921,87.951,0.000892,0.00090671,2048,23285.64,1787762587.875
922,119.511,0.001085,0.00090641,2048,17136.56,1787762587.995
923,101.073,0.000965,0.00090611,2048,20262.54,1787762588.097
924,91.662,0.000907,0.00090581,2048,22342.88,1787762588.19
925,107.426,0.000988,0.00090551,2048,19064.29,1787762588.298
926,112.851,0.000714,0.00090521,2048,18147.78,1787762588.412
927,121.222,0.000915,0.00090491,2048,16894.57,1787762588.535
928,86.492,0.000912,0.0009046,2048,23678.57,1787762588.622
929,88.66,0.001703,0.0009043,2048,23099.38,1787762588.712
930,94.607,0.001006,0.000904,2048,21647.47,1787762588.807
931,102.735,0.001313,0.0009037,2048,19934.86,1787762588.911
932,81.944,0.001573,0.00090339,2048,24992.77,1787762588.993
933,79.446,0.000714,0.00090309,2048,25778.65,1787762589.074
934,95.489,0.000639,0.00090278,2048,21447.45,1787762589.171
935,76.884,0.000958,0.00090248,2048,26637.43,1787762589.248
936,68.523,0.001515,0.00090217,2048,29887.64,1787762589.317
937,76.003,0.001055,0.00090187,2048,26946.34,1787762589.394
938,79.744,0.00089,0.00090156,2048,25682.25,1787762589.475
939,73.432,0.001414,0.00090126,2048,27889.63,1787762589.548
940,85.14,0.001302,0.00090095,2048,24054.58,1787762589.635
941,85.386,0.000714,0.00090064,2048,23985.28,1787762589.72
942,77.235,0.000869,0.00090033,2048,26516.54,1787762589.799
943,68.631,0.001292,0.00090002,2048,29840.66,1787762589.868
944,67.424,0.000965,0.00089972,2048,30375.03,1787762589.935
945,67.681,0.000729,0.00089941,2048,30259.51,1787762590.005
946,67.337,0.000801,0.0008991,2048,30414.41,1787762590.073
947,81.195,0.000882,0.00089879,2048,25223.29,1787762590.155
948,80.672,0.001271,0.00089848,2048,25386.78,1787762590.236
949,78.501,0.000594,0.00089817,2048,26088.74,1787762590.315
950,66.695,0.000836,0.00089785,2048,30707.13,1787762590.382
951,83.826,0.000976,0.00089754,2048,24431.53,1787762590.467
952,93.154,0.000613,0.00089723,2048,21985.05,1787762590.562
953,95.064,0.000718,0.00089692,2048,21543.45,1787762590.657
954,122.667,0.000752,0.00089661,2048,16695.59,1787762590.781
955,119.013,0.000806,0.00089629,2048,17208.22,1787762590.902
956,116.446,0.000712,0.00089598,2048,17587.6,1787762591.019
957,112.909,0.000532,0.00089566,2048,18138.58,1787762591.133
958,100.329,0.000589,0.00089535,2048,20412.88,1787762591.235
959,90.198,0.000614,0.00089504,2048,22705.58,1787762591.326
960,109.785,0.000542,0.00089472,2048,18654.56,1787762591.436
961,103.937,0.000595,0.0008944,2048,19704.3,1787762591.541
962,109.728,0.000475,0.00089409,2048,18664.3,1787762591.652
963,102.193,0.000576,0.00089377,2048,20040.43,1787762591.755
964,96.519,0.000491,0.00089345,2048,21218.66,1787762591.852
965,114.372,0.000677,0.00089314,2048,17906.43,1787762591.967
966,110.183,0.000617,0.00089282,2048,18587.31,1787762592.078
967,113.551,0.000482,0.0008925,2048,18035.92,1787762592.193
968,116.072,0.000689,0.00089218,2048,17644.21,1787762592.31
969,126.424,0.000666,0.00089186,2048,16199.49,1787762592.437
970,119.593,0.000502,0.00089154,2048,17124.73,1787762592.558
971,128.544,0.000645,0.00089122,2048,15932.29,1787762592.688
972,122.006,0.000459,0.0008909,2048,16786.05,1787762592.811
973,113.196,0.000475,0.00089058,2048,18092.43,1787762592.925
974,109.579,0.000603,0.00089026,2048,18689.71,1787762593.036
975,121.61,0.00055,0.00088994,2048,16840.78,1787762593.159
976,111.44,0.000507,0.00088962,2048,18377.65,1787762593.271
977,96.573,0.000659,0.0008893,2048,21206.73,1787762593.368
978,105.319,0.000712,0.00088897,2048,19445.63,1787762593.474
979,117.59,0.000561,0.00088865,2048,17416.4,1787762593.594
980,131.15,0.000641,0.00088833,2048,15615.67,1787762593.725
981,121.755,0.000811,0.000888,2048,16820.72,1787762593.848
982,109.859,0.000788,0.00088768,2048,18642.03,1787762593.959
983,127.934,0.000634,0.00088736,2048,16008.2,1787762594.088
984,105.51,0.000626,0.00088703,2048,19410.45,1787762594.194
985,112.845,0.000557,0.0008867,2048,18148.76,1787762594.308
986,125.829,0.000793,0.00088638,2048,16276.02,1787762594.435
987,107.516,0.000736,0.00088605,2048,19048.36,1787762594.544
988,134.357,0.000836,0.00088573,2048,15242.95,1787762594.679
989,95.992,0.000921,0.0008854,2048,21335.2,1787762594.776
990,110.227,0.001045,0.00088507,2048,18579.92,1787762594.887
991,90.077,0.000725,0.00088474,2048,22736.08,1787762594.978
992,80.514,0.000512,0.00088442,2048,25436.57,1787762595.059
993,98.964,0.000602,0.00088409,2048,20694.48,1787762595.159
994,115.863,0.000977,0.00088376,2048,17676.03,1787762595.276
995,85.492,0.000461,0.00088343,2048,23955.49,1787762595.362
996,78.201,0.000574,0.0008831,2048,26188.99,1787762595.44
997,88.448,0.0008,0.00088277,2048,23154.98,1787762595.529
998,72.228,0.001036,0.00088244,2048,28354.58,1787762595.602
999,88.121,0.000468,0.00088211,2048,23240.85,1787762595.691
1000,84.253,0.000654,0.00088177,2048,24307.83,1787762595.776
1001,71.376,0.005337,0.00088144,2048,28693.08,1787762595.849
1002,94.183,0.000853,0.00088111,2048,21744.85,1787762595.943
1003,99.527,0.003645,0.00088078,2048,20577.31,1787762596.044
1004,88.248,0.003437,0.00088045,2048,23207.27,1787762596.133
1005,83.839,0.001637,0.00088011,2048,24427.71,1787762596.218
1006,81.744,0.001581,0.00087978,2048,25053.7,1787762596.299
1007,92.027,0.000945,0.00087944,2048,22254.34,1787762596.393
1008,85.845,0.001003,0.00087911,2048,23857.01,1787762596.479
1009,109.46,0.002005,0.00087877,2048,18709.95,1787762596.59
1010,122.214,0.001301,0.00087844,2048,16757.53,1787762596.713
1011,89.751,0.001446,0.0008781,2048,22818.66,1787762596.804
1012,89.127,0.001371,0.00087777,2048,22978.42,1787762596.894
1013,92.779,0.001215,0.00087743,2048,22074.01,1787762596.987
1014,127.796,0.000921,0.00087709,2048,16025.52,1787762597.116
1015,122.962,0.001573,0.00087676,2048,16655.58,1787762597.24
1016,123.594,0.001807,0.00087642,2048,16570.37,1787762597.364
1017,95.37,0.001631,0.00087608,2048,21474.33,1787762597.462
1018,95.213,0.001273,0.00087574,2048,21509.62,1787762597.557
1019,85.306,0.00147,0.0008754,2048,24007.72,1787762597.645
1020,98.251,0.001518,0.00087506,2048,20844.53,1787762597.743
1021,77.168,0.001156,0.00087472,2048,26539.64,1787762597.821
1022,72.094,0.001099,0.00087438,2048,28407.24,1787762597.894
1023,84.505,0.000858,0.00087404,2048,24235.37,1787762597.979
1024,89.949,0.001043,0.0008737,2048,22768.56,1787762598.07
1025,99.365,0.000936,0.00087336,2048,20610.92,1787762598.17
1026,120.693,0.001103,0.00087302,2048,16968.7,1787762598.292
1027,111.675,0.001074,0.00087268,2048,18338.93,1787762598.406
1028,169.421,0.001477,0.00087234,2048,12088.22,1787762598.576
1029,119.811,0.001224,0.00087199,2048,17093.65,1787762598.698
1030,122.224,0.001006,0.00087165,2048,16756.08,1787762598.821
1031,90.329,0.000941,0.00087131,2048,22672.7,1787762598.913
1032,92.225,0.001462,0.00087096,2048,22206.54,1787762599.006
1033,80.416,0.000738,0.00087062,2048,25467.63,1787762599.087
1034,114.015,0.000821,0.00087027,2048,17962.63,1787762599.203
1035,101.271,0.001168,0.00086993,2048,20222.91,1787762599.305
1036,90.72,0.001177,0.00086958,2048,22574.93,1787762599.397
1037,108.739,0.000972,0.00086924,2048,18834.04,1787762599.506
1038,104.218,0.000851,0.00086889,2048,19651.02,1787762599.611
1039,96.485,0.000676,0.00086854,2048,21226.03,1787762599.71
1040,100.165,0.000988,0.0008682,2048,20446.22,1787762599.811
1041,89.425,0.000949,0.00086785,2048,22901.85,1787762599.901
1042,79.091,0.000831,0.0008675,2048,25894.19,1787762599.981
1043,95.192,0.000948,0.00086716,2048,21514.35,1787762600.077
1044,110.428,0.001304,0.00086681,2048,18545.94,1787762600.188
1045,103.887,0.000719,0.00086646,2048,19713.75,1787762600.294
1046,106.852,0.00055,0.00086611,2048,19166.7,1787762600.402
1047,90.404,0.000989,0.00086576,2048,22653.79,1787762600.494
1048,118.884,0.001046,0.00086541,2048,17226.86,1787762600.613
1049,140.542,0.000621,0.00086506,2048,14572.14,1787762600.754
1050,123.958,0.000774,0.00086471,2048,16521.71,1787762600.879
1051,110.584,0.0008,0.00086436,2048,18519.87,1787762600.991
1052,114.721,0.000884,0.00086401,2048,17851.96,1787762601.107
1053,112.583,0.00075,0.00086365,2048,18191.01,1787762601.22
1054,121.345,0.000616,0.0008633,2048,16877.51,1787762601.342
1055,122.215,0.000996,0.00086295,2048,16757.37,1787762601.465
1056,98.209,0.000706,0.0008626,2048,20853.42,1787762601.565
1057,103.81,0.000805,0.00086224,2048,19728.41,1787762601.67
1058,108.657,0.000807,0.00086189,2048,18848.27,1787762601.779
1059,112.738,0.000963,0.00086154,2048,18166.01,1787762601.892
1060,101.497,0.001044,0.00086118,2048,20177.98,1787762601.995
1061,104.069,0.000705,0.00086083,2048,19679.16,1787762602.1
1062,99.619,0.000593,0.00086047,2048,20558.39,1787762602.201
1063,94.964,0.000862,0.00086012,2048,21566.14,1787762602.296
1064,82.324,0.001005,0.00085976,2048,24877.28,1787762602.38
1065,81.077,0.000569,0.0008594,2048,25259.91,1787762602.462
1066,84.466,0.00067,0.00085905,2048,24246.47,1787762602.548
1067,74.753,0.001055,0.00085869,2048,27397.04,1787762602.623
1068,81.295,0.000723,0.00085833,2048,25192.26,1787762602.705
1069,75.98,0.000584,0.00085797,2048,26954.32,1787762602.782
1070,111.966,0.000673,0.00085762,2048,18291.2,1787762602.894
1071,101.864,0.000792,0.00085726,2048,20105.2,1787762602.997
1072,93.546,0.000989,0.0008569,2048,21892.95,1787762603.091
1073,82.472,0.001412,0.00085654,2048,24832.79,1787762603.174
1074,84.11,0.001004,0.00085618,2048,24349.01,1787762603.259
1075,77.668,0.000999,0.00085582,2048,26368.82,1787762603.337
1076,82.544,0.001242,0.00085546,2048,24811.07,1787762603.421
1077,80.546,0.000568,0.0008551,2048,25426.59,1787762603.502
1078,105.45,0.000834,0.00085474,2048,19421.6,1787762603.608
1079,119.807,0.000741,0.00085438,2048,17094.19,1787762603.729
1080,117.528,0.000671,0.00085402,2048,17425.71,1787762603.848
1081,113.703,0.000562,0.00085365,2048,18011.89,1787762603.963
1082,104.214,0.000913,0.00085329,2048,19651.85,1787762604.069
1083,94.786,0.000722,0.00085293,2048,21606.54,1787762604.163
1084,90.197,0.000805,0.00085257,2048,22705.96,1787762604.255
1085,83.638,0.000611,0.0008522,2048,24486.42,1787762604.34
1086,90.642,0.000666,0.00085184,2048,22594.41,1787762604.431
1087,101.935,0.00099,0.00085147,2048,20091.16,1787762604.535
1088,112.196,0.000509,0.00085111,2048,18253.69,1787762604.648
1089,110.327,0.000712,0.00085074,2048,18563.03,1787762604.759
1090,122.235,0.00092,0.00085038,2048,16754.56,1787762604.882
1091,107.723,0.000878,0.00085001,2048,19011.64,1787762604.991
1092,164.324,0.00063,0.00084965,2048,12463.2,1787762605.157
1093,110.441,0.000504,0.00084928,2048,18543.79,1787762605.269
1094,97.884,0.000979,0.00084891,2048,20922.79,1787762605.367
1095,89.606,0.000615,0.00084855,2048,22855.69,1787762605.458
1096,86.597,0.000485,0.00084818,2048,23649.73,1787762605.545
1097,92.471,0.000538,0.00084781,2048,22147.41,1787762605.638
1098,80.894,0.000771,0.00084744,2048,25317.18,1787762605.72
1099,91.963,0.000559,0.00084707,2048,22269.73,1787762605.813
1100,97.156,0.000614,0.00084671,2048,21079.41,1787762605.91
1101,105.363,0.000491,0.00084634,2048,19437.66,1787762606.017
1102,97.946,0.00081,0.00084597,2048,20909.42,1787762606.116
1103,93.328,0.000484,0.0008456,2048,21944.16,1787762606.21
1104,86.195,0.000422,0.00084523,2048,23760.0,1787762606.297
1105,96.577,0.000642,0.00084486,2048,21205.88,1787762606.394
1106,81.741,0.00049,0.00084448,2048,25054.59,1787762606.477
1107,125.15,0.0007,0.00084411,2048,16364.42,1787762606.603
1108,149.747,0.00041,0.00084374,2048,13676.36,1787762606.754
1109,133.208,0.000476,0.00084337,2048,15374.5,1787762606.888
1110,135.209,0.000527,0.000843,2048,15146.88,1787762607.024
1111,96.91,0.000507,0.00084262,2048,21133.1,1787762607.122
1112,114.662,0.000886,0.00084225,2048,17861.16,1787762607.237
1113,113.494,0.000506,0.00084188,2048,18045.02,1787762607.352
1114,118.335,0.000748,0.0008415,2048,17306.74,1787762607.472
1115,73.815,0.000952,0.00084113,2048,27745.19,1787762607.546
1116,88.008,0.000919,0.00084076,2048,23270.72,1787762607.635
1117,102.067,0.000399,0.00084038,2048,20065.29,1787762607.739
1118,124.262,0.000444,0.00084001,2048,16481.36,1787762607.863
1119,118.831,0.000867,0.00083963,2048,17234.57,1787762607.983
1120,96.698,0.000933,0.00083925,2048,21179.3,1787762608.081
1121,99.134,0.000549,0.00083888,2048,20658.95,1787762608.18
1122,95.295,0.000589,0.0008385,2048,21491.09,1787762608.277
1123,110.531,0.000835,0.00083812,2048,18528.67,1787762608.388
1124,106.432,0.000514,0.00083775,2048,19242.32,1787762608.496
1125,131.243,0.000537,0.00083737,2048,15604.62,1787762608.628
1126,102.628,0.000694,0.00083699,2048,19955.66,1787762608.732
1127,93.718,0.000455,0.00083661,2048,21852.68,1787762608.827
1128,79.927,0.000671,0.00083624,2048,25623.22,1787762608.908
1129,102.996,0.000725,0.00083586,2048,19884.31,1787762609.011
1130,88.479,0.000627,0.00083548,2048,23146.71,1787762609.1
1131,92.703,0.00054,0.0008351,2048,22092.03,1787762609.194
1132,108.828,0.000743,0.00083472,2048,18818.72,1787762609.304
1133,141.763,0.000864,0.00083434,2048,14446.65,1787762609.446
1134,95.039,0.00067,0.00083396,2048,21549.14,1787762609.542
1135,109.472,0.000836,0.00083358,2048,18707.98,1787762609.653
1136,84.127,0.000447,0.00083319,2048,24344.26,1787762609.737
1137,93.387,0.000761,0.00083281,2048,21930.22,1787762609.832
1138,99.753,0.000531,0.00083243,2048,20530.65,1787762609.932
1139,87.28,0.000379,0.00083205,2048,23464.85,1787762610.02
1140,91.756,0.000451,0.00083167,2048,22320.14,1787762610.113
1141,83.072,0.000993,0.00083128,2048,24653.19,1787762610.197
1142,115.891,0.000735,0.0008309,2048,17671.73,1787762610.314
1143,95.266,0.000845,0.00083052,2048,21497.81,1787762610.41
1144,78.471,0.0011,0.00083013,2048,26098.95,1787762610.489
1145,79.927,0.001056,0.00082975,2048,25623.54,1787762610.57
1146,100.257,0.000615,0.00082936,2048,20427.46,1787762610.672
1147,152.361,0.000652,0.00082898,2048,13441.78,1787762610.825
1148,142.624,0.000651,0.00082859,2048,14359.39,1787762610.969
1149,120.811,0.000664,0.00082821,2048,16952.1,1787762611.09
1150,107.908,0.000794,0.00082782,2048,18979.15,1787762611.2
1151,95.606,0.000672,0.00082743,2048,21421.32,1787762611.296
1152,87.637,0.000592,0.00082705,2048,23369.23,1787762611.384
1153,93.759,0.000552,0.00082666,2048,21843.24,1787762611.479
1154,95.353,0.000588,0.00082627,2048,21478.09,1787762611.575
1155,84.525,0.000483,0.00082589,2048,24229.63,1787762611.66
1156,80.579,0.000732,0.0008255,2048,25416.15,1787762611.742
1157,99.363,0.000708,0.00082511,2048,20611.25,1787762611.842
1158,100.57,0.000466,0.00082472,2048,20364.01,1787762611.944
1159,87.897,0.000593,0.00082433,2048,23299.97,1787762612.032
1160,83.9,0.000625,0.00082394,2048,24410.13,1787762612.117
1161,84.255,0.000485,0.00082355,2048,24307.11,1787762612.202
1162,85.087,0.000401,0.00082316,2048,24069.45,1787762612.288
1163,88.471,0.000551,0.00082277,2048,23148.91,1787762612.376
1164,94.115,0.000448,0.00082238,2048,21760.66,1787762612.472
1165,123.232,0.000525,0.00082199,2048,16619.07,1787762612.596
1166,107.394,0.000562,0.0008216,2048,19070.0,1787762612.704
1167,91.817,0.000432,0.00082121,2048,22305.24,1787762612.797
1168,82.253,0.000461,0.00082082,2048,24898.85,1787762612.88
1169,96.815,0.000456,0.00082042,2048,21153.66,1787762612.977
1170,100.773,0.000596,0.00082003,2048,20322.94,1787762613.079
1171,99.508,0.000426,0.00081964,2048,20581.2,1787762613.179
1172,101.93,0.000533,0.00081925,2048,20092.28,1787762613.282
1173,98.189,0.000387,0.00081885,2048,20857.8,1787762613.382
1174,105.045,0.000376,0.00081846,2048,19496.48,1787762613.488
1175,113.063,0.000411,0.00081806,2048,18113.86,1787762613.602
1176,85.149,0.000369,0.00081767,2048,24052.1,1787762613.689
1177,96.437,0.000403,0.00081728,2048,21236.66,1787762613.786
1178,67.396,0.000524,0.00081688,2048,30387.79,1787762613.854
1179,66.796,0.000496,0.00081649,2048,30660.61,1787762613.921
1180,84.737,0.000372,0.00081609,2048,24169.01,1787762614.007
1181,71.998,0.000498,0.00081569,2048,28445.12,1787762614.081
1182,87.587,0.000369,0.0008153,2048,23382.55,1787762614.168
1183,93.749,0.000331,0.0008149,2048,21845.64,1787762614.263
1184,73.548,0.000452,0.0008145,2048,27845.84,1787762614.337
1185,69.36,0.0004,0.00081411,2048,29527.28,1787762614.408
1186,77.885,0.000342,0.00081371,2048,26295.25,1787762614.487
1187,78.669,0.000398,0.00081331,2048,26032.99,1787762614.566
1188,66.356,0.000418,0.00081291,2048,30863.92,1787762614.632
1189,80.516,0.000351,0.00081251,2048,25435.94,1787762614.715
1190,84.42,0.000534,0.00081211,2048,24259.6,1787762614.799
1191,101.923,0.000358,0.00081172,2048,20093.68,1787762614.902
1192,89.224,0.00051,0.00081132,2048,22953.41,1787762614.992
1193,103.009,0.00042,0.00081092,2048,19881.8,1787762615.096
1194,88.389,0.000402,0.00081052,2048,23170.41,1787762615.185
1195,79.262,0.000887,0.00081012,2048,25838.46,1787762615.265
1196,91.146,0.000514,0.00080972,2048,22469.32,1787762615.357
1197,77.377,0.000363,0.00080931,2048,26467.88,1787762615.435
1198,109.613,0.000475,0.00080891,2048,18683.93,1787762615.546
1199,113.242,0.000613,0.00080851,2048,18085.18,1787762615.66
1200,90.612,0.000663,0.00080811,2048,22601.84,1787762615.751
1201,109.901,0.000601,0.00080771,2048,18634.9,1787762615.862
1202,76.667,0.000611,0.0008073,2048,26712.96,1787762615.939
1203,86.865,0.000449,0.0008069,2048,23576.79,1787762616.028
1204,104.965,0.000666,0.0008065,2048,19511.28,1787762616.133
1205,94.676,0.000751,0.0008061,2048,21631.62,1787762616.229
1206,109.556,0.000736,0.00080569,2048,18693.7,1787762616.339
1207,85.848,0.000424,0.00080529,2048,23856.09,1787762616.426
1208,99.982,0.000556,0.00080488,2048,20483.67,1787762616.527
1209,80.373,0.000938,0.00080448,2048,25481.19,1787762616.609
1210,76.756,0.001169,0.00080407,2048,26681.85,1787762616.687
1211,72.237,0.00052,0.00080367,2048,28351.2,1787762616.76
1212,86.39,0.000723,0.00080326,2048,23706.56,1787762616.846
1213,104.204,0.001021,0.00080286,2048,19653.81,1787762616.952
1214,101.618,0.001301,0.00080245,2048,20153.95,1787762617.054
1215,85.796,0.000674,0.00080204,2048,23870.58,1787762617.14
1216,82.362,0.00071,0.00080164,2048,24865.78,1787762617.224
1217,74.25,0.000958,0.00080123,2048,27582.45,1787762617.299
1218,80.001,0.001126,0.00080082,2048,25599.58,1787762617.38
1219,65.269,0.001017,0.00080041,2048,31377.64,1787762617.445
1220,77.768,0.000731,0.00080001,2048,26334.71,1787762617.524
1221,91.112,0.000612,0.0007996,2048,22477.78,1787762617.616
1222,91.176,0.000648,0.00079919,2048,22462.05,1787762617.707
1223,93.671,0.001802,0.00079878,2048,21863.83,1787762617.802
1224,99.496,0.000684,0.00079837,2048,20583.82,1787762617.903
1225,82.323,0.000754,0.00079796,2048,24877.65,1787762617.986
1226,85.019,0.001744,0.00079755,2048,24088.7,1787762618.072
1227,107.255,0.001517,0.00079714,2048,19094.77,1787762618.18
1228,79.908,0.000488,0.00079673,2048,25629.6,1787762618.26
1229,96.994,0.000826,0.00079632,2048,21114.64,1787762618.358
1230,97.78,0.001108,0.00079591,2048,20945.0,1787762618.456
1231,82.691,0.000988,0.0007955,2048,24766.78,1787762618.541
1232,78.544,0.000706,0.00079509,2048,26074.59,1787762618.62
1233,81.457,0.000448,0.00079468,2048,25142.07,1787762618.702
1234,75.795,0.000712,0.00079426,2048,27020.18,1787762618.778
1235,81.195,0.000764,0.00079385,2048,25223.17,1787762618.86
1236,81.1,0.000889,0.00079344,2048,25252.84,1787762618.941
1237,115.808,0.000464,0.00079303,2048,17684.41,1787762619.058
1238,112.414,0.000664,0.00079261,2048,18218.37,1787762619.172
1239,107.663,0.000583,0.0007922,2048,19022.27,1787762619.28
1240,92.462,0.000791,0.00079178,2048,22149.66,1787762619.374
1241,85.944,0.000472,0.00079137,2048,23829.44,1787762619.461
1242,86.778,0.00051,0.00079096,2048,23600.34,1787762619.548
1243,81.516,0.000445,0.00079054,2048,25123.81,1787762619.631
1244,77.848,0.000444,0.00079013,2048,26307.74,1787762619.71
1245,82.657,0.000417,0.00078971,2048,24777.06,1787762619.794
1246,83.636,0.000554,0.0007893,2048,24487.15,1787762619.878
1247,97.05,0.000571,0.00078888,2048,21102.52,1787762619.976
1248,90.632,0.000648,0.00078846,2048,22596.9,1787762620.067
1249,77.801,0.00056,0.00078805,2048,26323.7,1787762620.146
1250,74.464,0.000439,0.00078763,2048,27503.15,1787762620.221
1251,80.413,0.000688,0.00078721,2048,25468.39,1787762620.303
1252,76.032,0.00053,0.0007868,2048,26936.03,1787762620.379
1253,85.918,0.000472,0.00078638,2048,23836.68,1787762620.467
1254,82.247,0.00043,0.00078596,2048,24900.63,1787762620.549
1255,101.061,0.000424,0.00078554,2048,20264.91,1787762620.652
1256,104.201,0.000553,0.00078512,2048,19654.32,1787762620.756
1257,119.228,0.000423,0.00078471,2048,17177.19,1787762620.876
1258,87.904,0.00049,0.00078429,2048,23298.25,1787762620.965
1259,85.54,0.000451,0.00078387,2048,23942.02,1787762621.052
1260,82.063,0.000457,0.00078345,2048,24956.41,1787762621.134
1261,83.962,0.00047,0.00078303,2048,24391.87,1787762621.219
1262,105.336,0.000441,0.00078261,2048,19442.45,1787762621.326
1263,80.916,0.00044,0.00078219,2048,25310.04,1787762621.408
1264,71.438,0.0004,0.00078177,2048,28668.18,1787762621.48
1265,67.442,0.000392,0.00078135,2048,30366.83,1787762621.548
1266,69.239,0.000552,0.00078093,2048,29578.62,1787762621.617
1267,67.999,0.000456,0.0007805,2048,30117.96,1787762621.686
1268,90.204,0.000501,0.00078008,2048,22704.02,1787762621.777
1269,96.508,0.000533,0.00077966,2048,21221.06,1787762621.875
1270,94.857,0.000395,0.00077924,2048,21590.37,1787762621.971
1271,69.62,0.000612,0.00077882,2048,29416.79,1787762622.041
1272,69.041,0.000356,0.00077839,2048,29663.58,1787762622.112
1273,63.393,0.00042,0.00077797,2048,32306.41,1787762622.176
1274,74.13,0.000505,0.00077755,2048,27627.29,1787762622.25
1275,84.595,0.000524,0.00077712,2048,24209.53,1787762622.336
1276,94.493,0.00038,0.0007767,2048,21673.56,1787762622.431
1277,113.34,0.000448,0.00077627,2048,18069.61,1787762622.545
1278,133.649,0.000521,0.00077585,2048,15323.71,1787762622.681
1279,109.125,0.0005,0.00077542,2048,18767.47,1787762622.791
1280,99.161,0.000394,0.000775,2048,20653.3,1787762622.892
1281,94.834,0.000403,0.00077457,2048,21595.63,1787762622.988
1282,94.611,0.000444,0.00077415,2048,21646.46,1787762623.083
1283,96.18,0.000481,0.00077372,2048,21293.41,1787762623.18
1284,97.31,0.000375,0.0007733,2048,21046.16,1787762623.278
1285,93.324,0.000465,0.00077287,2048,21945.03,1787762623.373
1286,80.636,0.000381,0.00077244,2048,25398.05,1787762623.454
1287,78.144,0.000477,0.00077202,2048,26208.16,1787762623.535
1288,80.498,0.000538,0.00077159,2048,25441.5,1787762623.616
1289,88.694,0.000297,0.00077116,2048,23090.73,1787762623.705
1290,79.585,0.000343,0.00077074,2048,25733.43,1787762623.785
1291,95.221,0.000409,0.00077031,2048,21507.97,1787762623.881
1292,117.412,0.000402,0.00076988,2048,17442.87,1787762624.0
1293,119.249,0.000329,0.00076945,2048,17174.18,1787762624.121
1294,113.487,0.00044,0.00076902,2048,18046.14,1787762624.236
1295,113.415,0.000491,0.00076859,2048,18057.59,1787762624.35
1296,99.309,0.000327,0.00076816,2048,20622.48,1787762624.45
1297,92.965,0.000454,0.00076773,2048,22029.8,1787762624.544
1298,115.921,0.000371,0.00076731,2048,17667.16,1787762624.662
1299,114.896,0.000389,0.00076688,2048,17824.8,1787762624.777
1300,117.837,0.000327,0.00076644,2048,17379.95,1787762624.896
1301,111.871,0.00054,0.00076601,2048,18306.78,1787762625.01
1302,97.895,0.000622,0.00076558,2048,20920.31,1787762625.109
1303,99.372,0.000313,0.00076515,2048,20609.45,1787762625.209
1304,114.548,0.000603,0.00076472,2048,17878.97,1787762625.325
1305,102.944,0.000382,0.00076429,2048,19894.27,1787762625.428
1306,90.204,0.000318,0.00076386,2048,22704.09,1787762625.519
1307,92.507,0.000342,0.00076343,2048,22138.98,1787762625.613
1308,104.657,0.000428,0.00076299,2048,19568.65,1787762625.719
1309,98.745,0.00038,0.00076256,2048,20740.27,1787762625.818
1310,106.532,0.000388,0.00076213,2048,19224.27,1787762625.925
1311,95.085,0.00042,0.0007617,2048,21538.67,1787762626.021
1312,101.562,0.000342,0.00076126,2048,20165.02,1787762626.123
1313,99.893,0.000292,0.00076083,2048,20501.94,1787762626.225
1314,114.425,0.000311,0.00076039,2048,17898.23,1787762626.341
1315,103.205,0.000293,0.00075996,2048,19844.08,1787762626.446
1316,119.25,0.000263,0.00075953,2048,17173.93,1787762626.565
1317,102.95,0.000374,0.00075909,2048,19893.15,1787762626.669
1318,92.827,0.000317,0.00075866,2048,22062.55,1787762626.763
1319,93.987,0.000387,0.00075822,2048,21790.34,1787762626.858
1320,94.736,0.000309,0.00075779,2048,21617.97,1787762626.953
1321,101.821,0.000392,0.00075735,2048,20113.77,1787762627.057
1322,115.056,0.000366,0.00075692,2048,17800.06,1787762627.172
1323,118.524,0.00037,0.00075648,2048,17279.2,1787762627.292
1324,129.705,0.000411,0.00075604,2048,15789.63,1787762627.422
1325,151.637,0.00041,0.00075561,2048,13505.9,1787762627.575
1326,146.134,0.000277,0.00075517,2048,14014.55,1787762627.722
1327,120.754,0.00044,0.00075473,2048,16960.04,1787762627.845
1328,125.201,0.000287,0.0007543,2048,16357.7,1787762627.97
1329,116.766,0.000374,0.00075386,2048,17539.34,1787762628.088
1330,95.049,0.000316,0.00075342,2048,21546.78,1787762628.184
1331,99.584,0.000359,0.00075298,2048,20565.57,1787762628.284
1332,119.166,0.000321,0.00075254,2048,17186.17,1787762628.404
1333,120.122,0.000388,0.00075211,2048,17049.35,1787762628.526
1334,110.98,0.000361,0.00075167,2048,18453.74,1787762628.637
1335,96.145,0.000335,0.00075123,2048,21301.14,1787762628.735
1336,90.448,0.000376,0.00075079,2048,22642.84,1787762628.826
1337,110.526,0.000419,0.00075035,2048,18529.58,1787762628.937
1338,103.546,0.000345,0.00074991,2048,19778.69,1787762629.042
1339,111.485,0.000412,0.00074947,2048,18370.23,1787762629.154
1340,114.202,0.000357,0.00074903,2048,17933.1,1787762629.27
1341,104.117,0.000444,0.00074859,2048,19670.24,1787762629.375
1342,109.831,0.000295,0.00074815,2048,18646.9,1787762629.485
1343,92.12,0.00036,0.00074771,2048,22231.92,1787762629.578
1344,89.219,0.000392,0.00074727,2048,22954.8,1787762629.669
1345,98.432,0.000342,0.00074683,2048,20806.31,1787762629.768
1346,123.059,0.000268,0.00074638,2048,16642.45,1787762629.892
1347,115.939,0.000373,0.00074594,2048,17664.4,1787762630.009
1348,111.08,0.000357,0.0007455,2048,18437.23,1787762630.121
1349,131.929,0.000398,0.00074506,2048,15523.56,1787762630.253
1350,103.443,0.000405,0.00074462,2048,19798.4,1787762630.357
1351,103.928,0.000306,0.00074417,2048,19705.97,1787762630.463
1352,102.974,0.00037,0.00074373,2048,19888.48,1787762630.568
1353,97.87,0.000387,0.00074329,2048,20925.78,1787762630.666
1354,94.724,0.000397,0.00074284,2048,21620.62,1787762630.761
1355,89.861,0.00044,0.0007424,2048,22790.68,1787762630.852
1356,107.136,0.000485,0.00074196,2048,19115.82,1787762630.96
1357,104.107,0.000307,0.00074151,2048,19672.14,1787762631.065
1358,106.589,0.000568,0.00074107,2048,19214.04,1787762631.173
1359,100.7,0.000431,0.00074062,2048,20337.72,1787762631.275
1360,85.384,0.000323,0.00074018,2048,23985.84,1787762631.362
1361,104.041,0.000426,0.00073973,2048,19684.51,1787762631.467
1362,102.573,0.000373,0.00073929,2048,19966.31,1787762631.571
1363,94.531,0.000347,0.00073884,2048,21664.97,1787762631.666
1364,97.778,0.000382,0.0007384,2048,20945.3,1787762631.765
1365,97.234,0.000506,0.00073795,2048,21062.48,1787762631.863
1366,84.167,0.000337,0.0007375,2048,24332.55,1787762631.948
1367,91.444,0.000347,0.00073706,2048,22396.17,1787762632.039
1368,114.867,0.000507,0.00073661,2048,17829.38,1787762632.156
1369,126.496,0.000417,0.00073617,2048,16190.2,1787762632.283
1370,124.915,0.000355,0.00073572,2048,16395.14,1787762632.41
1371,116.895,0.000291,0.00073527,2048,17519.95,1787762632.528
1372,123.526,0.000648,0.00073482,2048,16579.52,1787762632.654
1373,104.786,0.00065,0.00073438,2048,19544.6,1787762632.759
1374,117.696,0.0003,0.00073393,2048,17400.75,1787762632.877
1375,103.112,0.000512,0.00073348,2048,19861.86,1787762632.981
1376,105.834,0.000731,0.00073303,2048,19351.15,1787762633.088
1377,124.209,0.000672,0.00073258,2048,16488.4,1787762633.212
1378,112.099,0.000521,0.00073213,2048,18269.57,1787762633.326
1379,107.762,0.000554,0.00073169,2048,19004.91,1787762633.435
1380,120.932,0.000581,0.00073124,2048,16935.19,1787762633.557
1381,90.993,0.000805,0.00073079,2048,22507.13,1787762633.65
1382,91.064,0.000544,0.00073034,2048,22489.55,1787762633.741
1383,86.032,0.00052,0.00072989,2048,23805.21,1787762633.828
1384,89.62,0.000849,0.00072944,2048,22852.02,1787762633.919
1385,107.658,0.000663,0.00072899,2048,19023.19,1787762634.027
1386,108.841,0.000613,0.00072854,2048,18816.46,1787762634.137
1387,101.117,0.000462,0.00072809,2048,20253.83,1787762634.239
1388,87.868,0.000534,0.00072763,2048,23307.64,1787762634.329
1389,85.536,0.000468,0.00072718,2048,23943.16,1787762634.414
1390,133.065,0.000346,0.00072673,2048,15391.01,1787762634.549
1391,116.145,0.000343,0.00072628,2048,17633.13,1787762634.665
1392,167.32,0.000343,0.00072583,2048,12240.02,1787762634.834
1393,132.038,0.000361,0.00072538,2048,15510.69,1787762634.967
1394,123.405,0.000409,0.00072492,2048,16595.78,1787762635.092
1395,97.747,0.000466,0.00072447,2048,20952.09,1787762635.19
1396,103.906,0.000464,0.00072402,2048,19710.05,1787762635.295
1397,89.961,0.000351,0.00072357,2048,22765.52,1787762635.385
1398,107.06,0.00049,0.00072311,2048,19129.44,1787762635.494
1399,95.913,0.000569,0.00072266,2048,21352.75,1787762635.59
1400,85.034,0.0004,0.00072221,2048,24084.34,1787762635.677
1401,88.809,0.000479,0.00072175,2048,23060.62,1787762635.766
1402,83.162,0.000567,0.0007213,2048,24626.66,1787762635.85
1403,107.573,0.000423,0.00072085,2048,19038.29,1787762635.958
1404,98.865,0.000453,0.00072039,2048,20715.18,1787762636.059
1405,93.038,0.00065,0.00071994,2048,22012.49,1787762636.153
1406,94.981,0.000415,0.00071948,2048,21562.16,1787762636.25
1407,105.054,0.000371,0.00071903,2048,19494.75,1787762636.356
1408,121.024,0.00034,0.00071857,2048,16922.21,1787762636.478
1409,88.877,0.000487,0.00071812,2048,23043.21,1787762636.568
1410,96.709,0.000389,0.00071766,2048,21177.04,1787762636.665
1411,111.179,0.000288,0.00071721,2048,18420.74,1787762636.777
1412,106.294,0.000291,0.00071675,2048,19267.39,1787762636.885
1413,133.242,0.000461,0.00071629,2048,15370.59,1787762637.02
1414,130.984,0.000319,0.00071584,2048,15635.51,1787762637.151
1415,126.529,0.000338,0.00071538,2048,16185.99,1787762637.279
1416,117.159,0.000324,0.00071493,2048,17480.56,1787762637.398
1417,95.088,0.000473,0.00071447,2048,21537.99,1787762637.494
1418,108.202,0.000374,0.00071401,2048,18927.63,1787762637.603
1419,112.24,0.000261,0.00071355,2048,18246.68,1787762637.715
1420,92.678,0.00036,0.0007131,2048,22097.92,1787762637.81
1421,82.009,0.0005,0.00071264,2048,24972.78,1787762637.892
1422,83.187,0.000416,0.00071218,2048,24619.11,1787762637.976
1423,94.601,0.000352,0.00071172,2048,21648.73,1787762638.072
1424,120.237,0.000286,0.00071127,2048,17032.97,1787762638.194
1425,103.787,0.000303,0.00071081,2048,19732.7,1787762638.298
1426,109.629,0.000377,0.00071035,2048,18681.17,1787762638.409
1427,94.783,0.000409,0.00070989,2048,21607.23,1787762638.504
1428,114.045,0.000362,0.00070943,2048,17957.74,1787762638.619
1429,121.639,0.000275,0.00070897,2048,16836.66,1787762638.742
1430,105.126,0.000308,0.00070851,2048,19481.31,1787762638.848
1431,107.827,0.000355,0.00070805,2048,18993.48,1787762638.956
1432,119.756,0.00036,0.00070759,2048,17101.43,1787762639.077
1433,111.288,0.000339,0.00070713,2048,18402.75,1787762639.189
1434,92.461,0.00037,0.00070667,2048,22149.83,1787762639.282
1435,88.93,0.00035,0.00070621,2048,23029.37,1787762639.372
1436,121.713,0.000269,0.00070575,2048,16826.43,1787762639.495
1437,116.357,0.000416,0.00070529,2048,17601.05,1787762639.613
1438,124.114,0.000453,0.00070483,2048,16500.91,1787762639.738
1439,105.791,0.000298,0.00070437,2048,19358.85,1787762639.845
1440,118.963,0.000326,0.00070391,2048,17215.41,1787762639.965
1441,126.123,0.000331,0.00070345,2048,16238.08,1787762640.092
1442,146.229,0.000413,0.00070299,2048,14005.42,1787762640.239
1443,122.741,0.000355,0.00070252,2048,16685.6,1787762640.363
1444,138.668,0.000393,0.00070206,2048,14769.08,1787762640.502
1445,153.022,0.000549,0.0007016,2048,13383.74,1787762640.657
1446,135.785,0.000364,0.00070114,2048,15082.65,1787762640.793
1447,114.435,0.000295,0.00070068,2048,17896.56,1787762640.91
1448,149.293,0.000503,0.00070021,2048,13717.95,1787762641.06
1449,116.745,0.000359,0.00069975,2048,17542.45,1787762641.178
1450,121.652,0.000323,0.00069929,2048,16834.86,1787762641.3
1451,111.656,0.000541,0.00069882,2048,18342.12,1787762641.414
1452,120.162,0.000445,0.00069836,2048,17043.66,1787762641.535
1453,129.756,0.000395,0.0006979,2048,15783.48,1787762641.666
1454,122.065,0.000551,0.00069743,2048,16777.96,1787762641.789
1455,129.291,0.000476,0.00069697,2048,15840.25,1787762641.919
1456,125.3,0.000406,0.00069651,2048,16344.75,1787762642.046
1457,121.564,0.000348,0.00069604,2048,16847.15,1787762642.17
1458,119.242,0.000438,0.00069558,2048,17175.21,1787762642.289
1459,110.637,0.00047,0.00069511,2048,18511.05,1787762642.402
1460,91.819,0.000658,0.00069465,2048,22304.68,1787762642.495
1461,100.379,0.00035,0.00069418,2048,20402.71,1787762642.596
1462,88.261,0.000432,0.00069372,2048,23203.88,1787762642.685
1463,86.43,0.000528,0.00069325,2048,23695.42,1787762642.772
1464,81.743,0.000438,0.00069279,2048,25054.1,1787762642.854
1465,81.116,0.000394,0.00069232,2048,25247.86,1787762642.936
1466,99.62,0.000441,0.00069186,2048,20558.02,1787762643.037
1467,95.785,0.000528,0.00069139,2048,21381.15,1787762643.133
1468,100.508,0.000305,0.00069092,2048,20376.41,1787762643.234
1469,82.926,0.000299,0.00069046,2048,24696.63,1787762643.318
1470,92.316,0.000845,0.00068999,2048,22184.74,1787762643.411
1471,81.159,0.000311,0.00068952,2048,25234.51,1787762643.493
1472,88.372,0.000259,0.00068906,2048,23174.87,1787762643.582
1473,100.402,0.000416,0.00068859,2048,20398.08,1787762643.684
1474,94.478,0.000303,0.00068812,2048,21676.94,1787762643.779
1475,104.569,0.000385,0.00068766,2048,19585.19,1787762643.885
1476,91.072,0.000247,0.00068719,2048,22487.65,1787762643.976
1477,74.498,0.000301,0.00068672,2048,27490.82,1787762644.053
1478,85.808,0.000289,0.00068625,2048,23867.18,1787762644.138
1479,85.628,0.000347,0.00068579,2048,23917.38,1787762644.225
1480,79.814,0.000525,0.00068532,2048,25659.79,1787762644.306
1481,80.211,0.000252,0.00068485,2048,25532.56,1787762644.386
1482,81.724,0.00029,0.00068438,2048,25059.9,1787762644.469
1483,110.788,0.000277,0.00068391,2048,18485.82,1787762644.581
1484,91.455,0.000329,0.00068344,2048,22393.45,1787762644.672
1485,98.495,0.000308,0.00068297,2048,20792.93,1787762644.772
1486,89.659,0.000255,0.00068251,2048,22842.18,1787762644.863
1487,90.961,0.000234,0.00068204,2048,22515.04,1787762644.955
1488,91.477,0.000326,0.00068157,2048,22388.21,1787762645.047
1489,105.19,0.000341,0.0006811,2048,19469.53,1787762645.153
1490,105.946,0.000243,0.00068063,2048,19330.62,1787762645.26
1491,108.098,0.000274,0.00068016,2048,18945.7,1787762645.369
1492,101.491,0.000541,0.00067969,2048,20179.13,1787762645.472
1493,115.575,0.000307,0.00067922,2048,17720.05,1787762645.588
1494,95.18,0.000273,0.00067875,2048,21517.01,1787762645.684
1495,91.497,0.000657,0.00067828,2048,22383.22,1787762645.776
1496,97.598,0.000334,0.00067781,2048,20984.08,1787762645.875
1497,83.269,0.000334,0.00067734,2048,24594.93,1787762645.959
1498,72.982,0.000487,0.00067687,2048,28061.71,1787762646.033
1499,83.062,0.00074,0.00067639,2048,24656.37,1787762646.117
1500,98.91,0.000489,0.00067592,2048,20705.69,1787762646.217
1501,104.159,0.000314,0.00067545,2048,19662.19,1787762646.322
1502,80.744,0.00089,0.00067498,2048,25364.11,1787762646.403
1503,82.114,0.001507,0.00067451,2048,24940.97,1787762646.486
1504,84.954,0.000267,0.00067404,2048,24107.19,1787762646.572
1505,71.838,0.000402,0.00067356,2048,28508.71,1787762646.645
1506,88.762,0.000776,0.00067309,2048,23072.86,1787762646.734
1507,102.665,0.000803,0.00067262,2048,19948.38,1787762646.838
1508,134.265,0.000571,0.00067215,2048,15253.39,1787762646.973
1509,123.213,0.000465,0.00067168,2048,16621.6,1787762647.098
1510,103.705,0.000435,0.0006712,2048,19748.25,1787762647.202
1511,96.159,0.000643,0.00067073,2048,21297.97,1787762647.3
1512,102.075,0.000566,0.00067026,2048,20063.6,1787762647.402
1513,93.635,0.000463,0.00066978,2048,21872.23,1787762647.497
1514,108.159,0.000899,0.00066931,2048,18935.1,1787762647.606
1515,89.956,0.000661,0.00066884,2048,22766.61,1787762647.697
1516,80.505,0.000623,0.00066836,2048,25439.41,1787762647.778
1517,86.856,0.000541,0.00066789,2048,23579.26,1787762647.866
1518,76.791,0.000661,0.00066742,2048,26669.79,1787762647.944
1519,77.509,0.001143,0.00066694,2048,26422.64,1787762648.022
1520,81.565,0.000831,0.00066647,2048,25108.87,1787762648.103
1521,83.538,0.000497,0.00066599,2048,24515.79,1787762648.187
1522,87.221,0.001081,0.00066552,2048,23480.5,1787762648.277
1523,103.724,0.000717,0.00066505,2048,19744.69,1787762648.381
1524,101.777,0.000498,0.00066457,2048,20122.5,1787762648.484
1525,113.691,0.000361,0.0006641,2048,18013.74,1787762648.599
1526,99.536,0.000453,0.00066362,2048,20575.51,1787762648.699
1527,106.462,0.000512,0.00066315,2048,19236.89,1787762648.807
1528,96.518,0.000483,0.00066267,2048,21218.86,1787762648.904
1529,106.438,0.000425,0.0006622,2048,19241.19,1787762649.012
1530,108.291,0.000598,0.00066172,2048,18911.97,1787762649.121
1531,88.08,0.000321,0.00066124,2048,23251.48,1787762649.211
1532,93.11,0.00036,0.00066077,2048,21995.56,1787762649.306
1533,129.537,0.000408,0.00066029,2048,15810.12,1787762649.436
1534,101.587,0.000463,0.00065982,2048,20159.96,1787762649.539
1535,102.924,0.00045,0.00065934,2048,19898.18,1787762649.643
1536,98.427,0.000316,0.00065886,2048,20807.26,1787762649.742
1537,84.693,0.000367,0.00065839,2048,24181.57,1787762649.827
1538,73.399,0.000376,0.00065791,2048,27902.17,1787762649.902
1539,78.743,0.000415,0.00065744,2048,26008.66,1787762649.982
1540,83.149,0.000343,0.00065696,2048,24630.6,1787762650.065
1541,77.559,0.000478,0.00065648,2048,26405.6,1787762650.144
1542,94.12,0.000288,0.000656,2048,21759.46,1787762650.239
1543,93.503,0.000497,0.00065553,2048,21903.09,1787762650.333
1544,99.642,0.000529,0.00065505,2048,20553.68,1787762650.433
1545,84.644,0.000364,0.00065457,2048,24195.45,1787762650.519
1546,72.628,0.000372,0.0006541,2048,28198.45,1787762650.592
1547,70.369,0.000474,0.00065362,2048,29103.6,1787762650.663
1548,70.31,0.000367,0.00065314,2048,29127.98,1787762650.734
1549,66.41,0.000315,0.00065266,2048,30838.82,1787762650.801
1550,77.962,0.000438,0.00065218,2048,26269.17,1787762650.881
1551,80.586,0.000426,0.00065171,2048,25413.91,1787762650.962
1552,101.258,0.000284,0.00065123,2048,20225.54,1787762651.064
1553,79.708,0.000345,0.00065075,2048,25693.69,1787762651.145
1554,106.691,0.000283,0.00065027,2048,19195.66,1787762651.252
1555,84.718,0.000316,0.00064979,2048,24174.41,1787762651.337
1556,75.131,0.000311,0.00064931,2048,27259.02,1787762651.413
1557,80.269,0.000504,0.00064884,2048,25514.27,1787762651.495
1558,114.48,0.000356,0.00064836,2048,17889.62,1787762651.61
1559,126.298,0.000582,0.00064788,2048,16215.57,1787762651.737
1560,99.384,0.000362,0.0006474,2048,20606.94,1787762651.838
1561,89.698,0.000242,0.00064692,2048,22832.14,1787762651.929
1562,99.968,0.000454,0.00064644,2048,20486.51,1787762652.029
1563,91.251,0.000525,0.00064596,2048,22443.66,1787762652.121
1564,92.026,0.000383,0.00064548,2048,22254.48,1787762652.214
1565,92.278,0.000528,0.000645,2048,22193.71,1787762652.307
1566,88.312,0.000348,0.00064452,2048,23190.56,1787762652.396
1567,100.161,0.000393,0.00064404,2048,20447.12,1787762652.498
1568,92.19,0.000508,0.00064356,2048,22214.92,1787762652.59
1569,117.081,0.000595,0.00064308,2048,17492.13,1787762652.709
1570,87.189,0.000359,0.0006426,2048,23489.31,1787762652.797
1571,85.839,0.000522,0.00064212,2048,23858.67,1787762652.884
1572,74.439,0.000499,0.00064164,2048,27512.28,1787762652.959
1573,77.358,0.00032,0.00064116,2048,26474.38,1787762653.037
1574,69.234,0.000401,0.00064068,2048,29580.76,1787762653.107
1575,75.567,0.000419,0.0006402,2048,27101.74,1787762653.184
1576,85.462,0.000284,0.00063972,2048,23963.84,1787762653.27
1577,69.826,0.000338,0.00063923,2048,29329.88,1787762653.341
1578,69.331,0.000298,0.00063875,2048,29539.41,1787762653.41
1579,64.027,0.000315,0.00063827,2048,31986.36,1787762653.475
1580,78.314,0.000244,0.00063779,2048,26151.03,1787762653.554
1581,88.785,0.000327,0.00063731,2048,23067.09,1787762653.644
1582,75.521,0.000395,0.00063683,2048,27118.28,1787762653.72
1583,73.934,0.00034,0.00063635,2048,27700.49,1787762653.794
1584,72.997,0.000266,0.00063586,2048,28055.79,1787762653.868
1585,68.351,0.000327,0.00063538,2048,29962.81,1787762653.938
1586,71.276,0.000365,0.0006349,2048,28733.29,1787762654.009
1587,62.397,0.000343,0.00063442,2048,32822.09,1787762654.072
1588,71.433,0.000434,0.00063394,2048,28670.3,1787762654.145
1589,72.379,0.000247,0.00063345,2048,28295.66,1787762654.218
1590,75.414,0.000363,0.00063297,2048,27156.69,1787762654.294
1591,80.766,0.000338,0.00063249,2048,25357.27,1787762654.375
1592,74.655,0.00028,0.00063201,2048,27432.93,1787762654.451
1593,83.678,0.000264,0.00063152,2048,24474.92,1787762654.535
1594,91.634,0.000329,0.00063104,2048,22349.73,1787762654.628
1595,84.026,0.000335,0.00063056,2048,24373.52,1787762654.712
1596,86.928,0.000381,0.00063007,2048,23559.67,1787762654.801
1597,89.742,0.000276,0.00062959,2048,22821.03,1787762654.891
1598,82.945,0.000292,0.00062911,2048,24691.06,1787762654.975
1599,71.073,0.000514,0.00062863,2048,28815.32,1787762655.046
1600,60.684,0.000268,0.00062814,2048,33748.38,1787762655.107
1601,66.286,0.000321,0.00062766,2048,30896.42,1787762655.174
1602,65.219,0.000436,0.00062717,2048,31401.7,1787762655.24
1603,61.788,0.000238,0.00062669,2048,33145.81,1787762655.303
1604,63.975,0.000236,0.00062621,2048,32012.6,1787762655.368
1605,58.673,0.000272,0.00062572,2048,34905.5,1787762655.427
1606,75.469,0.000296,0.00062524,2048,27137.15,1787762655.504
1607,94.252,0.000406,0.00062476,2048,21729.03,1787762655.599
1608,89.693,0.000276,0.00062427,2048,22833.44,1787762655.69
1609,105.705,0.000479,0.00062379,2048,19374.64,1787762655.796
1610,95.102,0.000516,0.0006233,2048,21534.86,1787762655.893
1611,95.601,0.000586,0.00062282,2048,21422.44,1787762655.989
1612,74.045,0.000325,0.00062233,2048,27658.78,1787762656.064
1613,81.204,0.000513,0.00062185,2048,25220.37,1787762656.146
1614,80.033,0.000513,0.00062137,2048,25589.28,1787762656.226
1615,108.091,0.000721,0.00062088,2048,18947.05,1787762656.335
1616,126.62,0.000632,0.0006204,2048,16174.38,1787762656.463
1617,106.928,0.000694,0.00061991,2048,19153.07,1787762656.572
1618,129.163,0.000401,0.00061943,2048,15855.88,1787762656.702
1619,158.735,0.000443,0.00061894,2048,12901.98,1787762656.862
1620,150.205,0.000415,0.00061846,2048,13634.68,1787762657.014
1621,127.345,0.000324,0.00061797,2048,16082.28,1787762657.143
1622,147.708,0.000247,0.00061749,2048,13865.2,1787762657.292
1623,151.788,0.000325,0.000617,2048,13492.55,1787762657.444
1624,155.84,0.000414,0.00061651,2048,13141.72,1787762657.601
1625,103.526,0.000279,0.00061603,2048,19782.39,1787762657.706
1626,93.244,0.000274,0.00061554,2048,21963.95,1787762657.8
1627,94.382,0.000349,0.00061506,2048,21698.98,1787762657.895
1628,90.952,0.000368,0.00061457,2048,22517.4,1787762657.987
1629,73.243,0.000424,0.00061409,2048,27961.64,1787762658.061
1630,82.533,0.000342,0.0006136,2048,24814.41,1787762658.144
1631,79.23,0.000355,0.00061311,2048,25848.83,1787762658.224
1632,70.942,0.000371,0.00061263,2048,28868.61,1787762658.296
1633,78.658,0.000239,0.00061214,2048,26036.73,1787762658.375
1634,99.661,0.000343,0.00061166,2048,20549.66,1787762658.476
1635,100.467,0.000332,0.00061117,2048,20384.78,1787762658.577
1636,99.618,0.000287,0.00061068,2048,20558.57,1787762658.677
1637,95.061,0.000257,0.0006102,2048,21543.95,1787762658.774
1638,88.714,0.000281,0.00060971,2048,23085.5,1787762658.863
1639,81.28,0.000404,0.00060922,2048,25196.76,1787762658.946
1640,76.388,0.000246,0.00060874,2048,26810.46,1787762659.023
1641,93.337,0.000252,0.00060825,2048,21941.95,1787762659.116
1642,85.387,0.000432,0.00060776,2048,23984.97,1787762659.203
1643,89.049,0.000237,0.00060728,2048,22998.7,1787762659.293
1644,105.029,0.000239,0.00060679,2048,19499.39,1787762659.398
1645,99.696,0.000283,0.0006063,2048,20542.35,1787762659.499
1646,86.005,0.000275,0.00060582,2048,23812.54,1787762659.586
1647,83.042,0.000254,0.00060533,2048,24662.31,1787762659.67
1648,132.36,0.000233,0.00060484,2048,15472.96,1787762659.803
1649,121.732,0.000276,0.00060435,2048,16823.79,1787762659.926
1650,109.983,0.00034,0.00060387,2048,18621.04,1787762660.037
1651,94.222,0.000355,0.00060338,2048,21735.9,1787762660.131
1652,126.245,0.000352,0.00060289,2048,16222.45,1787762660.26
1653,135.217,0.000209,0.0006024,2048,15146.04,1787762660.396
1654,108.763,0.000266,0.00060192,2048,18829.93,1787762660.505
1655,122.546,0.000459,0.00060143,2048,16712.04,1787762660.629
1656,102.133,0.000261,0.00060094,2048,20052.23,1787762660.732
1657,90.607,0.000229,0.00060045,2048,22603.18,1787762660.824
1658,92.651,0.00026,0.00059997,2048,22104.58,1787762660.918
1659,98.601,0.000288,0.00059948,2048,20770.52,1787762661.017
1660,85.905,0.000266,0.00059899,2048,23840.37,1787762661.104
1661,103.913,0.000201,0.0005985,2048,19708.74,1787762661.208
1662,119.21,0.000215,0.00059801,2048,17179.82,1787762661.328
1663,144.401,0.000457,0.00059753,2048,14182.75,1787762661.473
1664,136.401,0.000347,0.00059704,2048,15014.53,1787762661.611
1665,174.71,0.000275,0.00059655,2048,11722.3,1787762661.787
1666,176.568,0.000254,0.00059606,2048,11598.9,1787762661.965
1667,184.542,0.000376,0.00059557,2048,11097.73,1787762662.152
1668,129.837,0.000254,0.00059508,2048,15773.59,1787762662.283
1669,187.904,0.000229,0.0005946,2048,10899.17,1787762662.472
1670,118.854,0.000314,0.00059411,2048,17231.18,1787762662.593
1671,133.352,0.00034,0.00059362,2048,15357.8,1787762662.727
1672,145.458,0.000335,0.00059313,2048,14079.7,1787762662.873
1673,100.633,0.000352,0.00059264,2048,20351.1,1787762662.975
1674,97.669,0.00038,0.00059215,2048,20968.8,1787762663.073
1675,100.578,0.000291,0.00059166,2048,20362.31,1787762663.175
1676,108.82,0.000205,0.00059118,2048,18820.04,1787762663.285
1677,109.178,0.00029,0.00059069,2048,18758.36,1787762663.394
1678,88.247,0.000283,0.0005902,2048,23207.67,1787762663.484
1679,94.969,0.000325,0.00058971,2048,21564.86,1787762663.579
1680,122.758,0.000249,0.00058922,2048,16683.24,1787762663.703
1681,129.893,0.000407,0.00058873,2048,15766.87,1787762663.834
1682,93.991,0.000295,0.00058824,2048,21789.2,1787762663.929
1683,100.414,0.00026,0.00058775,2048,20395.46,1787762664.03
1684,93.868,0.00023,0.00058726,2048,21817.92,1787762664.125
1685,92.45,0.000242,0.00058677,2048,22152.47,1787762664.219
1686,96.15,0.000214,0.00058629,2048,21300.05,1787762664.316
1687,83.585,0.00031,0.0005858,2048,24501.95,1787762664.399
1688,91.748,0.000327,0.00058531,2048,22322.01,1787762664.492
1689,113.944,0.000436,0.00058482,2048,17973.68,1787762664.607
1690,103.232,0.000285,0.00058433,2048,19838.91,1787762664.712
1691,100.332,0.000332,0.00058384,2048,20412.31,1787762664.813
1692,118.245,0.000407,0.00058335,2048,17319.99,1787762664.933
1693,94.822,0.00035,0.00058286,2048,21598.34,1787762665.028
1694,112.113,0.000301,0.00058237,2048,18267.3,1787762665.141
1695,109.494,0.000519,0.00058188,2048,18704.15,1787762665.252
1696,98.808,0.000498,0.00058139,2048,20727.11,1787762665.351
1697,99.087,0.000229,0.0005809,2048,20668.62,1787762665.452
1698,108.454,0.000314,0.00058041,2048,18883.58,1787762665.561
1699,89.141,0.000395,0.00057992,2048,22974.81,1787762665.651
1700,84.369,0.000314,0.00057943,2048,24274.38,1787762665.736
1701,65.218,0.000284,0.00057894,2048,31402.18,1787762665.802
1702,80.498,0.000327,0.00057845,2048,25441.5,1787762665.883
1703,74.884,0.000206,0.00057796,2048,27349.0,1787762665.959
1704,67.423,0.000598,0.00057747,2048,30375.44,1787762666.027
1705,80.887,0.000387,0.00057698,2048,25319.34,1787762666.109
1706,75.447,0.000382,0.00057649,2048,27144.99,1787762666.184
1707,66.237,0.000602,0.000576,2048,30919.51,1787762666.251
1708,66.454,0.000326,0.00057551,2048,30818.17,1787762666.318
1709,66.299,0.000308,0.00057502,2048,30890.22,1787762666.385
1710,83.816,0.000439,0.00057453,2048,24434.42,1787762666.469
1711,79.703,0.000668,0.00057404,2048,25695.36,1787762666.55
1712,71.089,0.000234,0.00057355,2048,28808.96,1787762666.623
1713,67.065,0.000317,0.00057306,2048,30537.45,1787762666.69
1714,74.147,0.000321,0.00057257,2048,27620.81,1787762666.765
1715,80.221,0.000596,0.00057208,2048,25529.51,1787762666.846
1716,71.815,0.000381,0.00057159,2048,28517.8,1787762666.918
1717,98.261,0.000258,0.0005711,2048,20842.37,1787762667.018
1718,98.62,0.000429,0.00057061,2048,20766.62,1787762667.117
1719,105.153,0.000462,0.00057012,2048,19476.44,1787762667.223
1720,88.075,0.000245,0.00056963,2048,23252.94,1787762667.312
1721,72.748,0.000387,0.00056914,2048,28151.9,1787762667.385
1722,83.907,0.000337,0.00056865,2048,24407.95,1787762667.47
1723,80.412,0.000403,0.00056816,2048,25468.77,1787762667.552
1724,72.32,0.00028,0.00056767,2048,28318.74,1787762667.625
1725,78.912,0.000644,0.00056718,2048,25952.83,1787762667.705
1726,82.58,0.000276,0.00056669,2048,24800.16,1787762667.788
1727,75.936,0.000236,0.0005662,2048,26969.97,1787762667.864
1728,63.776,0.000232,0.0005657,2048,32112.29,1787762667.929
1729,86.641,0.000331,0.00056521,2048,23637.8,1787762668.017
1730,85.957,0.000245,0.00056472,2048,23825.87,1787762668.104
1731,97.541,0.000375,0.00056423,2048,20996.19,1787762668.203
1732,91.468,0.000272,0.00056374,2048,22390.42,1787762668.295
1733,83.383,0.000382,0.00056325,2048,24561.45,1787762668.379
1734,86.91,0.000584,0.00056276,2048,23564.63,1787762668.467
1735,97.814,0.000271,0.00056227,2048,20937.74,1787762668.565
1736,122.856,0.000431,0.00056178,2048,16669.92,1787762668.689
1737,103.826,0.000385,0.00056129,2048,19725.27,1787762668.794
1738,116.825,0.000326,0.0005608,2048,17530.55,1787762668.912
1739,98.731,0.00029,0.00056031,2048,20743.29,1787762669.012
1740,91.75,0.000264,0.00055982,2048,22321.48,1787762669.104
1741,98.821,0.000299,0.00055933,2048,20724.42,1787762669.203
1742,83.405,0.000333,0.00055884,2048,24554.82,1787762669.288
1743,78.255,0.000255,0.00055834,2048,26170.72,1787762669.367
1744,74.139,0.00023,0.00055785,2048,27623.86,1787762669.442
1745,76.296,0.000325,0.00055736,2048,26842.86,1787762669.519
1746,100.731,0.000272,0.00055687,2048,20331.34,1787762669.62
1747,79.516,0.000285,0.00055638,2048,25755.69,1787762669.701
1748,88.055,0.000228,0.00055589,2048,23258.22,1787762669.789
1749,95.978,0.000305,0.0005554,2048,21338.13,1787762669.886
1750,73.454,0.000353,0.00055491,2048,27881.24,1787762669.961
1751,78.611,0.000243,0.00055442,2048,26052.23,1787762670.04
1752,87.114,0.00027,0.00055393,2048,23509.45,1787762670.128
1753,74.687,0.000391,0.00055344,2048,27421.07,1787762670.204
1754,66.487,0.000384,0.00055295,2048,30803.15,1787762670.271
1755,71.826,0.000185,0.00055245,2048,28513.23,1787762670.343
1756,83.246,0.000252,0.00055196,2048,24601.78,1787762670.426
1757,100.276,0.000727,0.00055147,2048,20423.59,1787762670.528
1758,99.219,0.000426,0.00055098,2048,20641.29,1787762670.628
1759,87.021,0.000255,0.00055049,2048,23534.41,1787762670.716
1760,96.963,0.000377,0.00055,2048,21121.42,1787762670.813
1761,74.996,0.000598,0.00054951,2048,27308.31,1787762670.889
1762,85.56,0.000357,0.00054902,2048,23936.45,1787762670.975
1763,90.448,0.000281,0.00054853,2048,22642.84,1787762671.066
1764,66.239,0.000617,0.00054804,2048,30918.15,1787762671.134
1765,82.135,0.000573,0.00054755,2048,24934.41,1787762671.216
1766,68.088,0.000616,0.00054705,2048,30078.59,1787762671.285
1767,74.625,0.000274,0.00054656,2048,27444.0,1787762671.361
1768,84.108,0.000455,0.00054607,2048,24349.7,1787762671.445
1769,89.609,0.000714,0.00054558,2048,22854.85,1787762671.536
1770,93.506,0.000273,0.00054509,2048,21902.34,1787762671.63
1771,86.164,0.000307,0.0005446,2048,23768.54,1787762671.717
1772,63.935,0.000285,0.00054411,2048,32032.68,1787762671.782
1773,69.631,0.000367,0.00054362,2048,29412.1,1787762671.851
1774,72.77,0.000325,0.00054313,2048,28143.27,1787762671.925
1775,71.142,0.000262,0.00054264,2048,28787.37,1787762671.997
1776,71.258,0.000232,0.00054215,2048,28740.55,1787762672.069
1777,66.628,0.000263,0.00054166,2048,30737.69,1787762672.136
1778,69.254,0.000324,0.00054116,2048,29572.34,1787762672.206
1779,76.495,0.000251,0.00054067,2048,26773.03,1787762672.284
1780,88.85,0.000212,0.00054018,2048,23049.98,1787762672.374
1781,82.138,0.000232,0.00053969,2048,24933.53,1787762672.456
1782,100.594,0.000211,0.0005392,2048,20359.15,1787762672.558
1783,90.22,0.000326,0.00053871,2048,22700.02,1787762672.65
1784,87.249,0.000212,0.00053822,2048,23473.08,1787762672.738
1785,72.551,0.000261,0.00053773,2048,28228.46,1787762672.812
1786,102.029,0.00022,0.00053724,2048,20072.7,1787762672.915
1787,112.956,0.000261,0.00053675,2048,18130.99,1787762673.028
1788,109.83,0.000285,0.00053626,2048,18647.07,1787762673.139
1789,90.075,0.00024,0.00053577,2048,22736.73,1787762673.229
1790,85.248,0.000282,0.00053528,2048,24024.11,1787762673.316
1791,69.538,0.000234,0.00053479,2048,29451.4,1787762673.386
1792,64.687,0.000239,0.0005343,2048,31660.05,1787762673.451
1793,61.888,0.000337,0.0005338,2048,33091.88,1787762673.514
1794,76.186,0.000181,0.00053331,2048,26881.51,1787762673.591
1795,71.538,0.000221,0.00053282,2048,28628.18,1787762673.662
1796,63.721,0.000194,0.00053233,2048,32140.26,1787762673.728
1797,67.764,0.000228,0.00053184,2048,30222.54,1787762673.796
1798,73.915,0.000342,0.00053135,2048,27707.46,1787762673.87
1799,81.462,0.000254,0.00053086,2048,25140.4,1787762673.952
1800,83.255,0.000247,0.00053037,2048,24599.06,1787762674.036
1801,91.776,0.000221,0.00052988,2048,22315.18,1787762674.13
1802,82.892,0.000186,0.00052939,2048,24706.73,1787762674.213
1803,72.6,0.000265,0.0005289,2048,28209.48,1787762674.286
1804,66.144,0.000204,0.00052841,2048,30962.84,1787762674.353
1805,64.409,0.000268,0.00052792,2048,31796.7,1787762674.418
1806,64.848,0.000346,0.00052743,2048,31581.59,1787762674.483
1807,71.997,0.000233,0.00052694,2048,28445.67,1787762674.555
1808,68.424,0.000276,0.00052645,2048,29930.84,1787762674.625
1809,65.02,0.000383,0.00052596,2048,31497.76,1787762674.691
1810,61.773,0.000199,0.00052547,2048,33153.8,1787762674.753
1811,60.679,0.00023,0.00052498,2048,33751.44,1787762674.814
1812,64.33,0.000265,0.00052449,2048,31835.99,1787762674.879
1813,69.511,0.000275,0.000524,2048,29462.84,1787762674.95
1814,74.823,0.000208,0.00052351,2048,27371.15,1787762675.025
1815,94.366,0.000352,0.00052302,2048,21702.66,1787762675.12
1816,87.275,0.000255,0.00052253,2048,23466.14,1787762675.208
1817,95.123,0.000234,0.00052204,2048,21529.93,1787762675.304
1818,83.706,0.000226,0.00052155,2048,24466.59,1787762675.389
1819,82.788,0.000294,0.00052106,2048,24737.91,1787762675.473
1820,67.338,0.000246,0.00052057,2048,30413.6,1787762675.541
1821,70.871,0.000196,0.00052008,2048,28897.7,1787762675.612
1822,67.635,0.000305,0.00051959,2048,30280.27,1787762675.681
1823,87.397,0.000239,0.0005191,2048,23433.41,1787762675.769
1824,124.126,0.000188,0.00051861,2048,16499.38,1787762675.895
1825,91.772,0.000189,0.00051812,2048,22316.3,1787762675.987
1826,74.98,0.00037,0.00051763,2048,27313.95,1787762676.063
1827,67.373,0.000192,0.00051714,2048,30397.93,1787762676.13
1828,62.212,0.000234,0.00051665,2048,32919.43,1787762676.194
1829,66.378,0.000274,0.00051616,2048,30853.6,1787762676.26
1830,76.293,0.000232,0.00051567,2048,26843.91,1787762676.338
1831,68.436,0.000256,0.00051518,2048,29925.68,1787762676.406
1832,82.441,0.000223,0.00051469,2048,24842.07,1787762676.489
1833,82.353,0.000282,0.0005142,2048,24868.46,1787762676.573
1834,93.041,0.000306,0.00051371,2048,22011.85,1787762676.666
1835,87.448,0.000237,0.00051323,2048,23419.5,1787762676.755
1836,87.205,0.000333,0.00051274,2048,23485.0,1787762676.843
1837,82.867,0.000205,0.00051225,2048,24714.36,1787762676.927
1838,74.493,0.000175,0.00051176,2048,27492.41,1787762677.003
1839,77.099,0.000209,0.00051127,2048,26563.18,1787762677.08
1840,84.14,0.000274,0.00051078,2048,24340.3,1787762677.165
1841,96.237,0.000404,0.00051029,2048,21280.86,1787762677.261
1842,84.837,0.00019,0.0005098,2048,24140.33,1787762677.348
1843,77.971,0.000189,0.00050931,2048,26266.18,1787762677.426
1844,100.975,0.000182,0.00050882,2048,20282.29,1787762677.527
1845,116.098,0.00021,0.00050834,2048,17640.27,1787762677.645
1846,123.341,0.000175,0.00050785,2048,16604.39,1787762677.769
1847,100.83,0.00018,0.00050736,2048,20311.37,1787762677.871
1848,95.13,0.00022,0.00050687,2048,21528.41,1787762677.967
1849,91.578,0.000177,0.00050638,2048,22363.38,1787762678.06
1850,116.39,0.00024,0.00050589,2048,17595.94,1787762678.177
1851,115.576,0.000173,0.0005054,2048,17719.91,1787762678.294
1852,103.506,0.000403,0.00050492,2048,19786.35,1787762678.399
1853,79.1,0.000243,0.00050443,2048,25891.24,1787762678.479
1854,74.635,0.000199,0.00050394,2048,27440.21,1787762678.554
1855,80.778,0.000255,0.00050345,2048,25353.41,1787762678.636
1856,64.318,0.000281,0.00050296,2048,31841.54,1787762678.701
1857,77.185,0.000255,0.00050247,2048,26533.58,1787762678.779
1858,136.862,0.000233,0.00050199,2048,14963.92,1787762678.916
1859,170.422,0.000195,0.0005015,2048,12017.2,1787762679.088
1860,160.584,0.000199,0.00050101,2048,12753.45,1787762679.25
1861,160.458,0.000293,0.00050052,2048,12763.48,1787762679.411
1862,105.71,0.000247,0.00050003,2048,19373.81,1787762679.519
1863,93.48,0.000168,0.00049955,2048,21908.55,1787762679.614
1864,93.23,0.000176,0.00049906,2048,21967.08,1787762679.708
1865,94.738,0.000201,0.00049857,2048,21617.63,1787762679.803
1866,78.901,0.000195,0.00049808,2048,25956.51,1787762679.883
1867,78.536,0.000241,0.0004976,2048,26077.25,1787762679.962
1868,93.014,0.000184,0.00049711,2048,22018.12,1787762680.056
1869,93.174,0.000233,0.00049662,2048,21980.38,1787762680.15
1870,105.834,0.00017,0.00049613,2048,19351.06,1787762680.257
1871,97.488,0.000217,0.00049565,2048,21007.76,1787762680.356
1872,74.726,0.000232,0.00049516,2048,27406.68,1787762680.432
1873,80.255,0.000252,0.00049467,2048,25518.69,1787762680.513
1874,93.834,0.00029,0.00049418,2048,21825.68,1787762680.607
1875,81.948,0.000205,0.0004937,2048,24991.31,1787762680.69
1876,98.241,0.000253,0.00049321,2048,20846.76,1787762680.79
1877,83.353,0.000311,0.00049272,2048,24570.14,1787762680.874
1878,92.732,0.000305,0.00049224,2048,22085.1,1787762680.968
1879,113.271,0.000324,0.00049175,2048,18080.53,1787762681.082
1880,87.673,0.000233,0.00049126,2048,23359.42,1787762681.17
1881,66.542,0.000356,0.00049078,2048,30777.69,1787762681.237
1882,75.104,0.000265,0.00049029,2048,27268.89,1787762681.313
1883,61.529,0.000411,0.0004898,2048,33285.23,1787762681.376
1884,72.295,0.000237,0.00048932,2048,28328.34,1787762681.449
1885,63.239,0.000259,0.00048883,2048,32385.03,1787762681.513
1886,56.03,0.000287,0.00048834,2048,36551.78,1787762681.569
1887,67.945,0.000326,0.00048786,2048,30142.16,1787762681.638
1888,63.718,0.000309,0.00048737,2048,32141.47,1787762681.702
1889,61.33,0.000204,0.00048689,2048,33393.28,1787762681.764
1890,64.14,0.000224,0.0004864,2048,31930.35,1787762681.829
1891,70.073,0.000281,0.00048591,2048,29226.71,1787762681.9
1892,81.731,0.000175,0.00048543,2048,25057.87,1787762681.983
1893,81.516,0.000342,0.00048494,2048,25124.03,1787762682.065
1894,72.638,0.000372,0.00048446,2048,28194.53,1787762682.138
1895,73.795,0.000275,0.00048397,2048,27752.41,1787762682.213
1896,71.034,0.000361,0.00048349,2048,28831.14,1787762682.285
1897,77.374,0.000277,0.000483,2048,26468.7,1787762682.364
1898,82.298,0.000348,0.00048251,2048,24885.14,1787762682.447
1899,74.788,0.000337,0.00048203,2048,27384.18,1787762682.521
1900,74.84,0.000325,0.00048154,2048,27365.08,1787762682.597
1901,80.298,0.000319,0.00048106,2048,25504.9,1787762682.679
1902,65.044,0.000442,0.00048057,2048,31486.23,1787762682.744
1903,95.42,0.000223,0.00048009,2048,21463.1,1787762682.84
1904,82.43,0.00067,0.0004796,2048,24845.2,1787762682.923
1905,70.399,0.000399,0.00047912,2048,29091.4,1787762682.995
1906,63.458,0.000211,0.00047863,2048,32273.52,1787762683.059
1907,65.094,0.000231,0.00047815,2048,31462.1,1787762683.124
1908,63.942,0.000341,0.00047767,2048,32028.98,1787762683.189
1909,70.769,0.000295,0.00047718,2048,28939.06,1787762683.26
1910,80.067,0.000232,0.0004767,2048,25578.51,1787762683.341
1911,78.035,0.000269,0.00047621,2048,26244.8,1787762683.42
1912,84.593,0.000338,0.00047573,2048,24210.1,1787762683.506
1913,117.093,0.000294,0.00047524,2048,17490.33,1787762683.624
1914,94.88,0.00023,0.00047476,2048,21585.25,1787762683.719
1915,87.667,0.000385,0.00047428,2048,23361.21,1787762683.808
1916,76.762,0.00049,0.00047379,2048,26679.87,1787762683.885
1917,70.046,0.000303,0.00047331,2048,29238.1,1787762683.956
1918,65.389,0.000218,0.00047283,2048,31320.2,1787762684.022
1919,81.389,0.000416,0.00047234,2048,25163.01,1787762684.104
1920,70.416,0.000346,0.00047186,2048,29084.34,1787762684.176
1921,151.412,0.000241,0.00047137,2048,13526.0,1787762684.328
1922,118.516,0.000253,0.00047089,2048,17280.34,1787762684.449
1923,117.255,0.000442,0.00047041,2048,17466.18,1787762684.566
1924,152.706,0.000502,0.00046993,2048,13411.44,1787762684.72
1925,131.6,0.000352,0.00046944,2048,15562.26,1787762684.853
1926,180.699,0.000325,0.00046896,2048,11333.78,1787762685.035
1927,163.607,0.000339,0.00046848,2048,12517.79,1787762685.2
1928,118.567,0.0004,0.00046799,2048,17272.93,1787762685.32
1929,123.82,0.000434,0.00046751,2048,16540.18,1787762685.446
1930,113.428,0.000238,0.00046703,2048,18055.44,1787762685.559
1931,100.867,0.000268,0.00046655,2048,20304.0,1787762685.661
1932,87.497,0.000215,0.00046606,2048,23406.41,1787762685.75
1933,94.099,0.000191,0.00046558,2048,21764.36,1787762685.844
1934,71.54,0.000241,0.0004651,2048,28627.46,1787762685.917
1935,68.113,0.00026,0.00046462,2048,30067.73,1787762685.986
1936,74.771,0.00023,0.00046414,2048,27390.37,1787762686.061
1937,74.127,0.000271,0.00046365,2048,27628.3,1787762686.136
1938,81.406,0.000215,0.00046317,2048,25157.73,1787762686.218
1939,78.133,0.000203,0.00046269,2048,26211.82,1787762686.297
1940,85.516,0.000277,0.00046221,2048,23948.76,1787762686.383
1941,71.769,0.000366,0.00046173,2048,28535.88,1787762686.455
1942,108.066,0.00019,0.00046125,2048,18951.33,1787762686.564
1943,123.627,0.000183,0.00046077,2048,16566.01,1787762686.69
1944,112.38,0.000319,0.00046028,2048,18223.9,1787762686.803
1945,115.097,0.000375,0.0004598,2048,17793.67,1787762686.919
1946,112.596,0.000187,0.00045932,2048,18188.84,1787762687.033
1947,99.088,0.000291,0.00045884,2048,20668.48,1787762687.133
1948,96.016,0.000246,0.00045836,2048,21329.76,1787762687.229
1949,101.589,0.000386,0.00045788,2048,20159.64,1787762687.333
1950,88.632,0.000194,0.0004574,2048,23106.83,1787762687.422
1951,94.555,0.000249,0.00045692,2048,21659.26,1787762687.518
1952,112.78,0.00035,0.00045644,2048,18159.18,1787762687.632
1953,114.703,0.000285,0.00045596,2048,17854.73,1787762687.748
1954,98.479,0.000306,0.00045548,2048,20796.38,1787762687.847
1955,110.283,0.000321,0.000455,2048,18570.41,1787762687.958
1956,93.667,0.000168,0.00045452,2048,21864.57,1787762688.053
1957,89.549,0.000197,0.00045404,2048,22870.21,1787762688.142
1958,91.984,0.000227,0.00045356,2048,22264.62,1787762688.236
1959,94.501,0.000249,0.00045308,2048,21671.66,1787762688.33
1960,113.003,0.00017,0.0004526,2048,18123.43,1787762688.445
1961,128.68,0.000164,0.00045212,2048,15915.5,1787762688.575
1962,97.776,0.000225,0.00045164,2048,20945.75,1787762688.674
1963,104.116,0.000339,0.00045116,2048,19670.29,1787762688.779
1964,90.633,0.000209,0.00045069,2048,22596.63,1787762688.871
1965,105.2,0.000189,0.00045021,2048,19467.68,1787762688.978
1966,105.125,0.000172,0.00044973,2048,19481.53,1787762689.084
1967,113.44,0.000237,0.00044925,2048,18053.61,1787762689.197
1968,97.993,0.00021,0.00044877,2048,20899.49,1787762689.297
1969,103.595,0.000161,0.00044829,2048,19769.22,1787762689.402
1970,96.504,0.000181,0.00044782,2048,21221.85,1787762689.498
1971,88.634,0.000273,0.00044734,2048,23106.21,1787762689.588
1972,82.278,0.000319,0.00044686,2048,24891.22,1787762689.671
1973,95.373,0.000191,0.00044638,2048,21473.58,1787762689.767
1974,95.307,0.000193,0.0004459,2048,21488.48,1787762689.863
1975,68.892,0.00021,0.00044543,2048,29727.65,1787762689.933
1976,70.312,0.000226,0.00044495,2048,29127.48,1787762690.004
1977,111.223,0.000195,0.00044447,2048,18413.49,1787762690.116
1978,116.774,0.000178,0.000444,2048,17538.18,1787762690.234
1979,115.172,0.000169,0.00044352,2048,17782.04,1787762690.35
1980,92.59,0.000214,0.00044304,2048,22118.92,1787762690.444
1981,75.576,0.000224,0.00044256,2048,27098.44,1787762690.52
1982,81.533,0.000169,0.00044209,2048,25118.6,1787762690.602
1983,96.784,0.000204,0.00044161,2048,21160.63,1787762690.7
1984,102.415,0.000346,0.00044114,2048,19997.09,1787762690.803
1985,97.912,0.000179,0.00044066,2048,20916.74,1787762690.901
1986,88.747,0.000242,0.00044018,2048,23076.81,1787762690.991
1987,100.118,0.00024,0.00043971,2048,20455.94,1787762691.092
1988,79.492,0.000212,0.00043923,2048,25763.63,1787762691.172
1989,73.292,0.000162,0.00043876,2048,27943.14,1787762691.247
1990,75.19,0.000247,0.00043828,2048,27237.81,1787762691.322
1991,64.607,0.000199,0.0004378,2048,31699.25,1787762691.388
1992,62.649,0.000307,0.00043733,2048,32689.86,1787762691.45
1993,60.993,0.000211,0.00043685,2048,33577.73,1787762691.512
1994,71.943,0.000207,0.00043638,2048,28467.14,1787762691.584
1995,101.89,0.000272,0.0004359,2048,20100.13,1787762691.687
1996,78.573,0.000276,0.00043543,2048,26064.87,1787762691.767
1997,91.431,0.000235,0.00043495,2048,22399.5,1787762691.859
1998,85.42,0.000192,0.00043448,2048,23975.57,1787762691.945
1999,106.332,0.000162,0.00043401,2048,19260.41,1787762692.053
2000,92.657,0.000356,0.00043353,2048,22103.05,1787762692.146
2001,98.991,0.000306,0.00043306,2048,20688.79,1787762692.247
2002,91.823,0.000312,0.00043258,2048,22303.83,1787762692.339
2003,83.932,0.00021,0.00043211,2048,24400.76,1787762692.423
2004,95.965,0.000222,0.00043164,2048,21341.23,1787762692.52
2005,90.365,0.000266,0.00043116,2048,22663.74,1787762692.612
2006,82.156,0.000239,0.00043069,2048,24928.31,1787762692.694
2007,97.909,0.000249,0.00043022,2048,20917.47,1787762692.793
2008,89.722,0.000221,0.00042974,2048,22826.01,1787762692.885
2009,93.427,0.000184,0.00042927,2048,21920.95,1787762692.979
2010,81.618,0.000245,0.0004288,2048,25092.5,1787762693.06
2011,96.346,0.000249,0.00042832,2048,21256.76,1787762693.158
2012,151.597,0.000229,0.00042785,2048,13509.55,1787762693.311
2013,180.412,0.000205,0.00042738,2048,11351.82,1787762693.493
2014,185.795,0.000201,0.00042691,2048,11022.93,1787762693.68
2015,209.043,0.000284,0.00042644,2048,9797.05,1787762693.891
2016,204.936,0.000184,0.00042596,2048,9993.36,1787762694.097
2017,213.844,0.000198,0.00042549,2048,9577.06,1787762694.314
2018,235.45,0.000286,0.00042502,2048,8698.22,1787762694.551
2019,280.597,0.000183,0.00042455,2048,7298.71,1787762694.833
2020,236.298,0.000213,0.00042408,2048,8667.03,1787762695.071
2021,237.928,0.000249,0.00042361,2048,8607.65,1787762695.311
2022,186.554,0.000219,0.00042313,2048,10978.03,1787762695.499
2023,214.487,0.000287,0.00042266,2048,9548.39,1787762695.715
2024,130.264,0.000307,0.00042219,2048,15721.86,1787762695.847
2025,120.09,0.000173,0.00042172,2048,17053.82,1787762695.968
2026,109.631,0.000323,0.00042125,2048,18680.78,1787762696.079
2027,121.674,0.00033,0.00042078,2048,16831.82,1787762696.202
2028,106.214,0.000193,0.00042031,2048,19281.85,1787762696.309
2029,112.532,0.000304,0.00041984,2048,18199.33,1787762696.422
2030,131.702,0.000402,0.00041937,2048,15550.22,1787762696.555
2031,205.909,0.000482,0.0004189,2048,9946.16,1787762696.762
2032,169.576,0.000242,0.00041843,2048,12077.18,1787762696.932
2033,127.384,0.000605,0.00041796,2048,16077.33,1787762697.061
2034,116.029,0.001414,0.00041749,2048,17650.82,1787762697.179
2035,146.335,0.000316,0.00041703,2048,13995.3,1787762697.326
2036,189.17,0.000596,0.00041656,2048,10826.26,1787762697.517
2037,180.749,0.00063,0.00041609,2048,11330.62,1787762697.699
2038,145.625,0.000438,0.00041562,2048,14063.52,1787762697.847
2039,166.388,0.001049,0.00041515,2048,12308.6,1787762698.013
2040,131.899,0.000541,0.00041468,2048,15526.98,1787762698.146
2041,101.941,0.000295,0.00041421,2048,20090.09,1787762698.249
2042,114.482,0.000288,0.00041375,2048,17889.21,1787762698.365
2043,90.202,0.000482,0.00041328,2048,22704.5,1787762698.457
2044,108.085,0.001183,0.00041281,2048,18948.12,1787762698.566
2045,167.331,0.000365,0.00041234,2048,12239.23,1787762698.735
2046,163.824,0.000433,0.00041188,2048,12501.21,1787762698.901
2047,140.087,0.000358,0.00041141,2048,14619.46,1787762699.041
2048,125.287,0.001018,0.00041094,2048,16346.4,1787762699.169
2049,113.85,0.000567,0.00041048,2048,17988.66,1787762699.284
2050,156.611,0.000351,0.00041001,2048,13077.03,1787762699.441
2051,184.258,0.000392,0.00040954,2048,11114.82,1787762699.627
2052,144.007,0.000578,0.00040908,2048,14221.53,1787762699.771
2053,144.052,0.000581,0.00040861,2048,14217.06,1787762699.917
2054,176.544,0.000328,0.00040814,2048,11600.49,1787762700.095
2055,216.526,0.000378,0.00040768,2048,9458.44,1787762700.314
2056,204.664,0.000319,0.00040721,2048,10006.64,1787762700.52
2057,241.865,0.000228,0.00040675,2048,8467.54,1787762700.763
2058,256.042,0.000384,0.00040628,2048,7998.7,1787762701.02
2059,251.263,0.000327,0.00040582,2048,8150.83,1787762701.273
2060,207.769,0.000362,0.00040535,2048,9857.12,1787762701.484
2061,233.991,0.000486,0.00040489,2048,8752.46,1787762701.719
2062,223.577,0.000369,0.00040442,2048,9160.15,1787762701.944
2063,223.036,0.000273,0.00040396,2048,9182.38,1787762702.169
2064,198.423,0.000299,0.00040349,2048,10321.4,1787762702.369
2065,195.166,0.000247,0.00040303,2048,10493.65,1787762702.566
2066,210.943,0.000357,0.00040257,2048,9708.78,1787762702.778
2067,189.56,0.000401,0.0004021,2048,10803.97,1787762702.969
2068,221.621,0.000276,0.00040164,2048,9241.01,1787762703.192
2069,243.529,0.000331,0.00040118,2048,8409.67,1787762703.438
2070,218.216,0.000353,0.00040071,2048,9385.19,1787762703.657
2071,212.173,0.000302,0.00040025,2048,9652.49,1787762703.873
2072,199.795,0.000381,0.00039979,2048,10250.49,1787762704.074
2073,161.087,0.000253,0.00039932,2048,12713.63,1787762704.236
2074,139.061,0.000159,0.00039886,2048,14727.38,1787762704.376
2075,214.41,0.000285,0.0003984,2048,9551.8,1787762704.591
2076,207.535,0.000389,0.00039794,2048,9868.2,1787762704.801
2077,197.054,0.000593,0.00039748,2048,10393.08,1787762704.999
2078,192.412,0.0004,0.00039701,2048,10643.83,1787762705.193
2079,208.193,0.000223,0.00039655,2048,9837.03,1787762705.402
2080,203.534,0.000626,0.00039609,2048,10062.22,1787762705.608
2081,197.936,0.00041,0.00039563,2048,10346.79,1787762705.807
2082,161.191,0.000475,0.00039517,2048,12705.38,1787762705.97
2083,118.853,0.000689,0.00039471,2048,17231.33,1787762706.09
2084,145.507,0.000388,0.00039425,2048,14074.9,1787762706.236
2085,130.25,0.00045,0.00039379,2048,15723.61,1787762706.367
2086,138.879,0.000537,0.00039333,2048,14746.64,1787762706.507
2087,153.297,0.000366,0.00039287,2048,13359.72,1787762706.661
2088,197.452,0.00037,0.00039241,2048,10372.11,1787762706.861
2089,197.005,0.000285,0.00039195,2048,10395.68,1787762707.06
2090,175.736,0.000495,0.00039149,2048,11653.81,1787762707.238
2091,135.358,0.000507,0.00039103,2048,15130.2,1787762707.374
2092,159.097,0.000385,0.00039057,2048,12872.63,1787762707.534
2093,124.219,0.000338,0.00039011,2048,16486.94,1787762707.659
2094,149.935,0.000271,0.00038965,2048,13659.24,1787762707.811
2095,139.121,0.000384,0.00038919,2048,14720.98,1787762707.951
2096,102.772,0.000434,0.00038873,2048,19927.66,1787762708.055
2097,108.287,0.000359,0.00038828,2048,18912.65,1787762708.165
2098,102.313,0.000273,0.00038782,2048,20016.97,1787762708.268
2099,105.927,0.000221,0.00038736,2048,19334.03,1787762708.375
2100,89.873,0.000278,0.0003869,2048,22787.74,1787762708.466
2101,99.76,0.000335,0.00038645,2048,20529.19,1787762708.566
2102,99.992,0.000298,0.00038599,2048,20481.74,1787762708.666
2103,111.487,0.000271,0.00038553,2048,18369.82,1787762708.78
2104,99.818,0.000275,0.00038507,2048,20517.42,1787762708.881
2105,93.366,0.000328,0.00038462,2048,21935.18,1787762708.974
2106,94.915,0.000277,0.00038416,2048,21577.11,1787762709.07
2107,97.779,0.000279,0.00038371,2048,20945.15,1787762709.169
2108,92.942,0.00023,0.00038325,2048,22035.37,1787762709.262
2109,70.875,0.000266,0.00038279,2048,28896.07,1787762709.335
2110,68.732,0.000258,0.00038234,2048,29796.94,1787762709.403
2111,103.549,0.000213,0.00038188,2048,19778.04,1787762709.508
2112,107.866,0.000388,0.00038143,2048,18986.59,1787762709.617
2113,107.798,0.000373,0.00038097,2048,18998.46,1787762709.726
2114,104.542,0.000235,0.00038052,2048,19590.27,1787762709.831
2115,95.04,0.000601,0.00038006,2048,21548.75,1787762709.926
2116,87.494,0.000244,0.00037961,2048,23407.43,1787762710.015
2117,93.904,0.000223,0.00037915,2048,21809.51,1787762710.109
2118,106.123,0.000367,0.0003787,2048,19298.42,1787762710.216
2119,97.052,0.000356,0.00037825,2048,21102.07,1787762710.315
2120,95.333,0.000199,0.00037779,2048,21482.48,1787762710.411
2121,82.082,0.00028,0.00037734,2048,24950.63,1787762710.494
2122,87.087,0.000267,0.00037689,2048,23516.74,1787762710.581
2123,73.189,0.000339,0.00037643,2048,27982.35,1787762710.655
2124,92.827,0.000345,0.00037598,2048,22062.52,1787762710.749
2125,93.081,0.000318,0.00037553,2048,22002.46,1787762710.843
2126,78.614,0.00021,0.00037508,2048,26051.44,1787762710.922
2127,74.238,0.000302,0.00037462,2048,27586.8,1787762710.998
2128,63.926,0.000328,0.00037417,2048,32037.09,1787762711.063
2129,81.722,0.000199,0.00037372,2048,25060.69,1787762711.145
2130,73.851,0.000425,0.00037327,2048,27731.51,1787762711.22
2131,69.42,0.000227,0.00037282,2048,29501.5,1787762711.29
2132,70.167,0.000225,0.00037237,2048,29187.55,1787762711.36
2133,83.302,0.000232,0.00037191,2048,24585.21,1787762711.445
2134,75.238,0.000241,0.00037146,2048,27220.47,1787762711.52
2135,67.463,0.000336,0.00037101,2048,30357.38,1787762711.589
2136,101.77,0.000315,0.00037056,2048,20123.91,1787762711.691
2137,82.152,0.00028,0.00037011,2048,24929.34,1787762711.774
2138,72.961,0.000356,0.00036966,2048,28069.79,1787762711.848
2139,70.376,0.000302,0.00036921,2048,29100.83,1787762711.92
2140,74.725,0.000245,0.00036876,2048,27407.16,1787762711.995
2141,88.159,0.00027,0.00036831,2048,23230.75,1787762712.084
2142,81.701,0.000357,0.00036787,2048,25066.86,1787762712.166
2143,64.928,0.000225,0.00036742,2048,31542.68,1787762712.232
2144,85.657,0.000271,0.00036697,2048,23909.4,1787762712.319
2145,100.797,0.000259,0.00036652,2048,20318.11,1787762712.42
2146,85.922,0.00029,0.00036607,2048,23835.57,1787762712.507
2147,111.334,0.000375,0.00036562,2048,18395.15,1787762712.619
2148,101.883,0.000183,0.00036518,2048,20101.47,1787762712.723
2149,109.547,0.000321,0.00036473,2048,18695.21,1787762712.833
2150,132.329,0.000261,0.00036428,2048,15476.61,1787762712.966
2151,99.993,0.000291,0.00036383,2048,20481.54,1787762713.067
2152,102.243,0.000361,0.00036339,2048,20030.71,1787762713.17
2153,121.182,0.00018,0.00036294,2048,16900.21,1787762713.292
2154,104.172,0.000503,0.0003625,2048,19659.87,1787762713.397
2155,114.305,0.00023,0.00036205,2048,17916.98,1787762713.513
2156,128.186,0.000384,0.0003616,2048,15976.83,1787762713.641
2157,119.893,0.000385,0.00036116,2048,17081.96,1787762713.763
2158,89.491,0.000233,0.00036071,2048,22885.09,1787762713.854
2159,87.694,0.000425,0.00036027,2048,23353.96,1787762713.942
2160,79.547,0.000212,0.00035982,2048,25745.79,1787762714.022
2161,83.906,0.000175,0.00035938,2048,24408.18,1787762714.107
2162,84.767,0.000274,0.00035893,2048,24160.4,1787762714.193
2163,103.113,0.000303,0.00035849,2048,19861.69,1787762714.298
2164,90.708,0.000221,0.00035804,2048,22577.84,1787762714.388
2165,97.306,0.000361,0.0003576,2048,21046.96,1787762714.486
2166,87.632,0.000302,0.00035716,2048,23370.32,1787762714.575
2167,83.43,0.000302,0.00035671,2048,24547.5,1787762714.659
2168,113.038,0.000271,0.00035627,2048,18117.85,1787762714.773
2169,79.488,0.000323,0.00035583,2048,25764.86,1787762714.854
2170,70.224,0.000202,0.00035538,2048,29163.69,1787762714.925
2171,92.087,0.000432,0.00035494,2048,22239.94,1787762715.017
2172,98.869,0.000249,0.0003545,2048,20714.24,1787762715.118
2173,94.134,0.000221,0.00035406,2048,21756.2,1787762715.213
2174,75.275,0.00027,0.00035362,2048,27207.05,1787762715.289
2175,86.828,0.000191,0.00035317,2048,23587.0,1787762715.376
2176,69.385,0.000238,0.00035273,2048,29516.51,1787762715.446
2177,71.807,0.000285,0.00035229,2048,28520.9,1787762715.519
2178,81.616,0.000232,0.00035185,2048,25093.15,1787762715.601
2179,85.428,0.000163,0.00035141,2048,23973.32,1787762715.687
2180,78.215,0.000155,0.00035097,2048,26184.2,1787762715.766
2181,75.204,0.000372,0.00035053,2048,27232.59,1787762715.843
2182,81.509,0.00021,0.00035009,2048,25126.15,1787762715.926
2183,112.052,0.000186,0.00034965,2048,18277.18,1787762716.038
2184,97.303,0.00016,0.00034921,2048,21047.7,1787762716.136
2185,78.736,0.000156,0.00034877,2048,26011.07,1787762716.215
2186,85.56,0.000306,0.00034833,2048,23936.5,1787762716.302
2187,73.857,0.000209,0.00034789,2048,27729.3,1787762716.377
2188,84.386,0.000192,0.00034746,2048,24269.51,1787762716.462
2189,85.193,0.00016,0.00034702,2048,24039.62,1787762716.548
2190,90.588,0.000162,0.00034658,2048,22607.85,1787762716.639
2191,84.586,0.000161,0.00034614,2048,24212.07,1787762716.725
2192,74.69,0.000187,0.0003457,2048,27420.11,1787762716.8
2193,96.821,0.000185,0.00034527,2048,21152.44,1787762716.898
2194,84.312,0.000209,0.00034483,2048,24290.67,1787762716.983
2195,84.624,0.00017,0.00034439,2048,24201.23,1787762717.069
2196,66.911,0.000184,0.00034396,2048,30607.91,1787762717.137
2197,70.993,0.000216,0.00034352,2048,28847.71,1787762717.208
2198,70.838,0.000195,0.00034308,2048,28911.04,1787762717.28
2199,64.019,0.000159,0.00034265,2048,31990.7,1787762717.344
2200,62.785,0.000248,0.00034221,2048,32619.1,1787762717.408
2201,112.317,0.000145,0.00034178,2048,18234.15,1787762717.522
2202,114.439,0.000197,0.00034134,2048,17896.01,1787762717.637
2203,77.912,0.000195,0.00034091,2048,26285.97,1787762717.716
2204,82.051,0.000319,0.00034047,2048,24960.18,1787762717.798
2205,67.457,0.000176,0.00034004,2048,30359.99,1787762717.866
2206,72.524,0.000221,0.00033961,2048,28238.97,1787762717.939
2207,60.366,0.000189,0.00033917,2048,33926.27,1787762718.0
2208,68.619,0.000221,0.00033874,2048,29846.09,1787762718.07
2209,76.996,0.000179,0.0003383,2048,26598.68,1787762718.147
2210,72.604,0.000182,0.00033787,2048,28207.97,1787762718.222
2211,68.629,0.000211,0.00033744,2048,29841.39,1787762718.291
2212,71.547,0.000203,0.00033701,2048,28624.7,1787762718.363
2213,69.992,0.000221,0.00033657,2048,29260.32,1787762718.434
2214,65.104,0.000144,0.00033614,2048,31457.26,1787762718.5
2215,78.241,0.000196,0.00033571,2048,26175.5,1787762718.579
2216,128.315,0.000138,0.00033528,2048,15960.77,1787762718.708
2217,83.577,0.000149,0.00033485,2048,24504.32,1787762718.793
2218,70.788,0.000202,0.00033442,2048,28931.62,1787762718.864
2219,73.647,0.000223,0.00033399,2048,27808.29,1787762718.938
2220,70.364,0.000179,0.00033356,2048,29105.88,1787762719.009
2221,108.619,0.000206,0.00033312,2048,18854.88,1787762719.119
2222,78.244,0.000171,0.00033269,2048,26174.43,1787762719.198
2223,82.44,0.000163,0.00033227,2048,24842.4,1787762719.281
2224,67.8,0.000202,0.00033184,2048,30206.49,1787762719.35
2225,108.609,0.000237,0.00033141,2048,18856.56,1787762719.459
2226,86.766,0.000194,0.00033098,2048,23603.61,1787762719.547
2227,86.859,0.000173,0.00033055,2048,23578.42,1787762719.634
2228,92.073,0.000189,0.00033012,2048,22243.34,1787762719.727
2229,88.986,0.000205,0.00032969,2048,23014.78,1787762719.817
2230,96.543,0.00017,0.00032926,2048,21213.32,1787762719.915
2231,74.744,0.000207,0.00032884,2048,27400.08,1787762719.99
2232,83.168,0.000204,0.00032841,2048,24624.8,1787762720.074
2233,86.435,0.000213,0.00032798,2048,23694.02,1787762720.161
2234,77.607,0.000207,0.00032756,2048,26389.37,1787762720.239
2235,91.909,0.000205,0.00032713,2048,22282.93,1787762720.331
2236,83.432,0.0002,0.0003267,2048,24546.82,1787762720.416
2237,83.57,0.000164,0.00032628,2048,24506.34,1787762720.5
2238,88.442,0.000265,0.00032585,2048,23156.31,1787762720.589
2239,103.549,0.000173,0.00032543,2048,19777.98,1787762720.694
2240,89.628,0.000185,0.000325,2048,22850.03,1787762720.784
2241,77.31,0.000277,0.00032458,2048,26490.61,1787762720.862
2242,71.1,0.000352,0.00032415,2048,28804.38,1787762720.934
2243,77.121,0.000211,0.00032373,2048,26555.64,1787762721.012
2244,67.405,0.0003,0.0003233,2048,30383.64,1787762721.079
2245,93.594,0.000236,0.00032288,2048,21881.7,1787762721.175
2246,94.105,0.000292,0.00032245,2048,21762.83,1787762721.27
2247,78.857,0.00024,0.00032203,2048,25971.06,1787762721.349
2248,69.118,0.000256,0.00032161,2048,29630.7,1787762721.419
2249,73.838,0.000276,0.00032118,2048,27736.4,1787762721.493
2250,69.659,0.000274,0.00032076,2048,29400.2,1787762721.564
2251,70.437,0.000537,0.00032034,2048,29075.55,1787762721.635
2252,80.659,0.000348,0.00031992,2048,25390.72,1787762721.717
2253,64.13,0.000277,0.0003195,2048,31935.18,1787762721.781
2254,64.397,0.000388,0.00031907,2048,31802.82,1787762721.846
2255,66.342,0.000225,0.00031865,2048,30870.43,1787762721.913
2256,65.997,0.000168,0.00031823,2048,31031.48,1787762721.98
2257,71.499,0.000316,0.00031781,2048,28643.84,1787762722.052
2258,84.964,0.000236,0.00031739,2048,24104.21,1787762722.138
2259,87.095,0.000334,0.00031697,2048,23514.61,1787762722.226
2260,77.654,0.000176,0.00031655,2048,26373.54,1787762722.303
2261,99.164,0.000156,0.00031613,2048,20652.72,1787762722.404
2262,70.522,0.000216,0.00031571,2048,29040.38,1787762722.475
2263,68.968,0.000191,0.00031529,2048,29694.84,1787762722.544
2264,69.649,0.000183,0.00031488,2048,29404.59,1787762722.614
2265,60.942,0.000227,0.00031446,2048,33605.67,1787762722.677
2266,61.871,0.000147,0.00031404,2048,33101.18,1787762722.739
2267,62.095,0.000178,0.00031362,2048,32981.99,1787762722.802
2268,52.839,0.000197,0.0003132,2048,38759.62,1787762722.856
2269,63.242,0.000181,0.00031279,2048,32383.75,1787762722.919
2270,83.004,0.00019,0.00031237,2048,24673.39,1787762723.003
2271,92.173,0.000155,0.00031195,2048,22219.16,1787762723.096
2272,92.758,0.00016,0.00031154,2048,22078.93,1787762723.19
2273,96.272,0.000149,0.00031112,2048,21273.04,1787762723.286
2274,67.244,0.00017,0.0003107,2048,30456.11,1787762723.354
2275,80.475,0.000134,0.00031029,2048,25448.93,1787762723.435
2276,78.552,0.000159,0.00030987,2048,26071.8,1787762723.515
2277,70.338,0.000155,0.00030946,2048,29116.63,1787762723.585
2278,82.805,0.000195,0.00030904,2048,24732.78,1787762723.669
2279,67.731,0.000143,0.00030863,2048,30237.17,1787762723.737
2280,64.411,0.000191,0.00030822,2048,31795.71,1787762723.802
2281,73.567,0.000302,0.0003078,2048,27838.61,1787762723.877
2282,73.243,0.000234,0.00030739,2048,27961.72,1787762723.95
2283,93.733,0.000148,0.00030697,2048,21849.34,1787762724.045
2284,99.676,0.000166,0.00030656,2048,20546.67,1787762724.145
2285,85.304,0.000371,0.00030615,2048,24008.25,1787762724.231
2286,92.389,0.000419,0.00030574,2048,22167.17,1787762724.324
2287,74.476,0.000134,0.00030532,2048,27498.72,1787762724.4
2288,67.89,0.000374,0.00030491,2048,30166.45,1787762724.468
2289,78.066,0.00034,0.0003045,2048,26234.11,1787762724.547
2290,80.522,0.00025,0.00030409,2048,25433.92,1787762724.628
2291,80.193,0.000168,0.00030368,2048,25538.39,1787762724.709
2292,95.826,0.000161,0.00030327,2048,21372.0,1787762724.806
2293,96.347,0.000339,0.00030286,2048,21256.61,1787762724.903
2294,80.633,0.000158,0.00030245,2048,25399.12,1787762724.984
2295,68.9,0.000186,0.00030204,2048,29724.37,1787762725.054
2296,66.976,0.000213,0.00030163,2048,30577.98,1787762725.121
2297,61.165,0.000214,0.00030122,2048,33483.37,1787762725.183
2298,62.702,0.000196,0.00030081,2048,32662.64,1787762725.246
2299,72.762,0.000143,0.0003004,2048,28146.56,1787762725.32
2300,58.696,0.000153,0.00029999,2048,34891.88,1787762725.379
2301,79.186,0.000184,0.00029959,2048,25863.03,1787762725.459
2302,60.079,0.000159,0.00029918,2048,34088.22,1787762725.519
2303,70.003,0.000149,0.00029877,2048,29255.81,1787762725.59
2304,65.612,0.000149,0.00029836,2048,31213.9,1787762725.656
2305,96.413,0.000177,0.00029796,2048,21241.93,1787762725.753
2306,74.516,0.000235,0.00029755,2048,27484.14,1787762725.829
2307,79.56,0.000161,0.00029714,2048,25741.68,1787762725.909
2308,68.383,0.000164,0.00029674,2048,29948.88,1787762725.978
2309,77.414,0.000145,0.00029633,2048,26455.16,1787762726.057
2310,70.271,0.000145,0.00029593,2048,29144.19,1787762726.128
2311,69.95,0.000165,0.00029552,2048,29278.22,1787762726.198
2312,74.865,0.00018,0.00029512,2048,27355.72,1787762726.274
2313,77.107,0.000137,0.00029471,2048,26560.6,1787762726.352
2314,74.84,0.00018,0.00029431,2048,27365.08,1787762726.428
2315,72.042,0.000203,0.0002939,2048,28427.9,1787762726.5
2316,83.629,0.000143,0.0002935,2048,24489.05,1787762726.584
2317,68.512,0.000278,0.0002931,2048,29892.53,1787762726.654
2318,67.956,0.000168,0.0002927,2048,30137.1,1787762726.723
2319,60.598,0.000169,0.00029229,2048,33796.44,1787762726.784
2320,80.507,0.000147,0.00029189,2048,25438.75,1787762726.865
2321,85.163,0.000157,0.00029149,2048,24048.12,1787762726.951
2322,92.568,0.00021,0.00029109,2048,22124.32,1787762727.045
2323,81.54,0.000143,0.00029069,2048,25116.51,1787762727.127
2324,78.072,0.000151,0.00029028,2048,26232.03,1787762727.206
2325,65.253,0.000149,0.00028988,2048,31385.58,1787762727.272
2326,63.905,0.000189,0.00028948,2048,32047.67,1787762727.336
2327,73.274,0.000131,0.00028908,2048,27949.81,1787762727.41
2328,62.47,0.000144,0.00028868,2048,32783.89,1787762727.473
2329,55.555,0.000138,0.00028828,2048,36864.63,1787762727.529
2330,62.608,0.00019,0.00028789,2048,32711.63,1787762727.593
2331,75.264,0.000136,0.00028749,2048,27210.78,1787762727.669
2332,102.424,0.000146,0.00028709,2048,19995.26,1787762727.771
2333,80.782,0.00013,0.00028669,2048,25352.25,1787762727.853
2334,79.325,0.000171,0.00028629,2048,25817.84,1787762727.933
2335,66.098,0.000173,0.00028589,2048,30984.34,1787762728.0
2336,66.43,0.00024,0.0002855,2048,30829.54,1787762728.067
2337,73.814,0.000165,0.0002851,2048,27745.56,1787762728.142
2338,82.667,0.000235,0.0002847,2048,24774.0,1787762728.225
2339,90.705,0.000142,0.00028431,2048,22578.59,1787762728.316
2340,105.18,0.000168,0.00028391,2048,19471.35,1787762728.422
2341,98.313,0.000157,0.00028351,2048,20831.4,1787762728.522
2342,89.68,0.000156,0.00028312,2048,22836.78,1787762728.612
2343,127.524,0.000148,0.00028272,2048,16059.79,1787762728.741
2344,99.075,0.000198,0.00028233,2048,20671.15,1787762728.841
2345,87.837,0.000201,0.00028194,2048,23315.89,1787762728.93
2346,88.667,0.00015,0.00028154,2048,23097.74,1787762729.019
2347,87.471,0.000172,0.00028115,2048,23413.42,1787762729.108
2348,119.665,0.000136,0.00028075,2048,17114.42,1787762729.228
2349,128.562,0.000162,0.00028036,2048,15930.04,1787762729.357
2350,115.565,0.000167,0.00027997,2048,17721.58,1787762729.475
2351,129.846,0.000194,0.00027958,2048,15772.53,1787762729.605
2352,96.125,0.000168,0.00027918,2048,21305.61,1787762729.702
2353,130.446,0.00018,0.00027879,2048,15700.03,1787762729.834
2354,113.15,0.000142,0.0002784,2048,18099.92,1787762729.948
2355,110.467,0.00013,0.00027801,2048,18539.46,1787762730.06
2356,144.547,0.000142,0.00027762,2048,14168.39,1787762730.206
2357,122.07,0.000174,0.00027723,2048,16777.33,1787762730.329
2358,108.067,0.000152,0.00027684,2048,18951.17,1787762730.438
2359,109.293,0.000136,0.00027645,2048,18738.53,1787762730.548
2360,103.819,0.000144,0.00027606,2048,19726.58,1787762730.653
2361,104.08,0.000136,0.00027567,2048,19677.11,1787762730.758
2362,92.59,0.000163,0.00027528,2048,22118.97,1787762730.852
2363,92.332,0.000139,0.00027489,2048,22180.73,1787762730.945
2364,89.818,0.000277,0.0002745,2048,22801.72,1787762731.035
2365,100.008,0.000193,0.00027411,2048,20478.46,1787762731.135
2366,124.209,0.000147,0.00027373,2048,16488.36,1787762731.261
2367,89.565,0.000156,0.00027334,2048,22866.02,1787762731.351
2368,115.758,0.000159,0.00027295,2048,17692.11,1787762731.468
2369,133.292,0.000141,0.00027257,2048,15364.76,1787762731.601
2370,107.851,0.000165,0.00027218,2048,18989.23,1787762731.711
2371,77.471,0.000189,0.00027179,2048,26435.84,1787762731.788
2372,96.648,0.000241,0.00027141,2048,21190.34,1787762731.885
2373,80.123,0.000171,0.00027102,2048,25560.8,1787762731.967
2374,91.087,0.000148,0.00027064,2048,22484.02,1787762732.059
2375,102.536,0.000131,0.00027025,2048,19973.53,1787762732.161
2376,85.616,0.000161,0.00026987,2048,23920.76,1787762732.247
2377,93.703,0.000155,0.00026948,2048,21856.24,1787762732.343
2378,77.02,0.000209,0.0002691,2048,26590.43,1787762732.421
2379,80.316,0.000159,0.00026872,2048,25499.4,1787762732.502
2380,100.875,0.000152,0.00026833,2048,20302.31,1787762732.604
2381,93.81,0.000136,0.00026795,2048,21831.36,1787762732.699
2382,86.505,0.000145,0.00026757,2048,23674.82,1787762732.785
2383,103.939,0.000145,0.00026719,2048,19703.88,1787762732.89
2384,101.332,0.000273,0.00026681,2048,20210.87,1787762732.992
2385,111.79,0.000175,0.00026642,2048,18320.08,1787762733.105
2386,116.869,0.000171,0.00026604,2048,17523.83,1787762733.223
2387,114.29,0.000149,0.00026566,2048,17919.3,1787762733.338
2388,99.611,0.000197,0.00026528,2048,20560.02,1787762733.439
2389,84.998,0.000141,0.0002649,2048,24094.71,1787762733.524
2390,103.524,0.000203,0.00026452,2048,19782.85,1787762733.629
2391,88.162,0.000141,0.00026414,2048,23229.91,1787762733.718
2392,81.248,0.000149,0.00026376,2048,25206.87,1787762733.8
2393,98.718,0.000195,0.00026339,2048,20745.88,1787762733.899
2394,128.851,0.000126,0.00026301,2048,15894.34,1787762734.029
2395,111.548,0.000216,0.00026263,2048,18359.78,1787762734.143
2396,115.379,0.0002,0.00026225,2048,17750.18,1787762734.259
2397,98.193,0.000182,0.00026188,2048,20856.86,1787762734.358
2398,85.233,0.000154,0.0002615,2048,24028.28,1787762734.444
2399,89.654,0.000171,0.00026112,2048,22843.4,1787762734.535
2400,106.6,0.000147,0.00026075,2048,19211.97,1787762734.642
2401,97.659,0.000131,0.00026037,2048,20970.97,1787762734.741
2402,110.832,0.00023,0.00025999,2048,18478.47,1787762734.852
2403,103.83,0.000157,0.00025962,2048,19724.45,1787762734.957
2404,95.331,0.000165,0.00025924,2048,21482.93,1787762735.054
2405,90.207,0.000168,0.00025887,2048,22703.24,1787762735.144
2406,99.221,0.000166,0.0002585,2048,20640.75,1787762735.244
2407,78.785,0.000147,0.00025812,2048,25994.8,1787762735.325
2408,92.085,0.000179,0.00025775,2048,22240.25,1787762735.417
2409,120.397,0.000154,0.00025738,2048,17010.43,1787762735.539
2410,122.751,0.000179,0.000257,2048,16684.17,1787762735.662
2411,99.823,0.000179,0.00025663,2048,20516.29,1787762735.763
2412,113.711,0.00018,0.00025626,2048,18010.6,1787762735.878
2413,101.952,0.000158,0.00025589,2048,20087.79,1787762735.981
2414,76.598,0.000161,0.00025552,2048,26737.06,1787762736.058
2415,87.558,0.000171,0.00025514,2048,23390.13,1787762736.147
2416,86.228,0.000183,0.00025477,2048,23751.1,1787762736.234
2417,97.015,0.0002,0.0002544,2048,21110.14,1787762736.331
2418,107.992,0.00017,0.00025403,2048,18964.35,1787762736.44
2419,109.716,0.000144,0.00025366,2048,18666.44,1787762736.551
2420,114.513,0.000166,0.00025329,2048,17884.45,1787762736.667
2421,98.103,0.000196,0.00025293,2048,20876.0,1787762736.766
2422,104.071,0.000143,0.00025256,2048,19678.87,1787762736.871
2423,101.265,0.000174,0.00025219,2048,20224.14,1787762736.972
2424,120.045,0.000162,0.00025182,2048,17060.25,1787762737.093
2425,97.894,0.000264,0.00025145,2048,20920.61,1787762737.192
2426,93.562,0.000285,0.00025109,2048,21889.16,1787762737.287
2427,96.437,0.00018,0.00025072,2048,21236.66,1787762737.384
2428,89.649,0.00022,0.00025035,2048,22844.52,1787762737.475
2429,86.573,0.000161,0.00024999,2048,23656.2,1787762737.562
2430,81.37,0.000192,0.00024962,2048,25169.07,1787762737.645
2431,82.607,0.000191,0.00024926,2048,24792.0,1787762737.729
2432,93.572,0.000146,0.00024889,2048,21886.84,1787762737.822
2433,103.014,0.000168,0.00024853,2048,19880.83,1787762737.926
2434,124.505,0.000175,0.00024816,2048,16449.09,1787762738.051
2435,95.752,0.000202,0.0002478,2048,21388.48,1787762738.149
2436,98.41,0.000203,0.00024743,2048,20810.87,1787762738.248
2437,93.14,0.000149,0.00024707,2048,21988.38,1787762738.342
2438,82.587,0.000196,0.00024671,2048,24797.97,1787762738.426
2439,86.283,0.000168,0.00024635,2048,23735.9,1787762738.512
2440,87.17,0.00019,0.00024598,2048,23494.38,1787762738.601
2441,93.433,0.000287,0.00024562,2048,21919.4,1787762738.695
2442,93.13,0.000224,0.00024526,2048,21990.72,1787762738.788
2443,103.326,0.00019,0.0002449,2048,19820.67,1787762738.893
2444,88.503,0.000228,0.00024454,2048,23140.33,1787762738.983
2445,101.029,0.000244,0.00024418,2048,20271.49,1787762739.084
2446,80.183,0.00017,0.00024382,2048,25541.57,1787762739.165
2447,80.547,0.000253,0.00024346,2048,25426.02,1787762739.247
2448,77.034,0.000225,0.0002431,2048,26585.56,1787762739.325
2449,75.389,0.000273,0.00024274,2048,27165.77,1787762739.402
2450,76.914,0.000221,0.00024238,2048,26627.07,1787762739.478
2451,74.992,0.000213,0.00024203,2048,27309.58,1787762739.554
2452,90.039,0.000246,0.00024167,2048,22745.62,1787762739.645
2453,98.673,0.000239,0.00024131,2048,20755.4,1787762739.745
2454,99.864,0.000208,0.00024095,2048,20507.99,1787762739.845
2455,97.196,0.000225,0.0002406,2048,21070.78,1787762739.944
2456,98.551,0.000394,0.00024024,2048,20781.06,1787762740.044
2457,101.948,0.000329,0.00023988,2048,20088.61,1787762740.146
2458,113.184,0.000134,0.00023953,2048,18094.46,1787762740.26
2459,121.748,0.00017,0.00023917,2048,16821.67,1787762740.383
2460,105.965,0.000171,0.00023882,2048,19327.05,1787762740.489
2461,113.864,0.000203,0.00023846,2048,17986.37,1787762740.605
2462,98.937,0.000173,0.00023811,2048,20700.13,1787762740.704
2463,96.927,0.000127,0.00023776,2048,21129.37,1787762740.802
2464,103.633,0.00016,0.0002374,2048,19761.97,1787762740.906
2465,130.214,0.000156,0.00023705,2048,15727.91,1787762741.037
2466,121.803,0.000194,0.0002367,2048,16814.08,1787762741.16
2467,121.25,0.000155,0.00023635,2048,16890.69,1787762741.283
2468,134.697,0.000126,0.00023599,2048,15204.54,1787762741.42
2469,104.212,0.000176,0.00023564,2048,19652.27,1787762741.525
2470,95.534,0.000154,0.00023529,2048,21437.44,1787762741.621
2471,102.141,0.000202,0.00023494,2048,20050.64,1787762741.724
2472,93.853,0.000165,0.00023459,2048,21821.34,1787762741.819
2473,87.141,0.000132,0.00023424,2048,23502.03,1787762741.907
2474,80.393,0.000129,0.00023389,2048,25474.85,1787762741.988
2475,101.338,0.000129,0.00023354,2048,20209.64,1787762742.091
2476,116.164,0.000156,0.00023319,2048,17630.19,1787762742.208
2477,118.839,0.000147,0.00023284,2048,17233.41,1787762742.328
2478,107.734,0.000153,0.0002325,2048,19009.8,1787762742.437
2479,99.187,0.000154,0.00023215,2048,20647.95,1787762742.537
2480,107.215,0.000186,0.0002318,2048,19101.82,1787762742.645
2481,91.291,0.000135,0.00023146,2048,22433.73,1787762742.738
2482,117.47,0.000143,0.00023111,2048,17434.3,1787762742.856
2483,116.893,0.000258,0.00023076,2048,17520.36,1787762742.974
2484,80.501,0.000152,0.00023042,2048,25440.74,1787762743.055
2485,80.731,0.000237,0.00023007,2048,25368.14,1787762743.137
2486,74.388,0.000192,0.00022973,2048,27531.29,1787762743.212
2487,84.399,0.000223,0.00022938,2048,24265.83,1787762743.297
2488,78.232,0.000154,0.00022904,2048,26178.65,1787762743.376
2489,82.321,0.000144,0.00022869,2048,24878.16,1787762743.459
2490,81.898,0.000158,0.00022835,2048,25006.65,1787762743.542
2491,90.404,0.000181,0.00022801,2048,22653.76,1787762743.634
2492,124.116,0.000161,0.00022766,2048,16500.65,1787762743.758
2493,102.117,0.000169,0.00022732,2048,20055.37,1787762743.861
2494,105.251,0.000122,0.00022698,2048,19458.32,1787762743.968
2495,73.495,0.000228,0.00022664,2048,27865.77,1787762744.042
2496,78.637,0.000158,0.0002263,2048,26043.65,1787762744.121
2497,99.1,0.000172,0.00022596,2048,20666.08,1787762744.22
2498,104.922,0.000164,0.00022562,2048,19519.28,1787762744.327
2499,91.458,0.00016,0.00022528,2048,22392.72,1787762744.419
2500,84.746,0.000158,0.00022494,2048,24166.39,1787762744.505
2501,109.312,0.000185,0.0002246,2048,18735.45,1787762744.614
2502,81.433,0.000151,0.00022426,2048,25149.36,1787762744.696
2503,85.311,0.00015,0.00022392,2048,24006.23,1787762744.782
2504,103.687,0.000128,0.00022358,2048,19751.77,1787762744.888
2505,115.882,0.000347,0.00022324,2048,17673.21,1787762745.005
2506,197.999,0.000323,0.00022291,2048,10343.46,1787762745.204
2507,122.152,0.00014,0.00022257,2048,16765.96,1787762745.327
2508,106.638,0.000178,0.00022223,2048,19205.11,1787762745.434
2509,91.092,0.000212,0.0002219,2048,22482.84,1787762745.526
2510,98.685,0.0002,0.00022156,2048,20752.9,1787762745.627
2511,77.224,0.00029,0.00022123,2048,26520.29,1787762745.704
2512,73.441,0.000393,0.00022089,2048,27886.22,1787762745.778
2513,92.801,0.000172,0.00022056,2048,22068.82,1787762745.873
2514,102.947,0.000147,0.00022022,2048,19893.65,1787762745.976
2515,135.375,0.00018,0.00021989,2048,15128.29,1787762746.112
2516,104.123,0.000364,0.00021955,2048,19669.03,1787762746.218
2517,116.997,0.000156,0.00021922,2048,17504.68,1787762746.335
2518,99.224,0.000209,0.00021889,2048,20640.25,1787762746.435
2519,86.881,0.000139,0.00021856,2048,23572.58,1787762746.523
2520,83.37,0.000224,0.00021823,2048,24565.34,1787762746.607
2521,93.195,0.000133,0.00021789,2048,21975.48,1787762746.702
2522,88.823,0.000169,0.00021756,2048,23057.04,1787762746.791
2523,122.358,0.000227,0.00021723,2048,16737.82,1787762746.915
2524,99.862,0.000172,0.0002169,2048,20508.36,1787762747.015
2525,98.269,0.000184,0.00021657,2048,20840.8,1787762747.114
2526,91.203,0.000151,0.00021624,2048,22455.28,1787762747.207
2527,76.583,0.000147,0.00021591,2048,26742.37,1787762747.284
2528,82.824,0.000166,0.00021558,2048,24727.19,1787762747.367
2529,82.327,0.000186,0.00021526,2048,24876.35,1787762747.451
2530,91.834,0.000164,0.00021493,2048,22301.16,1787762747.544
2531,95.472,0.000241,0.0002146,2048,21451.41,1787762747.639
2532,93.881,0.000189,0.00021427,2048,21814.92,1787762747.735
2533,111.547,0.000151,0.00021395,2048,18360.04,1787762747.847
2534,104.602,0.000139,0.00021362,2048,19578.92,1787762747.952
2535,94.112,0.000157,0.0002133,2048,21761.19,1787762748.048
2536,87.255,0.000174,0.00021297,2048,23471.41,1787762748.136
2537,67.383,0.000163,0.00021264,2048,30393.2,1787762748.203
2538,72.327,0.000206,0.00021232,2048,28315.65,1787762748.277
2539,121.2,0.000171,0.000212,2048,16897.75,1787762748.399
2540,125.988,0.000166,0.00021167,2048,16255.54,1787762748.527
2541,101.593,0.000146,0.00021135,2048,20158.89,1787762748.629
2542,114.564,0.000131,0.00021103,2048,17876.52,1787762748.744
2543,104.321,0.000201,0.0002107,2048,19631.73,1787762748.851
2544,109.545,0.000184,0.00021038,2048,18695.5,1787762748.961
2545,97.793,0.000301,0.00021006,2048,20942.22,1787762749.059
2546,126.241,0.000203,0.00020974,2048,16222.96,1787762749.187
2547,118.653,0.00028,0.00020942,2048,17260.43,1787762749.306
2548,110.15,0.00015,0.0002091,2048,18592.9,1787762749.418
2549,104.508,0.000155,0.00020878,2048,19596.49,1787762749.523
2550,102.876,0.000146,0.00020846,2048,19907.52,1787762749.627
2551,91.342,0.000175,0.00020814,2048,22421.28,1787762749.719
2552,90.569,0.000151,0.00020782,2048,22612.64,1787762749.81
2553,103.748,0.000178,0.0002075,2048,19740.16,1787762749.915
2554,80.5,0.000136,0.00020718,2048,25440.99,1787762749.995
2555,73.641,0.000125,0.00020686,2048,27810.52,1787762750.07
2556,101.941,0.000124,0.00020655,2048,20090.11,1787762750.173
2557,108.57,0.000147,0.00020623,2048,18863.35,1787762750.283
2558,92.873,0.000186,0.00020591,2048,22051.6,1787762750.377
2559,78.6,0.000118,0.0002056,2048,26056.01,1787762750.455
2560,69.234,0.000161,0.00020528,2048,29580.93,1787762750.526
2561,62.495,0.000124,0.00020496,2048,32770.41,1787762750.588
2562,64.615,0.000169,0.00020465,2048,31695.38,1787762750.653
2563,74.607,0.000128,0.00020434,2048,27450.36,1787762750.729
2564,84.408,0.000148,0.00020402,2048,24263.13,1787762750.815
2565,88.553,0.000155,0.00020371,2048,23127.34,1787762750.905
2566,87.514,0.000167,0.00020339,2048,23402.02,1787762750.992
2567,105.895,0.00013,0.00020308,2048,19339.93,1787762751.099
2568,97.245,0.000149,0.00020277,2048,21060.19,1787762751.197
2569,92.51,0.000178,0.00020246,2048,22138.03,1787762751.291
2570,104.724,0.00014,0.00020215,2048,19556.09,1787762751.396
2571,92.808,0.000153,0.00020183,2048,22067.16,1787762751.489
2572,78.897,0.00015,0.00020152,2048,25957.96,1787762751.569
2573,87.303,0.000126,0.00020121,2048,23458.61,1787762751.657
2574,110.799,0.000132,0.0002009,2048,18483.92,1787762751.769
2575,109.692,0.000191,0.00020059,2048,18670.48,1787762751.88
2576,99.367,0.000198,0.00020028,2048,20610.48,1787762751.981
2577,91.178,0.000169,0.00019998,2048,22461.48,1787762752.073
2578,77.445,0.000163,0.00019967,2048,26444.57,1787762752.151
2579,101.621,0.000166,0.00019936,2048,20153.29,1787762752.254
2580,100.689,0.000148,0.00019905,2048,20339.86,1787762752.355
2581,90.166,0.000162,0.00019874,2048,22713.76,1787762752.446
2582,133.081,0.00014,0.00019844,2048,15389.16,1787762752.58
2583,150.277,0.000177,0.00019813,2048,13628.16,1787762752.732
2584,126.884,0.000165,0.00019783,2048,16140.75,1787762752.86
2585,122.218,0.00017,0.00019752,2048,16757.01,1787762752.983
2586,105.6,0.000167,0.00019722,2048,19393.92,1787762753.09
2587,102.482,0.000146,0.00019691,2048,19983.98,1787762753.193
2588,120.074,0.000235,0.00019661,2048,17056.15,1787762753.315
2589,111.981,0.000154,0.0001963,2048,18288.75,1787762753.428
2590,112.421,0.000136,0.000196,2048,18217.16,1787762753.542
2591,105.36,0.000147,0.0001957,2048,19438.06,1787762753.648
2592,108.272,0.000136,0.0001954,2048,18915.34,1787762753.758
2593,89.366,0.000141,0.00019509,2048,22917.04,1787762753.849
2594,85.673,0.000215,0.00019479,2048,23904.96,1787762753.936
2595,85.47,0.000141,0.00019449,2048,23961.54,1787762754.023
2596,94.288,0.000163,0.00019419,2048,21720.66,1787762754.118
2597,132.944,0.000153,0.00019389,2048,15404.97,1787762754.251
2598,114.639,0.000188,0.00019359,2048,17864.78,1787762754.367
2599,85.136,0.000123,0.00019329,2048,24055.69,1787762754.453
2600,80.004,0.000137,0.00019299,2048,25598.56,1787762754.534
2601,83.823,0.000184,0.00019269,2048,24432.55,1787762754.618
2602,83.988,0.000193,0.00019239,2048,24384.46,1787762754.703
2603,78.51,0.000177,0.0001921,2048,26085.78,1787762754.782
2604,90.252,0.000198,0.0001918,2048,22692.07,1787762754.874
2605,119.997,0.000143,0.0001915,2048,17067.02,1787762754.994
2606,95.688,0.000197,0.00019121,2048,21402.92,1787762755.091
2607,87.012,0.00014,0.00019091,2048,23536.98,1787762755.179
2608,81.623,0.000134,0.00019061,2048,25091.06,1787762755.262
2609,85.908,0.000235,0.00019032,2048,23839.48,1787762755.349
2610,92.126,0.000129,0.00019002,2048,22230.45,1787762755.442
2611,97.087,0.000159,0.00018973,2048,21094.53,1787762755.54
2612,91.367,0.000184,0.00018944,2048,22415.0,1787762755.633
2613,111.266,0.000163,0.00018914,2048,18406.37,1787762755.745
2614,111.874,0.000116,0.00018885,2048,18306.36,1787762755.857
2615,125.015,0.000208,0.00018856,2048,16382.02,1787762755.983
2616,112.94,0.000178,0.00018826,2048,18133.6,1787762756.098
2617,96.401,0.000133,0.00018797,2048,21244.59,1787762756.195
2618,109.178,0.000129,0.00018768,2048,18758.36,1787762756.306
2619,93.226,0.000131,0.00018739,2048,21968.19,1787762756.399
2620,91.307,0.000177,0.0001871,2048,22429.87,1787762756.491
2621,94.741,0.000118,0.00018681,2048,21616.76,1787762756.587
2622,110.517,0.000176,0.00018652,2048,18531.05,1787762756.698
2623,96.944,0.000136,0.00018623,2048,21125.64,1787762756.795
2624,84.744,0.000183,0.00018594,2048,24166.79,1787762756.881
2625,91.283,0.000158,0.00018565,2048,22435.67,1787762756.973
2626,103.91,0.000108,0.00018537,2048,19709.33,1787762757.078
2627,124.086,0.000203,0.00018508,2048,16504.71,1787762757.203
2628,113.251,0.000188,0.00018479,2048,18083.68,1787762757.318
2629,126.202,0.000148,0.00018451,2048,16227.93,1787762757.446
2630,107.354,0.000218,0.00018422,2048,19077.11,1787762757.553
2631,110.223,0.000209,0.00018393,2048,18580.55,1787762757.664
2632,167.939,0.000122,0.00018365,2048,12194.88,1787762757.834
2633,117.641,0.000175,0.00018336,2048,17408.91,1787762757.953
2634,119.194,0.000168,0.00018308,2048,17182.03,1787762758.074
2635,87.022,0.000148,0.00018279,2048,23534.14,1787762758.161
2636,99.777,0.000259,0.00018251,2048,20525.81,1787762758.262
2637,88.167,0.000115,0.00018223,2048,23228.75,1787762758.351
2638,118.81,0.000179,0.00018195,2048,17237.68,1787762758.471
2639,106.705,0.000167,0.00018166,2048,19193.17,1787762758.578
2640,85.238,0.000227,0.00018138,2048,24026.98,1787762758.664
2641,75.503,0.000211,0.0001811,2048,27124.71,1787762758.74
2642,77.592,0.000132,0.00018082,2048,26394.64,1787762758.819
2643,77.674,0.000123,0.00018054,2048,26366.74,1787762758.896
2644,72.365,0.00014,0.00018026,2048,28301.17,1787762758.97
2645,105.403,0.000172,0.00017998,2048,19430.17,1787762759.077
2646,77.674,0.00018,0.0001797,2048,26366.51,1787762759.154
2647,80.459,0.000202,0.00017942,2048,25453.96,1787762759.236
2648,86.722,0.000199,0.00017914,2048,23615.77,1787762759.323
2649,113.635,0.000324,0.00017887,2048,18022.63,1787762759.438
2650,78.195,0.000193,0.00017859,2048,26190.93,1787762759.517
2651,101.734,0.000142,0.00017831,2048,20131.01,1787762759.62
2652,151.158,0.000157,0.00017803,2048,13548.77,1787762759.772
2653,119.84,0.000157,0.00017776,2048,17089.45,1787762759.893
2654,211.871,0.000246,0.00017748,2048,9666.24,1787762760.107
2655,155.578,0.000331,0.00017721,2048,13163.78,1787762760.264
2656,127.515,0.000137,0.00017693,2048,16060.82,1787762760.393
2657,169.234,0.00015,0.00017666,2048,12101.57,1787762760.563
2658,141.757,0.000191,0.00017638,2048,14447.31,1787762760.706
2659,130.969,0.000126,0.00017611,2048,15637.25,1787762760.839
2660,138.093,0.000173,0.00017584,2048,14830.55,1787762760.978
2661,138.141,0.000145,0.00017557,2048,14825.43,1787762761.117
2662,138.409,0.000129,0.00017529,2048,14796.68,1787762761.257
2663,126.421,0.000141,0.00017502,2048,16199.87,1787762761.385
2664,139.974,0.000176,0.00017475,2048,14631.32,1787762761.526
2665,142.783,0.000186,0.00017448,2048,14343.44,1787762761.67
2666,128.15,0.000191,0.00017421,2048,15981.32,1787762761.8
2667,118.493,0.000147,0.00017394,2048,17283.68,1787762761.92
2668,159.602,0.000203,0.00017367,2048,12831.91,1787762762.08
2669,111.604,0.000213,0.0001734,2048,18350.63,1787762762.193
2670,90.754,0.000171,0.00017313,2048,22566.55,1787762762.285
2671,125.946,0.000139,0.00017287,2048,16260.91,1787762762.412
2672,121.553,0.000158,0.0001726,2048,16848.58,1787762762.534
2673,122.713,0.000142,0.00017233,2048,16689.38,1787762762.658
2674,115.656,0.000132,0.00017206,2048,17707.75,1787762762.774
2675,131.879,0.000182,0.0001718,2048,15529.42,1787762762.907
2676,146.816,0.000208,0.00017153,2048,13949.39,1787762763.056
2677,152.86,0.000163,0.00017127,2048,13397.89,1787762763.21
2678,169.816,0.000139,0.000171,2048,12060.09,1787762763.381
2679,177.575,0.000163,0.00017074,2048,11533.14,1787762763.56
2680,141.513,0.000175,0.00017047,2048,14472.15,1787762763.703
2681,154.303,0.000254,0.00017021,2048,13272.6,1787762763.859
2682,188.697,0.000191,0.00016995,2048,10853.4,1787762764.05
2683,172.982,0.000177,0.00016968,2048,11839.35,1787762764.226
2684,119.781,0.000222,0.00016942,2048,17097.93,1787762764.347
2685,114.645,0.000239,0.00016916,2048,17863.81,1787762764.463
2686,121.154,0.000129,0.0001689,2048,16904.08,1787762764.585
2687,116.787,0.000171,0.00016864,2048,17536.24,1787762764.704
2688,136.244,0.000151,0.00016838,2048,15031.84,1787762764.841
2689,129.936,0.000196,0.00016812,2048,15761.61,1787762764.972
2690,128.304,0.000158,0.00016786,2048,15962.08,1787762765.1
2691,144.943,0.000179,0.0001676,2048,14129.65,1787762765.247
2692,170.072,0.000143,0.00016734,2048,12041.96,1787762765.418
2693,127.576,0.000136,0.00016708,2048,16053.24,1787762765.547
2694,128.163,0.000193,0.00016683,2048,15979.69,1787762765.676
2695,126.762,0.000147,0.00016657,2048,16156.22,1787762765.804
2696,131.97,0.000145,0.00016631,2048,15518.69,1787762765.937
2697,122.25,0.00013,0.00016606,2048,16752.57,1787762766.061
2698,147.136,0.000141,0.0001658,2048,13919.06,1787762766.209
2699,132.914,0.000121,0.00016554,2048,15408.48,1787762766.344
2700,107.455,0.000219,0.00016529,2048,19059.19,1787762766.452
2701,118.886,0.000148,0.00016504,2048,17226.56,1787762766.572
2702,132.997,0.000126,0.00016478,2048,15398.87,1787762766.705
2703,133.39,0.000185,0.00016453,2048,15353.43,1787762766.84
2704,92.368,0.000205,0.00016427,2048,22172.28,1787762766.934
2705,141.192,0.000186,0.00016402,2048,14505.04,1787762767.076
2706,141.391,0.00013,0.00016377,2048,14484.67,1787762767.218
2707,124.753,0.000172,0.00016352,2048,16416.48,1787762767.344
2708,123.951,0.000266,0.00016327,2048,16522.64,1787762767.469
2709,126.334,0.00013,0.00016302,2048,16210.97,1787762767.597
2710,126.999,0.000118,0.00016277,2048,16126.11,1787762767.725
2711,134.486,0.000156,0.00016252,2048,15228.4,1787762767.86
2712,142.987,0.000194,0.00016227,2048,14323.02,1787762768.004
2713,112.69,0.0002,0.00016202,2048,18173.8,1787762768.117
2714,119.374,0.000151,0.00016177,2048,17156.12,1787762768.238
2715,158.59,0.000154,0.00016152,2048,12913.8,1787762768.399
2716,178.062,0.00013,0.00016127,2048,11501.64,1787762768.578
2717,147.066,0.000126,0.00016103,2048,13925.7,1787762768.727
2718,106.887,0.000157,0.00016078,2048,19160.46,1787762768.835
2719,97.192,0.000189,0.00016053,2048,21071.74,1787762768.933
2720,98.41,0.000159,0.00016029,2048,20810.85,1787762769.032
2721,118.173,0.000138,0.00016004,2048,17330.6,1787762769.152
2722,136.284,0.000145,0.0001598,2048,15027.5,1787762769.289
2723,119.259,0.000127,0.00015955,2048,17172.77,1787762769.41
2724,109.654,0.000184,0.00015931,2048,18676.91,1787762769.52
2725,109.96,0.000154,0.00015907,2048,18624.99,1787762769.631
2726,107.661,0.000267,0.00015882,2048,19022.67,1787762769.74
2727,105.724,0.000132,0.00015858,2048,19371.19,1787762769.847
2728,84.782,0.000136,0.00015834,2048,24156.01,1787762769.932
2729,84.057,0.000142,0.0001581,2048,24364.48,1787762770.017
2730,104.442,0.000217,0.00015786,2048,19608.91,1787762770.123
2731,122.851,0.000136,0.00015762,2048,16670.56,1787762770.246
2732,97.601,0.000161,0.00015738,2048,20983.39,1787762770.345
2733,104.224,0.000186,0.00015714,2048,19650.04,1787762770.45
2734,80.733,0.000275,0.0001569,2048,25367.51,1787762770.531
2735,81.402,0.000151,0.00015666,2048,25158.99,1787762770.614
2736,83.652,0.000129,0.00015642,2048,24482.23,1787762770.699
2737,89.917,0.000157,0.00015618,2048,22776.64,1787762770.789
2738,70.952,0.000146,0.00015595,2048,28864.71,1787762770.861
2739,64.32,0.000257,0.00015571,2048,31840.85,1787762770.926
2740,63.795,0.00018,0.00015547,2048,32102.58,1787762770.991
2741,85.791,0.000164,0.00015524,2048,23871.83,1787762771.077
2742,97.742,0.00024,0.000155,2048,20953.08,1787762771.176
2743,103.346,0.000344,0.00015477,2048,19816.87,1787762771.281
2744,96.373,0.000111,0.00015453,2048,21250.85,1787762771.378
2745,82.625,0.000144,0.0001543,2048,24786.66,1787762771.461
2746,76.088,0.000146,0.00015406,2048,26916.31,1787762771.537
2747,69.6,0.000147,0.00015383,2048,29425.08,1787762771.608
2748,85.851,0.00014,0.0001536,2048,23855.26,1787762771.695
2749,84.82,0.00011,0.00015337,2048,24145.33,1787762771.78
2750,89.473,0.000133,0.00015314,2048,22889.61,1787762771.87
2751,93.121,0.000118,0.0001529,2048,21992.77,1787762771.965
2752,106.484,0.000118,0.00015267,2048,19232.99,1787762772.072
2753,133.321,0.000113,0.00015244,2048,15361.42,1787762772.206
2754,121.404,0.000113,0.00015221,2048,16869.31,1787762772.329
2755,115.907,0.000147,0.00015198,2048,17669.34,1787762772.446
2756,137.729,0.000122,0.00015176,2048,14869.75,1787762772.584
2757,112.928,0.000128,0.00015153,2048,18135.42,1787762772.698
2758,94.295,0.000128,0.0001513,2048,21719.17,1787762772.794
2759,106.392,0.000191,0.00015107,2048,19249.57,1787762772.901
2760,129.288,0.00013,0.00015085,2048,15840.6,1787762773.032
2761,144.035,0.000109,0.00015062,2048,14218.76,1787762773.178
2762,148.919,0.000175,0.00015039,2048,13752.47,1787762773.329
2763,127.065,0.000135,0.00015017,2048,16117.72,1787762773.456
2764,125.464,0.000188,0.00014994,2048,16323.38,1787762773.583
2765,107.639,0.000121,0.00014972,2048,19026.65,1787762773.691
2766,108.579,0.00014,0.00014949,2048,18861.83,1787762773.801
2767,101.494,0.000168,0.00014927,2048,20178.55,1787762773.903
2768,95.016,0.000195,0.00014905,2048,21554.26,1787762773.999
2769,84.506,0.000157,0.00014882,2048,24234.85,1787762774.084
2770,86.865,0.00021,0.0001486,2048,23576.79,1787762774.172
2771,129.206,0.000152,0.00014838,2048,15850.67,1787762774.302
2772,98.047,0.00018,0.00014816,2048,20887.96,1787762774.401
2773,93.131,0.000186,0.00014794,2048,21990.65,1787762774.495
2774,74.415,0.000186,0.00014772,2048,27521.15,1787762774.57
2775,81.39,0.000132,0.0001475,2048,25162.73,1787762774.653
2776,71.314,0.000168,0.00014728,2048,28718.06,1787762774.725
2777,75.186,0.000179,0.00014706,2048,27238.97,1787762774.801
2778,92.326,0.000109,0.00014684,2048,22182.27,1787762774.894
2779,79.099,0.000143,0.00014662,2048,25891.54,1787762774.974
2780,99.012,0.000188,0.00014641,2048,20684.45,1787762775.074
2781,90.43,0.000204,0.00014619,2048,22647.28,1787762775.165
2782,86.206,0.000154,0.00014597,2048,23757.07,1787762775.252
2783,120.6,0.000165,0.00014576,2048,16981.8,1787762775.374
2784,105.215,0.000173,0.00014554,2048,19464.92,1787762775.48
2785,89.271,0.000154,0.00014533,2048,22941.46,1787762775.569
2786,125.755,0.000144,0.00014511,2048,16285.67,1787762775.697
2787,97.522,0.00016,0.0001449,2048,21000.5,1787762775.795
2788,80.108,0.000157,0.00014469,2048,25565.39,1787762775.876
2789,84.12,0.000156,0.00014447,2048,24346.32,1787762775.961
2790,81.734,0.000202,0.00014426,2048,25057.01,1787762776.044
2791,110.581,0.000192,0.00014405,2048,18520.36,1787762776.155
2792,122.522,0.000203,0.00014384,2048,16715.34,1787762776.279
2793,95.189,0.00022,0.00014363,2048,21515.05,1787762776.375
2794,89.87,0.000193,0.00014341,2048,22788.52,1787762776.466
2795,100.716,0.000147,0.0001432,2048,20334.49,1787762776.567
2796,90.683,0.000185,0.000143,2048,22584.22,1787762776.659
2797,87.365,0.00024,0.00014279,2048,23441.94,1787762776.746
2798,78.367,0.000157,0.00014258,2048,26133.35,1787762776.825
2799,74.887,0.000161,0.00014237,2048,27347.94,1787762776.901
2800,67.823,0.00024,0.00014216,2048,30196.38,1787762776.969
2801,77.319,0.000223,0.00014195,2048,26487.63,1787762777.048
2802,77.092,0.000133,0.00014175,2048,26565.52,1787762777.126
2803,87.889,0.000146,0.00014154,2048,23302.04,1787762777.214
2804,100.951,0.0002,0.00014134,2048,20287.07,1787762777.316
2805,109.543,0.000211,0.00014113,2048,18695.84,1787762777.427
2806,95.854,0.00012,0.00014093,2048,21365.74,1787762777.523
2807,101.942,0.000218,0.00014072,2048,20089.78,1787762777.627
2808,124.745,0.000276,0.00014052,2048,16417.56,1787762777.751
2809,94.427,0.000193,0.00014031,2048,21688.83,1787762777.847
2810,97.43,0.000188,0.00014011,2048,21020.13,1787762777.946
2811,108.37,0.000122,0.00013991,2048,18898.29,1787762778.054
2812,86.827,0.000173,0.00013971,2048,23587.19,1787762778.142
2813,87.044,0.000136,0.00013951,2048,23528.47,1787762778.23
2814,116.6,0.000161,0.0001393,2048,17564.34,1787762778.347
2815,89.647,0.00015,0.0001391,2048,22845.16,1787762778.438
2816,89.265,0.000155,0.0001389,2048,22943.03,1787762778.527
2817,67.434,0.000137,0.00013871,2048,30370.44,1787762778.596
2818,63.03,0.000173,0.00013851,2048,32492.21,1787762778.66
2819,74.399,0.000143,0.00013831,2048,27527.25,1787762778.734
2820,67.924,0.000178,0.00013811,2048,30151.3,1787762778.803
2821,65.818,0.000183,0.00013791,2048,31115.92,1787762778.87
2822,75.252,0.000151,0.00013772,2048,27215.19,1787762778.945
2823,81.694,0.000247,0.00013752,2048,25069.07,1787762779.027
2824,100.441,0.000151,0.00013732,2048,20390.18,1787762779.129
2825,89.203,0.000144,0.00013713,2048,22958.92,1787762779.219
2826,74.402,0.00014,0.00013693,2048,27526.25,1787762779.294
2827,92.507,0.000115,0.00013674,2048,22138.84,1787762779.387
2828,79.685,0.000233,0.00013654,2048,25701.33,1787762779.467
2829,61.188,0.000201,0.00013635,2048,33470.45,1787762779.53
2830,61.986,0.000159,0.00013616,2048,33039.77,1787762779.592
2831,76.947,0.000171,0.00013596,2048,26615.83,1787762779.67
2832,81.069,0.000169,0.00013577,2048,25262.31,1787762779.752
2833,82.965,0.000182,0.00013558,2048,24685.11,1787762779.835
2834,82.038,0.000171,0.00013539,2048,24963.89,1787762779.918
2835,68.029,0.000198,0.0001352,2048,30104.76,1787762779.987
2836,100.007,0.00019,0.00013501,2048,20478.65,1787762780.088
2837,95.428,0.000127,0.00013482,2048,21461.25,1787762780.184
2838,83.154,0.000217,0.00013463,2048,24629.09,1787762780.267
2839,120.053,0.000112,0.00013444,2048,17059.19,1787762780.388
2840,133.994,0.000137,0.00013425,2048,15284.3,1787762780.523
2841,108.957,0.000141,0.00013407,2048,18796.46,1787762780.633
2842,133.502,0.000186,0.00013388,2048,15340.55,1787762780.767
2843,106.654,0.000195,0.00013369,2048,19202.23,1787762780.875
2844,107.135,0.000148,0.00013351,2048,19116.03,1787762780.983
2845,112.522,0.000209,0.00013332,2048,18200.92,1787762781.096
2846,123.347,0.000133,0.00013314,2048,16603.61,1787762781.222
2847,148.33,0.000213,0.00013295,2048,13807.03,1787762781.371
2848,124.729,0.00014,0.00013277,2048,16419.64,1787762781.496
2849,113.385,0.000143,0.00013258,2048,18062.37,1787762781.611
2850,77.215,0.000124,0.0001324,2048,26523.48,1787762781.689
2851,76.836,0.000171,0.00013222,2048,26654.0,1787762781.766
2852,82.483,0.000147,0.00013204,2048,24829.3,1787762781.849
2853,88.746,0.000119,0.00013185,2048,23076.99,1787762781.939
2854,99.933,0.000122,0.00013167,2048,20493.69,1787762782.04
2855,97.652,0.000153,0.00013149,2048,20972.48,1787762782.138
2856,88.716,0.000155,0.00013131,2048,23084.8,1787762782.229
2857,140.707,0.000131,0.00013113,2048,14555.11,1787762782.37
2858,106.604,0.000206,0.00013095,2048,19211.2,1787762782.478
2859,106.657,0.000244,0.00013077,2048,19201.7,1787762782.585
2860,115.691,0.000199,0.0001306,2048,17702.31,1787762782.702
2861,100.991,0.000139,0.00013042,2048,20279.12,1787762782.804
2862,100.839,0.000124,0.00013024,2048,20309.6,1787762782.906
2863,100.452,0.000125,0.00013006,2048,20387.87,1787762783.008
2864,108.412,0.000111,0.00012989,2048,18890.86,1787762783.117
2865,118.908,0.000225,0.00012971,2048,17223.47,1787762783.237
2866,99.695,0.000215,0.00012954,2048,20542.59,1787762783.338
2867,109.294,0.000222,0.00012936,2048,18738.41,1787762783.448
2868,124.796,0.000131,0.00012919,2048,16410.72,1787762783.574
2869,124.675,0.000308,0.00012902,2048,16426.76,1787762783.699
2870,125.898,0.000131,0.00012884,2048,16267.09,1787762783.826
2871,130.035,0.000163,0.00012867,2048,15749.67,1787762783.957
2872,106.882,0.000159,0.0001285,2048,19161.34,1787762784.065
2873,119.616,0.000105,0.00012833,2048,17121.51,1787762784.185
2874,123.093,0.000176,0.00012815,2048,16637.81,1787762784.309
2875,172.004,0.000156,0.00012798,2048,11906.71,1787762784.482
2876,232.579,0.000184,0.00012781,2048,8805.59,1787762784.716
2877,187.532,0.000125,0.00012764,2048,10920.81,1787762784.906
2878,208.661,0.000124,0.00012748,2048,9814.99,1787762785.115
2879,190.908,0.000132,0.00012731,2048,10727.66,1787762785.308
2880,185.384,0.000247,0.00012714,2048,11047.37,1787762785.495
2881,164.557,0.000122,0.00012697,2048,12445.52,1787762785.662
2882,110.853,0.000135,0.0001268,2048,18474.98,1787762785.774
2883,99.842,0.000147,0.00012664,2048,20512.49,1787762785.875
2884,126.431,0.000144,0.00012647,2048,16198.49,1787762786.002
2885,110.971,0.000138,0.00012631,2048,18455.24,1787762786.114
2886,128.185,0.000131,0.00012614,2048,15976.85,1787762786.243
2887,118.07,0.000148,0.00012598,2048,17345.66,1787762786.362
2888,110.41,0.000145,0.00012581,2048,18549.04,1787762786.473
2889,122.349,0.000129,0.00012565,2048,16739.03,1787762786.597
2890,94.877,0.000128,0.00012548,2048,21585.91,1787762786.693
2891,98.966,0.000129,0.00012532,2048,20693.91,1787762786.793
2892,101.677,0.000126,0.00012516,2048,20142.22,1787762786.895
2893,105.086,0.000131,0.000125,2048,19488.74,1787762787.001
2894,120.811,0.000142,0.00012484,2048,16952.04,1787762787.124
2895,99.364,0.000116,0.00012468,2048,20611.13,1787762787.223
2896,97.485,9.8e-05,0.00012452,2048,21008.47,1787762787.322
2897,109.804,0.000172,0.00012436,2048,18651.4,1787762787.432
2898,118.174,0.000158,0.0001242,2048,17330.38,1787762787.552
2899,126.734,0.000151,0.00012404,2048,16159.78,1787762787.68
2900,121.195,0.000142,0.00012388,2048,16898.41,1787762787.803
2901,120.171,0.000131,0.00012372,2048,17042.42,1787762787.924
2902,142.952,0.00011,0.00012357,2048,14326.47,1787762788.067
2903,126.293,0.00014,0.00012341,2048,16216.27,1787762788.194
2904,119.054,0.000138,0.00012325,2048,17202.22,1787762788.315
2905,123.887,0.000117,0.0001231,2048,16531.21,1787762788.439
2906,112.521,0.000156,0.00012294,2048,18201.08,1787762788.553
2907,99.935,0.000152,0.00012279,2048,20493.26,1787762788.654
2908,100.375,0.000104,0.00012264,2048,20403.43,1787762788.755
2909,81.843,0.000124,0.00012248,2048,25023.52,1787762788.837
2910,67.341,0.000176,0.00012233,2048,30412.56,1787762788.906
2911,64.381,0.000152,0.00012218,2048,31810.58,1787762788.971
2912,66.399,0.000123,0.00012202,2048,30844.02,1787762789.038
2913,108.601,0.000128,0.00012187,2048,18858.09,1787762789.148
2914,135.693,0.000134,0.00012172,2048,15092.85,1787762789.285
2915,96.574,0.000172,0.00012157,2048,21206.51,1787762789.383
2916,79.39,0.00014,0.00012142,2048,25796.54,1787762789.462
2917,72.466,0.000113,0.00012127,2048,28261.57,1787762789.536
2918,64.35,0.000115,0.00012112,2048,31825.9,1787762789.601
2919,66.838,0.00012,0.00012098,2048,30641.44,1787762789.669
2920,59.983,0.000117,0.00012083,2048,34143.06,1787762789.729
2921,74.049,0.000195,0.00012068,2048,27657.32,1787762789.803
2922,73.67,0.000174,0.00012053,2048,27799.46,1787762789.877
2923,75.749,0.000139,0.00012039,2048,27036.77,1787762789.953
2924,66.551,0.000148,0.00012024,2048,30773.25,1787762790.021
2925,86.976,0.000148,0.0001201,2048,23546.83,1787762790.109
2926,102.868,0.000167,0.00011995,2048,19908.97,1787762790.213
2927,73.938,0.000111,0.00011981,2048,27698.96,1787762790.288
2928,86.487,0.00014,0.00011966,2048,23679.83,1787762790.374
2929,73.165,0.000164,0.00011952,2048,27991.6,1787762790.448
2930,86.377,0.000169,0.00011938,2048,23710.15,1787762790.536
2931,94.774,0.000116,0.00011923,2048,21609.23,1787762790.632
2932,106.312,0.000314,0.00011909,2048,19264.13,1787762790.738
2933,105.865,0.000195,0.00011895,2048,19345.43,1787762790.845
2934,84.509,0.000135,0.00011881,2048,24234.22,1787762790.931
2935,91.964,0.000171,0.00011867,2048,22269.68,1787762791.024
2936,90.768,0.000172,0.00011853,2048,22562.89,1787762791.115
2937,89.527,0.00018,0.00011839,2048,22875.81,1787762791.206
2938,89.585,0.000134,0.00011825,2048,22861.02,1787762791.297
2939,76.771,0.000143,0.00011812,2048,26676.64,1787762791.373
2940,87.213,0.000133,0.00011798,2048,23482.71,1787762791.461
2941,105.042,0.000264,0.00011784,2048,19497.06,1787762791.568
2942,89.676,0.000122,0.0001177,2048,22837.7,1787762791.658
2943,79.219,0.000148,0.00011757,2048,25852.45,1787762791.738
2944,76.41,0.00013,0.00011743,2048,26802.63,1787762791.816
2945,70.49,0.000145,0.0001173,2048,29053.77,1787762791.887
2946,70.162,0.000168,0.00011716,2048,29189.71,1787762791.957
2947,99.556,0.000132,0.00011703,2048,20571.27,1787762792.057
2948,117.564,0.000133,0.0001169,2048,17420.31,1787762792.175
2949,89.334,0.000122,0.00011676,2048,22925.28,1787762792.266
2950,86.63,0.000136,0.00011663,2048,23640.74,1787762792.354
2951,88.597,0.000187,0.0001165,2048,23115.78,1787762792.443
2952,72.96,0.000187,0.00011637,2048,28070.1,1787762792.516
2953,74.082,0.000169,0.00011624,2048,27645.19,1787762792.591
2954,61.158,0.00018,0.0001161,2048,33486.92,1787762792.653
2955,71.748,0.000158,0.00011598,2048,28544.31,1787762792.726
2956,61.851,0.000154,0.00011585,2048,33111.89,1787762792.789
2957,68.711,0.000138,0.00011572,2048,29806.09,1787762792.858
2958,78.353,0.000155,0.00011559,2048,26138.19,1787762792.937
2959,82.331,0.00014,0.00011546,2048,24875.29,1787762793.02
2960,92.658,0.000177,0.00011533,2048,22102.72,1787762793.114
2961,94.518,0.000151,0.00011521,2048,21667.83,1787762793.209
2962,77.258,0.000134,0.00011508,2048,26508.48,1787762793.286
2963,66.68,0.000105,0.00011495,2048,30714.0,1787762793.355
2964,80.927,0.00015,0.00011483,2048,25306.79,1787762793.436
2965,63.286,0.000148,0.0001147,2048,32361.28,1787762793.5
2966,70.143,0.0001,0.00011458,2048,29197.54,1787762793.57
2967,65.55,0.000135,0.00011446,2048,31243.42,1787762793.637
2968,77.495,0.000163,0.00011433,2048,26427.34,1787762793.714
2969,81.013,0.000126,0.00011421,2048,25279.86,1787762793.796
2970,86.522,0.000167,0.00011409,2048,23670.31,1787762793.884
2971,70.265,0.000161,0.00011397,2048,29146.84,1787762793.955
2972,69.688,0.000145,0.00011385,2048,29388.13,1787762794.025
2973,65.652,0.000126,0.00011373,2048,31195.02,1787762794.091
2974,63.811,0.000155,0.00011361,2048,32094.63,1787762794.156
2975,77.348,0.00013,0.00011349,2048,26477.74,1787762794.234
2976,84.828,0.000146,0.00011337,2048,24143.03,1787762794.319
2977,85.183,0.000137,0.00011325,2048,24042.38,1787762794.406
2978,86.976,0.000112,0.00011313,2048,23546.73,1787762794.493
2979,84.648,0.000139,0.00011301,2048,24194.17,1787762794.579
2980,98.045,0.000183,0.0001129,2048,20888.28,1787762794.678
2981,94.233,0.000183,0.00011278,2048,21733.48,1787762794.772
2982,86.162,0.000152,0.00011266,2048,23769.07,1787762794.86
2983,82.028,0.000163,0.00011255,2048,24967.08,1787762794.942
2984,84.668,0.000162,0.00011243,2048,24188.48,1787762795.028
2985,126.002,0.000162,0.00011232,2048,16253.76,1787762795.154
2986,103.428,0.000146,0.00011221,2048,19801.21,1787762795.259
2987,99.185,0.000166,0.00011209,2048,20648.37,1787762795.359
2988,86.49,0.000216,0.00011198,2048,23679.07,1787762795.447
2989,88.93,0.000122,0.00011187,2048,23029.43,1787762795.537
2990,89.981,0.000148,0.00011176,2048,22760.36,1787762795.628
2991,71.351,0.000144,0.00011164,2048,28703.33,1787762795.7
2992,69.65,0.000174,0.00011153,2048,29404.25,1787762795.77
2993,63.479,0.000162,0.00011142,2048,32262.64,1787762795.834
2994,58.87,0.000224,0.00011131,2048,34788.75,1787762795.894
2995,60.991,0.000155,0.0001112,2048,33578.78,1787762795.955
2996,74.725,0.000194,0.0001111,2048,27407.27,1787762796.03
2997,60.525,0.000135,0.00011099,2048,33837.54,1787762796.091
2998,66.319,0.000194,0.00011088,2048,30881.0,1787762796.159
2999,71.151,0.000146,0.00011077,2048,28783.65,1787762796.23
3000,83.722,0.0002,0.00011067,2048,24461.82,1787762796.314
3001,81.272,0.000156,0.00011056,2048,25199.45,1787762796.397
3002,88.554,0.000107,0.00011046,2048,23127.26,1787762796.485
3003,82.938,0.00014,0.00011035,2048,24693.14,1787762796.569
3004,75.237,0.000281,0.00011025,2048,27220.61,1787762796.646
3005,74.336,0.000176,0.00011014,2048,27550.77,1787762796.72
3006,79.231,0.000152,0.00011004,2048,25848.4,1787762796.8
3007,70.848,0.000173,0.00010994,2048,28906.91,1787762796.872
3008,71.328,0.000159,0.00010983,2048,28712.35,1787762796.944
3009,82.815,0.000165,0.00010973,2048,24729.91,1787762797.028
3010,72.25,0.000283,0.00010963,2048,28345.9,1787762797.1
3011,113.211,0.000146,0.00010953,2048,18090.07,1787762797.215
3012,74.522,0.000109,0.00010943,2048,27481.67,1787762797.289
3013,69.381,0.000132,0.00010933,2048,29518.38,1787762797.36
3014,62.79,0.000176,0.00010923,2048,32616.5,1787762797.423
3015,57.683,0.000131,0.00010913,2048,35504.52,1787762797.481
3016,56.375,0.000127,0.00010903,2048,36328.42,1787762797.539
3017,58.159,0.000108,0.00010894,2048,35213.99,1787762797.598
3018,62.148,0.000195,0.00010884,2048,32953.59,1787762797.66
3019,55.874,0.000132,0.00010874,2048,36653.9,1787762797.716
3020,57.768,0.000132,0.00010865,2048,35451.91,1787762797.774
3021,61.811,0.000166,0.00010855,2048,33133.21,1787762797.837
3022,55.852,0.000158,0.00010846,2048,36668.34,1787762797.894
3023,63.512,0.000168,0.00010836,2048,32245.72,1787762797.958
3024,58.151,0.000131,0.00010827,2048,35218.41,1787762798.017
3025,66.245,0.000143,0.00010817,2048,30915.73,1787762798.083
3026,60.022,0.000191,0.00010808,2048,34120.99,1787762798.144
3027,69.92,0.000132,0.00010799,2048,29290.74,1787762798.215
3028,80.073,0.000103,0.0001079,2048,25576.79,1787762798.295
3029,66.78,0.000144,0.00010781,2048,30667.64,1787762798.363
3030,82.298,0.000166,0.00010772,2048,24885.23,1787762798.446
3031,73.436,0.000156,0.00010763,2048,27888.27,1787762798.52
3032,72.665,0.000148,0.00010754,2048,28184.29,1787762798.594
3033,66.826,0.000146,0.00010745,2048,30646.75,1787762798.66
3034,63.992,0.000106,0.00010736,2048,32004.0,1787762798.726
3035,62.322,0.000107,0.00010727,2048,32861.8,1787762798.789
3036,65.508,0.000107,0.00010718,2048,31263.26,1787762798.855
3037,62.635,0.000112,0.00010709,2048,32697.11,1787762798.918
3038,58.716,0.000134,0.00010701,2048,34880.0,1787762798.978
3039,60.023,0.000137,0.00010692,2048,34120.48,1787762799.038
3040,62.551,0.00011,0.00010684,2048,32741.44,1787762799.101
3041,70.862,0.000111,0.00010675,2048,28901.08,1787762799.173
3042,58.861,0.000126,0.00010667,2048,34793.95,1787762799.232
3043,68.509,0.000135,0.00010658,2048,29893.88,1787762799.302
3044,75.897,0.000146,0.0001065,2048,26983.94,1787762799.378
3045,109.019,0.000137,0.00010642,2048,18785.77,1787762799.488
3046,97.321,0.000153,0.00010633,2048,21043.78,1787762799.586
3047,76.324,0.000106,0.00010625,2048,26832.87,1787762799.663
3048,66.202,0.000144,0.00010617,2048,30935.81,1787762799.73
3049,64.59,0.00011,0.00010609,2048,31707.5,1787762799.795
3050,75.207,0.000105,0.00010601,2048,27231.47,1787762799.871
3051,95.932,0.000153,0.00010593,2048,21348.52,1787762799.967
3052,66.317,0.000108,0.00010585,2048,30881.74,1787762800.035
3053,61.749,0.000104,0.00010577,2048,33166.58,1787762800.097
3054,74.869,0.000124,0.00010569,2048,27354.52,1787762800.172
3055,55.261,0.000104,0.00010562,2048,37060.49,1787762800.228
3056,59.901,0.000117,0.00010554,2048,34189.69,1787762800.288
3057,60.4,0.000122,0.00010546,2048,33907.45,1787762800.35
3058,61.593,0.000174,0.00010539,2048,33250.53,1787762800.412
3059,66.572,0.000143,0.00010531,2048,30763.64,1787762800.479
3060,64.809,0.000174,0.00010524,2048,31600.74,1787762800.545
3061,60.874,0.000123,0.00010516,2048,33643.21,1787762800.606
3062,67.33,0.00011,0.00010509,2048,30417.35,1787762800.674
3063,61.628,0.000122,0.00010502,2048,33231.38,1787762800.737
3064,59.191,0.000118,0.00010494,2048,34599.56,1787762800.796
3065,61.234,0.000184,0.00010487,2048,33445.69,1787762800.859
3066,62.113,0.000128,0.0001048,2048,32972.06,1787762800.921
3067,78.858,0.000108,0.00010473,2048,25970.77,1787762801.001
3068,85.588,0.000125,0.00010466,2048,23928.56,1787762801.087
3069,107.105,0.000189,0.00010459,2048,19121.41,1787762801.195
3070,86.421,0.000108,0.00010452,2048,23697.83,1787762801.282
3071,62.793,0.000251,0.00010445,2048,32615.31,1787762801.346
3072,63.671,0.000216,0.00010438,2048,32165.25,1787762801.41
3073,64.372,0.000183,0.00010431,2048,31815.07,1787762801.475
3074,55.442,0.00013,0.00010424,2048,36939.44,1787762801.531
3075,56.626,0.000123,0.00010418,2048,36167.26,1787762801.588
3076,60.887,0.000149,0.00010411,2048,33636.25,1787762801.649
3077,69.988,0.00021,0.00010404,2048,29262.12,1787762801.72
3078,80.283,0.000132,0.00010398,2048,25509.63,1787762801.801
3079,86.248,0.000124,0.00010391,2048,23745.56,1787762801.888
3080,105.332,0.000153,0.00010385,2048,19443.36,1787762801.995
3081,102.955,0.000144,0.00010379,2048,19892.22,1787762802.098
3082,76.58,0.000172,0.00010372,2048,26743.28,1787762802.175
3083,80.663,0.000139,0.00010366,2048,25389.58,1787762802.257
3084,101.822,0.000117,0.0001036,2048,20113.59,1787762802.36
3085,123.789,0.000112,0.00010354,2048,16544.24,1787762802.484
3086,95.724,0.00014,0.00010347,2048,21394.84,1787762802.581
3087,92.444,0.00015,0.00010341,2048,22154.07,1787762802.674
3088,92.92,0.000147,0.00010335,2048,22040.54,1787762802.768
3089,66.257,0.000103,0.00010329,2048,30909.94,1787762802.835
3090,76.011,0.000134,0.00010324,2048,26943.47,1787762802.911
3091,65.408,0.000129,0.00010318,2048,31311.35,1787762802.977
3092,68.883,0.00012,0.00010312,2048,29731.57,1787762803.047
3093,93.859,0.000113,0.00010306,2048,21820.08,1787762803.141
3094,93.199,0.000139,0.000103,2048,21974.53,1787762803.236
3095,82.539,0.000152,0.00010295,2048,24812.6,1787762803.319
3096,84.822,0.000124,0.00010289,2048,24144.62,1787762803.404
3097,98.747,0.000137,0.00010284,2048,20739.85,1787762803.504
3098,95.905,0.000131,0.00010278,2048,21354.53,1787762803.601
3099,99.206,0.00015,0.00010273,2048,20643.89,1787762803.701
3100,75.578,0.000121,0.00010267,2048,27097.69,1787762803.777
3101,64.217,0.00011,0.00010262,2048,31891.97,1787762803.842
3102,53.692,0.000119,0.00010257,2048,38143.56,1787762803.897
3103,64.504,0.00011,0.00010252,2048,31749.92,1787762803.961
3104,58.172,0.000121,0.00010247,2048,35205.94,1787762804.02
3105,56.952,0.000135,0.00010241,2048,35960.36,1787762804.078
3106,57.662,0.00024,0.00010236,2048,35517.2,1787762804.136
3107,60.25,0.000159,0.00010231,2048,33991.42,1787762804.197
3108,56.997,0.000105,0.00010226,2048,35931.46,1787762804.254
3109,65.388,0.00011,0.00010222,2048,31320.73,1787762804.32
3110,62.615,0.000124,0.00010217,2048,32708.03,1787762804.383
3111,62.248,0.000181,0.00010212,2048,32900.87,1787762804.446
3112,64.022,0.000129,0.00010207,2048,31989.0,1787762804.511
3113,69.551,0.000158,0.00010202,2048,29446.06,1787762804.581
3114,65.311,0.000109,0.00010198,2048,31357.9,1787762804.647
3115,61.706,0.000117,0.00010193,2048,33189.69,1787762804.71
3116,59.958,0.000139,0.00010189,2048,34156.96,1787762804.771
3117,64.787,0.000162,0.00010184,2048,31611.23,1787762804.836
3118,59.272,0.000143,0.0001018,2048,34552.8,1787762804.896
3119,56.423,0.000156,0.00010176,2048,36297.0,1787762804.953
3120,61.159,0.000141,0.00010171,2048,33486.21,1787762805.015
3121,93.628,0.000164,0.00010167,2048,21873.75,1787762805.109
3122,80.65,0.000242,0.00010163,2048,25393.8,1787762805.19
3123,87.849,0.000119,0.00010159,2048,23312.68,1787762805.279
3124,63.506,0.00014,0.00010155,2048,32249.02,1787762805.343
3125,70.213,0.000238,0.00010151,2048,29168.22,1787762805.414
3126,71.828,0.000143,0.00010147,2048,28512.76,1787762805.487
3127,68.425,0.000149,0.00010143,2048,29930.71,1787762805.556
3128,65.123,0.000125,0.00010139,2048,31448.28,1787762805.621
3129,70.145,0.000105,0.00010135,2048,29196.62,1787762805.692
3130,65.774,0.000155,0.00010131,2048,31136.83,1787762805.758
3131,84.817,0.000146,0.00010127,2048,24146.02,1787762805.844
3132,75.465,0.000178,0.00010124,2048,27138.52,1787762805.92
3133,78.979,0.000126,0.0001012,2048,25931.01,1787762806.0
3134,83.49,0.000114,0.00010117,2048,24529.83,1787762806.083
3135,70.894,0.000125,0.00010113,2048,28888.4,1787762806.156
3136,75.286,0.000128,0.0001011,2048,27203.01,1787762806.232
3137,62.266,0.000158,0.00010106,2048,32891.14,1787762806.295
3138,73.95,0.000199,0.00010103,2048,27694.35,1787762806.369
3139,70.988,0.000216,0.000101,2048,28849.91,1787762806.441
3140,71.121,0.000107,0.00010096,2048,28795.96,1787762806.512
3141,65.61,0.000186,0.00010093,2048,31214.8,1787762806.579
3142,81.576,0.000132,0.0001009,2048,25105.27,1787762806.661
3143,71.442,0.000151,0.00010087,2048,28666.73,1787762806.734
3144,66.497,0.000142,0.00010084,2048,30798.24,1787762806.8
3145,72.655,0.000113,0.00010081,2048,28188.05,1787762806.874
3146,78.934,0.000106,0.00010078,2048,25945.76,1787762806.953
3147,73.904,0.000134,0.00010075,2048,27711.59,1787762807.028
3148,83.842,0.000142,0.00010072,2048,24426.99,1787762807.112
3149,83.796,0.000155,0.0001007,2048,24440.31,1787762807.198
3150,75.042,0.000109,0.00010067,2048,27291.38,1787762807.273
3151,67.3,0.000246,0.00010064,2048,30431.0,1787762807.342
3152,64.479,0.000121,0.00010062,2048,31762.28,1787762807.406
3153,69.232,0.000138,0.00010059,2048,29581.7,1787762807.476
3154,64.414,0.00012,0.00010057,2048,31794.23,1787762807.541
3155,77.12,0.000103,0.00010054,2048,26556.15,1787762807.619
3156,87.12,0.000118,0.00010052,2048,23507.81,1787762807.706
3157,77.95,0.000107,0.00010049,2048,26273.42,1787762807.785
3158,74.994,0.000116,0.00010047,2048,27308.71,1787762807.861
3159,74.617,0.000179,0.00010045,2048,27446.87,1787762807.936
3160,69.709,0.000102,0.00010043,2048,29379.15,1787762808.007
3161,75.863,0.000119,0.00010041,2048,26995.96,1787762808.084
3162,62.736,0.000133,0.00010039,2048,32644.79,1787762808.147
3163,71.113,0.000123,0.00010037,2048,28799.4,1787762808.218
3164,70.219,9.9e-05,0.00010035,2048,29165.77,1787762808.29
3165,71.814,0.000113,0.00010033,2048,28518.24,1787762808.362
3166,83.075,0.000167,0.00010031,2048,24652.27,1787762808.446
3167,92.373,0.000103,0.00010029,2048,22170.88,1787762808.539
3168,119.714,0.000125,0.00010027,2048,17107.51,1787762808.66
3169,87.833,0.000102,0.00010026,2048,23317.03,1787762808.749
3170,77.012,0.000163,0.00010024,2048,26593.29,1787762808.827
3171,83.429,0.000161,0.00010023,2048,24547.85,1787762808.911
3172,98.042,0.000174,0.00010021,2048,20889.03,1787762809.011
3173,119.229,0.000294,0.0001002,2048,17176.97,1787762809.13
3174,98.409,0.000142,0.00010018,2048,20811.15,1787762809.23
3175,128.808,0.000138,0.00010017,2048,15899.58,1787762809.359
3176,93.003,0.000154,0.00010015,2048,22020.75,1787762809.453
3177,110.751,0.000182,0.00010014,2048,18491.97,1787762809.565
3178,89.457,0.000113,0.00010013,2048,22893.81,1787762809.656
3179,97.493,0.000124,0.00010012,2048,21006.53,1787762809.754
3180,90.706,0.000109,0.00010011,2048,22578.42,1787762809.845
3181,77.552,0.000107,0.0001001,2048,26407.99,1787762809.924
3182,109.242,0.000126,0.00010009,2048,18747.32,1787762810.034
3183,112.306,0.000105,0.00010008,2048,18235.81,1787762810.148
3184,106.629,0.000113,0.00010007,2048,19206.76,1787762810.256
3185,112.675,0.000113,0.00010006,2048,18176.11,1787762810.369
3186,99.044,0.000101,0.00010005,2048,20677.6,1787762810.469
3187,95.519,0.000119,0.00010005,2048,21440.69,1787762810.566
3188,91.381,0.000109,0.00010004,2048,22411.64,1787762810.658
3189,83.629,0.000101,0.00010003,2048,24489.05,1787762810.742
3190,69.485,9.3e-05,0.00010003,2048,29473.86,1787762810.812
3191,81.246,0.000102,0.00010002,2048,25207.55,1787762810.894
3192,85.559,0.000131,0.00010002,2048,23936.59,1787762810.981
3193,88.484,0.000103,0.00010001,2048,23145.32,1787762811.07
3194,74.674,0.000112,0.00010001,2048,27425.69,1787762811.145
3195,65.97,0.000114,0.00010001,2048,31044.46,1787762811.212
3196,81.751,0.000147,0.0001,2048,25051.68,1787762811.294
3197,66.101,0.000103,0.0001,2048,30983.08,1787762811.36
3198,68.387,0.000155,0.0001,2048,29947.17,1787762811.43
3199,70.191,0.000114,0.0001,2048,29177.74,1787762811.501
3200,69.509,0.000135,0.0001,2048,29463.81,1787762811.571
