step,elapsed_ms,loss,lr,tokens,tokens_per_sec,timestamp
1,258.53,1.298387,3.13e-06,2048,7921.72,1787804136.015
2,21.938,1.243761,6.25e-06,2048,93353.15,1787804136.037
3,19.574,1.221116,9.37e-06,2048,104628.59,1787804136.057
4,19.212,1.286869,1.25e-05,2048,106600.6,1787804136.077
5,19.36,1.39349,1.563e-05,2048,105785.67,1787804136.096
6,19.922,1.280883,1.875e-05,2048,102803.5,1787804136.115
7,19.635,1.334661,2.187e-05,2048,104304.07,1787804136.135
8,18.456,1.28395,2.5e-05,2048,110969.03,1787804136.154
9,19.066,1.229741,2.813e-05,2048,107417.47,1787804136.173
10,18.498,1.223455,3.125e-05,2048,110712.88,1787804136.192
11,18.656,1.29857,3.438e-05,2048,109775.84,1787804136.211
12,19.296,1.279635,3.75e-05,2048,106135.99,1787804136.231
13,19.083,1.221362,4.063e-05,2048,107318.96,1787804136.25
14,19.106,1.263727,4.375e-05,2048,107190.34,1787804136.269
15,20.155,1.293744,4.688e-05,2048,101612.5,1787804136.29
16,23.651,1.280155,5e-05,2048,86593.63,1787804136.313
17,19.597,1.261401,5.312e-05,2048,104503.66,1787804136.333
18,34.251,1.246652,5.625e-05,2048,59793.7,1787804136.368
19,19.251,1.198326,5.937e-05,2048,106384.64,1787804136.387
20,19.374,1.24556,6.25e-05,2048,105711.41,1787804136.406
21,21.079,1.205068,6.563e-05,2048,97159.69,1787804136.428
22,21.833,1.193855,6.875e-05,2048,93802.53,1787804136.451
23,20.504,1.192014,7.187e-05,2048,99883.92,1787804136.471
24,27.105,1.183515,7.5e-05,2048,75558.29,1787804136.498
25,18.144,1.145865,7.813e-05,2048,112874.78,1787804136.516
26,19.182,1.194836,8.125e-05,2048,106768.99,1787804136.536
27,21.284,1.304485,8.438e-05,2048,96221.16,1787804136.558
28,19.21,1.258968,8.75e-05,2048,106612.25,1787804136.577
29,18.858,1.108016,9.062e-05,2048,108601.12,1787804136.596
30,42.728,1.171911,9.375e-05,2048,47931.21,1787804136.639
31,24.548,1.208859,9.688e-05,2048,83427.37,1787804136.664
32,20.15,1.226608,0.0001,2048,101636.71,1787804136.684
33,20.262,1.206985,0.00010312,2048,101073.41,1787804136.705
34,29.745,1.091301,0.00010625,2048,68852.6,1787804136.735
35,19.164,1.15654,0.00010938,2048,106867.6,1787804136.754
36,19.069,1.085898,0.0001125,2048,107397.75,1787804136.774
37,24.127,1.15694,0.00011563,2048,84884.86,1787804136.798
38,19.39,1.014521,0.00011875,2048,105620.91,1787804136.818
39,20.769,1.155145,0.00012187,2048,98609.45,1787804136.839
40,19.293,1.088622,0.000125,2048,106153.04,1787804136.858
41,18.234,1.097233,0.00012812,2048,112315.8,1787804136.876
42,18.739,1.224606,0.00013125,2048,109289.03,1787804136.895
43,19.059,0.988831,0.00013438,2048,107452.98,1787804136.914
44,18.716,1.007003,0.0001375,2048,109424.51,1787804136.933
45,19.829,0.91491,0.00014063,2048,103282.03,1787804136.953
46,19.745,1.072065,0.00014375,2048,103722.99,1787804136.973
47,19.265,1.051777,0.00014688,2048,106308.98,1787804136.993
48,19.892,0.942464,0.00015,2048,102957.51,1787804137.012
49,22.405,0.965293,0.00015313,2048,91406.54,1787804137.035
50,19.27,1.274537,0.00015625,2048,106281.4,1787804137.054
51,19.007,1.030483,0.00015937,2048,107748.08,1787804137.074
52,19.779,0.993952,0.0001625,2048,103542.59,1787804137.094
53,18.77,0.984869,0.00016563,2048,109111.45,1787804137.113
54,19.924,1.08797,0.00016875,2048,102789.06,1787804137.133
55,18.99,1.08648,0.00017187,2048,107846.23,1787804137.153
56,19.675,0.772411,0.000175,2048,104093.6,1787804137.172
57,18.6,1.08309,0.00017813,2048,110106.34,1787804137.191
58,22.329,1.049615,0.00018125,2048,91719.29,1787804137.214
59,18.805,0.843205,0.00018438,2048,108908.36,1787804137.232
60,18.953,1.007973,0.0001875,2048,108058.48,1787804137.251
61,19.515,0.879985,0.00019062,2048,104945.45,1787804137.271
62,19.052,0.787293,0.00019375,2048,107495.84,1787804137.29
63,16.821,0.631181,0.00019688,2048,121754.02,1787804137.307
64,17.75,0.87076,0.0002,2048,115382.88,1787804137.325
65,17.957,0.946689,0.00020313,2048,114052.77,1787804137.343
66,18.605,0.703265,0.00020625,2048,110080.3,1787804137.362
67,19.626,0.942257,0.00020938,2048,104350.84,1787804137.382
68,19.605,1.261631,0.0002125,2048,104463.15,1787804137.402
69,20.012,0.86472,0.00021563,2048,102340.13,1787804137.422
70,23.169,0.829231,0.00021875,2048,88393.59,1787804137.445
71,18.46,0.765363,0.00022187,2048,110943.78,1787804137.464
72,18.117,0.880475,0.000225,2048,113044.25,1787804137.482
73,18.28,0.716207,0.00022813,2048,112035.01,1787804137.501
74,16.885,0.832272,0.00023125,2048,121288.21,1787804137.518
75,16.176,0.618792,0.00023437,2048,126605.75,1787804137.534
76,18.667,0.710293,0.0002375,2048,109714.09,1787804137.553
77,19.637,0.783931,0.00024063,2048,104291.85,1787804137.573
78,19.876,0.879971,0.00024375,2048,103036.77,1787804137.593
79,18.989,0.753167,0.00024688,2048,107854.19,1787804137.612
80,18.929,0.651489,0.00025,2048,108192.63,1787804137.631
81,19.559,0.590215,0.00025312,2048,104707.22,1787804137.651
82,20.525,0.581657,0.00025625,2048,99782.21,1787804137.672
83,19.25,0.657508,0.00025938,2048,106389.06,1787804137.691
84,18.892,1.393996,0.0002625,2048,108407.97,1787804137.71
85,18.879,1.250594,0.00026563,2048,108478.6,1787804137.729
86,19.538,1.076909,0.00026875,2048,104820.84,1787804137.749
87,18.048,0.757714,0.00027187,2048,113477.06,1787804137.767
88,19.396,0.974085,0.000275,2048,105589.33,1787804137.787
89,18.827,0.886912,0.00027812,2048,108779.94,1787804137.807
90,19.348,0.766195,0.00028125,2048,105852.92,1787804137.825
91,19.125,0.84854,0.00028438,2048,107082.73,1787804137.845
92,19.522,0.530312,0.0002875,2048,104909.43,1787804137.864
93,20.484,0.479161,0.00029063,2048,99979.5,1787804137.886
94,19.671,0.474134,0.00029375,2048,104113.71,1787804137.905
95,20.22,0.468056,0.00029687,2048,101283.85,1787804137.926
96,16.991,0.492072,0.0003,2048,120537.24,1787804137.943
97,37.948,0.450195,0.00030313,2048,53968.02,1787804137.981
98,20.153,0.737846,0.00030625,2048,101622.08,1787804138.002
99,18.698,0.41456,0.00030938,2048,109530.43,1787804138.021
100,20.578,0.434854,0.0003125,2048,99524.73,1787804138.041
101,19.55,0.418218,0.00031562,2048,104759.18,1787804138.061
102,21.667,0.341565,0.00031875,2048,94521.19,1787804138.083
103,21.214,0.359102,0.00032188,2048,96542.3,1787804138.104
104,25.145,0.32886,0.000325,2048,81448.9,1787804138.13
105,19.123,0.399068,0.00032813,2048,107098.41,1787804138.149
106,19.808,0.297791,0.00033125,2048,103390.48,1787804138.169
107,23.012,0.286798,0.00033437,2048,88997.82,1787804138.192
108,18.607,0.289113,0.0003375,2048,110067.88,1787804138.21
109,19.319,0.433956,0.00034062,2048,106012.37,1787804138.23
110,19.422,0.330288,0.00034375,2048,105445.8,1787804138.25
111,17.363,0.623574,0.00034688,2048,117950.61,1787804138.267
112,19.42,0.275807,0.00035,2048,105461.01,1787804138.287
113,18.28,0.257746,0.00035313,2048,112034.4,1787804138.306
114,18.745,0.246845,0.00035625,2048,109256.97,1787804138.325
115,19.278,0.264137,0.00035937,2048,106233.43,1787804138.344
116,19.86,0.338338,0.0003625,2048,103121.85,1787804138.364
117,18.386,0.248382,0.00036563,2048,111390.31,1787804138.383
118,23.334,0.232415,0.00036875,2048,87768.17,1787804138.406
119,27.244,0.241235,0.00037188,2048,75173.62,1787804138.433
120,31.429,0.233871,0.000375,2048,65162.96,1787804138.465
121,31.58,1.179887,0.00037812,2048,64850.56,1787804138.497
122,27.508,0.289995,0.00038125,2048,74451.07,1787804138.525
123,26.455,0.27279,0.00038438,2048,77413.89,1787804138.551
124,17.295,0.223407,0.0003875,2048,118416.41,1787804138.569
125,22.596,0.226955,0.00039063,2048,90636.71,1787804138.592
126,18.945,0.259579,0.00039375,2048,108104.68,1787804138.611
127,19.654,0.585207,0.00039687,2048,104200.06,1787804138.631
128,19.116,0.495291,0.0004,2048,107138.19,1787804138.65
129,19.343,0.221494,0.00040313,2048,105877.55,1787804138.67
130,19.249,0.203863,0.00040625,2048,106392.93,1787804138.688
131,19.126,0.208972,0.00040938,2048,107077.13,1787804138.709
132,19.9,0.193654,0.0004125,2048,102916.64,1787804138.728
133,20.106,0.22566,0.00041563,2048,101862.67,1787804138.748
134,19.258,0.223577,0.00041875,2048,106343.76,1787804138.768
135,18.26,0.229458,0.00042187,2048,112158.95,1787804138.786
136,18.488,0.262178,0.000425,2048,110774.56,1787804138.806
137,18.814,0.20385,0.00042813,2048,108855.69,1787804138.825
138,17.95,0.201878,0.00043125,2048,114095.34,1787804138.843
139,18.942,0.194056,0.00043438,2048,108121.81,1787804138.862
140,19.728,0.164025,0.0004375,2048,103812.37,1787804138.882
141,18.041,0.255695,0.00044062,2048,113519.21,1787804138.9
142,22.109,0.489395,0.00044375,2048,92632.38,1787804138.923
143,21.192,0.199594,0.00044688,2048,96640.7,1787804138.944
144,19.963,0.195068,0.00045,2048,102588.25,1787804138.964
145,21.972,0.187943,0.00045313,2048,93211.24,1787804138.987
146,18.456,0.188611,0.00045625,2048,110965.42,1787804139.005
147,18.012,0.164071,0.00045937,2048,113704.5,1787804139.023
148,16.8,0.164999,0.0004625,2048,121907.66,1787804139.04
149,19.748,0.174367,0.00046563,2048,103706.18,1787804139.06
150,19.371,0.144563,0.00046875,2048,105725.6,1787804139.079
151,17.269,0.154141,0.00047188,2048,118596.76,1787804139.097
152,19.394,0.142632,0.000475,2048,105600.76,1787804139.116
153,19.094,0.95735,0.00047813,2048,107257.7,1787804139.136
154,22.121,2.12794,0.00048125,2048,92582.13,1787804139.158
155,22.496,0.14447,0.00048437,2048,91036.38,1787804139.181
156,20.16,0.210206,0.0004875,2048,101586.29,1787804139.201
157,19.871,1.681214,0.00049062,2048,103065.29,1787804139.222
158,17.826,1.51803,0.00049375,2048,114889.65,1787804139.24
159,16.577,0.194943,0.00049688,2048,123544.67,1787804139.256
160,17.556,0.155479,0.0005,2048,116657.93,1787804139.274
161,29.535,0.130539,0.00050313,2048,69340.29,1787804139.303
162,19.547,0.133247,0.00050625,2048,104774.72,1787804139.323
163,22.524,0.127531,0.00050938,2048,90925.64,1787804139.346
164,18.643,0.138606,0.0005125,2048,109854.74,1787804139.365
165,18.473,0.157967,0.00051563,2048,110863.9,1787804139.384
166,19.305,0.688051,0.00051875,2048,106084.31,1787804139.403
167,26.158,0.215468,0.00052187,2048,78291.95,1787804139.43
168,18.154,0.157588,0.000525,2048,112813.22,1787804139.448
169,18.792,0.133203,0.00052812,2048,108981.39,1787804139.467
170,18.587,0.107304,0.00053125,2048,110183.35,1787804139.486
171,19.169,0.20587,0.00053438,2048,106838.05,1787804139.505
172,17.439,1.376145,0.0005375,2048,117437.25,1787804139.523
173,17.893,0.289271,0.00054062,2048,114456.25,1787804139.541
174,17.47,0.278279,0.00054375,2048,117230.88,1787804139.558
175,18.855,0.356245,0.00054688,2048,108620.71,1787804139.577
176,20.565,0.240014,0.00055,2048,99588.13,1787804139.598
177,18.986,0.285032,0.00055313,2048,107867.82,1787804139.617
178,19.964,0.201298,0.00055625,2048,102585.17,1787804139.637
179,19.148,0.190691,0.00055937,2048,106953.55,1787804139.657
180,19.988,0.192554,0.0005625,2048,102459.43,1787804139.677
181,20.534,0.160082,0.00056563,2048,99735.56,1787804139.698
182,20.527,0.799734,0.00056875,2048,99768.6,1787804139.718
183,18.682,0.220175,0.00057188,2048,109622.48,1787804139.737
184,19.741,0.163634,0.000575,2048,103743.48,1787804139.757
185,18.171,0.202161,0.00057812,2048,112707.68,1787804139.776
186,19.834,0.139148,0.00058125,2048,103256.51,1787804139.796
187,17.856,0.149479,0.00058438,2048,114692.13,1787804139.814
188,17.98,0.130615,0.0005875,2048,113901.8,1787804139.832
189,18.867,1.508187,0.00059063,2048,108547.02,1787804139.851
190,19.22,0.507532,0.00059375,2048,106557.89,1787804139.87
191,19.418,0.163142,0.00059688,2048,105466.98,1787804139.89
192,19.594,0.133972,0.0006,2048,104521.79,1787804139.909
193,17.782,1.828002,0.00060313,2048,115173.29,1787804139.927
194,19.286,0.107952,0.00060625,2048,106189.92,1787804139.947
195,18.548,0.11037,0.00060937,2048,110417.41,1787804139.966
196,18.888,0.184102,0.0006125,2048,108428.06,1787804139.985
197,19.622,0.116666,0.00061562,2048,104373.71,1787804140.005
198,18.57,0.243385,0.00061875,2048,110284.81,1787804140.024
199,22.378,1.085172,0.00062187,2048,91519.27,1787804140.046
200,18.977,0.746542,0.000625,2048,107922.39,1787804140.065
201,19.647,0.2707,0.00062813,2048,104240.89,1787804140.085
202,19.714,0.147697,0.00063125,2048,103888.2,1787804140.105
203,18.93,0.084012,0.00063438,2048,108187.49,1787804140.124
204,18.81,0.120007,0.0006375,2048,108878.83,1787804140.143
205,17.333,0.176598,0.00064063,2048,118153.39,1787804140.16
206,17.833,2.77516,0.00064375,2048,114843.27,1787804140.178
207,19.497,0.178758,0.00064687,2048,105039.65,1787804140.198
208,24.36,0.763675,0.00065,2048,84070.87,1787804140.223
209,23.217,4.365617,0.00065312,2048,88211.6,1787804140.246
210,23.221,2.525981,0.00065625,2048,88194.13,1787804140.27
211,19.752,1.985298,0.00065938,2048,103683.6,1787804140.29
212,22.749,2.182549,0.0006625,2048,90023.96,1787804140.312
213,19.178,1.339083,0.00066562,2048,106787.36,1787804140.332
214,18.132,0.336299,0.00066875,2048,112948.24,1787804140.35
215,23.003,1.560284,0.00067188,2048,89033.8,1787804140.373
216,23.065,0.226509,0.000675,2048,88792.54,1787804140.397
217,17.814,0.18012,0.00067813,2048,114966.4,1787804140.414
218,17.95,0.181119,0.00068125,2048,114094.07,1787804140.433
219,17.898,0.169893,0.00068437,2048,114426.19,1787804140.451
220,17.62,0.137862,0.0006875,2048,116233.53,1787804140.469
221,19.703,0.157961,0.00069063,2048,103944.09,1787804140.489
222,19.408,1.647093,0.00069375,2048,105520.78,1787804140.508
223,17.425,0.138081,0.00069688,2048,117532.96,1787804140.526
224,17.818,0.786761,0.0007,2048,114938.66,1787804140.544
225,17.631,0.145912,0.00070312,2048,116161.67,1787804140.562
226,18.688,0.177261,0.00070625,2048,109586.7,1787804140.58
227,19.305,0.149037,0.00070938,2048,106087.06,1787804140.6
228,20.599,0.119408,0.0007125,2048,99423.27,1787804140.621
229,18.93,0.165241,0.00071563,2048,108189.2,1787804140.64
230,18.661,0.107556,0.00071875,2048,109748.19,1787804140.659
231,29.94,0.105203,0.00072188,2048,68403.47,1787804140.689
232,18.464,0.091845,0.000725,2048,110920.95,1787804140.708
233,18.104,0.082861,0.00072813,2048,113121.67,1787804140.726
234,16.485,0.120113,0.00073125,2048,124237.17,1787804140.743
235,16.674,0.096091,0.00073438,2048,122827.43,1787804140.76
236,17.449,0.105717,0.0007375,2048,117370.62,1787804140.777
237,18.909,1.47692,0.00074062,2048,108308.21,1787804140.796
238,24.031,1.009104,0.00074375,2048,85222.19,1787804140.82
239,17.189,0.242361,0.00074687,2048,119148.74,1787804140.838
240,19.174,0.081801,0.00075,2048,106812.98,1787804140.857
241,20.572,1.672541,0.00075313,2048,99551.82,1787804140.878
242,18.142,0.315942,0.00075625,2048,112888.47,1787804140.896
243,24.164,0.360175,0.00075938,2048,84752.78,1787804140.921
244,28.872,0.312397,0.0007625,2048,70934.02,1787804140.95
245,17.544,0.122246,0.00076563,2048,116732.4,1787804140.967
246,20.811,0.078175,0.00076875,2048,98409.02,1787804140.989
247,19.649,0.095222,0.00077187,2048,104229.75,1787804141.009
248,19.48,0.082716,0.000775,2048,105136.17,1787804141.029
249,18.47,0.054194,0.00077812,2048,110883.11,1787804141.047
250,19.616,0.070971,0.00078125,2048,104404.04,1787804141.067
251,21.222,0.053496,0.00078438,2048,96504.08,1787804141.088
252,19.23,0.056282,0.0007875,2048,106501.37,1787804141.108
253,19.633,0.113723,0.00079062,2048,104315.76,1787804141.128
254,19.566,0.056773,0.00079375,2048,104672.44,1787804141.147
255,17.704,0.239975,0.00079688,2048,115678.11,1787804141.165
256,18.891,0.203883,0.0008,2048,108413.71,1787804141.184
257,20.593,0.141295,0.00080313,2048,99453.2,1787804141.206
258,19.766,0.043689,0.00080625,2048,103610.69,1787804141.225
259,18.407,0.143208,0.00080937,2048,111264.44,1787804141.244
260,17.829,0.106134,0.0008125,2048,114869.68,1787804141.262
261,19.851,0.095519,0.00081563,2048,103166.01,1787804141.282
262,22.518,0.079277,0.00081875,2048,90950.67,1787804141.305
263,25.868,0.081459,0.00082188,2048,79170.26,1787804141.331
264,21.811,0.089051,0.000825,2048,93898.87,1787804141.353
265,19.702,0.059394,0.00082812,2048,103947.78,1787804141.373
266,19.196,0.07291,0.00083125,2048,106690.56,1787804141.392
267,18.405,0.079909,0.00083438,2048,111272.9,1787804141.411
268,19.966,0.069441,0.0008375,2048,102574.38,1787804141.43
269,17.077,0.076635,0.00084063,2048,119926.69,1787804141.448
270,18.645,0.539189,0.00084375,2048,109840.6,1787804141.466
271,17.626,0.094199,0.00084688,2048,116193.97,1787804141.484
272,17.882,0.075708,0.00085,2048,114531.14,1787804141.502
273,18.141,0.05421,0.00085313,2048,112895.94,1787804141.521
274,18.134,0.048292,0.00085625,2048,112935.16,1787804141.539
275,17.887,0.051595,0.00085938,2048,114494.0,1787804141.557
276,17.309,0.048234,0.0008625,2048,118319.95,1787804141.575
277,20.295,0.048493,0.00086562,2048,100909.57,1787804141.595
278,19.497,0.052222,0.00086875,2048,105039.65,1787804141.615
279,19.712,0.064138,0.00087187,2048,103897.16,1787804141.635
280,18.072,0.06611,0.000875,2048,113322.6,1787804141.653
281,17.483,0.102379,0.00087813,2048,117141.7,1787804141.671
282,19.106,0.138737,0.00088125,2048,107190.9,1787804141.691
283,18.215,0.131346,0.00088438,2048,112437.28,1787804141.709
284,36.602,0.121596,0.0008875,2048,55953.23,1787804141.746
285,34.696,0.079186,0.00089063,2048,59026.64,1787804141.781
286,19.098,0.046198,0.00089375,2048,107236.36,1787804141.8
287,17.914,0.058348,0.00089687,2048,114323.35,1787804141.818
288,18.337,0.059211,0.0009,2048,111686.75,1787804141.837
289,19.155,0.091063,0.00090312,2048,106916.14,1787804141.856
290,17.455,0.056981,0.00090625,2048,117330.95,1787804141.873
291,18.471,0.787361,0.00090938,2048,110874.11,1787804141.892
292,20.321,0.044402,0.0009125,2048,100781.45,1787804141.912
293,18.59,0.050664,0.00091562,2048,110165.57,1787804141.931
294,17.687,0.034849,0.00091875,2048,115787.99,1787804141.95
295,18.582,0.051184,0.00092188,2048,110215.96,1787804141.968
296,19.067,0.04165,0.000925,2048,107407.89,1787804141.987
297,21.375,0.031749,0.00092813,2048,95814.21,1787804142.009
298,17.918,0.031408,0.00093125,2048,114299.11,1787804142.027
299,17.374,0.033603,0.00093437,2048,117877.29,1787804142.044
300,27.033,0.039862,0.0009375,2048,75758.14,1787804142.071
301,20.952,0.030674,0.00094063,2048,97749.1,1787804142.092
302,20.282,0.047239,0.00094375,2048,100978.72,1787804142.114
303,16.561,0.032494,0.00094688,2048,123661.04,1787804142.13
304,17.88,0.034227,0.00095,2048,114538.82,1787804142.148
305,17.58,0.023171,0.00095312,2048,116495.36,1787804142.166
306,17.719,0.04508,0.00095625,2048,115581.49,1787804142.184
307,23.304,0.047613,0.00095938,2048,87881.53,1787804142.207
308,19.549,0.030699,0.0009625,2048,104763.46,1787804142.227
309,17.106,0.032344,0.00096563,2048,119726.87,1787804142.244
310,18.438,0.031099,0.00096875,2048,111073.15,1787804142.263
311,17.007,0.035156,0.00097188,2048,120423.13,1787804142.28
312,19.968,0.03311,0.000975,2048,102565.13,1787804142.3
313,24.647,0.027717,0.00097813,2048,83092.94,1787804142.326
314,18.064,0.025011,0.00098125,2048,113375.3,1787804142.344
315,22.111,0.021641,0.00098438,2048,92625.68,1787804142.367
316,22.731,0.01982,0.0009875,2048,90095.24,1787804142.389
317,22.679,0.024971,0.00099062,2048,90303.81,1787804142.412
318,23.258,0.02497,0.00099375,2048,88056.48,1787804142.435
319,19.377,0.018,0.00099687,2048,105690.13,1787804142.455
320,18.502,0.0278,0.001,2048,110689.54,1787804142.474
321,17.65,0.025975,0.001,2048,116035.31,1787804142.491
322,17.799,0.020515,0.001,2048,115061.35,1787804142.51
323,18.225,0.042363,0.001,2048,112372.5,1787804142.529
324,18.275,0.032364,0.001,2048,112063.21,1787804142.547
325,18.926,0.021643,0.00099999,2048,108210.36,1787804142.566
326,19.476,0.019788,0.00099999,2048,105157.22,1787804142.586
327,21.294,0.021174,0.00099999,2048,96175.52,1787804142.607
328,19.873,0.018853,0.00099998,2048,103054.91,1787804142.627
329,20.403,0.02082,0.00099998,2048,100375.92,1787804142.648
330,23.227,0.01941,0.00099997,2048,88174.77,1787804142.67
331,17.571,0.018176,0.00099997,2048,116555.02,1787804142.689
332,19.484,0.013587,0.00099996,2048,105110.81,1787804142.709
333,20.632,0.020242,0.00099995,2048,99264.24,1787804142.73
334,17.056,0.013299,0.00099995,2048,120077.16,1787804142.747
335,17.814,0.01973,0.00099994,2048,114965.76,1787804142.765
336,18.432,0.011843,0.00099993,2048,111111.71,1787804142.784
337,17.695,0.01288,0.00099992,2048,115741.53,1787804142.801
338,18.854,0.017444,0.00099991,2048,108624.74,1787804142.82
339,19.015,0.014117,0.0009999,2048,107702.18,1787804142.839
340,18.985,0.012016,0.00099989,2048,107876.34,1787804142.859
341,17.555,0.012575,0.00099988,2048,116661.25,1787804142.877
342,18.788,0.018469,0.00099987,2048,109007.49,1787804142.896
343,19.266,0.013309,0.00099986,2048,106301.26,1787804142.915
344,22.211,0.011239,0.00099985,2048,92207.81,1787804142.937
345,17.638,0.009863,0.00099983,2048,116114.25,1787804142.955
346,18.218,0.012119,0.00099982,2048,112413.21,1787804142.974
347,18.169,0.014459,0.0009998,2048,112716.99,1787804142.992
348,19.513,0.011177,0.00099979,2048,104955.67,1787804143.012
349,19.454,0.009334,0.00099977,2048,105274.52,1787804143.032
350,20.361,0.017333,0.00099976,2048,100584.45,1787804143.052
351,20.271,0.009472,0.00099974,2048,101031.53,1787804143.073
352,17.864,0.012286,0.00099973,2048,114643.33,1787804143.09
353,17.946,0.009559,0.00099971,2048,114118.87,1787804143.109
354,17.68,0.013661,0.00099969,2048,115834.48,1787804143.127
355,18.877,0.009466,0.00099967,2048,108490.09,1787804143.146
356,17.303,0.008633,0.00099965,2048,118360.98,1787804143.163
357,18.641,0.013074,0.00099963,2048,109864.76,1787804143.182
358,17.156,0.011462,0.00099961,2048,119373.75,1787804143.199
359,17.708,0.006768,0.00099959,2048,115650.68,1787804143.217
360,21.038,0.011922,0.00099957,2048,97346.73,1787804143.238
361,18.279,0.00776,0.00099955,2048,112044.2,1787804143.257
362,29.541,0.009136,0.00099953,2048,69326.67,1787804143.287
363,23.172,0.008041,0.00099951,2048,88384.44,1787804143.31
364,19.79,0.01167,0.00099948,2048,103485.56,1787804143.33
365,17.957,0.007118,0.00099946,2048,114047.69,1787804143.348
366,17.927,0.006614,0.00099943,2048,114239.81,1787804143.366
367,18.364,0.008112,0.00099941,2048,111520.11,1787804143.385
368,18.29,0.011885,0.00099938,2048,111973.76,1787804143.403
369,19.977,0.012629,0.00099936,2048,102517.38,1787804143.424
370,22.23,0.014805,0.00099933,2048,92126.1,1787804143.446
371,20.381,0.008096,0.0009993,2048,100484.27,1787804143.467
372,23.357,0.015083,0.00099928,2048,87683.62,1787804143.491
373,19.14,0.013048,0.00099925,2048,106999.37,1787804143.51
374,24.247,0.010296,0.00099922,2048,84463.01,1787804143.534
375,17.572,0.016735,0.00099919,2048,116547.07,1787804143.552
376,17.197,0.011115,0.00099916,2048,119088.46,1787804143.569
377,19.136,0.010358,0.00099913,2048,107025.09,1787804143.588
378,19.34,0.011297,0.0009991,2048,105894.52,1787804143.608
379,17.259,0.008454,0.00099907,2048,118659.29,1787804143.625
380,17.457,0.01249,0.00099904,2048,117316.84,1787804143.643
381,18.062,0.013965,0.000999,2048,113384.71,1787804143.661
382,17.238,0.013629,0.00099897,2048,118805.91,1787804143.679
383,17.373,0.012824,0.00099894,2048,117884.07,1787804143.696
384,21.029,0.009804,0.0009989,2048,97391.63,1787804143.718
385,16.903,0.011914,0.00099887,2048,121161.21,1787804143.734
386,17.693,0.008781,0.00099883,2048,115751.34,1787804143.752
387,18.521,0.010436,0.0009988,2048,110575.39,1787804143.771
388,18.292,0.01435,0.00099876,2048,111960.9,1787804143.79
389,17.253,0.006861,0.00099873,2048,118704.68,1787804143.807
390,19.367,0.007421,0.00099869,2048,105744.16,1787804143.826
391,19.245,0.010467,0.00099865,2048,106417.25,1787804143.846
392,19.169,0.008621,0.00099861,2048,106837.5,1787804143.865
393,19.253,0.014667,0.00099857,2048,106375.8,1787804143.885
394,19.074,0.008112,0.00099853,2048,107369.04,1787804143.904
395,20.434,0.00719,0.00099849,2048,100227.08,1787804143.925
396,18.798,0.024054,0.00099845,2048,108946.02,1787804143.944
397,18.594,0.008205,0.00099841,2048,110141.87,1787804143.962
398,17.916,0.006066,0.00099837,2048,114311.87,1787804143.98
399,17.871,0.01241,0.00099833,2048,114597.79,1787804143.998
400,22.142,0.006174,0.00099829,2048,92493.49,1787804144.021
401,19.864,0.006234,0.00099824,2048,103102.64,1787804144.041
402,17.832,0.009952,0.0009982,2048,114850.35,1787804144.059
403,18.011,0.007109,0.00099816,2048,113708.29,1787804144.077
404,17.827,0.008259,0.00099811,2048,114881.92,1787804144.095
405,21.618,0.005277,0.00099807,2048,94735.43,1787804144.118
406,18.828,0.008062,0.00099802,2048,108771.86,1787804144.136
407,18.651,0.007962,0.00099798,2048,109808.8,1787804144.155
408,18.921,0.007209,0.00099793,2048,108237.23,1787804144.174
409,17.736,0.004886,0.00099788,2048,115473.31,1787804144.192
410,28.075,0.005078,0.00099783,2048,72946.16,1787804144.22
411,18.959,0.005284,0.00099778,2048,108024.28,1787804144.239
412,17.45,0.00502,0.00099774,2048,117361.21,1787804144.257
413,16.967,0.007234,0.00099769,2048,120706.32,1787804144.274
414,18.951,0.006257,0.00099764,2048,108069.32,1787804144.293
415,22.394,0.006792,0.00099759,2048,91451.84,1787804144.316
416,19.896,0.005735,0.00099753,2048,102934.75,1787804144.336
417,17.695,0.006778,0.00099748,2048,115738.26,1787804144.354
418,19.315,0.00569,0.00099743,2048,106031.58,1787804144.373
419,19.131,0.006122,0.00099738,2048,107049.7,1787804144.392
420,18.837,0.005963,0.00099733,2048,108725.08,1787804144.411
421,18.227,0.005935,0.00099727,2048,112360.17,1787804144.43
422,18.823,0.007612,0.00099722,2048,108805.95,1787804144.449
423,18.45,0.004964,0.00099716,2048,111002.11,1787804144.468
424,18.519,0.005405,0.00099711,2048,110589.72,1787804144.486
425,23.287,0.005895,0.00099705,2048,87946.44,1787804144.51
426,22.388,0.00474,0.000997,2048,91476.76,1787804144.532
427,23.673,0.004588,0.00099694,2048,86512.43,1787804144.556
428,19.221,0.004768,0.00099688,2048,106551.79,1787804144.576
429,17.724,0.004264,0.00099682,2048,115550.84,1787804144.593
430,16.648,0.005337,0.00099676,2048,123016.3,1787804144.61
431,18.966,0.005459,0.00099671,2048,107983.28,1787804144.629
432,19.66,0.005463,0.00099665,2048,104169.32,1787804144.649
433,17.355,0.005345,0.00099659,2048,118007.7,1787804144.668
434,17.659,0.005584,0.00099653,2048,115972.89,1787804144.685
435,18.203,0.00626,0.00099646,2048,112510.16,1787804144.703
436,18.358,0.003696,0.0009964,2048,111557.78,1787804144.722
437,19.512,0.004072,0.00099634,2048,104959.97,1787804144.742
438,19.464,0.006037,0.00099628,2048,105221.51,1787804144.761
439,23.537,0.003641,0.00099621,2048,87013.42,1787804144.785
440,18.322,0.004042,0.00099615,2048,111780.02,1787804144.803
441,19.462,0.006405,0.00099609,2048,105232.33,1787804144.823
442,18.979,0.004509,0.00099602,2048,107909.31,1787804144.843
443,18.522,0.003487,0.00099596,2048,110568.83,1787804144.861
444,18.688,0.011607,0.00099589,2048,109590.21,1787804144.881
445,18.195,0.005155,0.00099582,2048,112559.63,1787804144.899
446,16.139,0.003437,0.00099576,2048,126899.94,1787804144.915
447,22.333,0.010608,0.00099569,2048,91702.86,1787804144.938
448,18.505,0.004847,0.00099562,2048,110673.99,1787804144.956
449,16.179,0.004215,0.00099555,2048,126583.06,1787804144.973
450,17.499,0.004226,0.00099548,2048,117036.6,1787804144.991
451,19.186,0.00396,0.00099541,2048,106743.94,1787804145.01
452,18.887,0.003584,0.00099534,2048,108436.67,1787804145.028
453,21.292,0.003338,0.00099527,2048,96186.36,1787804145.051
454,36.688,0.004215,0.0009952,2048,55822.22,1787804145.087
455,17.126,0.004073,0.00099513,2048,119580.77,1787804145.105
456,18.262,0.003654,0.00099506,2048,112143.6,1787804145.123
457,20.477,0.002932,0.00099498,2048,100014.16,1787804145.144
458,16.654,0.003369,0.00099491,2048,122970.51,1787804145.161
459,18.284,0.003514,0.00099484,2048,112011.11,1787804145.18
460,16.338,0.003809,0.00099476,2048,125351.94,1787804145.196
461,17.097,0.003242,0.00099469,2048,119789.2,1787804145.214
462,19.845,0.002384,0.00099461,2048,103198.24,1787804145.234
463,24.552,0.003149,0.00099454,2048,83413.43,1787804145.258
464,18.286,0.002351,0.00099446,2048,112000.7,1787804145.276
465,18.818,0.003036,0.00099438,2048,108833.7,1787804145.295
466,23.123,0.004106,0.00099431,2048,88570.97,1787804145.319
467,18.878,0.002423,0.00099423,2048,108483.77,1787804145.338
468,18.236,0.005423,0.00099415,2048,112307.79,1787804145.356
469,17.147,0.003712,0.00099407,2048,119439.2,1787804145.374
470,18.392,0.003634,0.00099399,2048,111355.18,1787804145.392
471,19.46,0.003248,0.00099391,2048,105243.68,1787804145.412
472,18.0,0.005834,0.00099383,2048,113779.04,1787804145.43
473,18.41,0.00345,0.00099375,2048,111245.7,1787804145.449
474,17.223,0.003085,0.00099367,2048,118910.07,1787804145.466
475,16.778,0.011814,0.00099358,2048,122066.79,1787804145.483
476,17.046,0.007192,0.0009935,2048,120146.19,1787804145.5
477,16.797,0.003966,0.00099342,2048,121924.36,1787804145.517
478,20.591,0.009909,0.00099333,2048,99460.45,1787804145.538
479,22.274,0.007844,0.00099325,2048,91946.18,1787804145.561
480,19.179,0.003744,0.00099316,2048,106785.69,1787804145.58
481,17.183,0.004483,0.00099308,2048,119188.96,1787804145.597
482,16.474,0.004364,0.00099299,2048,124320.12,1787804145.614
483,18.448,0.007532,0.00099291,2048,111013.54,1787804145.633
484,16.239,0.005329,0.00099282,2048,126120.02,1787804145.649
485,17.604,0.008154,0.00099273,2048,116336.54,1787804145.667
486,17.44,0.003963,0.00099264,2048,117433.89,1787804145.684
487,17.14,0.00536,0.00099255,2048,119485.88,1787804145.702
488,19.035,0.004788,0.00099246,2048,107592.41,1787804145.722
489,17.929,0.003995,0.00099237,2048,114228.34,1787804145.739
490,17.49,0.005991,0.00099228,2048,117093.47,1787804145.757
491,26.681,0.004187,0.00099219,2048,76758.74,1787804145.784
492,16.252,0.00456,0.0009921,2048,126015.26,1787804145.8
493,18.501,0.003369,0.00099201,2048,110696.12,1787804145.819
494,19.209,0.004978,0.00099192,2048,106616.13,1787804145.838
495,19.058,0.004825,0.00099183,2048,107462.0,1787804145.857
496,19.321,0.004953,0.00099173,2048,105997.01,1787804145.877
497,18.378,0.0063,0.00099164,2048,111439.41,1787804145.896
498,18.996,0.0051,0.00099154,2048,107809.9,1787804145.915
499,22.064,0.006008,0.00099145,2048,92820.04,1787804145.937
500,19.884,0.005129,0.00099135,2048,102998.94,1787804145.958
501,18.146,0.006105,0.00099126,2048,112862.34,1787804145.976
502,21.539,0.007548,0.00099116,2048,95082.9,1787804145.998
503,17.703,0.00512,0.00099106,2048,115688.57,1787804146.016
504,18.375,0.004201,0.00099097,2048,111452.75,1787804146.034
505,17.21,0.006088,0.00099087,2048,119002.65,1787804146.052
506,17.482,0.004354,0.00099077,2048,117148.4,1787804146.069
507,24.474,0.004002,0.00099067,2048,83680.64,1787804146.093
508,28.376,0.004291,0.00099057,2048,72174.43,1787804146.122
509,23.124,0.00508,0.00099047,2048,88567.14,1787804146.145
510,27.15,0.004036,0.00099037,2048,75431.95,1787804146.173
511,30.68,0.00392,0.00099027,2048,66753.37,1787804146.204
512,55.067,0.003628,0.00099017,2048,37190.92,1787804146.26
513,31.918,0.00331,0.00099006,2048,64164.22,1787804146.292
514,22.914,0.003371,0.00098996,2048,89377.28,1787804146.315
515,21.948,0.002777,0.00098986,2048,93311.04,1787804146.337
516,20.283,0.002625,0.00098975,2048,100973.25,1787804146.358
517,17.489,0.002668,0.00098965,2048,117104.19,1787804146.376
518,18.951,0.002981,0.00098954,2048,108067.61,1787804146.395
519,18.482,0.002645,0.00098944,2048,110808.12,1787804146.413
520,18.58,0.002393,0.00098933,2048,110227.24,1787804146.432
521,19.924,0.00286,0.00098923,2048,102790.09,1787804146.452
522,17.265,0.003024,0.00098912,2048,118624.24,1787804146.469
523,17.386,0.00247,0.00098901,2048,117798.64,1787804146.488
524,18.978,0.002593,0.0009889,2048,107915.56,1787804146.507
525,16.88,0.00247,0.0009888,2048,121325.58,1787804146.524
526,19.911,0.002293,0.00098869,2048,102858.75,1787804146.544
527,19.599,0.002089,0.00098858,2048,104497.26,1787804146.564
528,18.233,0.002454,0.00098847,2048,112320.73,1787804146.582
529,18.428,0.002455,0.00098836,2048,111138.24,1787804146.601
530,17.711,0.00251,0.00098824,2048,115636.31,1787804146.619
531,17.926,0.002163,0.00098813,2048,114246.19,1787804146.637
532,22.688,0.00218,0.00098802,2048,90267.19,1787804146.66
533,24.303,0.002011,0.00098791,2048,84270.47,1787804146.684
534,20.388,0.001993,0.00098779,2048,100452.23,1787804146.705
535,18.165,0.002041,0.00098768,2048,112745.53,1787804146.723
536,19.62,0.002485,0.00098757,2048,104382.75,1787804146.743
537,17.944,0.001839,0.00098745,2048,114132.86,1787804146.761
538,17.106,0.002408,0.00098734,2048,119721.27,1787804146.778
539,17.968,0.002268,0.00098722,2048,113977.24,1787804146.796
540,21.651,0.002695,0.0009871,2048,94590.16,1787804146.818
541,18.67,0.002341,0.00098699,2048,109697.05,1787804146.837
542,17.716,0.004004,0.00098687,2048,115601.72,1787804146.855
543,17.974,0.002705,0.00098675,2048,113944.9,1787804146.873
544,18.01,0.00463,0.00098663,2048,113715.87,1787804146.891
545,17.108,0.002079,0.00098651,2048,119712.88,1787804146.908
546,16.875,0.003082,0.00098639,2048,121364.4,1787804146.925
547,18.804,0.004107,0.00098627,2048,108913.58,1787804146.944
548,17.698,0.003359,0.00098615,2048,115719.29,1787804146.962
549,18.242,0.003548,0.00098603,2048,112267.16,1787804146.981
550,19.023,0.003138,0.00098591,2048,107661.98,1787804147.0
551,19.031,0.004939,0.00098579,2048,107615.59,1787804147.019
552,25.017,0.003946,0.00098567,2048,81864.01,1787804147.044
553,19.37,0.002418,0.00098554,2048,105728.87,1787804147.064
554,17.533,0.009962,0.00098542,2048,116805.64,1787804147.082
555,17.509,0.002998,0.0009853,2048,116965.74,1787804147.1
556,17.8,0.002204,0.00098517,2048,115059.41,1787804147.118
557,17.998,0.002303,0.00098505,2048,113791.69,1787804147.136
558,19.147,0.004966,0.00098492,2048,106959.69,1787804147.154
559,17.442,0.00288,0.00098479,2048,117420.42,1787804147.173
560,27.74,0.00352,0.00098467,2048,73828.14,1787804147.2
561,17.372,0.003653,0.00098454,2048,117888.82,1787804147.218
562,24.216,0.002919,0.00098441,2048,84571.49,1787804147.242
563,19.272,0.003732,0.00098428,2048,106269.82,1787804147.262
564,16.583,0.00244,0.00098415,2048,123496.25,1787804147.279
565,19.323,0.002871,0.00098402,2048,105989.33,1787804147.299
566,22.148,0.005302,0.0009839,2048,92467.18,1787804147.322
567,19.239,0.003601,0.00098376,2048,106449.33,1787804147.342
568,20.408,0.002143,0.00098363,2048,100353.29,1787804147.362
569,17.833,0.003866,0.0009835,2048,114843.27,1787804147.38
570,19.199,0.002552,0.00098337,2048,106670.0,1787804147.4
571,17.205,0.002392,0.00098324,2048,119035.16,1787804147.417
572,16.959,0.002393,0.0009831,2048,120763.26,1787804147.433
573,19.123,0.002598,0.00098297,2048,107094.49,1787804147.454
574,21.002,0.002226,0.00098284,2048,97514.06,1787804147.475
575,18.48,0.001855,0.0009827,2048,110822.51,1787804147.493
576,17.989,0.002368,0.00098257,2048,113844.19,1787804147.512
577,17.292,0.001651,0.00098243,2048,118439.7,1787804147.529
578,19.211,0.002013,0.0009823,2048,106606.7,1787804147.549
579,19.648,0.002014,0.00098216,2048,104236.65,1787804147.568
580,16.682,0.001645,0.00098202,2048,122768.53,1787804147.585
581,17.053,0.001566,0.00098188,2048,120095.47,1787804147.603
582,18.174,0.001658,0.00098175,2048,112685.98,1787804147.621
583,18.256,0.001944,0.00098161,2048,112184.75,1787804147.639
584,19.893,0.001672,0.00098147,2048,102953.37,1787804147.659
585,20.726,0.001593,0.00098133,2048,98814.52,1787804147.68
586,20.755,0.002532,0.00098119,2048,98673.59,1787804147.701
587,23.22,0.001469,0.00098105,2048,88198.31,1787804147.724
588,23.275,0.002218,0.00098091,2048,87990.27,1787804147.748
589,25.495,0.001313,0.00098077,2048,80329.48,1787804147.773
590,19.177,0.00154,0.00098062,2048,106796.27,1787804147.793
591,17.393,0.002687,0.00098048,2048,117748.52,1787804147.81
592,15.782,0.001302,0.00098034,2048,129767.27,1787804147.826
593,17.682,0.001467,0.00098019,2048,115822.04,1787804147.844
594,18.319,0.004159,0.00098005,2048,111794.05,1787804147.863
595,16.062,0.003541,0.0009799,2048,127504.33,1787804147.879
596,16.839,0.001986,0.00097976,2048,121624.59,1787804147.896
597,16.378,0.003156,0.00097961,2048,125045.03,1787804147.913
598,16.13,0.001195,0.00097947,2048,126967.59,1787804147.929
599,19.488,0.001883,0.00097932,2048,105090.85,1787804147.949
600,17.718,0.00154,0.00097917,2048,115591.28,1787804147.967
601,18.387,0.002676,0.00097902,2048,111380.62,1787804147.985
602,16.351,0.001381,0.00097888,2048,125248.45,1787804148.002
603,16.973,0.001567,0.00097873,2048,120661.52,1787804148.019
604,17.162,0.002846,0.00097858,2048,119330.63,1787804148.037
605,18.268,0.001696,0.00097843,2048,112106.15,1787804148.055
606,19.005,0.00134,0.00097828,2048,107763.38,1787804148.074
607,18.032,0.002782,0.00097813,2048,113576.5,1787804148.093
608,17.273,0.001902,0.00097798,2048,118566.55,1787804148.11
609,20.981,0.00138,0.00097782,2048,97613.99,1787804148.131
610,30.995,0.001682,0.00097767,2048,66076.03,1787804148.162
611,67.445,0.002255,0.00097752,2048,30365.35,1787804148.23
612,18.364,0.001403,0.00097736,2048,111525.58,1787804148.249
613,19.023,0.001643,0.00097721,2048,107657.45,1787804148.268
614,18.087,0.002489,0.00097706,2048,113233.0,1787804148.286
615,23.752,0.001465,0.0009769,2048,86224.68,1787804148.31
616,17.135,0.00162,0.00097675,2048,119520.05,1787804148.328
617,16.657,0.002502,0.00097659,2048,122949.1,1787804148.344
618,19.651,0.001683,0.00097643,2048,104218.61,1787804148.364
619,19.036,0.002618,0.00097628,2048,107583.93,1787804148.384
620,29.862,0.001481,0.00097612,2048,68583.06,1787804148.414
621,17.801,0.001427,0.00097596,2048,115050.36,1787804148.432
622,17.307,0.002574,0.0009758,2048,118335.67,1787804148.45
623,18.549,0.00212,0.00097564,2048,110410.86,1787804148.469
624,23.543,0.001321,0.00097548,2048,86989.76,1787804148.492
625,18.839,0.001453,0.00097532,2048,108712.96,1787804148.511
626,16.42,0.001864,0.00097516,2048,124723.67,1787804148.528
627,17.141,0.00134,0.000975,2048,119476.82,1787804148.545
628,18.036,0.001433,0.00097484,2048,113551.94,1787804148.564
629,27.808,0.001314,0.00097468,2048,73648.4,1787804148.592
630,18.003,0.001717,0.00097452,2048,113756.29,1787804148.61
631,17.487,0.001594,0.00097435,2048,117115.57,1787804148.628
632,18.437,0.001804,0.00097419,2048,111082.18,1787804148.646
633,22.548,0.001606,0.00097402,2048,90829.66,1787804148.669
634,17.501,0.002691,0.00097386,2048,117023.22,1787804148.687
635,16.841,0.001734,0.00097369,2048,121610.15,1787804148.704
636,16.754,0.002168,0.00097353,2048,122238.74,1787804148.721
637,17.006,0.002141,0.00097336,2048,120428.79,1787804148.738
638,17.148,0.002353,0.0009732,2048,119430.84,1787804148.755
639,17.927,0.001967,0.00097303,2048,114243.0,1787804148.774
640,18.545,0.001463,0.00097286,2048,110432.89,1787804148.792
641,19.475,0.001531,0.00097269,2048,105160.46,1787804148.812
642,20.795,0.00247,0.00097252,2048,98487.58,1787804148.833
643,18.251,0.002394,0.00097236,2048,112211.19,1787804148.851
644,19.436,0.001794,0.00097219,2048,105372.02,1787804148.871
645,19.744,0.001521,0.00097202,2048,103728.24,1787804148.891
646,25.921,0.002056,0.00097185,2048,79009.6,1787804148.917
647,45.555,0.003427,0.00097167,2048,44956.65,1787804148.963
648,21.189,0.001597,0.0009715,2048,96653.01,1787804148.984
649,33.854,0.003,0.00097133,2048,60494.71,1787804149.019
650,16.724,0.001901,0.00097116,2048,122460.94,1787804149.036
651,16.258,0.002474,0.00097098,2048,125971.08,1787804149.052
652,19.165,0.001726,0.00097081,2048,106863.14,1787804149.072
653,18.432,0.002264,0.00097064,2048,111111.11,1787804149.09
654,22.49,0.002034,0.00097046,2048,91062.69,1787804149.113
655,24.99,0.004837,0.00097029,2048,81952.78,1787804149.138
656,20.16,0.001632,0.00097011,2048,101587.81,1787804149.158
657,20.361,0.003555,0.00096994,2048,100582.47,1787804149.18
658,19.716,0.003574,0.00096976,2048,103872.92,1787804149.199
659,17.097,0.002188,0.00096958,2048,119787.1,1787804149.216
660,23.904,0.002072,0.0009694,2048,85677.11,1787804149.24
661,18.649,0.002777,0.00096923,2048,109819.4,1787804149.259
662,19.864,0.005683,0.00096905,2048,103101.61,1787804149.279
663,16.28,0.004591,0.00096887,2048,125800.07,1787804149.296
664,19.498,0.003044,0.00096869,2048,105033.72,1787804149.316
665,16.835,0.002803,0.00096851,2048,121654.21,1787804149.333
666,22.295,0.003474,0.00096833,2048,91859.57,1787804149.355
667,19.649,0.003748,0.00096815,2048,104228.16,1787804149.376
668,20.508,0.00427,0.00096796,2048,99861.52,1787804149.396
669,19.788,0.002271,0.00096778,2048,103497.07,1787804149.416
670,23.097,0.002243,0.0009676,2048,88669.14,1787804149.44
671,18.953,0.002634,0.00096742,2048,108055.06,1787804149.459
672,26.981,0.002313,0.00096723,2048,75905.27,1787804149.486
673,18.472,0.002746,0.00096705,2048,110872.91,1787804149.504
674,21.707,0.003004,0.00096686,2048,94345.71,1787804149.526
675,22.417,0.002325,0.00096668,2048,91357.61,1787804149.549
676,19.494,0.001864,0.00096649,2048,105055.81,1787804149.569
677,20.044,0.002218,0.00096631,2048,102174.19,1787804149.589
678,18.14,0.002065,0.00096612,2048,112902.78,1787804149.607
679,20.243,0.002612,0.00096593,2048,101173.27,1787804149.628
680,25.75,0.001768,0.00096575,2048,79534.6,1787804149.654
681,26.171,0.002008,0.00096556,2048,78254.26,1787804149.68
682,18.278,0.002097,0.00096537,2048,112047.27,1787804149.698
683,21.052,0.002137,0.00096518,2048,97281.07,1787804149.72
684,19.345,0.00239,0.00096499,2048,105866.6,1787804149.739
685,19.038,0.001824,0.0009648,2048,107573.19,1787804149.758
686,21.845,0.001834,0.00096461,2048,93751.43,1787804149.781
687,16.843,0.00166,0.00096442,2048,121589.93,1787804149.798
688,18.401,0.00242,0.00096423,2048,111300.11,1787804149.816
689,16.327,0.002385,0.00096404,2048,125438.7,1787804149.833
690,17.879,0.002089,0.00096384,2048,114548.43,1787804149.851
691,20.898,0.006354,0.00096365,2048,97998.4,1787804149.872
692,23.362,0.001572,0.00096346,2048,87664.1,1787804149.896
693,16.813,0.002297,0.00096326,2048,121806.88,1787804149.913
694,16.208,0.004927,0.00096307,2048,126358.91,1787804149.93
695,15.933,0.002173,0.00096287,2048,128540.68,1787804149.946
696,17.232,0.003226,0.00096268,2048,118847.27,1787804149.963
697,19.258,0.002715,0.00096248,2048,106344.86,1787804149.982
698,16.825,0.001631,0.00096228,2048,121723.63,1787804149.999
699,16.979,0.002289,0.00096209,2048,120616.75,1787804150.016
700,16.846,0.003797,0.00096189,2048,121568.28,1787804150.033
701,16.96,0.001443,0.00096169,2048,120753.29,1787804150.05
702,16.821,0.001864,0.00096149,2048,121750.4,1787804150.068
703,17.701,0.002745,0.00096129,2048,115700.33,1787804150.086
704,17.01,0.001841,0.0009611,2048,120399.77,1787804150.103
705,16.023,0.001366,0.0009609,2048,127814.67,1787804150.119
706,17.025,0.002026,0.0009607,2048,120296.51,1787804150.136
707,18.389,0.001802,0.00096049,2048,111369.11,1787804150.155
708,17.66,0.001414,0.00096029,2048,115971.57,1787804150.172
709,19.822,0.001738,0.00096009,2048,103318.5,1787804150.192
710,18.04,0.002077,0.00095989,2048,113523.61,1787804150.211
711,18.734,0.001576,0.00095969,2048,109317.62,1787804150.23
712,16.533,0.001424,0.00095948,2048,123873.46,1787804150.246
713,16.941,0.00167,0.00095928,2048,120888.72,1787804150.263
714,18.886,0.003373,0.00095907,2048,108440.11,1787804150.282
715,19.77,0.001479,0.00095887,2048,103592.87,1787804150.302
716,22.62,0.001385,0.00095866,2048,90540.15,1787804150.325
717,19.04,0.002048,0.00095846,2048,107565.28,1787804150.344
718,17.774,0.001724,0.00095825,2048,115221.89,1787804150.362
719,21.268,0.001204,0.00095805,2048,96296.71,1787804150.384
720,17.637,0.001364,0.00095784,2048,116121.5,1787804150.402
721,18.995,0.001081,0.00095763,2048,107820.12,1787804150.421
722,19.862,0.001385,0.00095742,2048,103110.43,1787804150.441
723,18.134,0.001543,0.00095721,2048,112934.53,1787804150.459
724,19.095,0.001451,0.000957,2048,107251.52,1787804150.479
725,25.962,0.001317,0.0009568,2048,78883.31,1787804150.505
726,26.565,0.001121,0.00095659,2048,77094.21,1787804150.532
727,26.528,0.001816,0.00095637,2048,77202.61,1787804150.559
728,20.695,0.001555,0.00095616,2048,98959.19,1787804150.579
729,18.437,0.000977,0.00095595,2048,111078.57,1787804150.598
730,21.462,0.001239,0.00095574,2048,95422.69,1787804150.62
731,17.853,0.002346,0.00095553,2048,114713.97,1787804150.638
732,16.579,0.001348,0.00095531,2048,123526.79,1787804150.655
733,18.613,0.002593,0.0009551,2048,110031.81,1787804150.673
734,19.058,0.001734,0.00095489,2048,107460.31,1787804150.693
735,19.341,0.002169,0.00095467,2048,105890.69,1787804150.712
736,18.163,0.001233,0.00095446,2048,112755.46,1787804150.731
737,30.215,0.001791,0.00095424,2048,67780.68,1787804150.761
738,20.867,0.001831,0.00095403,2048,98143.52,1787804150.782
739,17.126,0.001218,0.00095381,2048,119584.96,1787804150.799
740,15.947,0.002528,0.00095359,2048,128423.8,1787804150.816
741,15.934,0.002113,0.00095338,2048,128530.19,1787804150.832
742,16.673,0.002844,0.00095316,2048,122836.27,1787804150.848
743,16.733,0.001605,0.00095294,2048,122395.07,1787804150.865
744,18.658,0.003124,0.00095272,2048,109763.48,1787804150.884
745,16.909,0.001282,0.0009525,2048,121119.65,1787804150.901
746,18.41,0.002338,0.00095228,2048,111245.7,1787804150.92
747,18.098,0.005101,0.00095206,2048,113162.93,1787804150.938
748,20.27,0.001353,0.00095184,2048,101033.52,1787804150.959
749,21.76,0.003274,0.00095162,2048,94119.38,1787804150.981
750,16.839,0.004763,0.0009514,2048,121622.42,1787804150.998
751,26.479,0.002638,0.00095118,2048,77344.89,1787804151.024
752,25.548,0.001937,0.00095095,2048,80162.83,1787804151.05
753,19.474,0.002894,0.00095073,2048,105163.7,1787804151.07
754,17.491,0.003215,0.00095051,2048,117086.11,1787804151.087
755,17.014,0.001808,0.00095028,2048,120372.87,1787804151.105
756,16.006,0.001972,0.00095006,2048,127948.82,1787804151.121
757,16.525,0.003344,0.00094983,2048,123931.18,1787804151.137
758,17.137,0.002405,0.00094961,2048,119509.59,1787804151.155
759,17.584,0.002608,0.00094938,2048,116472.83,1787804151.173
760,16.805,0.002168,0.00094915,2048,121871.39,1787804151.19
761,17.415,0.005173,0.00094893,2048,117601.12,1787804151.208
762,25.376,0.002737,0.0009487,2048,80705.86,1787804151.233
763,18.942,0.001802,0.00094847,2048,108120.66,1787804151.252
764,16.926,0.002641,0.00094824,2048,120994.42,1787804151.269
765,19.049,0.002949,0.00094802,2048,107514.46,1787804151.289
766,20.364,0.002013,0.00094779,2048,100568.64,1787804151.309
767,17.927,0.002674,0.00094756,2048,114240.45,1787804151.327
768,16.479,0.002263,0.00094733,2048,124280.14,1787804151.344
769,16.479,0.001491,0.0009471,2048,124275.62,1787804151.361
770,18.685,0.001767,0.00094686,2048,109606.64,1787804151.38
771,18.873,0.001537,0.00094663,2048,108515.38,1787804151.399
772,17.284,0.001624,0.0009464,2048,118493.83,1787804151.416
773,16.958,0.001833,0.00094617,2048,120766.11,1787804151.434
774,18.32,0.001826,0.00094594,2048,111789.17,1787804151.452
775,17.954,0.001196,0.0009457,2048,114066.75,1787804151.47
776,17.53,0.001484,0.00094547,2048,116828.29,1787804151.488
777,18.048,0.001063,0.00094523,2048,113472.66,1787804151.506
778,17.152,0.000962,0.000945,2048,119403.68,1787804151.523
779,18.212,0.001561,0.00094476,2048,112451.47,1787804151.542
780,16.708,0.001772,0.00094453,2048,122577.48,1787804151.559
781,18.019,0.001265,0.00094429,2048,113660.96,1787804151.577
782,18.855,0.001244,0.00094405,2048,108616.68,1787804151.596
783,17.417,0.002475,0.00094382,2048,117587.62,1787804151.614
784,16.633,0.002326,0.00094358,2048,123127.24,1787804151.63
785,26.678,0.001182,0.00094334,2048,76767.95,1787804151.657
786,19.109,0.00216,0.0009431,2048,107171.83,1787804151.677
787,17.95,0.001648,0.00094286,2048,114095.34,1787804151.695
788,17.351,0.001619,0.00094262,2048,118036.26,1787804151.712
789,16.395,0.002586,0.00094238,2048,124913.85,1787804151.729
790,16.622,0.001638,0.00094214,2048,123210.2,1787804151.746
791,16.342,0.001123,0.0009419,2048,125318.19,1787804151.762
792,19.283,0.001576,0.00094166,2048,106205.34,1787804151.782
793,29.132,0.002076,0.00094142,2048,70300.7,1787804151.811
794,16.284,0.001435,0.00094118,2048,125768.4,1787804151.828
795,16.026,0.001433,0.00094093,2048,127793.14,1787804151.843
796,15.572,0.001391,0.00094069,2048,131519.8,1787804151.86
797,18.424,0.001341,0.00094045,2048,111157.55,1787804151.878
798,19.23,0.001538,0.0009402,2048,106498.04,1787804151.898
799,26.244,0.001636,0.00093996,2048,78036.59,1787804151.924
800,25.689,0.001664,0.00093971,2048,79721.6,1787804151.95
801,27.475,0.001659,0.00093947,2048,74541.31,1787804151.977
802,19.023,0.001159,0.00093922,2048,107658.58,1787804151.996
803,24.122,0.001718,0.00093897,2048,84900.34,1787804152.021
804,19.541,0.001114,0.00093873,2048,104804.21,1787804152.04
805,17.869,0.001171,0.00093848,2048,114613.18,1787804152.058
806,21.192,0.001118,0.00093823,2048,96639.79,1787804152.08
807,16.471,0.001632,0.00093798,2048,124342.77,1787804152.096
808,17.855,0.00112,0.00093773,2048,114701.76,1787804152.114
809,16.385,0.001037,0.00093748,2048,124995.42,1787804152.131
810,15.871,0.00109,0.00093723,2048,129042.83,1787804152.147
811,15.85,0.001238,0.00093698,2048,129212.17,1787804152.163
812,18.731,0.000905,0.00093673,2048,109339.21,1787804152.182
813,16.758,0.001114,0.00093648,2048,122208.1,1787804152.199
814,18.384,0.00139,0.00093623,2048,111402.43,1787804152.217
815,19.171,0.001178,0.00093598,2048,106830.25,1787804152.237
816,18.78,0.001028,0.00093573,2048,109051.6,1787804152.256
817,17.006,0.001797,0.00093547,2048,120430.92,1787804152.273
818,18.645,0.001175,0.00093522,2048,109843.55,1787804152.292
819,32.171,0.001761,0.00093496,2048,63658.83,1787804152.324
820,23.346,0.000851,0.00093471,2048,87724.93,1787804152.348
821,23.344,0.00137,0.00093446,2048,87729.44,1787804152.371
822,17.229,0.00131,0.0009342,2048,118870.04,1787804152.389
823,20.432,0.00098,0.00093394,2048,100233.45,1787804152.41
824,26.814,0.000914,0.00093369,2048,76376.59,1787804152.437
825,31.09,0.000956,0.00093343,2048,65872.85,1787804152.468
826,20.743,0.00093,0.00093317,2048,98733.05,1787804152.489
827,17.282,0.001009,0.00093292,2048,118506.86,1787804152.506
828,16.679,0.000923,0.00093266,2048,122785.46,1787804152.524
829,17.915,0.002278,0.0009324,2048,114316.33,1787804152.542
830,17.695,0.001902,0.00093214,2048,115736.95,1787804152.56
831,17.993,0.001153,0.00093188,2048,113821.41,1787804152.578
832,21.888,0.003458,0.00093162,2048,93566.4,1787804152.601
833,17.873,0.002369,0.00093136,2048,114588.17,1787804152.619
834,16.396,0.001326,0.0009311,2048,124911.56,1787804152.635
835,18.694,0.001434,0.00093084,2048,109556.21,1787804152.654
836,16.559,0.003552,0.00093058,2048,123680.46,1787804152.671
837,17.953,0.002881,0.00093032,2048,114074.37,1787804152.689
838,18.902,0.002603,0.00093005,2048,108350.04,1787804152.708
839,16.94,0.001424,0.00092979,2048,120897.28,1787804152.725
840,16.352,0.002581,0.00092953,2048,125248.45,1787804152.742
841,16.854,0.002364,0.00092926,2048,121516.34,1787804152.759
842,17.134,0.001429,0.000929,2048,119524.94,1787804152.776
843,19.012,0.002209,0.00092873,2048,107720.87,1787804152.795
844,19.613,0.0021,0.00092847,2048,104418.94,1787804152.815
845,18.667,0.001422,0.0009282,2048,109712.33,1787804152.834
846,17.629,0.001886,0.00092794,2048,116172.22,1787804152.852
847,16.681,0.003174,0.00092767,2048,122774.41,1787804152.869
848,18.564,0.002093,0.0009274,2048,110321.65,1787804152.887
849,18.881,0.002082,0.00092713,2048,108466.53,1787804152.907
850,18.896,0.001833,0.00092687,2048,108384.45,1787804152.925
851,19.741,0.002764,0.0009266,2048,103744.53,1787804152.945
852,17.128,0.001662,0.00092633,2048,119568.9,1787804152.962
853,21.887,0.001385,0.00092606,2048,93571.53,1787804152.985
854,19.111,0.002196,0.00092579,2048,107161.73,1787804153.004
855,17.134,0.002151,0.00092552,2048,119524.94,1787804153.021
856,16.457,0.001603,0.00092525,2048,124448.55,1787804153.038
857,17.293,0.001462,0.00092498,2048,118432.85,1787804153.055
858,18.072,0.00252,0.00092471,2048,113322.6,1787804153.074
859,20.4,0.002259,0.00092443,2048,100393.14,1787804153.094
860,20.053,0.001496,0.00092416,2048,102130.88,1787804153.114
861,16.583,0.002221,0.00092389,2048,123501.46,1787804153.131
862,16.526,0.001916,0.00092362,2048,123923.69,1787804153.148
863,17.201,0.001489,0.00092334,2048,119064.92,1787804153.165
864,17.644,0.001423,0.00092307,2048,116072.14,1787804153.183
865,19.01,0.001187,0.00092279,2048,107735.04,1787804153.203
866,26.764,0.001469,0.00092252,2048,76521.27,1787804153.23
867,16.696,0.001152,0.00092224,2048,122661.17,1787804153.247
868,16.245,0.001059,0.00092197,2048,126068.78,1787804153.263
869,16.367,0.000973,0.00092169,2048,125130.6,1787804153.28
870,19.475,0.001516,0.00092141,2048,105161.54,1787804153.299
871,22.764,0.000875,0.00092113,2048,89968.59,1787804153.322
872,23.698,0.001039,0.00092086,2048,86418.97,1787804153.346
873,24.233,0.00102,0.00092058,2048,84512.16,1787804153.37
874,20.205,0.00107,0.0009203,2048,101362.05,1787804153.391
875,18.633,0.001217,0.00092002,2048,109910.75,1787804153.41
876,18.684,0.001003,0.00091974,2048,109612.5,1787804153.429
877,19.361,0.001428,0.00091946,2048,105780.21,1787804153.448
878,20.234,0.000901,0.00091918,2048,101216.28,1787804153.469
879,19.966,0.00124,0.0009189,2048,102572.84,1787804153.489
880,19.057,0.00129,0.00091862,2048,107468.76,1787804153.508
881,19.239,0.001914,0.00091834,2048,106452.1,1787804153.528
882,20.309,0.001293,0.00091805,2048,100840.5,1787804153.548
883,18.958,0.001415,0.00091777,2048,108026.56,1787804153.567
884,19.437,0.001866,0.00091749,2048,105367.68,1787804153.587
885,21.362,0.000894,0.00091721,2048,95872.52,1787804153.609
886,22.971,0.001188,0.00091692,2048,89157.44,1787804153.632
887,17.819,0.001686,0.00091664,2048,114934.79,1787804153.65
888,20.567,0.001609,0.00091635,2048,99579.41,1787804153.671
889,24.9,0.000821,0.00091607,2048,82250.65,1787804153.696
890,29.28,0.004005,0.00091578,2048,69946.07,1787804153.726
891,20.015,0.001616,0.00091549,2048,102325.3,1787804153.746
892,35.795,0.000761,0.00091521,2048,57215.49,1787804153.782
893,20.899,0.001716,0.00091492,2048,97996.53,1787804153.803
894,39.53,0.001707,0.00091463,2048,51808.36,1787804153.843
895,47.666,0.001629,0.00091435,2048,42965.55,1787804153.891
896,18.843,0.001354,0.00091406,2048,108686.42,1787804153.91
897,19.284,0.000857,0.00091377,2048,106204.24,1787804153.929
898,16.413,0.001431,0.00091348,2048,124781.42,1787804153.946
899,17.22,0.002094,0.00091319,2048,118930.09,1787804153.963
900,19.402,0.001529,0.0009129,2048,105553.95,1787804153.983
901,20.486,0.001504,0.00091261,2048,99971.2,1787804154.004
902,19.217,0.001508,0.00091232,2048,106571.2,1787804154.023
903,17.597,0.001293,0.00091203,2048,116386.12,1787804154.041
904,16.977,0.001932,0.00091174,2048,120630.25,1787804154.058
905,18.726,0.001655,0.00091144,2048,109367.24,1787804154.077
906,17.051,0.003049,0.00091115,2048,120113.08,1787804154.094
907,23.804,0.001557,0.00091086,2048,86034.88,1787804154.118
908,20.872,0.001586,0.00091056,2048,98119.54,1787804154.14
909,23.686,0.001418,0.00091027,2048,86463.85,1787804154.163
910,17.506,0.001951,0.00090998,2048,116985.79,1787804154.181
911,23.716,0.001288,0.00090968,2048,86356.3,1787804154.205
912,19.295,0.001026,0.00090939,2048,106141.49,1787804154.224
913,17.872,0.002111,0.00090909,2048,114591.38,1787804154.242
914,17.876,0.00113,0.00090879,2048,114567.02,1787804154.26
915,16.393,0.00198,0.0009085,2048,124929.09,1787804154.277
916,16.653,0.002768,0.0009082,2048,122982.32,1787804154.294
917,20.486,0.001012,0.0009079,2048,99969.74,1787804154.314
918,18.056,0.001483,0.00090761,2048,113424.27,1787804154.333
919,16.775,0.003194,0.00090731,2048,122083.53,1787804154.35
920,16.565,0.001813,0.00090701,2048,123637.15,1787804154.366
921,17.176,0.000942,0.00090671,2048,119235.45,1787804154.385
922,18.439,0.001213,0.00090641,2048,111070.13,1787804154.403
923,24.803,0.001271,0.00090611,2048,82570.99,1787804154.428
924,22.247,0.001368,0.00090581,2048,92058.18,1787804154.451
925,20.013,0.000894,0.00090551,2048,102332.97,1787804154.471
926,30.357,0.001008,0.00090521,2048,67464.74,1787804154.501
927,20.107,0.001694,0.00090491,2048,101857.1,1787804154.522
928,19.79,0.002301,0.0009046,2048,103485.56,1787804154.542
929,20.002,0.002092,0.0009043,2048,102389.76,1787804154.562
930,20.08,0.000883,0.000904,2048,101993.56,1787804154.582
931,23.073,0.002842,0.0009037,2048,88761.76,1787804154.605
932,18.253,0.002104,0.00090339,2048,112203.19,1787804154.624
933,23.571,0.001075,0.00090309,2048,86888.27,1787804154.647
934,17.253,0.000854,0.00090278,2048,118701.93,1787804154.665
935,16.288,0.002014,0.00090248,2048,125733.65,1787804154.681
936,17.046,0.001872,0.00090217,2048,120144.78,1787804154.699
937,19.161,0.002158,0.00090187,2048,106882.1,1787804154.718
938,17.382,0.00173,0.00090156,2048,117819.65,1787804154.736
939,20.919,0.001531,0.00090126,2048,97902.37,1787804154.757
940,17.066,0.001332,0.00090095,2048,120002.58,1787804154.774
941,17.331,0.002967,0.00090064,2048,118172.48,1787804154.791
942,18.464,0.002928,0.00090033,2048,110915.54,1787804154.81
943,19.016,0.001414,0.00090002,2048,107697.65,1787804154.829
944,19.155,0.002224,0.00089972,2048,106915.02,1787804154.849
945,16.679,0.002194,0.00089941,2048,122786.93,1787804154.865
946,18.284,0.001174,0.0008991,2048,112009.89,1787804154.884
947,18.768,0.00141,0.00089879,2048,109120.75,1787804154.903
948,19.896,0.00168,0.00089848,2048,102932.68,1787804154.923
949,20.727,0.002025,0.00089817,2048,98806.41,1787804154.944
950,16.606,0.001074,0.00089785,2048,123325.95,1787804154.961
951,16.7,0.001249,0.00089754,2048,122636.93,1787804154.978
952,18.368,0.001461,0.00089723,2048,111496.44,1787804154.996
953,19.519,0.001235,0.00089692,2048,104923.95,1787804155.016
954,22.169,0.001501,0.00089661,2048,92380.84,1787804155.038
955,18.365,0.00158,0.00089629,2048,111517.69,1787804155.057
956,19.017,0.001587,0.00089598,2048,107691.98,1787804155.076
957,23.892,0.000942,0.00089566,2048,85717.99,1787804155.1
958,19.473,0.001215,0.00089535,2048,105172.34,1787804155.12
959,27.875,0.001356,0.00089504,2048,73471.12,1787804155.148
960,18.559,0.001178,0.00089472,2048,110351.37,1787804155.167
961,17.807,0.001476,0.0008944,2048,115009.01,1787804155.185
962,21.523,0.001035,0.00089409,2048,95155.79,1787804155.207
963,21.779,0.001098,0.00089377,2048,94034.68,1787804155.229
964,20.846,0.001177,0.00089345,2048,98242.38,1787804155.25
965,18.057,0.001556,0.00089314,2048,113416.73,1787804155.268
966,17.039,0.001071,0.00089282,2048,120192.03,1787804155.285
967,17.14,0.001526,0.0008925,2048,119490.07,1787804155.303
968,18.72,0.001032,0.00089218,2048,109402.29,1787804155.321
969,16.663,0.001259,0.00089186,2048,122908.51,1787804155.338
970,17.344,0.001932,0.00089154,2048,118078.46,1787804155.356
971,18.395,0.001316,0.00089122,2048,111332.18,1787804155.374
972,19.087,0.002839,0.0008909,2048,107299.85,1787804155.394
973,20.168,0.000981,0.00089058,2048,101544.99,1787804155.415
974,18.558,0.001165,0.00089026,2048,110357.31,1787804155.434
975,23.409,0.00104,0.00088994,2048,87489.21,1787804155.457
976,23.018,0.001145,0.00088962,2048,88975.01,1787804155.48
977,17.521,0.000679,0.0008893,2048,116886.3,1787804155.498
978,20.347,0.001588,0.00088897,2048,100653.66,1787804155.519
979,19.301,0.001477,0.00088865,2048,106110.69,1787804155.538
980,17.524,0.00092,0.00088833,2048,116870.96,1787804155.556
981,17.252,0.001142,0.000888,2048,118709.5,1787804155.574
982,15.674,0.000886,0.00088768,2048,130666.41,1787804155.589
983,20.129,0.000978,0.00088736,2048,101745.27,1787804155.61
984,18.36,0.000885,0.00088703,2048,111545.02,1787804155.628
985,19.433,0.001475,0.0008867,2048,105386.12,1787804155.648
986,17.415,0.000853,0.00088638,2048,117602.47,1787804155.666
987,17.858,0.000641,0.00088605,2048,114681.85,1787804155.684
988,17.156,0.00073,0.00088573,2048,119375.15,1787804155.701
989,17.758,0.001089,0.0008854,2048,115330.25,1787804155.719
990,17.436,0.000979,0.00088507,2048,117459.48,1787804155.736
991,17.003,0.000796,0.00088474,2048,120447.21,1787804155.753
992,18.076,0.000836,0.00088442,2048,113300.66,1787804155.772
993,17.635,0.000774,0.00088409,2048,116132.03,1787804155.79
994,17.37,0.000798,0.00088376,2048,117907.83,1787804155.807
995,17.869,0.001165,0.00088343,2048,114611.9,1787804155.825
996,17.763,0.000837,0.0008831,2048,115293.24,1787804155.843
997,18.318,0.001558,0.00088277,2048,111801.99,1787804155.862
998,22.826,0.000703,0.00088244,2048,89723.03,1787804155.885
999,20.799,0.001381,0.00088211,2048,98465.33,1787804155.906
1000,20.091,0.001989,0.00088177,2048,101934.67,1787804155.926
1001,16.777,0.001747,0.00088144,2048,122068.97,1787804155.944
1002,17.278,0.001152,0.00088111,2048,118535.67,1787804155.961
1003,16.881,0.00077,0.00088078,2048,121322.7,1787804155.978
1004,21.368,0.001985,0.00088045,2048,95845.6,1787804155.999
1005,18.998,0.00244,0.00088011,2048,107798.55,1787804156.019
1006,19.557,0.001153,0.00087978,2048,104717.4,1787804156.039
1007,17.833,0.001226,0.00087944,2048,114843.91,1787804156.057
1008,16.729,0.001853,0.00087911,2048,122422.14,1787804156.073
1009,17.447,0.000923,0.00087877,2048,117384.75,1787804156.091
1010,17.965,0.001012,0.00087844,2048,113998.81,1787804156.109
1011,24.098,0.001027,0.0008781,2048,84987.36,1787804156.134
1012,32.515,0.001262,0.00087777,2048,62987.28,1787804156.167
1013,25.265,0.001446,0.00087743,2048,81060.43,1787804156.192
1014,17.907,0.001063,0.00087709,2048,114371.24,1787804156.21
1015,19.276,0.001337,0.00087676,2048,106247.76,1787804156.23
1016,20.054,0.001418,0.00087642,2048,102121.72,1787804156.25
1017,25.989,0.001394,0.00087608,2048,78803.48,1787804156.276
1018,19.012,0.001004,0.00087574,2048,107720.31,1787804156.296
1019,27.292,0.001531,0.0008754,2048,75040.31,1787804156.323
1020,21.402,0.001086,0.00087506,2048,95689.76,1787804156.345
1021,19.465,0.00071,0.00087472,2048,105215.03,1787804156.364
1022,17.164,0.001778,0.00087438,2048,119316.03,1787804156.382
1023,16.131,0.001468,0.00087404,2048,126958.94,1787804156.398
1024,17.138,0.000984,0.0008737,2048,119502.62,1787804156.416
1025,18.725,0.001197,0.00087336,2048,109371.91,1787804156.434
1026,18.443,0.001094,0.00087302,2048,111047.25,1787804156.453
1027,18.944,0.001316,0.00087268,2048,108108.11,1787804156.472
1028,20.428,0.001035,0.00087234,2048,100253.57,1787804156.493
1029,27.725,0.000934,0.00087199,2048,73868.62,1787804156.521
1030,22.253,0.001016,0.00087165,2048,92033.78,1787804156.543
1031,18.028,0.001012,0.00087131,2048,113598.54,1787804156.562
1032,17.088,0.001532,0.00087096,2048,119852.29,1787804156.579
1033,16.798,0.001207,0.00087062,2048,121919.28,1787804156.596
1034,17.444,0.001268,0.00087027,2048,117406.28,1787804156.613
1035,20.056,0.002592,0.00086993,2048,102113.06,1787804156.634
1036,18.798,0.001614,0.00086958,2048,108946.6,1787804156.653
1037,17.501,0.001449,0.00086924,2048,117021.22,1787804156.67
1038,19.012,0.001478,0.00086889,2048,107720.31,1787804156.69
1039,22.046,0.001532,0.00086854,2048,92898.78,1787804156.712
1040,17.909,0.001192,0.0008682,2048,114358.46,1787804156.73
1041,17.22,0.001163,0.00086785,2048,118933.55,1787804156.747
1042,18.317,0.001388,0.0008675,2048,111806.87,1787804156.766
1043,28.45,0.000786,0.00086716,2048,71985.18,1787804156.795
1044,26.968,0.000691,0.00086681,2048,75942.98,1787804156.822
1045,18.627,0.001148,0.00086646,2048,109950.88,1787804156.841
1046,17.81,0.00185,0.00086611,2048,114991.58,1787804156.859
1047,17.726,0.000779,0.00086576,2048,115533.24,1787804156.877
1048,19.265,0.000669,0.00086541,2048,106308.98,1787804156.896
1049,21.552,0.001174,0.00086506,2048,95025.98,1787804156.918
1050,23.773,0.000931,0.00086471,2048,86147.43,1787804156.942
1051,17.906,0.001033,0.00086436,2048,114376.35,1787804156.96
1052,16.831,0.00094,0.00086401,2048,121679.51,1787804156.977
1053,17.925,0.000843,0.00086365,2048,114252.56,1787804156.995
1054,18.88,0.00075,0.0008633,2048,108473.43,1787804157.014
1055,18.491,0.000634,0.00086295,2048,110753.59,1787804157.033
1056,16.973,0.000948,0.0008626,2048,120659.39,1787804157.05
1057,16.613,0.000659,0.00086224,2048,123278.44,1787804157.067
1058,17.236,0.000764,0.00086189,2048,118821.76,1787804157.084
1059,17.139,0.000697,0.00086154,2048,119494.95,1787804157.102
1060,17.481,0.000752,0.00086118,2048,117156.44,1787804157.119
1061,19.525,0.000937,0.00086083,2048,104893.31,1787804157.139
1062,27.928,0.000993,0.00086047,2048,73332.47,1787804157.167
1063,21.933,0.000902,0.00086012,2048,93376.13,1787804157.189
1064,28.494,0.001425,0.00085976,2048,71874.28,1787804157.218
1065,18.294,0.001398,0.0008594,2048,111948.66,1787804157.237
1066,17.874,0.001298,0.00085905,2048,114577.27,1787804157.255
1067,20.725,0.001454,0.00085869,2048,98817.85,1787804157.276
1068,20.505,0.001176,0.00085833,2048,99877.1,1787804157.297
1069,18.989,0.001241,0.00085797,2048,107852.48,1787804157.316
1070,25.646,0.001284,0.00085762,2048,79856.2,1787804157.342
1071,22.157,0.001003,0.00085726,2048,92431.7,1787804157.364
1072,20.163,0.001,0.0008569,2048,101570.68,1787804157.384
1073,20.233,0.001766,0.00085654,2048,101218.28,1787804157.405
1074,25.043,0.001198,0.00085618,2048,81778.69,1787804157.43
1075,18.447,0.000698,0.00085582,2048,111021.97,1787804157.449
1076,16.92,0.001044,0.00085546,2048,121036.61,1787804157.466
1077,15.685,0.001013,0.0008551,2048,130572.27,1787804157.482
1078,17.605,0.001354,0.00085474,2048,116333.89,1787804157.5
1079,20.469,0.000914,0.00085438,2048,100053.74,1787804157.52
1080,20.324,0.000915,0.00085402,2048,100766.57,1787804157.541
1081,19.069,0.00159,0.00085365,2048,107401.7,1787804157.56
1082,23.108,0.001278,0.00085329,2048,88627.32,1787804157.584
1083,19.474,0.001124,0.00085293,2048,105167.48,1787804157.603
1084,19.593,0.00091,0.00085257,2048,104526.06,1787804157.623
1085,19.462,0.001349,0.0008522,2048,105229.62,1787804157.643
1086,19.971,0.000834,0.00085184,2048,102549.72,1787804157.663
1087,16.447,0.000803,0.00085147,2048,124517.4,1787804157.68
1088,16.797,0.000819,0.00085111,2048,121927.26,1787804157.697
1089,16.429,0.001191,0.00085074,2048,124656.1,1787804157.713
1090,22.145,0.000827,0.00085038,2048,92483.04,1787804157.736
1091,21.0,0.001673,0.00085001,2048,97523.81,1787804157.757
1092,18.032,0.001673,0.00084965,2048,113577.75,1787804157.775
1093,16.593,0.000992,0.00084928,2048,123425.54,1787804157.792
1094,17.858,0.001229,0.00084891,2048,114683.14,1787804157.81
1095,17.121,0.000779,0.00084855,2048,119621.98,1787804157.827
1096,22.652,0.001262,0.00084818,2048,90409.85,1787804157.85
1097,17.834,0.000712,0.00084781,2048,114839.4,1787804157.868
1098,17.196,0.000778,0.00084744,2048,119098.85,1787804157.885
1099,18.213,0.001791,0.00084707,2048,112446.54,1787804157.904
1100,16.196,0.001287,0.00084671,2048,126447.07,1787804157.921
1101,19.514,0.001083,0.00084634,2048,104949.75,1787804157.94
1102,18.625,0.001505,0.00084597,2048,109961.5,1787804157.959
1103,16.878,0.000529,0.0008456,2048,121343.55,1787804157.976
1104,20.078,0.000587,0.00084523,2048,102004.73,1787804157.996
1105,18.329,0.001043,0.00084486,2048,111733.06,1787804158.015
1106,20.211,0.000905,0.00084448,2048,101330.46,1787804158.035
1107,23.839,0.001032,0.00084411,2048,85910.0,1787804158.059
1108,19.916,0.001052,0.00084374,2048,102833.96,1787804158.079
1109,17.962,0.001221,0.00084337,2048,114018.48,1787804158.097
1110,19.083,0.001365,0.000843,2048,107323.46,1787804158.117
1111,17.974,0.000941,0.00084262,2048,113944.26,1787804158.135
1112,18.289,0.000851,0.00084225,2048,111977.43,1787804158.153
1113,17.828,0.000877,0.00084188,2048,114877.41,1787804158.171
1114,16.961,0.001385,0.0008415,2048,120745.46,1787804158.188
1115,17.403,0.001076,0.00084113,2048,117684.24,1787804158.206
1116,19.128,0.001157,0.00084076,2048,107070.41,1787804158.225
1117,19.853,0.000927,0.00084038,2048,103158.73,1787804158.246
1118,17.422,0.001584,0.00084001,2048,117555.22,1787804158.263
1119,18.406,0.001238,0.00083963,2048,111268.06,1787804158.282
1120,16.717,0.000859,0.00083925,2048,122512.22,1787804158.299
1121,20.208,0.001125,0.00083888,2048,101345.0,1787804158.319
1122,17.667,0.001129,0.0008385,2048,115919.06,1787804158.337
1123,18.471,0.00128,0.00083812,2048,110877.11,1787804158.356
1124,16.117,0.000953,0.00083775,2048,127072.37,1787804158.372
1125,18.077,0.000791,0.00083737,2048,113291.26,1787804158.39
1126,24.576,0.001546,0.00083699,2048,83331.98,1787804158.415
1127,22.072,0.00082,0.00083661,2048,92788.5,1787804158.437
1128,20.897,0.000868,0.00083624,2048,98002.15,1787804158.458
1129,17.935,0.000476,0.00083586,2048,114192.04,1787804158.477
1130,18.095,0.000784,0.00083548,2048,113181.69,1787804158.495
1131,18.762,0.000712,0.0008351,2048,109157.97,1787804158.514
1132,18.628,0.000523,0.00083472,2048,109943.79,1787804158.533
1133,20.631,0.000517,0.00083434,2048,99268.57,1787804158.553
1134,17.205,0.000952,0.00083396,2048,119037.24,1787804158.571
1135,16.678,0.000567,0.00083358,2048,122792.82,1787804158.588
1136,16.791,0.000563,0.00083319,2048,121967.2,1787804158.605
1137,18.184,0.000559,0.00083281,2048,112627.72,1787804158.623
1138,24.459,0.000777,0.00083243,2048,83732.99,1787804158.648
1139,18.566,0.002122,0.00083205,2048,110312.14,1787804158.667
1140,19.987,0.001029,0.00083167,2048,102464.55,1787804158.687
1141,19.467,0.000756,0.00083128,2048,105204.22,1787804158.707
1142,17.827,0.000692,0.0008309,2048,114879.34,1787804158.725
1143,19.031,0.000829,0.00083052,2048,107612.76,1787804158.744
1144,20.856,0.001822,0.00083013,2048,98195.28,1787804158.765
1145,20.102,0.001164,0.00082975,2048,101878.89,1787804158.786
1146,19.101,0.000993,0.00082936,2048,107220.08,1787804158.805
1147,18.119,0.000626,0.00082898,2048,113033.02,1787804158.823
1148,18.928,0.000943,0.00082859,2048,108199.49,1787804158.843
1149,22.508,0.000983,0.00082821,2048,90991.49,1787804158.865
1150,19.106,0.000949,0.00082782,2048,107192.58,1787804158.885
1151,30.466,0.000852,0.00082743,2048,67223.14,1787804158.915
1152,32.071,0.000693,0.00082705,2048,63858.71,1787804158.948
1153,17.622,0.000704,0.00082666,2048,116217.7,1787804158.966
1154,19.323,0.001287,0.00082627,2048,105986.59,1787804158.985
1155,19.1,0.000536,0.00082589,2048,107226.25,1787804159.004
1156,18.261,0.000613,0.0008255,2048,112152.81,1787804159.023
1157,17.295,0.001095,0.00082511,2048,118415.04,1787804159.04
1158,19.868,0.000588,0.00082472,2048,103079.29,1787804159.06
1159,16.801,0.000785,0.00082433,2048,121897.51,1787804159.077
1160,16.963,0.000498,0.00082394,2048,120733.36,1787804159.095
1161,16.558,0.000791,0.00082355,2048,123687.93,1787804159.111
1162,16.662,0.000556,0.00082316,2048,122916.63,1787804159.128
1163,17.237,0.000626,0.00082277,2048,118815.56,1787804159.146
1164,19.514,0.000538,0.00082238,2048,104949.75,1787804159.165
1165,16.426,0.000477,0.00082199,2048,124683.42,1787804159.182
1166,16.268,0.0006,0.0008216,2048,125888.22,1787804159.198
1167,18.488,0.00065,0.00082121,2048,110776.35,1787804159.217
1168,18.368,0.000532,0.00082082,2048,111500.69,1787804159.236
1169,19.99,0.000774,0.00082042,2048,102451.74,1787804159.256
1170,18.05,0.000615,0.00082003,2048,113461.98,1787804159.274
1171,17.431,0.000478,0.00081964,2048,117492.5,1787804159.292
1172,20.322,0.000546,0.00081925,2048,100777.98,1787804159.312
1173,21.618,0.000459,0.00081885,2048,94736.74,1787804159.334
1174,23.736,0.00143,0.00081846,2048,86283.89,1787804159.358
1175,24.328,0.000456,0.00081806,2048,84183.18,1787804159.383
1176,27.291,0.000614,0.00081767,2048,75044.15,1787804159.41
1177,36.222,0.000657,0.00081728,2048,56540.07,1787804159.447
1178,26.01,0.001171,0.00081688,2048,78738.95,1787804159.473
1179,53.74,0.000747,0.00081649,2048,38109.7,1787804159.527
1180,43.587,0.001137,0.00081609,2048,46986.81,1787804159.571
1181,18.635,0.000819,0.00081569,2048,109902.49,1787804159.59
1182,22.506,0.00309,0.0008153,2048,90996.34,1787804159.613
1183,24.49,0.000683,0.0008149,2048,83626.65,1787804159.638
1184,27.846,0.001648,0.0008145,2048,73546.58,1787804159.666
1185,22.042,0.003789,0.00081411,2048,92912.69,1787804159.688
1186,27.835,0.00061,0.00081371,2048,73576.17,1787804159.716
1187,27.51,0.001608,0.00081331,2048,74445.66,1787804159.744
1188,26.275,0.001482,0.00081291,2048,77943.92,1787804159.771
1189,24.94,0.001602,0.00081251,2048,82115.76,1787804159.796
1190,20.292,0.000995,0.00081211,2048,100924.98,1787804159.816
1191,18.11,0.00114,0.00081172,2048,113087.94,1787804159.835
1192,17.244,0.003215,0.00081132,2048,118767.33,1787804159.852
1193,19.141,0.00093,0.00081092,2048,106996.57,1787804159.871
1194,18.615,0.000857,0.00081052,2048,110019.39,1787804159.89
1195,19.722,0.001471,0.00081012,2048,103841.84,1787804159.91
1196,26.125,0.001083,0.00080972,2048,78393.84,1787804159.936
1197,24.113,0.001,0.00080931,2048,84934.14,1787804159.961
1198,19.229,0.001124,0.00080891,2048,106505.24,1787804159.98
1199,19.032,0.001275,0.00080851,2048,107605.98,1787804159.999
1200,17.35,0.001482,0.00080811,2048,118038.3,1787804160.017
1201,20.253,0.000835,0.00080771,2048,101122.82,1787804160.038
1202,19.079,0.001696,0.0008073,2048,107343.71,1787804160.057
1203,18.209,0.001548,0.0008069,2048,112473.71,1787804160.075
1204,22.102,0.001509,0.0008065,2048,92662.97,1787804160.098
1205,23.877,0.001141,0.0008061,2048,85771.12,1787804160.122
1206,17.489,0.000976,0.00080569,2048,117102.85,1787804160.139
1207,22.281,0.001086,0.00080529,2048,91918.12,1787804160.162
1208,21.569,0.001122,0.00080488,2048,94949.33,1787804160.184
1209,31.637,0.000864,0.00080448,2048,64734.53,1787804160.216
1210,28.189,0.000936,0.00080407,2048,72653.23,1787804160.245
1211,24.188,0.001616,0.00080367,2048,84670.43,1787804160.269
1212,24.085,0.000872,0.00080326,2048,85032.88,1787804160.293
1213,19.772,0.001478,0.00080286,2048,103580.82,1787804160.313
1214,32.904,0.001197,0.00080245,2048,62242.24,1787804160.346
1215,19.295,0.000768,0.00080204,2048,106140.94,1787804160.366
1216,30.516,0.001508,0.00080164,2048,67113.21,1787804160.396
1217,23.931,0.000631,0.00080123,2048,85578.66,1787804160.421
1218,17.513,0.001119,0.00080082,2048,116938.36,1787804160.439
1219,18.157,0.000907,0.00080041,2048,112794.58,1787804160.457
1220,18.59,0.000818,0.00080001,2048,110166.76,1787804160.476
1221,17.295,0.000601,0.0007996,2048,118412.99,1787804160.493
1222,22.621,0.000957,0.00079919,2048,90536.94,1787804160.516
1223,22.296,0.000899,0.00079878,2048,91855.87,1787804160.539
1224,26.535,0.000926,0.00079837,2048,77181.37,1787804160.566
1225,21.875,0.000812,0.00079796,2048,93620.72,1787804160.588
1226,20.208,0.000757,0.00079755,2048,101344.5,1787804160.608
1227,19.969,0.000872,0.00079714,2048,102561.53,1787804160.628
1228,20.197,0.000783,0.00079673,2048,101401.2,1787804160.649
1229,19.249,0.000565,0.00079632,2048,106396.8,1787804160.668
1230,19.872,0.000753,0.00079591,2048,103058.54,1787804160.688
1231,21.512,0.000716,0.0007955,2048,95200.91,1787804160.71
1232,33.262,0.000742,0.00079509,2048,61571.39,1787804160.744
1233,28.133,0.001088,0.00079468,2048,72795.78,1787804160.772
1234,32.767,0.000606,0.00079426,2048,62501.53,1787804160.805
1235,19.985,0.000915,0.00079385,2048,102475.83,1787804160.826
1236,20.099,0.000534,0.00079344,2048,101895.62,1787804160.846
1237,21.292,0.000891,0.00079303,2048,96187.26,1787804160.868
1238,19.724,0.000592,0.00079261,2048,103831.84,1787804160.888
1239,19.694,0.000559,0.0007922,2048,103991.06,1787804160.908
1240,19.485,0.000862,0.00079178,2048,105105.95,1787804160.928
1241,18.479,0.000918,0.00079137,2048,110826.71,1787804160.946
1242,18.768,0.001483,0.00079096,2048,109120.16,1787804160.965
1243,18.446,0.000974,0.00079054,2048,111024.97,1787804160.984
1244,16.909,0.001159,0.00079013,2048,121121.08,1787804161.001
1245,17.484,0.001071,0.00078971,2048,117139.02,1787804161.019
1246,17.988,0.000843,0.0007893,2048,113853.68,1787804161.037
1247,17.242,0.000638,0.00078888,2048,118776.97,1787804161.055
1248,16.939,0.00076,0.00078846,2048,120905.85,1787804161.072
1249,17.947,0.000893,0.00078805,2048,114115.69,1787804161.09
1250,16.73,0.001109,0.00078763,2048,122415.56,1787804161.107
1251,16.211,0.000523,0.00078721,2048,126333.97,1787804161.123
1252,17.757,0.000586,0.0007868,2048,115332.85,1787804161.141
1253,24.453,0.001306,0.00078638,2048,83752.85,1787804161.166
1254,21.081,0.000702,0.00078596,2048,97148.17,1787804161.187
1255,17.331,0.001176,0.00078554,2048,118166.34,1787804161.204
1256,15.932,0.000771,0.00078512,2048,128543.9,1787804161.221
1257,17.521,0.001167,0.00078471,2048,116890.31,1787804161.238
1258,16.774,0.000541,0.00078429,2048,122092.26,1787804161.255
1259,18.854,0.000656,0.00078387,2048,108624.74,1787804161.274
1260,22.63,0.000678,0.00078345,2048,90497.74,1787804161.297
1261,17.196,0.000534,0.00078303,2048,119098.16,1787804161.315
1262,18.658,0.000467,0.00078261,2048,109768.19,1787804161.333
1263,16.268,0.000954,0.00078219,2048,125891.32,1787804161.35
1264,17.966,0.001619,0.00078177,2048,113993.1,1787804161.368
1265,16.798,0.001471,0.00078135,2048,121917.82,1787804161.385
1266,20.411,0.001193,0.00078093,2048,100340.02,1787804161.406
1267,19.447,0.000841,0.0007805,2048,105312.41,1787804161.425
1268,18.66,0.000695,0.00078008,2048,109752.31,1787804161.444
1269,20.326,0.001689,0.00077966,2048,100760.13,1787804161.465
1270,18.838,0.002279,0.00077924,2048,108718.73,1787804161.484
1271,21.243,0.001315,0.00077882,2048,96407.32,1787804161.505
1272,23.488,0.001541,0.00077839,2048,87194.95,1787804161.529
1273,17.993,0.002207,0.00077797,2048,113819.51,1787804161.547
1274,25.057,0.001036,0.00077755,2048,81732.99,1787804161.572
1275,22.899,0.000748,0.00077712,2048,89437.39,1787804161.596
1276,22.628,0.001458,0.0007767,2048,90506.94,1787804161.618
1277,33.201,0.001021,0.00077627,2048,61684.89,1787804161.652
1278,18.879,0.000544,0.00077585,2048,108482.05,1787804161.671
1279,28.653,0.001146,0.00077542,2048,71476.44,1787804161.7
1280,16.494,0.001491,0.000775,2048,124164.86,1787804161.716
1281,16.297,0.001398,0.00077457,2048,125665.76,1787804161.733
1282,17.907,0.000693,0.00077415,2048,114367.41,1787804161.751
1283,18.736,0.000637,0.00077372,2048,109310.03,1787804161.77
1284,19.564,0.001211,0.0007733,2048,104683.67,1787804161.79
1285,19.542,0.00147,0.00077287,2048,104797.77,1787804161.809
1286,17.777,0.000906,0.00077244,2048,115203.74,1787804161.827
1287,17.065,0.000849,0.00077202,2048,120012.42,1787804161.845
1288,18.044,0.000875,0.00077159,2048,113502.85,1787804161.863
1289,18.501,0.001149,0.00077116,2048,110695.52,1787804161.882
1290,17.144,0.001011,0.00077074,2048,119461.49,1787804161.899
1291,16.874,0.001422,0.00077031,2048,121372.31,1787804161.916
1292,20.359,0.001609,0.00076988,2048,100596.8,1787804161.936
1293,17.108,0.001335,0.00076945,2048,119710.78,1787804161.954
1294,18.662,0.000614,0.00076902,2048,109741.72,1787804161.973
1295,16.81,0.001642,0.00076859,2048,121834.42,1787804161.99
1296,16.904,0.001471,0.00076816,2048,121154.04,1787804162.007
1297,17.315,0.001064,0.00076773,2048,118277.58,1787804162.024
1298,20.221,0.000732,0.00076731,2048,101278.34,1787804162.045
1299,24.201,0.001178,0.00076688,2048,84624.6,1787804162.069
1300,22.948,0.000931,0.00076644,2048,89246.03,1787804162.092
1301,16.565,0.000621,0.00076601,2048,123632.68,1787804162.11
1302,16.643,0.000622,0.00076558,2048,123054.74,1787804162.126
1303,16.999,0.000549,0.00076515,2048,120479.09,1787804162.143
1304,18.409,0.000457,0.00076472,2048,111249.33,1787804162.162
1305,22.283,0.000617,0.00076429,2048,91906.98,1787804162.184
1306,20.076,0.000479,0.00076386,2048,102013.37,1787804162.204
1307,17.282,0.00059,0.00076343,2048,118506.17,1787804162.222
1308,16.285,0.001483,0.00076299,2048,125760.67,1787804162.238
1309,17.347,0.000455,0.00076256,2048,118058.04,1787804162.256
1310,18.178,0.000722,0.00076213,2048,112665.52,1787804162.274
1311,19.063,0.000792,0.0007617,2048,107433.81,1787804162.294
1312,18.295,0.000888,0.00076126,2048,111940.71,1787804162.312
1313,25.79,0.000699,0.00076083,2048,79411.86,1787804162.339
1314,23.16,0.000634,0.00076039,2048,88426.8,1787804162.364
1315,24.438,0.000464,0.00075996,2048,83802.88,1787804162.389
1316,20.305,0.000436,0.00075953,2048,100860.37,1787804162.41
1317,27.35,0.000837,0.00075909,2048,74881.17,1787804162.437
1318,17.874,0.000741,0.00075866,2048,114578.55,1787804162.455
1319,18.361,0.000347,0.00075822,2048,111541.98,1787804162.474
1320,17.536,0.000789,0.00075779,2048,116790.99,1787804162.491
1321,22.864,0.00081,0.00075735,2048,89573.13,1787804162.514
1322,17.541,0.000895,0.00075692,2048,116753.7,1787804162.532
1323,17.71,0.000561,0.00075648,2048,115638.92,1787804162.55
1324,16.775,0.000434,0.00075604,2048,122083.53,1787804162.567
1325,17.955,0.000887,0.00075561,2048,114059.76,1787804162.585
1326,19.622,0.000959,0.00075517,2048,104372.64,1787804162.605
1327,16.93,0.000613,0.00075473,2048,120968.69,1787804162.622
1328,23.157,0.001281,0.0007543,2048,88441.69,1787804162.645
1329,26.809,0.000357,0.00075386,2048,76393.4,1787804162.672
1330,19.199,0.000653,0.00075342,2048,106669.44,1787804162.692
1331,17.95,0.000763,0.00075298,2048,114096.62,1787804162.71
1332,19.666,0.000673,0.00075254,2048,104140.18,1787804162.73
1333,17.993,0.001434,0.00075211,2048,113820.14,1787804162.748
1334,16.627,0.000703,0.00075167,2048,123176.12,1787804162.765
1335,18.19,0.000451,0.00075123,2048,112590.57,1787804162.784
1336,24.438,0.000355,0.00075079,2048,83802.88,1787804162.808
1337,19.427,0.000466,0.00075035,2048,105418.12,1787804162.828
1338,17.673,0.000343,0.00074991,2048,115881.02,1787804162.846
1339,22.012,0.001279,0.00074947,2048,93041.85,1787804162.868
1340,23.795,0.000689,0.00074903,2048,86068.14,1787804162.892
1341,17.779,0.000778,0.00074859,2048,115193.38,1787804162.91
1342,16.955,0.000862,0.00074815,2048,120787.48,1787804162.927
1343,15.56,0.000624,0.00074771,2048,131619.54,1787804162.943
1344,19.506,0.000612,0.00074727,2048,104994.95,1787804162.962
1345,18.777,0.000591,0.00074683,2048,109069.61,1787804162.981
1346,32.93,0.00147,0.00074638,2048,62192.15,1787804163.015
1347,18.268,0.001117,0.00074594,2048,112106.15,1787804163.033
1348,16.929,0.000586,0.0007455,2048,120974.41,1787804163.05
1349,16.524,0.001246,0.00074506,2048,123940.18,1787804163.067
1350,16.558,0.001357,0.00074462,2048,123684.19,1787804163.084
1351,19.791,0.000941,0.00074417,2048,103482.43,1787804163.104
1352,16.269,0.001511,0.00074373,2048,125880.49,1787804163.12
1353,17.149,0.000911,0.00074329,2048,119423.18,1787804163.138
1354,16.54,0.000745,0.00074284,2048,123821.79,1787804163.154
1355,15.78,0.000831,0.0007424,2048,129785.36,1787804163.17
1356,17.386,0.000834,0.00074196,2048,117793.22,1787804163.188
1357,16.865,0.000536,0.00074151,2048,121434.92,1787804163.205
1358,16.654,0.000441,0.00074107,2048,122975.67,1787804163.222
1359,16.921,0.000887,0.00074062,2048,121032.32,1787804163.239
1360,16.518,0.000953,0.00074018,2048,123987.46,1787804163.256
1361,16.17,0.000532,0.00073973,2048,126651.95,1787804163.272
1362,16.903,0.000692,0.00073929,2048,121161.92,1787804163.289
1363,25.236,0.000586,0.00073884,2048,81153.26,1787804163.314
1364,20.355,0.000618,0.0007384,2048,100614.1,1787804163.335
1365,26.084,0.000908,0.00073795,2048,78515.26,1787804163.361
1366,24.709,0.000812,0.0007375,2048,82885.79,1787804163.386
1367,19.685,0.000639,0.00073706,2048,104038.08,1787804163.406
1368,17.61,0.000731,0.00073661,2048,116298.88,1787804163.424
1369,16.906,0.000566,0.00073617,2048,121142.57,1787804163.441
1370,16.453,0.000754,0.00073572,2048,124479.56,1787804163.458
1371,16.011,0.000703,0.00073527,2048,127913.66,1787804163.474
1372,17.613,0.000984,0.00073482,2048,116279.07,1787804163.492
1373,20.473,0.000459,0.00073438,2048,100031.75,1787804163.513
1374,16.548,0.000855,0.00073393,2048,123764.17,1787804163.529
1375,16.953,0.000764,0.00073348,2048,120801.73,1787804163.546
1376,16.895,0.000753,0.00073303,2048,121217.14,1787804163.564
1377,16.662,0.002577,0.00073258,2048,122917.37,1787804163.58
1378,18.517,0.001026,0.00073213,2048,110599.28,1787804163.599
1379,17.065,0.000724,0.00073169,2048,120013.13,1787804163.616
1380,17.043,0.001655,0.00073124,2048,120163.11,1787804163.633
1381,17.391,0.000807,0.00073079,2048,117762.06,1787804163.651
1382,19.288,0.001301,0.00073034,2048,106182.21,1787804163.67
1383,24.18,0.001234,0.00072989,2048,84697.4,1787804163.695
1384,23.246,0.001835,0.00072944,2048,88101.94,1787804163.718
1385,20.283,0.001569,0.00072899,2048,100970.26,1787804163.739
1386,16.648,0.002131,0.00072854,2048,123017.04,1787804163.756
1387,17.186,0.001952,0.00072809,2048,119170.23,1787804163.773
1388,17.237,0.000713,0.00072763,2048,118816.25,1787804163.791
1389,18.531,0.001168,0.00072718,2048,110516.91,1787804163.809
1390,16.771,0.00244,0.00072673,2048,122115.56,1787804163.826
1391,16.609,0.001207,0.00072628,2048,123303.67,1787804163.844
1392,16.19,0.00124,0.00072583,2048,126499.4,1787804163.86
1393,16.143,0.001125,0.00072538,2048,126865.35,1787804163.876
1394,17.471,0.001072,0.00072492,2048,117220.14,1787804163.894
1395,19.231,0.002282,0.00072447,2048,106496.94,1787804163.913
1396,19.408,0.00117,0.00072402,2048,105524.04,1787804163.933
1397,17.428,0.001431,0.00072357,2048,117512.05,1787804163.95
1398,16.995,0.001202,0.00072311,2048,120507.45,1787804163.968
1399,16.915,0.001043,0.00072266,2048,121076.68,1787804163.985
1400,19.367,0.001299,0.00072221,2048,105745.25,1787804164.004
1401,30.13,0.001,0.00072175,2048,67971.67,1787804164.035
1402,16.049,0.002221,0.0007213,2048,127608.4,1787804164.051
1403,16.098,0.001983,0.00072085,2048,127221.56,1787804164.067
1404,17.935,0.001021,0.00072039,2048,114192.04,1787804164.085
1405,23.965,0.00073,0.00071994,2048,85459.39,1787804164.11
1406,19.103,0.001127,0.00071948,2048,107206.05,1787804164.129
1407,17.05,0.001857,0.00071903,2048,120117.3,1787804164.146
1408,27.644,0.001224,0.00071857,2048,74085.06,1787804164.174
1409,20.529,0.000846,0.00071812,2048,99760.34,1787804164.195
1410,21.677,0.001816,0.00071766,2048,94477.58,1787804164.217
1411,17.667,0.001411,0.00071721,2048,115924.97,1787804164.234
1412,17.283,0.001432,0.00071675,2048,118495.89,1787804164.252
1413,17.062,0.001416,0.00071629,2048,120032.82,1787804164.269
1414,17.498,0.000894,0.00071584,2048,117041.28,1787804164.287
1415,19.108,0.001162,0.00071538,2048,107179.68,1787804164.306
1416,19.766,0.00099,0.00071493,2048,103611.22,1787804164.326
1417,18.688,0.00067,0.00071447,2048,109589.04,1787804164.345
1418,15.795,0.000802,0.00071401,2048,129662.11,1787804164.361
1419,17.252,0.001273,0.00071355,2048,118709.5,1787804164.378
1420,19.934,0.0013,0.0007131,2048,102738.52,1787804164.398
1421,19.976,0.000864,0.00071264,2048,102520.97,1787804164.419
1422,17.902,0.001812,0.00071218,2048,114401.9,1787804164.437
1423,17.423,0.000678,0.00071172,2048,117543.07,1787804164.454
1424,16.99,0.000714,0.00071127,2048,120539.37,1787804164.472
1425,16.166,0.000876,0.00071081,2048,126689.55,1787804164.488
1426,17.977,0.001106,0.00071035,2048,113920.18,1787804164.506
1427,23.299,0.001006,0.00070989,2048,87901.52,1787804164.53
1428,58.051,0.001261,0.00070943,2048,35279.26,1787804164.588
1429,19.961,0.000448,0.00070897,2048,102599.04,1787804164.608
1430,17.598,0.000619,0.00070851,2048,116376.86,1787804164.626
1431,18.379,0.000638,0.00070805,2048,111430.92,1787804164.644
1432,18.586,0.000625,0.00070759,2048,110192.24,1787804164.663
1433,23.882,0.000422,0.00070713,2048,85754.24,1787804164.687
1434,20.601,0.00069,0.00070667,2048,99414.58,1787804164.708
1435,16.767,0.000611,0.00070621,2048,122143.23,1787804164.725
1436,16.348,0.001423,0.00070575,2048,125278.33,1787804164.742
1437,22.265,0.000654,0.00070529,2048,91981.28,1787804164.764
1438,17.649,0.000762,0.00070483,2048,116042.54,1787804164.782
1439,22.437,0.000919,0.00070437,2048,91278.61,1787804164.805
1440,16.591,0.000863,0.00070391,2048,123442.65,1787804164.822
1441,16.853,0.000789,0.00070345,2048,121519.95,1787804164.839
1442,16.667,0.001054,0.00070299,2048,122879.02,1787804164.856
1443,16.903,0.000839,0.00070252,2048,121159.77,1787804164.873
1444,17.416,0.000969,0.00070206,2048,117593.69,1787804164.891
1445,19.138,0.000429,0.0007016,2048,107012.23,1787804164.91
1446,19.201,0.000699,0.00070114,2048,106658.33,1787804164.93
1447,17.782,0.001835,0.00070068,2048,115174.59,1787804164.948
1448,16.458,0.001258,0.00070021,2048,124438.72,1787804164.964
1449,16.973,0.001293,0.00069975,2048,120661.52,1787804164.981
1450,18.613,0.001757,0.00069929,2048,110030.03,1787804165.0
1451,20.238,0.000954,0.00069882,2048,101197.77,1787804165.021
1452,24.308,0.0016,0.00069836,2048,84250.71,1787804165.045
1453,23.433,0.001197,0.0006979,2048,87398.49,1787804165.069
1454,16.406,0.001012,0.00069743,2048,124834.66,1787804165.085
1455,16.607,0.003139,0.00069697,2048,123318.52,1787804165.102
1456,20.805,0.001985,0.00069651,2048,98439.3,1787804165.123
1457,18.953,0.000832,0.00069604,2048,108057.34,1787804165.142
1458,17.448,0.002053,0.00069558,2048,117378.7,1787804165.16
1459,16.482,0.002072,0.00069511,2048,124254.5,1787804165.176
1460,17.194,0.001473,0.00069465,2048,119112.01,1787804165.194
1461,18.929,0.000568,0.00069418,2048,108193.78,1787804165.213
1462,22.956,0.000724,0.00069372,2048,89214.93,1787804165.236
1463,23.13,0.001762,0.00069325,2048,88544.17,1787804165.259
1464,23.429,0.002405,0.00069279,2048,87413.78,1787804165.283
1465,23.933,0.001497,0.00069232,2048,85573.29,1787804165.307
1466,16.574,0.000834,0.00069186,2048,123568.52,1787804165.324
1467,20.323,0.001157,0.00069139,2048,100771.53,1787804165.344
1468,17.94,0.001585,0.00069092,2048,114155.12,1787804165.363
1469,19.672,0.001454,0.00069046,2048,104107.89,1787804165.383
1470,17.769,0.001254,0.00068999,2048,115254.96,1787804165.401
1471,22.348,0.001119,0.00068952,2048,91642.54,1787804165.423
1472,16.193,0.001474,0.00068906,2048,126472.06,1787804165.439
1473,16.474,0.00351,0.00068859,2048,124314.09,1787804165.456
1474,17.631,0.00141,0.00068812,2048,116161.67,1787804165.474
1475,18.285,0.000878,0.00068766,2048,112003.15,1787804165.492
1476,21.514,0.000962,0.00068719,2048,95196.04,1787804165.514
1477,18.804,0.002081,0.00068672,2048,108911.26,1787804165.533
1478,17.354,0.001535,0.00068625,2048,118016.54,1787804165.551
1479,18.808,0.001425,0.00068579,2048,108889.26,1787804165.57
1480,16.718,0.000923,0.00068532,2048,122505.62,1787804165.587
1481,18.1,0.000803,0.00068485,2048,113150.42,1787804165.605
1482,17.744,0.001007,0.00068438,2048,115419.95,1787804165.623
1483,17.578,0.000834,0.00068391,2048,116506.62,1787804165.641
1484,16.798,0.000788,0.00068344,2048,121917.1,1787804165.658
1485,16.122,0.001385,0.00068297,2048,127030.6,1787804165.674
1486,17.201,0.000664,0.00068251,2048,119060.77,1787804165.691
1487,18.923,0.00076,0.00068204,2048,108229.23,1787804165.71
1488,18.69,0.000749,0.00068157,2048,109574.97,1787804165.729
1489,18.642,0.000881,0.0006811,2048,109860.05,1787804165.748
1490,17.365,0.000597,0.00068063,2048,117935.67,1787804165.766
1491,20.904,0.000924,0.00068016,2048,97974.02,1787804165.787
1492,19.455,0.001589,0.00067969,2048,105270.73,1787804165.806
1493,18.722,0.001048,0.00067922,2048,109391.78,1787804165.825
1494,17.529,0.000705,0.00067875,2048,116832.29,1787804165.843
1495,16.25,0.000982,0.00067828,2048,126029.22,1787804165.86
1496,16.117,0.001768,0.00067781,2048,127072.37,1787804165.876
1497,23.958,0.001365,0.00067734,2048,85481.86,1787804165.9
1498,20.574,0.001319,0.00067687,2048,99544.56,1787804165.921
1499,20.735,0.001096,0.00067639,2048,98770.2,1787804165.942
1500,17.612,0.003184,0.00067592,2048,116285.01,1787804165.96
1501,17.764,0.000917,0.00067545,2048,115289.35,1787804165.978
1502,17.488,0.001119,0.00067498,2048,117106.87,1787804165.995
1503,18.507,0.001138,0.00067451,2048,110662.03,1787804166.014
1504,26.912,0.001128,0.00067404,2048,76098.47,1787804166.041
1505,15.907,0.00317,0.00067356,2048,128747.54,1787804166.057
1506,16.483,0.001564,0.00067309,2048,124247.72,1787804166.074
1507,17.406,0.000701,0.00067262,2048,117663.96,1787804166.092
1508,18.242,0.001643,0.00067215,2048,112270.24,1787804166.11
1509,17.168,0.001604,0.00067168,2048,119288.23,1787804166.127
1510,17.878,0.00096,0.0006712,2048,114551.64,1787804166.145
1511,16.84,0.000618,0.00067073,2048,121612.31,1787804166.162
1512,20.099,0.000828,0.00067026,2048,101894.6,1787804166.183
1513,17.923,0.001092,0.00066978,2048,114268.5,1787804166.201
1514,17.554,0.002836,0.00066931,2048,116667.24,1787804166.219
1515,18.462,0.001087,0.00066884,2048,110933.56,1787804166.237
1516,16.728,0.001137,0.00066836,2048,122430.19,1787804166.254
1517,16.993,0.001397,0.00066789,2048,120519.51,1787804166.271
1518,20.001,0.001594,0.00066742,2048,102394.88,1787804166.292
1519,21.964,0.001831,0.00066694,2048,93242.22,1787804166.314
1520,24.764,0.001633,0.00066647,2048,82699.02,1787804166.339
1521,17.771,0.000933,0.00066599,2048,115241.34,1787804166.357
1522,16.516,0.001203,0.00066552,2048,123997.22,1787804166.374
1523,16.546,0.001084,0.00066505,2048,123775.39,1787804166.39
1524,18.537,0.000881,0.00066457,2048,110483.53,1787804166.409
1525,18.463,0.000751,0.0006641,2048,110926.95,1787804166.428
1526,18.439,0.001276,0.00066362,2048,111068.33,1787804166.446
1527,18.783,0.001334,0.00066315,2048,109037.09,1787804166.465
1528,17.096,0.001179,0.00066267,2048,119792.0,1787804166.483
1529,18.777,0.000649,0.0006622,2048,109070.77,1787804166.502
1530,19.632,0.000596,0.00066172,2048,104318.42,1787804166.521
1531,18.495,0.00075,0.00066124,2048,110730.24,1787804166.54
1532,17.324,0.001159,0.00066077,2048,118217.5,1787804166.558
1533,17.127,0.00098,0.00066029,2048,119580.07,1787804166.575
1534,16.185,0.001523,0.00065982,2048,126537.7,1787804166.591
1535,17.057,0.000965,0.00065934,2048,120066.6,1787804166.609
1536,16.532,0.001229,0.00065886,2048,123879.46,1787804166.625
1537,16.324,0.001017,0.00065839,2048,125460.22,1787804166.642
1538,18.686,0.001014,0.00065791,2048,109598.43,1787804166.661
1539,17.554,0.000832,0.00065744,2048,116670.56,1787804166.679
1540,18.391,0.001495,0.00065696,2048,111360.03,1787804166.698
1541,21.975,0.001297,0.00065648,2048,93198.51,1787804166.72
1542,20.714,0.000806,0.000656,2048,98870.33,1787804166.741
1543,16.489,0.001153,0.00065553,2048,124204.02,1787804166.758
1544,17.632,0.000736,0.00065505,2048,116153.77,1787804166.775
1545,18.278,0.001129,0.00065457,2048,112044.82,1787804166.794
1546,20.66,0.001025,0.0006541,2048,99129.23,1787804166.815
1547,22.889,0.00063,0.00065362,2048,89477.25,1787804166.838
1548,20.208,0.001091,0.00065314,2048,101346.0,1787804166.858
1549,23.517,0.000991,0.00065266,2048,87084.83,1787804166.882
1550,19.445,0.000701,0.00065218,2048,105323.79,1787804166.902
1551,18.559,0.000914,0.00065171,2048,110353.15,1787804166.921
1552,18.767,0.000896,0.00065123,2048,109125.4,1787804166.94
1553,17.363,0.000818,0.00065075,2048,117954.01,1787804166.957
1554,16.603,0.000805,0.00065027,2048,123351.2,1787804166.974
1555,17.519,0.000594,0.00064979,2048,116900.98,1787804166.992
1556,17.574,0.000903,0.00064931,2048,116532.48,1787804167.009
1557,19.06,0.000855,0.00064884,2048,107449.03,1787804167.029
1558,26.244,0.000821,0.00064836,2048,78038.07,1787804167.055
1559,17.343,0.000608,0.00064788,2048,118087.99,1787804167.073
1560,18.14,0.000655,0.0006474,2048,112901.54,1787804167.091
1561,17.676,0.000854,0.00064692,2048,115865.94,1787804167.109
1562,17.602,0.000679,0.00064644,2048,116349.75,1787804167.127
1563,16.85,0.000566,0.00064596,2048,121540.14,1787804167.144
1564,18.832,0.000662,0.00064548,2048,108748.75,1787804167.163
1565,17.45,0.000454,0.000645,2048,117361.21,1787804167.18
1566,19.183,0.000682,0.00064452,2048,106762.31,1787804167.2
1567,17.666,0.000579,0.00064404,2048,115926.93,1787804167.218
1568,20.409,0.000481,0.00064356,2048,100349.36,1787804167.238
1569,17.894,0.000568,0.00064308,2048,114454.97,1787804167.256
1570,17.371,0.00048,0.0006426,2048,117898.32,1787804167.274
1571,17.075,0.000428,0.00064212,2048,119943.54,1787804167.291
1572,16.148,0.000562,0.00064164,2048,126826.07,1787804167.307
1573,16.767,0.000885,0.00064116,2048,122143.96,1787804167.324
1574,22.837,0.000804,0.00064068,2048,89677.46,1787804167.348
1575,17.886,0.000482,0.0006402,2048,114504.24,1787804167.366
1576,17.41,0.000358,0.00063972,2048,117634.9,1787804167.383
1577,18.522,0.000351,0.00063923,2048,110570.62,1787804167.402
1578,17.364,0.000379,0.00063875,2048,117948.57,1787804167.419
1579,17.359,0.000379,0.00063827,2048,117982.54,1787804167.437
1580,17.223,0.000385,0.00063779,2048,118908.0,1787804167.454
1581,17.445,0.000612,0.00063731,2048,117400.23,1787804167.472
1582,16.594,0.000378,0.00063683,2048,123415.87,1787804167.489
1583,16.898,0.000403,0.00063635,2048,121198.49,1787804167.506
1584,17.808,0.000457,0.00063586,2048,115004.49,1787804167.524
1585,18.306,0.000626,0.00063538,2048,111878.33,1787804167.542
1586,17.519,0.000411,0.0006349,2048,116898.98,1787804167.56
1587,16.735,0.000395,0.00063442,2048,122379.71,1787804167.577
1588,16.7,0.000505,0.00063394,2048,122631.79,1787804167.594
1589,16.756,0.000347,0.00063345,2048,122224.87,1787804167.611
1590,17.866,0.000432,0.00063297,2048,114628.58,1787804167.629
1591,17.758,0.000507,0.00063249,2048,115330.25,1787804167.647
1592,17.085,0.000396,0.00063201,2048,119874.74,1787804167.664
1593,17.708,0.000518,0.00063152,2048,115653.29,1787804167.682
1594,17.167,0.000559,0.00063104,2048,119296.57,1787804167.7
1595,17.121,0.000561,0.00063056,2048,119617.78,1787804167.717
1596,17.937,0.000551,0.00063007,2048,114174.85,1787804167.735
1597,18.053,0.000507,0.00062959,2048,113442.49,1787804167.753
1598,17.261,0.000379,0.00062911,2048,118649.66,1787804167.77
1599,15.915,0.000687,0.00062863,2048,128685.25,1787804167.786
1600,17.672,0.000471,0.00062814,2048,115891.51,1787804167.804
1601,17.882,0.000431,0.00062766,2048,114526.65,1787804167.822
1602,20.921,0.000622,0.00062717,2048,97893.94,1787804167.843
1603,20.533,0.000578,0.00062669,2048,99739.94,1787804167.864
1604,18.176,0.00082,0.00062621,2048,112676.06,1787804167.883
1605,16.329,0.000488,0.00062572,2048,125424.87,1787804167.899
1606,16.698,0.000745,0.00062524,2048,122647.22,1787804167.916
1607,19.312,0.00086,0.00062476,2048,106046.95,1787804167.935
1608,19.391,0.00106,0.00062427,2048,105616.01,1787804167.955
1609,16.965,0.001066,0.00062379,2048,120720.55,1787804167.972
1610,20.401,0.000443,0.0006233,2048,100389.2,1787804167.993
1611,34.126,0.000944,0.00062282,2048,60013.6,1787804168.027
1612,23.372,0.001198,0.00062233,2048,87624.34,1787804168.051
1613,39.094,0.000819,0.00062185,2048,52386.69,1787804168.09
1614,17.468,0.000728,0.00062137,2048,117241.62,1787804168.108
1615,16.274,0.001012,0.00062088,2048,125847.23,1787804168.125
1616,16.791,0.000384,0.0006204,2048,121972.28,1787804168.142
1617,16.704,0.000855,0.00061991,2048,122607.57,1787804168.158
1618,17.496,0.000684,0.00061943,2048,117054.66,1787804168.176
1619,21.009,0.000337,0.00061894,2048,97483.42,1787804168.197
1620,17.669,0.000621,0.00061846,2048,115911.19,1787804168.215
1621,19.189,0.000462,0.00061797,2048,106727.26,1787804168.235
1622,17.39,0.000612,0.00061749,2048,117766.12,1787804168.252
1623,15.897,0.000458,0.000617,2048,128830.96,1787804168.268
1624,16.817,0.000696,0.00061651,2048,121778.63,1787804168.285
1625,17.039,0.00085,0.00061603,2048,120192.03,1787804168.303
1626,17.609,0.001062,0.00061554,2048,116301.52,1787804168.321
1627,18.747,0.000695,0.00061506,2048,109242.98,1787804168.339
1628,37.415,0.00073,0.00061457,2048,54737.4,1787804168.377
1629,21.153,0.000344,0.00061409,2048,96817.5,1787804168.398
1630,20.743,0.000653,0.0006136,2048,98730.67,1787804168.419
1631,19.907,0.000784,0.00061311,2048,102877.35,1787804168.44
1632,19.526,0.001022,0.00061263,2048,104888.48,1787804168.459
1633,17.213,0.000829,0.00061214,2048,118979.15,1787804168.477
1634,18.302,0.000624,0.00061166,2048,111901.56,1787804168.495
1635,16.966,0.000544,0.00061117,2048,120712.72,1787804168.512
1636,16.508,0.000827,0.00061068,2048,124058.81,1787804168.529
1637,19.505,0.000574,0.0006102,2048,104997.1,1787804168.549
1638,16.079,0.000523,0.00060971,2048,127369.52,1787804168.565
1639,16.58,0.00088,0.00060922,2048,123521.57,1787804168.582
1640,16.842,0.000768,0.00060874,2048,121602.2,1787804168.599
1641,16.93,0.000321,0.00060825,2048,120969.41,1787804168.616
1642,17.114,0.000412,0.00060776,2048,119668.11,1787804168.633
1643,18.237,0.000342,0.00060728,2048,112300.4,1787804168.652
1644,17.457,0.000433,0.00060679,2048,117315.49,1787804168.669
1645,15.791,0.000423,0.0006063,2048,129694.95,1787804168.685
1646,16.862,0.00046,0.00060582,2048,121453.65,1787804168.702
1647,17.256,0.00042,0.00060533,2048,118686.79,1787804168.72
1648,18.083,0.000439,0.00060484,2048,113256.17,1787804168.738
1649,19.313,0.000407,0.00060435,2048,106042.56,1787804168.758
1650,17.196,0.000488,0.00060387,2048,119094.69,1787804168.775
1651,16.667,0.000284,0.00060338,2048,122875.33,1787804168.792
1652,17.212,0.000316,0.00060289,2048,118988.83,1787804168.809
1653,17.283,0.000467,0.0006024,2048,118497.26,1787804168.827
1654,20.836,0.000758,0.00060192,2048,98289.06,1787804168.848
1655,18.919,0.000302,0.00060143,2048,108251.54,1787804168.868
1656,26.824,0.000515,0.00060094,2048,76350.11,1787804168.894
1657,29.408,0.000744,0.00060045,2048,69639.73,1787804168.924
1658,20.9,0.000337,0.00059997,2048,97990.9,1787804168.946
1659,19.76,0.000784,0.00059948,2048,103643.73,1787804168.966
1660,17.275,0.000418,0.00059899,2048,118551.45,1787804168.983
1661,16.571,0.000327,0.0005985,2048,123585.67,1787804169.0
1662,16.659,0.000262,0.00059801,2048,122939.5,1787804169.017
1663,21.317,0.000729,0.00059753,2048,96072.2,1787804169.038
1664,20.008,0.000546,0.00059704,2048,102358.54,1787804169.058
1665,18.72,0.000411,0.00059655,2048,109404.05,1787804169.077
1666,16.129,0.000532,0.00059606,2048,126977.83,1787804169.094
1667,16.832,0.000656,0.00059557,2048,121673.73,1787804169.111
1668,17.299,0.00041,0.00059508,2048,118389.03,1787804169.128
1669,20.644,0.000423,0.0005946,2048,99206.54,1787804169.149
1670,17.099,0.000449,0.00059411,2048,119770.99,1787804169.166
1671,16.551,0.000684,0.00059362,2048,123742.48,1787804169.183
1672,16.549,0.000316,0.00059313,2048,123754.45,1787804169.2
1673,16.992,0.000408,0.00059264,2048,120524.47,1787804169.217
1674,17.788,0.000325,0.00059215,2048,115130.56,1787804169.235
1675,24.211,0.000397,0.00059166,2048,84588.25,1787804169.259
1676,17.249,0.000413,0.00059118,2048,118734.27,1787804169.277
1677,16.469,0.000343,0.00059069,2048,124355.6,1787804169.294
1678,17.177,0.000355,0.0005902,2048,119227.12,1787804169.311
1679,18.12,0.000511,0.00058971,2048,113023.03,1787804169.329
1680,19.578,0.000452,0.00058922,2048,104609.35,1787804169.349
1681,17.433,0.000764,0.00058873,2048,117479.69,1787804169.367
1682,17.282,0.000421,0.00058824,2048,118506.17,1787804169.384
1683,17.665,0.000881,0.00058775,2048,115934.81,1787804169.402
1684,23.02,0.000457,0.00058726,2048,88966.5,1787804169.425
1685,19.597,0.000403,0.00058677,2048,104507.39,1787804169.445
1686,21.455,0.000545,0.00058629,2048,95455.6,1787804169.467
1687,18.901,0.000384,0.0005858,2048,108356.35,1787804169.486
1688,17.02,0.000522,0.00058531,2048,120331.15,1787804169.503
1689,16.53,0.000823,0.00058482,2048,123899.69,1787804169.52
1690,17.082,0.000419,0.00058433,2048,119895.09,1787804169.537
1691,19.777,0.000313,0.00058384,2048,103554.63,1787804169.557
1692,17.985,0.000407,0.00058335,2048,113875.2,1787804169.575
1693,16.982,0.000416,0.00058286,2048,120601.12,1787804169.592
1694,17.02,0.000249,0.00058237,2048,120332.56,1787804169.61
1695,16.44,0.000691,0.00058188,2048,124571.94,1787804169.626
1696,18.402,0.000456,0.00058139,2048,111291.04,1787804169.645
1697,19.893,0.000263,0.0005809,2048,102951.3,1787804169.665
1698,19.43,0.000293,0.00058041,2048,105403.47,1787804169.684
1699,17.206,0.00045,0.00057992,2048,119028.94,1787804169.702
1700,19.142,0.000454,0.00057943,2048,106988.19,1787804169.721
1701,19.409,0.00027,0.00057894,2048,105518.6,1787804169.741
1702,18.418,0.000515,0.00057845,2048,111193.76,1787804169.759
1703,18.718,0.000264,0.00057796,2048,109414.57,1787804169.778
1704,16.773,0.000536,0.00057747,2048,122099.54,1787804169.795
1705,17.04,0.000461,0.00057698,2048,120187.09,1787804169.812
1706,19.949,0.000728,0.00057649,2048,102663.33,1787804169.832
1707,22.21,0.000603,0.000576,2048,92209.47,1787804169.855
1708,20.98,0.000394,0.00057551,2048,97618.17,1787804169.876
1709,19.231,0.000371,0.00057502,2048,106496.94,1787804169.895
1710,21.34,0.000322,0.00057453,2048,95971.81,1787804169.917
1711,15.211,0.000563,0.00057404,2048,134640.29,1787804169.932
1712,15.446,0.000414,0.00057355,2048,132594.4,1787804169.948
1713,18.528,0.000727,0.00057306,2048,110534.81,1787804169.966
1714,16.767,0.000412,0.00057257,2048,122143.23,1787804169.983
1715,16.155,0.00038,0.00057208,2048,126771.9,1787804170.0
1716,24.447,0.000647,0.00057159,2048,83773.06,1787804170.025
1717,26.805,0.000426,0.0005711,2048,76402.8,1787804170.052
1718,16.643,0.000958,0.00057061,2048,123054.0,1787804170.069
1719,16.041,0.000645,0.00057012,2048,127675.23,1787804170.085
1720,15.779,0.000711,0.00056963,2048,129791.94,1787804170.101
1721,17.382,0.000602,0.00056914,2048,117824.39,1787804170.118
1722,16.286,0.000328,0.00056865,2048,125750.64,1787804170.135
1723,19.249,0.000466,0.00056816,2048,106397.9,1787804170.154
1724,17.842,0.000712,0.00056767,2048,114787.27,1787804170.172
1725,15.452,0.000989,0.00056718,2048,132536.9,1787804170.188
1726,15.103,0.000802,0.00056669,2048,135606.69,1787804170.203
1727,23.777,0.000325,0.0005662,2048,86133.66,1787804170.227
1728,23.36,0.000415,0.0005657,2048,87672.36,1787804170.25
1729,25.786,0.000475,0.00056521,2048,79422.63,1787804170.276
1730,29.636,0.000708,0.00056472,2048,69104.21,1787804170.306
1731,17.953,0.000742,0.00056423,2048,114075.01,1787804170.324
1732,29.627,0.000569,0.00056374,2048,69127.07,1787804170.354
1733,18.573,0.000492,0.00056325,2048,110266.41,1787804170.373
1734,15.343,0.000497,0.00056276,2048,133479.33,1787804170.389
1735,15.849,0.00031,0.00056227,2048,129222.77,1787804170.405
1736,15.239,0.000323,0.00056178,2048,134390.26,1787804170.42
1737,14.966,0.000539,0.00056129,2048,136845.34,1787804170.435
1738,16.646,0.000274,0.0005608,2048,123032.56,1787804170.452
1739,22.003,0.000336,0.00056031,2048,93077.37,1787804170.474
1740,16.067,0.000249,0.00055982,2048,127463.86,1787804170.49
1741,15.25,0.00032,0.00055933,2048,134293.32,1787804170.506
1742,14.862,0.00043,0.00055884,2048,137805.74,1787804170.521
1743,14.995,0.000646,0.00055834,2048,136579.77,1787804170.536
1744,16.525,0.000465,0.00055785,2048,123935.68,1787804170.553
1745,28.682,0.000456,0.00055736,2048,71403.42,1787804170.581
1746,31.935,0.0007,0.00055687,2048,64130.26,1787804170.614
1747,28.379,0.000823,0.00055638,2048,72167.06,1787804170.642
1748,16.528,0.000771,0.00055589,2048,123909.44,1787804170.659
1749,20.272,0.000882,0.0005554,2048,101024.05,1787804170.679
1750,15.151,0.00074,0.00055491,2048,135172.6,1787804170.695
1751,15.153,0.001003,0.00055442,2048,135158.32,1787804170.71
1752,14.653,0.000913,0.00055393,2048,139769.46,1787804170.725
1753,15.13,0.000461,0.00055344,2048,135364.68,1787804170.74
1754,19.831,0.001378,0.00055295,2048,103271.61,1787804170.76
1755,17.604,0.000696,0.00055245,2048,116338.52,1787804170.778
1756,15.706,0.000681,0.00055196,2048,130392.71,1787804170.794
1757,15.043,0.001488,0.00055147,2048,136143.06,1787804170.809
1758,15.273,0.000382,0.00055098,2048,134089.33,1787804170.824
1759,15.416,0.000484,0.00055049,2048,132850.71,1787804170.84
1760,19.947,0.000306,0.00055,2048,102673.11,1787804170.86
1761,28.165,0.000295,0.00054951,2048,72715.39,1787804170.889
1762,29.232,0.00029,0.00054902,2048,70059.97,1787804170.918
1763,27.019,0.000321,0.00054853,2048,75799.07,1787804170.945
1764,21.031,0.000451,0.00054804,2048,97377.74,1787804170.966
1765,16.019,0.000864,0.00054755,2048,127847.38,1787804170.983
1766,15.554,0.000486,0.00054705,2048,131673.7,1787804170.999
1767,15.948,0.000445,0.00054656,2048,128414.94,1787804171.015
1768,16.293,0.000937,0.00054607,2048,125697.38,1787804171.032
1769,15.874,0.000464,0.00054558,2048,129020.06,1787804171.048
1770,16.734,0.000444,0.00054509,2048,122386.29,1787804171.065
1771,15.357,0.0008,0.0005446,2048,133361.12,1787804171.08
1772,15.872,0.000615,0.00054411,2048,129033.07,1787804171.096
1773,16.159,0.000767,0.00054362,2048,126737.38,1787804171.112
1774,15.346,0.000448,0.00054313,2048,133458.45,1787804171.128
1775,19.132,0.000706,0.00054264,2048,107044.11,1787804171.147
1776,16.776,0.000658,0.00054215,2048,122078.43,1787804171.164
1777,17.776,0.000424,0.00054166,2048,115214.11,1787804171.182
1778,26.205,0.00052,0.00054116,2048,78153.32,1787804171.208
1779,24.003,0.000585,0.00054067,2048,85321.25,1787804171.232
1780,23.033,0.000883,0.00054018,2048,88914.36,1787804171.256
1781,15.888,0.000655,0.00053969,2048,128900.69,1787804171.272
1782,15.708,0.000283,0.0005392,2048,130382.75,1787804171.288
1783,14.699,0.000297,0.00053871,2048,139330.15,1787804171.303
1784,14.964,0.000625,0.00053822,2048,136864.55,1787804171.318
1785,18.317,0.000481,0.00053773,2048,111806.26,1787804171.336
1786,15.8,0.000848,0.00053724,2048,129619.43,1787804171.352
1787,19.565,0.000287,0.00053675,2048,104675.65,1787804171.372
1788,16.54,0.000719,0.00053626,2048,123817.3,1787804171.389
1789,15.501,0.001053,0.00053577,2048,132117.95,1787804171.404
1790,15.962,0.000534,0.00053528,2048,128303.12,1787804171.42
1791,15.62,0.000438,0.00053479,2048,131113.96,1787804171.436
1792,15.665,0.000812,0.0005343,2048,130737.31,1787804171.452
1793,17.261,0.00037,0.0005338,2048,118648.29,1787804171.469
1794,16.868,0.000811,0.00053331,2048,121416.21,1787804171.486
1795,15.693,0.000414,0.00053282,2048,130503.21,1787804171.502
1796,15.964,0.000292,0.00053233,2048,128288.65,1787804171.518
1797,15.706,0.000298,0.00053184,2048,130396.86,1787804171.534
1798,15.137,0.00027,0.00053135,2048,135297.62,1787804171.55
1799,16.78,0.000418,0.00053086,2048,122050.06,1787804171.567
1800,16.684,0.000491,0.00053037,2048,122750.87,1787804171.583
1801,16.584,0.000241,0.00052988,2048,123491.78,1787804171.6
1802,27.952,0.000335,0.00052939,2048,73269.77,1787804171.628
1803,25.097,0.000295,0.0005289,2048,81603.7,1787804171.654
1804,21.0,0.000342,0.00052841,2048,97522.42,1787804171.675
1805,16.334,0.000252,0.00052792,2048,125381.87,1787804171.691
1806,15.126,0.000236,0.00052743,2048,135394.22,1787804171.707
1807,16.661,0.000253,0.00052694,2048,122924.74,1787804171.723
1808,15.783,0.000276,0.00052645,2048,129755.76,1787804171.739
1809,15.625,0.000452,0.00052596,2048,131069.48,1787804171.755
1810,16.537,0.000293,0.00052547,2048,123841.26,1787804171.772
1811,16.258,0.000254,0.00052498,2048,125967.2,1787804171.788
1812,15.788,0.000294,0.00052449,2048,129720.42,1787804171.804
1813,15.984,0.00027,0.000524,2048,128130.53,1787804171.82
1814,15.758,0.00027,0.00052351,2048,129965.73,1787804171.836
1815,15.648,0.00027,0.00052302,2048,130882.69,1787804171.852
1816,19.882,0.000277,0.00052253,2048,103007.23,1787804171.872
1817,20.862,0.000269,0.00052204,2048,98167.04,1787804171.893
1818,25.058,0.000279,0.00052155,2048,81731.36,1787804171.918
1819,15.115,0.000361,0.00052106,2048,135494.54,1787804171.934
1820,15.229,0.000404,0.00052057,2048,134479.38,1787804171.95
1821,17.514,0.000311,0.00052008,2048,116933.02,1787804171.967
1822,24.859,0.000411,0.00051959,2048,82384.98,1787804171.992
1823,16.394,0.000257,0.0005191,2048,124921.47,1787804172.008
1824,15.357,0.00026,0.00051861,2048,133355.91,1787804172.024
1825,15.514,0.00027,0.00051812,2048,132009.8,1787804172.04
1826,19.087,0.000524,0.00051763,2048,107296.47,1787804172.059
1827,16.443,0.000519,0.00051714,2048,124548.45,1787804172.076
1828,16.0,0.000287,0.00051665,2048,128002.4,1787804172.092
1829,15.689,0.000279,0.00051616,2048,130537.32,1787804172.108
1830,16.035,0.000428,0.00051567,2048,127718.22,1787804172.124
1831,17.275,0.000389,0.00051518,2048,118549.39,1787804172.142
1832,16.883,0.000356,0.00051469,2048,121304.74,1787804172.159
1833,16.416,0.000256,0.0005142,2048,124758.62,1787804172.176
1834,15.682,0.000659,0.00051371,2048,130596.42,1787804172.191
1835,16.011,0.000608,0.00051323,2048,127912.06,1787804172.208
1836,15.733,0.000953,0.00051274,2048,130173.08,1787804172.223
1837,15.656,0.000882,0.00051225,2048,130811.63,1787804172.239
1838,15.722,0.000396,0.00051176,2048,130265.81,1787804172.255
1839,17.766,0.000609,0.00051127,2048,115273.78,1787804172.273
1840,15.591,0.001076,0.00051078,2048,131354.46,1787804172.289
1841,15.347,0.000537,0.00051029,2048,133447.14,1787804172.305
1842,15.101,0.000571,0.0005098,2048,135617.46,1787804172.32
1843,21.448,0.000483,0.00050931,2048,95488.09,1787804172.341
1844,16.496,0.000956,0.00050882,2048,124149.05,1787804172.358
1845,16.174,0.000411,0.00050834,2048,126620.63,1787804172.374
1846,14.968,0.000722,0.00050785,2048,136822.48,1787804172.39
1847,24.62,0.000754,0.00050736,2048,83184.4,1787804172.414
1848,16.979,0.001038,0.00050687,2048,120621.01,1787804172.431
1849,16.523,0.000276,0.00050638,2048,123950.69,1787804172.448
1850,16.971,0.000765,0.00050589,2048,120680.0,1787804172.465
1851,16.302,0.00109,0.0005054,2048,125625.67,1787804172.482
1852,15.314,0.000328,0.00050492,2048,133734.71,1787804172.497
1853,15.42,0.000942,0.00050443,2048,132812.8,1787804172.513
1854,15.199,0.000536,0.00050394,2048,134746.59,1787804172.528
1855,15.01,0.000782,0.00050345,2048,136441.46,1787804172.543
1856,15.738,0.000965,0.00050296,2048,130131.72,1787804172.559
1857,16.588,0.000518,0.00050247,2048,123463.49,1787804172.576
1858,15.671,0.00048,0.00050199,2048,130688.09,1787804172.592
1859,16.043,0.000371,0.0005015,2048,127659.31,1787804172.608
1860,15.145,0.000594,0.00050101,2048,135221.68,1787804172.623
1861,15.337,0.000462,0.00050052,2048,133529.8,1787804172.639
1862,15.442,0.000663,0.00050003,2048,132627.88,1787804172.655
1863,15.871,0.001116,0.00049955,2048,129039.57,1787804172.671
1864,16.776,0.000658,0.00049906,2048,122079.16,1787804172.687
1865,16.084,0.000436,0.00049857,2048,127329.13,1787804172.704
1866,17.264,0.000669,0.00049808,2048,118631.8,1787804172.721
1867,17.161,0.000558,0.0004976,2048,119340.37,1787804172.738
1868,15.962,0.000915,0.00049711,2048,128307.94,1787804172.755
1869,16.207,0.000599,0.00049662,2048,126365.93,1787804172.771
1870,15.307,0.000375,0.00049613,2048,133795.87,1787804172.786
1871,15.813,0.000542,0.00049565,2048,129514.51,1787804172.802
1872,15.637,0.000295,0.00049516,2048,130967.23,1787804172.818
1873,15.276,0.000377,0.00049467,2048,134069.14,1787804172.834
1874,15.959,0.000306,0.00049418,2048,128325.63,1787804172.85
1875,18.181,0.000296,0.0004937,2048,112648.17,1787804172.868
1876,17.472,0.000353,0.00049321,2048,117213.43,1787804172.885
1877,17.009,0.000242,0.00049272,2048,120404.72,1787804172.903
1878,38.748,0.000642,0.00049224,2048,52854.48,1787804172.942
1879,16.082,0.00096,0.00049175,2048,127344.18,1787804172.958
1880,29.358,0.00028,0.00049126,2048,69760.0,1787804172.988
1881,22.278,0.000337,0.00049078,2048,91930.91,1787804173.01
1882,20.795,0.000439,0.00049029,2048,98487.11,1787804173.031
1883,15.633,0.000409,0.0004898,2048,131008.28,1787804173.047
1884,17.085,0.000357,0.00048932,2048,119874.04,1787804173.064
1885,17.236,0.000309,0.00048883,2048,118823.83,1787804173.082
1886,18.567,0.000732,0.00048834,2048,110301.44,1787804173.101
1887,32.807,0.000479,0.00048786,2048,62426.08,1787804173.134
1888,16.157,0.000253,0.00048737,2048,126760.13,1787804173.15
1889,16.561,0.000212,0.00048689,2048,123667.02,1787804173.167
1890,20.408,0.000415,0.0004864,2048,100350.84,1787804173.187
1891,16.601,0.000484,0.00048591,2048,123368.29,1787804173.204
1892,17.529,0.000444,0.00048543,2048,116837.62,1787804173.222
1893,18.582,0.000249,0.00048494,2048,110212.41,1787804173.241
1894,29.749,0.000309,0.00048446,2048,68841.49,1787804173.271
1895,20.048,0.000329,0.00048397,2048,102154.32,1787804173.291
1896,17.75,0.000426,0.00048349,2048,115379.63,1787804173.309
1897,20.472,0.000218,0.000483,2048,100037.61,1787804173.33
1898,18.656,0.000374,0.00048251,2048,109777.6,1787804173.348
1899,15.66,0.000231,0.00048203,2048,130777.38,1787804173.364
1900,17.6,0.000384,0.00048154,2048,116365.62,1787804173.382
1901,17.404,0.000373,0.00048106,2048,117675.45,1787804173.399
1902,18.184,0.00033,0.00048057,2048,112625.25,1787804173.418
1903,16.559,0.000788,0.00048009,2048,123675.98,1787804173.434
1904,17.626,0.000361,0.0004796,2048,116189.35,1787804173.452
1905,17.447,0.000552,0.00047912,2048,117384.75,1787804173.47
1906,16.681,0.000498,0.00047863,2048,122778.09,1787804173.487
1907,17.0,0.000438,0.00047815,2048,120469.17,1787804173.504
1908,16.319,0.000623,0.00047767,2048,125496.35,1787804173.52
1909,17.059,0.000406,0.00047718,2048,120054.63,1787804173.538
1910,16.734,0.000876,0.0004767,2048,122384.1,1787804173.555
1911,17.23,0.000378,0.00047621,2048,118859.69,1787804173.572
1912,18.432,0.000568,0.00047573,2048,111109.3,1787804173.591
1913,22.909,0.000608,0.00047524,2048,89398.74,1787804173.614
1914,19.711,0.000447,0.00047476,2048,103901.37,1787804173.633
1915,15.009,0.000746,0.00047428,2048,136455.1,1787804173.649
1916,15.063,0.000638,0.00047379,2048,135961.39,1787804173.664
1917,17.862,0.00024,0.00047331,2048,114654.89,1787804173.682
1918,18.197,0.000291,0.00047283,2048,112545.41,1787804173.7
1919,17.242,0.000649,0.00047234,2048,118776.97,1787804173.718
1920,17.625,0.000755,0.00047186,2048,116199.24,1787804173.736
1921,16.327,0.000373,0.00047137,2048,125437.93,1787804173.752
1922,16.653,0.000217,0.00047089,2048,122980.11,1787804173.769
1923,18.097,0.000517,0.00047041,2048,113167.93,1787804173.787
1924,20.943,0.000622,0.00046993,2048,97789.24,1787804173.808
1925,17.235,0.000265,0.00046944,2048,118827.97,1787804173.826
1926,15.928,0.000254,0.00046896,2048,128576.18,1787804173.842
1927,15.789,0.000208,0.00046848,2048,129709.74,1787804173.858
1928,15.705,0.00034,0.00046799,2048,130405.16,1787804173.874
1929,17.35,0.000383,0.00046751,2048,118036.94,1787804173.891
1930,16.668,0.000273,0.00046703,2048,122870.91,1787804173.908
1931,17.175,0.000219,0.00046655,2048,119242.39,1787804173.925
1932,15.711,0.000224,0.00046606,2048,130354.53,1787804173.941
1933,18.017,0.000224,0.00046558,2048,113669.16,1787804173.959
1934,19.118,0.000209,0.0004651,2048,107123.06,1787804173.979
1935,16.762,0.000223,0.00046462,2048,122178.94,1787804173.996
1936,16.203,0.000203,0.00046414,2048,126394.01,1787804174.012
1937,15.038,0.000292,0.00046365,2048,136189.23,1787804174.027
1938,16.241,0.000246,0.00046317,2048,126099.06,1787804174.044
1939,20.627,0.000382,0.00046269,2048,99289.75,1787804174.064
1940,25.59,0.000256,0.00046221,2048,80030.32,1787804174.091
1941,16.751,0.000792,0.00046173,2048,122261.36,1787804174.108
1942,27.042,0.00032,0.00046125,2048,75733.2,1787804174.136
1943,14.699,0.000423,0.00046077,2048,139330.15,1787804174.15
1944,14.501,0.000332,0.00046028,2048,141232.61,1787804174.165
1945,15.816,0.000328,0.0004598,2048,129492.4,1787804174.181
1946,17.84,0.000265,0.00045932,2048,114798.85,1787804174.199
1947,16.978,0.00039,0.00045884,2048,120627.4,1787804174.216
1948,17.461,0.000445,0.00045836,2048,117289.96,1787804174.234
1949,15.315,0.000264,0.00045788,2048,133721.61,1787804174.249
1950,16.058,0.000509,0.0004574,2048,127540.85,1787804174.266
1951,15.637,0.00023,0.00045692,2048,130967.23,1787804174.281
1952,16.661,0.000408,0.00045644,2048,122921.79,1787804174.298
1953,17.39,0.000291,0.00045596,2048,117771.54,1787804174.316
1954,16.302,0.000241,0.00045548,2048,125631.07,1787804174.332
1955,18.252,0.000476,0.000455,2048,112205.65,1787804174.351
1956,17.931,0.000427,0.00045452,2048,114215.6,1787804174.369
1957,18.708,0.000623,0.00045404,2048,109469.54,1787804174.389
1958,18.304,0.000528,0.00045356,2048,111888.11,1787804174.408
1959,15.955,0.000768,0.00045308,2048,128356.99,1787804174.424
1960,18.547,0.000661,0.0004526,2048,110419.19,1787804174.442
1961,15.935,0.00049,0.00045212,2048,128521.31,1787804174.458
1962,16.59,0.000642,0.00045164,2048,123447.86,1787804174.475
1963,16.924,0.000232,0.00045116,2048,121011.58,1787804174.492
1964,15.455,0.000452,0.00045069,2048,132515.46,1787804174.508
1965,15.211,0.000637,0.00045021,2048,134639.41,1787804174.523
1966,14.78,0.000463,0.00044973,2048,138568.44,1787804174.538
1967,14.593,0.00037,0.00044925,2048,140343.18,1787804174.553
1968,14.447,0.000589,0.00044877,2048,141758.55,1787804174.568
1969,16.417,0.00037,0.00044829,2048,124751.02,1787804174.584
1970,16.94,0.000211,0.00044782,2048,120894.43,1787804174.601
1971,25.86,0.000586,0.00044734,2048,79194.44,1787804174.627
1972,29.757,0.000279,0.00044686,2048,68823.22,1787804174.657
1973,23.758,0.000318,0.00044638,2048,86203.27,1787804174.681
1974,18.096,0.000298,0.0004459,2048,113172.93,1787804174.7
1975,16.242,0.000546,0.00044543,2048,126095.95,1787804174.716
1976,16.425,0.000486,0.00044495,2048,124687.22,1787804174.733
1977,15.397,0.000382,0.00044447,2048,133014.65,1787804174.748
1978,17.159,0.000249,0.000444,2048,119356.36,1787804174.766
1979,16.345,0.000869,0.00044352,2048,125299.02,1787804174.782
1980,17.099,0.000302,0.00044304,2048,119773.09,1787804174.799
1981,17.803,0.000275,0.00044256,2048,115034.21,1787804174.817
1982,15.923,0.000602,0.00044209,2048,128622.21,1787804174.834
1983,15.171,0.000258,0.00044161,2048,134997.07,1787804174.849
1984,16.935,0.000403,0.00044114,2048,120932.27,1787804174.866
1985,17.455,0.00024,0.00044066,2048,117327.59,1787804174.883
1986,18.047,0.00036,0.00044018,2048,113479.58,1787804174.902
1987,25.733,0.000347,0.00043971,2048,79586.52,1787804174.928
1988,14.752,0.00025,0.00043923,2048,138825.81,1787804174.942
1989,15.85,0.000265,0.00043876,2048,129210.54,1787804174.958
1990,18.985,0.000198,0.00043828,2048,107874.07,1787804174.978
1991,22.691,0.000272,0.0004378,2048,90254.06,1787804175.001
1992,16.36,0.000245,0.00043733,2048,125184.14,1787804175.017
1993,16.407,0.000314,0.00043685,2048,124827.81,1787804175.034
1994,24.22,0.000309,0.00043638,2048,84559.26,1787804175.058
1995,16.788,0.000423,0.0004359,2048,121992.63,1787804175.075
1996,22.854,0.00027,0.00043543,2048,89613.89,1787804175.098
1997,18.869,0.00031,0.00043495,2048,108537.81,1787804175.117
1998,16.157,0.000319,0.00043448,2048,126753.07,1787804175.134
1999,16.744,0.000294,0.00043401,2048,122313.93,1787804175.151
2000,17.734,0.000329,0.00043353,2048,115486.33,1787804175.168
2001,17.598,0.000287,0.00043306,2048,116378.84,1787804175.186
2002,16.968,0.000341,0.00043258,2048,120697.07,1787804175.203
2003,21.875,0.00042,0.00043211,2048,93623.28,1787804175.226
2004,16.047,0.000464,0.00043164,2048,127626.69,1787804175.242
2005,15.571,0.000443,0.00043116,2048,131524.87,1787804175.257
2006,16.246,0.000429,0.00043069,2048,126061.8,1787804175.274
2007,16.108,0.000659,0.00043022,2048,127140.21,1787804175.29
2008,18.911,0.000472,0.00042974,2048,108297.33,1787804175.309
2009,14.957,0.000587,0.00042927,2048,136930.43,1787804175.324
2010,18.556,0.000416,0.0004288,2048,110368.61,1787804175.343
2011,16.724,0.000803,0.00042832,2048,122460.94,1787804175.36
2012,17.643,0.000895,0.00042785,2048,116082.66,1787804175.378
2013,24.249,0.000579,0.00042738,2048,84455.7,1787804175.402
2014,17.27,0.000576,0.00042691,2048,118586.46,1787804175.42
2015,17.324,0.000692,0.00042644,2048,118220.91,1787804175.437
2016,16.281,0.000676,0.00042596,2048,125792.34,1787804175.454
2017,14.86,0.000691,0.00042549,2048,137816.87,1787804175.469
2018,16.641,0.000674,0.00042502,2048,123069.53,1787804175.486
2019,16.693,0.00094,0.00042455,2048,122683.95,1787804175.503
2020,15.637,0.000559,0.00042408,2048,130971.41,1787804175.518
2021,15.795,0.000459,0.00042361,2048,129662.11,1787804175.534
2022,14.996,0.000992,0.00042313,2048,136569.75,1787804175.549
2023,15.211,0.000663,0.00042266,2048,134640.29,1787804175.565
2024,15.159,0.000229,0.00042219,2048,135099.48,1787804175.58
2025,16.941,0.000511,0.00042172,2048,120888.72,1787804175.597
2026,17.9,0.000565,0.00042125,2048,114412.77,1787804175.615
2027,17.307,0.000643,0.00042078,2048,118336.36,1787804175.633
2028,20.429,0.0012,0.00042031,2048,100250.14,1787804175.653
2029,18.917,0.000309,0.00041984,2048,108264.13,1787804175.672
2030,18.014,0.000335,0.00041937,2048,113689.35,1787804175.69
2031,17.912,0.002003,0.0004189,2048,114337.4,1787804175.708
2032,17.383,0.000772,0.00041843,2048,117814.9,1787804175.726
2033,16.172,0.000449,0.00041796,2048,126639.42,1787804175.742
2034,15.597,0.000763,0.00041749,2048,131304.78,1787804175.758
2035,15.598,0.000565,0.00041703,2048,131300.57,1787804175.774
2036,16.985,0.001363,0.00041656,2048,120577.69,1787804175.791
2037,18.555,0.00087,0.00041609,2048,110373.97,1787804175.81
2038,15.28,0.00032,0.00041562,2048,134032.29,1787804175.825
2039,17.14,0.000921,0.00041515,2048,119485.19,1787804175.844
2040,20.693,0.001262,0.00041468,2048,98972.58,1787804175.864
2041,15.877,0.00101,0.00041421,2048,128990.0,1787804175.88
2042,16.159,0.001267,0.00041375,2048,126741.3,1787804175.897
2043,22.805,0.000891,0.00041328,2048,89806.84,1787804175.92
2044,15.367,0.001022,0.00041281,2048,133270.0,1787804175.935
2045,16.031,0.000957,0.00041234,2048,127754.87,1787804175.952
2046,16.051,0.000584,0.00041188,2048,127591.71,1787804175.968
2047,16.552,0.000329,0.00041141,2048,123730.52,1787804175.984
2048,17.459,0.000428,0.00041094,2048,117305.41,1787804176.002
2049,17.04,0.000583,0.00041048,2048,120189.2,1787804176.019
2050,15.328,0.002201,0.00041001,2048,133613.43,1787804176.035
2051,15.399,0.000361,0.00040954,2048,132998.24,1787804176.05
2052,15.704,0.000316,0.00040908,2048,130415.96,1787804176.066
2053,15.743,0.000311,0.00040861,2048,130090.39,1787804176.082
2054,17.493,0.000391,0.00040814,2048,117078.08,1787804176.1
2055,16.715,0.000672,0.00040768,2048,122527.61,1787804176.117
2056,17.766,0.000498,0.00040721,2048,115279.61,1787804176.135
2057,22.01,0.000682,0.00040675,2048,93047.35,1787804176.157
2058,20.926,0.000434,0.00040628,2048,97867.28,1787804176.177
2059,16.992,0.000379,0.00040582,2048,120529.44,1787804176.194
2060,17.101,0.000508,0.00040535,2048,119756.98,1787804176.212
2061,17.512,0.000681,0.00040489,2048,116949.71,1787804176.229
2062,16.153,0.000502,0.00040442,2048,126785.24,1787804176.246
2063,16.281,0.000482,0.00040396,2048,125786.94,1787804176.262
2064,27.183,0.000361,0.00040349,2048,75342.04,1787804176.29
2065,19.495,0.000322,0.00040303,2048,105053.12,1787804176.309
2066,14.903,0.000299,0.00040257,2048,137418.31,1787804176.324
2067,19.568,0.000451,0.0004021,2048,104662.28,1787804176.344
2068,15.363,0.000366,0.00040164,2048,133302.96,1787804176.36
2069,14.693,0.000636,0.00040118,2048,139387.05,1787804176.375
2070,16.714,0.000341,0.00040071,2048,122534.21,1787804176.391
2071,19.045,0.000431,0.00040025,2048,107535.91,1787804176.411
2072,17.343,0.000337,0.00039979,2048,118090.03,1787804176.428
2073,17.568,0.000254,0.00039932,2048,116574.26,1787804176.446
2074,17.263,0.000435,0.00039886,2048,118635.23,1787804176.463
2075,16.845,0.00022,0.0003984,2048,121577.66,1787804176.48
2076,17.023,0.000528,0.00039794,2048,120309.94,1787804176.498
2077,18.583,0.000271,0.00039748,2048,110210.63,1787804176.516
2078,15.866,0.000295,0.00039701,2048,129078.61,1787804176.532
2079,15.57,0.000314,0.00039655,2048,131536.69,1787804176.548
2080,15.661,0.000405,0.00039609,2048,130770.7,1787804176.564
2081,15.557,0.000233,0.00039563,2048,131647.46,1787804176.58
2082,15.97,0.000258,0.00039517,2048,128236.44,1787804176.596
2083,17.949,0.000224,0.00039471,2048,114104.24,1787804176.614
2084,20.394,0.000242,0.00039425,2048,100421.2,1787804176.634
2085,15.379,0.000197,0.00039379,2048,133168.61,1787804176.65
2086,14.776,0.000271,0.00039333,2048,138607.83,1787804176.665
2087,14.853,0.000273,0.00039287,2048,137883.67,1787804176.68
2088,15.511,0.000387,0.00039241,2048,132037.88,1787804176.696
2089,18.079,0.000258,0.00039195,2048,113281.23,1787804176.714
2090,25.291,0.000249,0.00039149,2048,80978.38,1787804176.739
2091,25.386,0.000305,0.00039103,2048,80672.8,1787804176.765
2092,16.795,0.000241,0.00039057,2048,121941.05,1787804176.782
2093,17.5,0.000395,0.00039011,2048,117027.23,1787804176.8
2094,16.535,0.000349,0.00038965,2048,123861.48,1787804176.816
2095,16.171,0.000433,0.00038919,2048,126648.82,1787804176.833
2096,16.616,0.000253,0.00038873,2048,123253.21,1787804176.849
2097,16.234,0.000257,0.00038828,2048,126151.1,1787804176.866
2098,16.01,0.000243,0.00038782,2048,127919.25,1787804176.882
2099,15.654,0.000228,0.00038736,2048,130829.18,1787804176.898
2100,16.523,0.000342,0.0003869,2048,123947.69,1787804176.915
2101,15.922,0.000469,0.00038645,2048,128624.63,1787804176.931
2102,15.717,0.000244,0.00038599,2048,130303.94,1787804176.946
2103,15.1,0.000756,0.00038553,2048,135628.24,1787804176.962
2104,15.318,0.00027,0.00038507,2048,133697.17,1787804176.977
2105,15.013,0.000302,0.00038462,2048,136417.83,1787804176.992
2106,15.666,0.000465,0.00038416,2048,130728.13,1787804177.008
2107,16.208,0.000345,0.00038371,2048,126358.13,1787804177.025
2108,15.416,0.000304,0.00038325,2048,132851.57,1787804177.04
2109,15.336,0.00025,0.00038279,2048,133540.25,1787804177.056
2110,15.516,0.000673,0.00038234,2048,131994.48,1787804177.071
2111,15.188,0.000233,0.00038188,2048,134842.41,1787804177.087
2112,16.587,0.000472,0.00038143,2048,123467.21,1787804177.104
2113,15.687,0.000648,0.00038097,2048,130551.47,1787804177.119
2114,15.134,0.000322,0.00038052,2048,135320.86,1787804177.135
2115,14.77,0.000399,0.00038006,2048,138657.57,1787804177.15
2116,15.304,0.000307,0.00037961,2048,133822.97,1787804177.166
2117,15.185,0.000379,0.00037915,2048,134869.94,1787804177.181
2118,16.225,0.000343,0.0003787,2048,126227.3,1787804177.197
2119,19.177,0.000182,0.00037825,2048,106796.83,1787804177.217
2120,21.33,0.000398,0.00037779,2048,96015.45,1787804177.238
2121,15.862,0.000309,0.00037734,2048,129111.98,1787804177.254
2122,15.311,0.000214,0.00037689,2048,133762.66,1787804177.27
2123,17.085,0.000211,0.00037643,2048,119869.13,1787804177.287
2124,15.94,0.000323,0.00037598,2048,128477.78,1787804177.303
2125,17.26,0.000514,0.00037553,2048,118656.54,1787804177.321
2126,16.987,0.000227,0.00037508,2048,120561.36,1787804177.338
2127,15.559,0.000173,0.00037462,2048,131623.77,1787804177.353
2128,14.693,0.000189,0.00037417,2048,139390.85,1787804177.368
2129,16.311,0.000708,0.00037372,2048,125555.59,1787804177.384
2130,18.13,0.000268,0.00037327,2048,112961.32,1787804177.403
2131,16.994,0.000167,0.00037282,2048,120515.96,1787804177.42
2132,16.411,0.000161,0.00037237,2048,124795.87,1787804177.436
2133,15.789,0.000433,0.00037191,2048,129714.67,1787804177.452
2134,16.259,0.000182,0.00037146,2048,125957.91,1787804177.469
2135,17.429,0.000215,0.00037101,2048,117504.63,1787804177.486
2136,15.829,0.000203,0.00037056,2048,129379.51,1787804177.502
2137,16.278,0.000171,0.00037011,2048,125810.12,1787804177.519
2138,15.861,0.000343,0.00036966,2048,129120.12,1787804177.535
2139,20.475,0.000194,0.00036921,2048,100025.89,1787804177.556
2140,17.16,0.000154,0.00036876,2048,119348.02,1787804177.574
2141,16.172,0.000178,0.00036831,2048,126637.07,1787804177.59
2142,15.533,0.000191,0.00036787,2048,131850.02,1787804177.606
2143,17.267,0.000183,0.00036742,2048,118605.0,1787804177.623
2144,15.628,0.000182,0.00036697,2048,131046.0,1787804177.639
2145,15.54,0.000197,0.00036652,2048,131789.78,1787804177.654
2146,15.643,0.000158,0.00036607,2048,130924.53,1787804177.67
2147,17.832,0.000195,0.00036562,2048,114850.35,1787804177.688
2148,15.979,0.000168,0.00036518,2048,128172.23,1787804177.704
2149,18.016,0.000183,0.00036473,2048,113676.73,1787804177.722
2150,15.41,0.000161,0.00036428,2048,132902.44,1787804177.738
2151,14.674,0.000184,0.00036383,2048,139569.43,1787804177.752
2152,15.099,0.000178,0.00036339,2048,135638.12,1787804177.768
2153,14.913,0.000179,0.00036294,2048,137332.61,1787804177.783
2154,14.674,0.000172,0.0003625,2048,139568.48,1787804177.798
2155,15.642,0.000247,0.00036205,2048,130927.87,1787804177.813
2156,17.095,0.000222,0.0003616,2048,119800.41,1787804177.831
2157,16.752,0.000191,0.00036116,2048,122254.79,1787804177.848
2158,15.072,0.000306,0.00036071,2048,135881.1,1787804177.863
2159,14.755,0.000493,0.00036027,2048,138797.58,1787804177.878
2160,17.09,0.00027,0.00035982,2048,119832.66,1787804177.895
2161,20.745,0.000208,0.00035938,2048,98722.58,1787804177.916
2162,16.208,0.000311,0.00035893,2048,126354.24,1787804177.932
2163,15.98,0.000448,0.00035849,2048,128158.6,1787804177.949
2164,15.555,0.00041,0.00035804,2048,131665.23,1787804177.964
2165,16.769,0.000681,0.0003576,2048,122130.12,1787804177.981
2166,15.598,0.000425,0.00035716,2048,131303.09,1787804177.997
2167,16.201,0.000894,0.00035671,2048,126411.95,1787804178.013
2168,15.804,0.000876,0.00035627,2048,129585.81,1787804178.029
2169,15.817,0.000338,0.00035583,2048,129477.66,1787804178.045
2170,15.595,0.000416,0.00035538,2048,131320.77,1787804178.061
2171,15.804,0.000452,0.00035494,2048,129590.73,1787804178.077
2172,15.452,0.0006,0.0003545,2048,132542.05,1787804178.093
2173,15.733,0.000324,0.00035406,2048,130168.94,1787804178.109
2174,16.835,0.000276,0.00035362,2048,121652.04,1787804178.126
2175,15.282,0.000324,0.00035317,2048,134016.5,1787804178.141
2176,15.106,0.00052,0.00035273,2048,135577.06,1787804178.157
2177,14.938,0.000187,0.00035229,2048,137099.1,1787804178.172
2178,15.705,0.000236,0.00035185,2048,130408.48,1787804178.188
2179,15.9,0.000235,0.00035141,2048,128808.27,1787804178.204
2180,16.338,0.000246,0.00035097,2048,125352.71,1787804178.22
2181,16.004,0.000244,0.00035053,2048,127964.81,1787804178.236
2182,18.255,0.000234,0.00035009,2048,112187.83,1787804178.255
2183,15.861,0.000261,0.00034965,2048,129118.49,1787804178.271
2184,17.648,0.000218,0.00034921,2048,116049.78,1787804178.289
2185,18.909,0.000323,0.00034877,2048,108306.49,1787804178.308
2186,17.24,0.000223,0.00034833,2048,118790.06,1787804178.325
2187,20.519,0.000304,0.00034789,2048,99809.45,1787804178.346
2188,15.951,0.000246,0.00034746,2048,128397.23,1787804178.362
2189,15.518,0.000195,0.00034702,2048,131976.62,1787804178.378
2190,15.915,0.000233,0.00034658,2048,128682.01,1787804178.394
2191,17.386,0.000347,0.00034614,2048,117798.64,1787804178.411
2192,17.409,0.000441,0.0003457,2048,117640.3,1787804178.429
2193,15.97,0.000419,0.00034527,2048,128241.25,1787804178.445
2194,15.545,0.000557,0.00034483,2048,131745.69,1787804178.461
2195,16.403,0.000264,0.00034439,2048,124851.4,1787804178.477
2196,16.007,0.000438,0.00034396,2048,127944.02,1787804178.493
2197,15.502,0.000775,0.00034352,2048,132111.13,1787804178.509
2198,20.227,0.00069,0.00034308,2048,101251.8,1787804178.53
2199,15.439,0.000297,0.00034265,2048,132653.66,1787804178.545
2200,14.972,0.00058,0.00034221,2048,136788.67,1787804178.56
2201,15.216,0.000569,0.00034178,2048,134596.05,1787804178.576
2202,14.647,0.000474,0.00034134,2048,139823.85,1787804178.591
2203,14.653,0.000615,0.00034091,2048,139767.55,1787804178.605
2204,15.132,0.000626,0.00034047,2048,135339.64,1787804178.621
2205,15.112,0.000351,0.00034004,2048,135518.75,1787804178.636
2206,14.78,0.000877,0.00033961,2048,138564.69,1787804178.651
2207,15.162,0.000349,0.00033917,2048,135075.42,1787804178.666
2208,15.207,0.000255,0.00033874,2048,134673.94,1787804178.682
2209,15.016,0.000341,0.0003383,2048,136384.22,1787804178.697
2210,15.304,0.000247,0.00033787,2048,133824.72,1787804178.712
2211,18.107,0.000465,0.00033744,2048,113106.68,1787804178.731
2212,15.063,0.000729,0.00033701,2048,135959.58,1787804178.746
2213,15.194,0.000334,0.00033657,2048,134788.27,1787804178.761
2214,15.139,0.000269,0.00033614,2048,135276.17,1787804178.777
2215,14.713,0.000787,0.00033571,2048,139195.68,1787804178.792
2216,17.058,0.000224,0.00033528,2048,120060.97,1787804178.809
2217,16.448,0.000236,0.00033485,2048,124514.38,1787804178.825
2218,16.305,0.000261,0.00033442,2048,125607.18,1787804178.842
2219,15.31,0.000368,0.00033399,2048,133769.65,1787804178.858
2220,14.964,0.000585,0.00033356,2048,136865.46,1787804178.873
2221,16.405,0.000245,0.00033312,2048,124837.7,1787804178.889
2222,15.09,0.000337,0.00033269,2048,135715.42,1787804178.904
2223,17.095,0.000236,0.00033227,2048,119801.11,1787804178.922
2224,16.547,0.000538,0.00033184,2048,123770.15,1787804178.938
2225,15.869,0.000339,0.00033141,2048,129055.02,1787804178.955
2226,16.148,0.000499,0.00033098,2048,126825.28,1787804178.971
2227,15.995,0.000301,0.00033055,2048,128039.21,1787804178.987
2228,15.509,0.000298,0.00033012,2048,132049.8,1787804179.003
2229,15.345,0.000482,0.00032969,2048,133461.93,1787804179.018
2230,16.014,0.000207,0.00032926,2048,127884.11,1787804179.034
2231,15.752,0.000221,0.00032884,2048,130011.93,1787804179.05
2232,14.765,0.000271,0.00032841,2048,138704.52,1787804179.065
2233,14.711,0.00044,0.00032798,2048,139211.77,1787804179.08
2234,14.979,0.000438,0.00032756,2048,136722.92,1787804179.095
2235,14.928,0.000322,0.00032713,2048,137190.93,1787804179.11
2236,16.26,0.000342,0.0003267,2048,125952.49,1787804179.127
2237,17.026,0.000389,0.00032628,2048,120289.45,1787804179.144
2238,15.406,0.000537,0.00032585,2048,132936.08,1787804179.16
2239,15.325,0.000441,0.00032543,2048,133636.97,1787804179.175
2240,15.438,0.0005,0.000325,2048,132658.81,1787804179.191
2241,15.112,0.000374,0.00032458,2048,135525.03,1787804179.206
2242,15.681,0.000195,0.00032415,2048,130601.42,1787804179.222
2243,15.794,0.000257,0.00032373,2048,129668.67,1787804179.238
2244,16.869,0.000585,0.0003233,2048,121408.29,1787804179.255
2245,15.269,0.000434,0.00032288,2048,134127.97,1787804179.27
2246,15.511,0.000215,0.00032245,2048,132038.73,1787804179.286
2247,15.255,0.000317,0.00032203,2048,134253.71,1787804179.301
2248,15.62,0.00072,0.00032161,2048,131109.76,1787804179.317
2249,21.958,0.000353,0.00032118,2048,93268.12,1787804179.339
2250,21.42,0.000174,0.00032076,2048,95613.36,1787804179.361
2251,18.75,0.000233,0.00032034,2048,109224.34,1787804179.38
2252,21.431,0.000204,0.00031992,2048,95562.95,1787804179.401
2253,17.316,0.000231,0.0003195,2048,118272.8,1787804179.419
2254,18.192,0.000244,0.00031907,2048,112578.81,1787804179.437
2255,18.35,0.000225,0.00031865,2048,111608.85,1787804179.456
2256,17.147,0.000284,0.00031823,2048,119436.41,1787804179.473
2257,17.711,0.000255,0.00031781,2048,115635.0,1787804179.491
2258,18.385,0.000242,0.00031739,2048,111396.37,1787804179.51
2259,22.777,0.000592,0.00031697,2048,89915.66,1787804179.532
2260,23.573,0.000333,0.00031655,2048,86877.21,1787804179.557
2261,51.994,0.000226,0.00031613,2048,39389.54,1787804179.609
2262,28.479,0.000245,0.00031571,2048,71913.14,1787804179.638
2263,16.121,0.000232,0.00031529,2048,127036.11,1787804179.654
2264,18.854,0.000232,0.00031488,2048,108623.59,1787804179.673
2265,16.073,0.000208,0.00031446,2048,127415.48,1787804179.69
2266,19.015,0.000224,0.00031404,2048,107705.01,1787804179.709
2267,17.898,0.000343,0.00031362,2048,114426.19,1787804179.727
2268,25.18,0.000358,0.0003132,2048,81335.68,1787804179.752
2269,35.042,0.000222,0.00031279,2048,58443.49,1787804179.787
2270,21.436,0.000243,0.00031237,2048,95542.0,1787804179.809
2271,22.338,0.000213,0.00031195,2048,91683.98,1787804179.832
2272,20.251,0.000624,0.00031154,2048,101130.81,1787804179.853
2273,20.268,0.000365,0.00031112,2048,101045.98,1787804179.874
2274,25.261,0.000332,0.0003107,2048,81071.99,1787804179.898
2275,23.943,0.000214,0.00031029,2048,85535.77,1787804179.923
2276,18.501,0.000229,0.00030987,2048,110693.73,1787804179.941
2277,21.218,0.00019,0.00030946,2048,96522.73,1787804179.963
2278,16.638,0.000333,0.00030904,2048,123091.72,1787804179.98
2279,18.081,0.000473,0.00030863,2048,113268.07,1787804179.998
2280,28.782,0.000322,0.00030822,2048,71154.84,1787804180.027
2281,17.204,0.000282,0.0003078,2048,119043.47,1787804180.044
2282,21.35,0.000288,0.00030739,2048,95925.96,1787804180.066
2283,17.054,0.00061,0.00030697,2048,120089.13,1787804180.083
2284,24.714,0.000294,0.00030656,2048,82868.68,1787804180.108
2285,18.729,0.00022,0.00030615,2048,109351.47,1787804180.127
2286,18.462,0.000466,0.00030574,2048,110929.36,1787804180.146
2287,18.359,0.000323,0.00030532,2048,111549.88,1787804180.165
2288,19.175,0.000404,0.00030491,2048,106806.29,1787804180.184
2289,24.751,0.000347,0.0003045,2048,82744.8,1787804180.209
2290,17.956,0.000223,0.00030409,2048,114055.95,1787804180.227
2291,17.597,0.000374,0.00030368,2048,116384.8,1787804180.245
2292,16.018,0.000555,0.00030327,2048,127859.35,1787804180.261
2293,17.106,0.000649,0.00030286,2048,119720.57,1787804180.278
2294,16.168,0.00021,0.00030245,2048,126673.1,1787804180.295
2295,15.571,0.000448,0.00030204,2048,131526.56,1787804180.311
2296,17.328,0.000671,0.00030163,2048,118188.85,1787804180.328
2297,16.367,0.000572,0.00030122,2048,125129.07,1787804180.345
2298,21.915,0.000585,0.00030081,2048,93451.12,1787804180.367
2299,15.978,0.000564,0.0003004,2048,128173.84,1787804180.383
2300,18.194,0.000243,0.00029999,2048,112563.96,1787804180.401
2301,21.432,0.000797,0.00029959,2048,95559.38,1787804180.423
2302,21.52,0.000272,0.00029918,2048,95169.5,1787804180.445
2303,17.461,0.000685,0.00029877,2048,117287.95,1787804180.462
2304,16.277,0.000494,0.00029836,2048,125823.26,1787804180.479
2305,15.85,0.000394,0.00029796,2048,129211.36,1787804180.495
2306,17.669,0.00025,0.00029755,2048,115911.84,1787804180.513
2307,15.833,0.000382,0.00029714,2048,129351.73,1787804180.529
2308,17.831,0.000309,0.00029674,2048,114857.44,1787804180.547
2309,16.585,0.000342,0.00029633,2048,123485.82,1787804180.563
2310,17.181,0.000605,0.00029593,2048,119198.67,1787804180.581
2311,32.501,0.000451,0.00029552,2048,63012.48,1787804180.613
2312,16.673,0.000494,0.00029512,2048,122830.38,1787804180.63
2313,18.127,0.000363,0.00029471,2048,112981.88,1787804180.649
2314,16.238,0.0004,0.00029431,2048,126123.91,1787804180.665
2315,15.932,0.000561,0.0002939,2048,128548.74,1787804180.681
2316,17.367,0.000532,0.0002935,2048,117924.12,1787804180.699
2317,16.867,0.000642,0.0002931,2048,121424.12,1787804180.716
2318,15.672,0.00046,0.0002927,2048,130682.25,1787804180.732
2319,17.093,0.000542,0.00029229,2048,119815.13,1787804180.749
2320,19.644,0.000229,0.00029189,2048,104257.88,1787804180.769
2321,24.391,0.000241,0.00029149,2048,83964.36,1787804180.794
2322,28.529,0.000298,0.00029109,2048,71786.6,1787804180.823
2323,24.746,0.000411,0.00029069,2048,82759.18,1787804180.848
2324,18.311,0.000221,0.00029028,2048,111844.73,1787804180.866
2325,28.789,0.000471,0.00028988,2048,71137.79,1787804180.895
2326,17.266,0.000451,0.00028948,2048,118611.87,1787804180.913
2327,20.616,0.000485,0.00028908,2048,99340.8,1787804180.934
2328,22.921,0.000217,0.00028868,2048,89351.94,1787804180.957
2329,25.221,0.000321,0.00028828,2048,81202.49,1787804180.982
2330,16.445,0.000238,0.00028789,2048,124534.06,1787804180.999
2331,16.343,0.000257,0.00028749,2048,125315.12,1787804181.015
2332,18.867,0.000351,0.00028709,2048,108547.59,1787804181.034
2333,21.512,0.000218,0.00028669,2048,95202.68,1787804181.056
2334,16.377,0.000193,0.00028629,2048,125054.19,1787804181.073
2335,17.474,0.000209,0.00028589,2048,117203.37,1787804181.09
2336,19.811,0.000182,0.0002855,2048,103376.91,1787804181.11
2337,16.792,0.000249,0.0002851,2048,121962.84,1787804181.127
2338,23.186,0.000239,0.0002847,2048,88329.16,1787804181.151
2339,33.185,0.000194,0.00028431,2048,61715.0,1787804181.184
2340,40.454,0.000359,0.00028391,2048,50625.4,1787804181.225
2341,26.897,0.000185,0.00028351,2048,76140.91,1787804181.252
2342,46.0,0.000226,0.00028312,2048,44521.35,1787804181.299
2343,16.184,0.000326,0.00028272,2048,126548.64,1787804181.315
2344,15.632,0.000291,0.00028233,2048,131009.12,1787804181.331
2345,17.828,0.000241,0.00028194,2048,114874.19,1787804181.348
2346,17.355,0.000226,0.00028154,2048,118005.66,1787804181.366
2347,33.101,0.000218,0.00028115,2048,61870.49,1787804181.399
2348,20.245,0.000194,0.00028075,2048,101161.28,1787804181.42
2349,18.137,0.000215,0.00028036,2048,112915.85,1787804181.438
2350,20.241,0.000225,0.00027997,2048,101180.27,1787804181.459
2351,16.751,0.000204,0.00027958,2048,122262.09,1787804181.476
2352,17.186,0.000205,0.00027918,2048,119168.84,1787804181.493
2353,16.486,0.000206,0.00027879,2048,124223.6,1787804181.51
2354,18.317,0.000214,0.0002784,2048,111808.7,1787804181.528
2355,15.543,0.000215,0.00027801,2048,131764.34,1787804181.544
2356,16.65,0.000247,0.00027762,2048,123000.79,1787804181.561
2357,17.776,0.000183,0.00027723,2048,115208.28,1787804181.579
2358,19.076,0.000225,0.00027684,2048,107361.72,1787804181.598
2359,16.529,0.000214,0.00027645,2048,123903.44,1787804181.615
2360,16.658,0.000171,0.00027606,2048,122941.72,1787804181.632
2361,16.48,0.000338,0.00027567,2048,124268.83,1787804181.649
2362,21.734,0.000203,0.00027528,2048,94230.24,1787804181.67
2363,17.114,0.000213,0.00027489,2048,119666.71,1787804181.688
2364,16.213,0.000225,0.0002745,2048,126319.94,1787804181.704
2365,16.13,0.000234,0.00027411,2048,126969.96,1787804181.721
2366,17.392,0.000235,0.00027373,2048,117755.97,1787804181.738
2367,18.826,0.000222,0.00027334,2048,108787.46,1787804181.757
2368,25.476,0.000244,0.00027295,2048,80390.02,1787804181.783
2369,30.278,0.000192,0.00027257,2048,67640.09,1787804181.813
2370,24.683,0.000172,0.00027218,2048,82972.09,1787804181.838
2371,22.237,0.000222,0.00027179,2048,92098.34,1787804181.861
2372,16.247,0.000198,0.00027141,2048,126055.59,1787804181.877
2373,19.291,0.000255,0.00027102,2048,106165.15,1787804181.897
2374,18.055,0.00018,0.00027064,2048,113431.81,1787804181.916
2375,18.721,0.000191,0.00027025,2048,109393.53,1787804181.935
2376,19.328,0.000167,0.00026987,2048,105959.17,1787804181.953
2377,19.774,0.000231,0.00026948,2048,103569.3,1787804181.974
2378,21.128,0.00018,0.0002691,2048,96932.98,1787804181.996
2379,16.176,0.000177,0.00026872,2048,126604.19,1787804182.012
2380,16.606,0.000198,0.00026833,2048,123327.43,1787804182.029
2381,29.731,0.000192,0.00026795,2048,68883.17,1787804182.059
2382,46.178,0.000178,0.00026757,2048,44350.32,1787804182.105
2383,23.878,0.00021,0.00026719,2048,85770.05,1787804182.13
2384,25.295,0.00021,0.00026681,2048,80964.94,1787804182.155
2385,18.63,0.000162,0.00026642,2048,109929.63,1787804182.174
2386,18.963,0.000199,0.00026604,2048,108001.5,1787804182.193
2387,17.111,0.000209,0.00026566,2048,119690.49,1787804182.211
2388,15.525,0.000209,0.00026528,2048,131914.57,1787804182.226
2389,16.312,0.000188,0.0002649,2048,125554.05,1787804182.243
2390,16.268,0.000322,0.00026452,2048,125891.32,1787804182.259
2391,16.15,0.000219,0.00026414,2048,126810.36,1787804182.276
2392,18.115,0.000175,0.00026376,2048,113057.35,1787804182.294
2393,15.63,0.00022,0.00026339,2048,131030.07,1787804182.31
2394,15.115,0.000261,0.00026301,2048,135492.75,1787804182.325
2395,16.916,0.000217,0.00026263,2048,121065.23,1787804182.342
2396,18.212,0.000176,0.00026225,2048,112453.33,1787804182.361
2397,17.266,0.00022,0.00026188,2048,118617.37,1787804182.378
2398,20.492,0.000239,0.0002615,2048,99941.93,1787804182.399
2399,17.139,0.000196,0.00026112,2048,119493.55,1787804182.416
2400,17.408,0.000176,0.00026075,2048,117649.76,1787804182.434
2401,17.475,0.000242,0.00026037,2048,117198.68,1787804182.451
2402,18.214,0.000174,0.00025999,2048,112441.6,1787804182.47
2403,17.601,0.000184,0.00025962,2048,116359.67,1787804182.487
2404,16.398,0.000256,0.00025924,2048,124894.04,1787804182.504
2405,16.238,0.000196,0.00025887,2048,126124.68,1787804182.52
2406,15.817,0.000227,0.0002585,2048,129482.58,1787804182.536
2407,28.285,0.000279,0.00025812,2048,72404.84,1787804182.565
2408,18.643,0.000248,0.00025775,2048,109855.33,1787804182.584
2409,22.592,0.000183,0.00025738,2048,90652.36,1787804182.607
2410,17.28,0.000207,0.000257,2048,118519.2,1787804182.624
2411,15.626,0.00022,0.00025663,2048,131061.1,1787804182.64
2412,18.789,0.000248,0.00025626,2048,108997.05,1787804182.659
2413,18.285,0.000226,0.00025589,2048,112004.99,1787804182.677
2414,16.124,0.000269,0.00025552,2048,127015.63,1787804182.694
2415,15.672,0.000208,0.00025514,2048,130682.25,1787804182.71
2416,15.772,0.000174,0.00025477,2048,129852.84,1787804182.726
2417,15.343,0.000317,0.0002544,2048,133482.81,1787804182.741
2418,15.734,0.000407,0.00025403,2048,130168.11,1787804182.757
2419,17.511,0.000349,0.00025366,2048,116958.4,1787804182.775
2420,17.235,0.000319,0.00025329,2048,118830.72,1787804182.792
2421,15.779,0.000233,0.00025293,2048,129789.47,1787804182.808
2422,15.883,0.000257,0.00025256,2048,128943.71,1787804182.824
2423,16.433,0.000327,0.00025219,2048,124627.27,1787804182.841
2424,16.213,0.00029,0.00025182,2048,126319.17,1787804182.857
2425,17.35,0.000242,0.00025145,2048,118037.62,1787804182.875
2426,17.165,0.000223,0.00025109,2048,119312.55,1787804182.892
2427,15.68,0.000245,0.00025072,2048,130613.08,1787804182.908
2428,15.386,0.000204,0.00025035,2048,133108.89,1787804182.923
2429,15.756,0.000346,0.00024999,2048,129978.93,1787804182.939
2430,15.318,0.000193,0.00024962,2048,133699.79,1787804182.955
2431,15.521,0.000326,0.00024926,2048,131951.96,1787804182.971
2432,16.402,0.000371,0.00024889,2048,124865.1,1787804182.987
2433,16.436,0.000316,0.00024853,2048,124603.01,1787804183.004
2434,18.053,0.00046,0.00024816,2048,113446.26,1787804183.022
2435,16.606,0.000501,0.0002478,2048,123331.89,1787804183.039
2436,16.9,0.000449,0.00024743,2048,121184.15,1787804183.056
2437,18.945,0.000315,0.00024707,2048,108103.54,1787804183.075
2438,15.818,0.000189,0.00024671,2048,129471.11,1787804183.091
2439,15.572,0.000306,0.00024635,2048,131517.26,1787804183.107
2440,15.759,0.000315,0.00024598,2048,129958.31,1787804183.123
2441,16.152,0.000183,0.00024562,2048,126795.44,1787804183.139
2442,15.868,0.000285,0.00024526,2048,129068.04,1787804183.155
2443,18.773,0.000185,0.0002449,2048,109094.59,1787804183.174
2444,16.504,0.000143,0.00024454,2048,124088.87,1787804183.191
2445,15.119,0.000189,0.00024418,2048,135462.28,1787804183.206
2446,17.459,0.000223,0.00024382,2048,117305.41,1787804183.224
2447,18.173,0.000149,0.00024346,2048,112694.04,1787804183.242
2448,16.031,0.000173,0.0002431,2048,127749.29,1787804183.258
2449,17.033,0.000263,0.00024274,2048,120238.6,1787804183.275
2450,17.331,0.000304,0.00024238,2048,118167.03,1787804183.293
2451,15.291,0.000368,0.00024203,2048,133932.37,1787804183.308
2452,14.936,0.000464,0.00024167,2048,137118.37,1787804183.324
2453,14.711,0.000304,0.00024131,2048,139210.82,1787804183.338
2454,17.783,0.000495,0.00024095,2048,115165.52,1787804183.356
2455,16.569,0.000468,0.0002406,2048,123605.81,1787804183.373
2456,17.131,0.000383,0.00024024,2048,119549.35,1787804183.39
2457,16.482,0.000547,0.00023988,2048,124257.52,1787804183.407
2458,17.466,0.000285,0.00023953,2048,117259.07,1787804183.425
2459,17.313,0.000385,0.00023917,2048,118292.61,1787804183.442
2460,17.144,0.000496,0.00023882,2048,119458.7,1787804183.459
2461,17.497,0.000153,0.00023846,2048,117049.98,1787804183.477
2462,17.283,0.000173,0.00023811,2048,118499.32,1787804183.494
2463,15.287,0.000599,0.00023776,2048,133969.16,1787804183.509
2464,15.222,0.000446,0.0002374,2048,134538.57,1787804183.525
2465,15.343,0.000255,0.00023705,2048,133481.07,1787804183.54
2466,14.948,0.00017,0.0002367,2048,137009.21,1787804183.556
2467,15.92,0.000395,0.00023635,2048,128644.83,1787804183.572
2468,17.206,0.000649,0.00023599,2048,119026.17,1787804183.589
2469,15.993,0.000329,0.00023564,2048,128056.83,1787804183.605
2470,15.385,0.000322,0.00023529,2048,133114.94,1787804183.621
2471,16.13,0.000185,0.00023494,2048,126965.23,1787804183.637
2472,15.559,0.000587,0.00023459,2048,131625.46,1787804183.653
2473,16.149,0.000264,0.00023424,2048,126819.0,1787804183.669
2474,18.829,0.000404,0.00023389,2048,108765.5,1787804183.688
2475,15.581,0.000242,0.00023354,2048,131446.36,1787804183.704
2476,15.192,0.000559,0.00023319,2048,134806.02,1787804183.719
2477,15.602,0.000304,0.00023284,2048,131266.06,1787804183.735
2478,15.932,0.000586,0.0002325,2048,128549.55,1787804183.751
2479,15.968,0.000467,0.00023215,2048,128258.12,1787804183.767
2480,17.289,0.000226,0.0002318,2048,118453.4,1787804183.785
2481,29.98,0.000361,0.00023146,2048,68312.89,1787804183.815
2482,40.609,0.000296,0.00023111,2048,50432.17,1787804183.856
2483,23.521,0.000243,0.00023076,2048,87071.87,1787804183.88
2484,17.56,0.000243,0.00023042,2048,116630.03,1787804183.898
2485,25.538,0.000405,0.00023007,2048,80193.91,1787804183.923
2486,24.81,0.000241,0.00022973,2048,82547.36,1787804183.948
2487,21.113,0.000252,0.00022938,2048,96999.55,1787804183.97
2488,17.705,0.00024,0.00022904,2048,115670.93,1787804183.988
2489,15.45,0.000239,0.00022869,2048,132560.07,1787804184.003
2490,15.176,0.000233,0.00022835,2048,134946.36,1787804184.019
2491,16.304,0.000223,0.00022801,2048,125614.89,1787804184.035
2492,16.176,0.000221,0.00022766,2048,126606.54,1787804184.051
2493,16.849,0.000303,0.00022732,2048,121548.08,1787804184.068
2494,17.547,0.000295,0.00022698,2048,116714.44,1787804184.086
2495,26.776,0.000253,0.00022664,2048,76487.26,1787804184.113
2496,54.431,0.000253,0.0002263,2048,37625.89,1787804184.167
2497,17.386,0.000266,0.00022596,2048,117795.93,1787804184.185
2498,16.144,0.0002,0.00022562,2048,126859.06,1787804184.201
2499,16.674,0.000311,0.00022528,2048,122823.01,1787804184.218
2500,17.464,0.000253,0.00022494,2048,117271.15,1787804184.235
2501,16.446,0.000158,0.0002246,2048,124531.03,1787804184.252
2502,17.049,0.000313,0.00022426,2048,120126.46,1787804184.269
2503,18.13,0.000193,0.00022392,2048,112960.7,1787804184.288
2504,16.07,0.000187,0.00022358,2048,127442.44,1787804184.304
2505,17.792,0.000189,0.00022324,2048,115107.27,1787804184.322
2506,19.151,0.000182,0.00022291,2048,106937.35,1787804184.341
2507,18.053,0.00019,0.00022257,2048,113441.23,1787804184.36
2508,16.062,0.000159,0.00022223,2048,127501.95,1787804184.376
2509,15.102,0.000188,0.0002219,2048,135607.59,1787804184.392
2510,16.918,0.000199,0.00022156,2048,121056.64,1787804184.409
2511,18.042,0.000191,0.00022123,2048,113513.54,1787804184.427
2512,15.986,0.000178,0.00022089,2048,128112.1,1787804184.443
2513,16.819,0.000192,0.00022056,2048,121764.88,1787804184.46
2514,15.226,0.000169,0.00022022,2048,134510.3,1787804184.476
2515,22.754,0.00018,0.00021989,2048,90007.34,1787804184.498
2516,19.361,0.000172,0.00021955,2048,105779.66,1787804184.518
2517,16.22,0.000178,0.00021922,2048,126265.43,1787804184.534
2518,16.36,0.000161,0.00021889,2048,125180.31,1787804184.551
2519,17.302,0.000322,0.00021856,2048,118369.19,1787804184.569
2520,17.499,0.000179,0.00021823,2048,117036.6,1787804184.586
2521,17.009,0.00016,0.00021789,2048,120407.55,1787804184.604
2522,16.545,0.000169,0.00021756,2048,123780.63,1787804184.62
2523,17.128,0.000178,0.00021723,2048,119567.5,1787804184.638
2524,32.124,0.000262,0.0002169,2048,63752.16,1787804184.67
2525,30.298,0.000188,0.00021657,2048,67595.0,1787804184.7
2526,19.474,0.000237,0.00021624,2048,105165.32,1787804184.72
2527,49.109,0.00019,0.00021591,2048,41702.98,1787804184.769
2528,32.086,0.000157,0.00021558,2048,63828.86,1787804184.802
2529,28.015,0.000305,0.00021526,2048,73103.96,1787804184.83
2530,25.378,0.000176,0.00021493,2048,80700.45,1787804184.856
2531,19.045,0.000168,0.0002146,2048,107533.09,1787804184.875
2532,18.342,0.000191,0.00021427,2048,111657.53,1787804184.894
2533,15.196,0.000154,0.00021395,2048,134772.31,1787804184.91
2534,15.209,0.000299,0.00021362,2048,134660.65,1787804184.925
2535,15.427,0.000321,0.0002133,2048,132754.26,1787804184.941
2536,15.455,0.000169,0.00021297,2048,132515.46,1787804184.956
2537,15.301,0.000218,0.00021264,2048,133844.84,1787804184.972
2538,17.197,0.000288,0.00021232,2048,119093.31,1787804184.989
2539,15.02,0.000189,0.000212,2048,136349.72,1787804185.004
2540,17.895,0.000189,0.00021167,2048,114447.29,1787804185.022
2541,14.991,0.000198,0.00021135,2048,136617.12,1787804185.038
2542,15.735,0.000223,0.00021103,2048,130158.19,1787804185.053
2543,15.987,0.000198,0.0002107,2048,128104.08,1787804185.07
2544,16.24,0.000226,0.00021038,2048,126107.6,1787804185.086
2545,16.972,0.000179,0.00021006,2048,120670.05,1787804185.103
2546,14.286,0.000246,0.00020974,2048,143361.15,1787804185.118
2547,14.441,0.000259,0.00020942,2048,141818.43,1787804185.132
2548,14.932,0.000155,0.0002091,2048,137152.35,1787804185.147
2549,15.571,0.000235,0.00020878,2048,131530.78,1787804185.163
2550,15.753,0.00039,0.00020846,2048,130005.33,1787804185.179
2551,16.02,0.000189,0.00020814,2048,127841.0,1787804185.195
2552,16.345,0.00025,0.00020782,2048,125297.49,1787804185.212
2553,16.028,0.00016,0.0002075,2048,127777.19,1787804185.228
2554,15.439,0.000188,0.00020718,2048,132648.5,1787804185.243
2555,15.601,0.000169,0.00020686,2048,131274.48,1787804185.259
2556,15.353,0.000165,0.00020655,2048,133394.12,1787804185.275
2557,17.576,0.000299,0.00020623,2048,116523.19,1787804185.293
2558,18.189,0.000326,0.00020591,2048,112595.52,1787804185.311
2559,15.563,0.000228,0.0002056,2048,131596.7,1787804185.327
2560,15.871,0.000178,0.00020528,2048,129037.14,1787804185.343
2561,18.429,0.000368,0.00020496,2048,111127.99,1787804185.361
2562,15.887,0.000187,0.00020465,2048,128913.68,1787804185.377
2563,16.878,0.000541,0.00020434,2048,121340.67,1787804185.394
2564,23.541,0.000198,0.00020402,2048,86998.63,1787804185.418
2565,19.669,0.00023,0.00020371,2048,104122.18,1787804185.438
2566,24.596,0.00041,0.00020339,2048,83266.59,1787804185.463
2567,17.594,0.000276,0.00020308,2048,116404.64,1787804185.481
2568,16.1,0.000279,0.00020277,2048,127208.92,1787804185.497
2569,15.608,0.000482,0.00020246,2048,131218.12,1787804185.513
2570,14.699,0.000649,0.00020215,2048,139324.47,1787804185.527
2571,14.505,0.000284,0.00020183,2048,141190.75,1787804185.542
2572,14.618,0.000614,0.00020152,2048,140103.16,1787804185.557
2573,14.88,0.000518,0.00020121,2048,137635.33,1787804185.572
2574,15.373,0.000904,0.0002009,2048,133217.11,1787804185.587
2575,15.431,0.00051,0.00020059,2048,132719.85,1787804185.603
2576,18.329,0.000315,0.00020028,2048,111735.5,1787804185.622
2577,16.959,0.000752,0.00019998,2048,120759.7,1787804185.639
2578,16.263,0.000573,0.00019967,2048,125930.8,1787804185.655
2579,16.313,0.000622,0.00019936,2048,125544.04,1787804185.672
2580,18.109,0.000381,0.00019905,2048,113095.44,1787804185.69
2581,19.776,0.000943,0.00019874,2048,103558.82,1787804185.71
2582,17.783,0.000846,0.00019844,2048,115168.76,1787804185.728
2583,17.698,0.000737,0.00019813,2048,115716.68,1787804185.746
2584,17.656,0.000949,0.00019783,2048,115991.94,1787804185.764
2585,24.294,0.000887,0.00019752,2048,84299.96,1787804185.788
2586,15.121,0.000632,0.00019722,2048,135438.09,1787804185.804
2587,14.857,0.000289,0.00019691,2048,137845.62,1787804185.819
2588,14.525,0.000603,0.00019661,2048,140997.31,1787804185.833
2589,14.122,0.000571,0.0001963,2048,145026.06,1787804185.848
2590,15.074,0.000808,0.000196,2048,135863.08,1787804185.863
2591,14.589,0.000195,0.0001957,2048,140375.89,1787804185.878
2592,15.96,0.000246,0.0001954,2048,128319.19,1787804185.894
2593,14.84,0.000207,0.00019509,2048,138004.46,1787804185.909
2594,14.647,0.000512,0.00019479,2048,139823.85,1787804185.924
2595,15.311,0.000326,0.00019449,2048,133762.66,1787804185.939
2596,15.135,0.000271,0.00019419,2048,135311.92,1787804185.954
2597,17.908,0.000154,0.00019389,2048,114362.93,1787804185.973
2598,19.135,0.000207,0.00019359,2048,107030.68,1787804185.992
2599,16.81,0.000217,0.00019329,2048,121834.42,1787804186.009
2600,20.195,0.000228,0.00019299,2048,101412.24,1787804186.029
2601,16.42,0.000209,0.00019269,2048,124725.94,1787804186.046
2602,17.833,0.000236,0.00019239,2048,114844.56,1787804186.064
2603,14.847,0.000229,0.0001921,2048,137937.54,1787804186.079
2604,15.02,0.000219,0.0001918,2048,136350.62,1787804186.094
2605,19.504,0.000208,0.0001915,2048,105003.56,1787804186.113
2606,15.071,0.00021,0.00019121,2048,135885.61,1787804186.129
2607,14.951,0.000207,0.00019091,2048,136982.64,1787804186.144
2608,15.696,0.000216,0.00019061,2048,130474.95,1787804186.16
2609,16.575,0.000197,0.00019032,2048,123559.58,1787804186.177
2610,20.268,0.000231,0.00019002,2048,101044.99,1787804186.197
2611,18.269,0.000199,0.00018973,2048,112100.01,1787804186.216
2612,15.343,0.000219,0.00018944,2048,133479.33,1787804186.231
2613,48.892,0.000199,0.00018914,2048,41888.59,1787804186.28
2614,24.359,0.000202,0.00018885,2048,84077.08,1787804186.305
2615,30.458,0.000178,0.00018856,2048,67240.35,1787804186.335
2616,26.1,0.000239,0.00018826,2048,78468.64,1787804186.362
2617,17.919,0.0002,0.00018797,2048,114294.64,1787804186.38
2618,22.032,0.000175,0.00018768,2048,92956.97,1787804186.402
2619,28.909,0.000196,0.00018739,2048,70842.75,1787804186.432
2620,28.644,0.000196,0.0001871,2048,71499.39,1787804186.46
2621,22.944,0.000226,0.00018681,2048,89261.2,1787804186.483
2622,22.66,0.000219,0.00018652,2048,90379.92,1787804186.506
2623,16.416,0.00023,0.00018623,2048,124757.86,1787804186.523
2624,15.73,0.000158,0.00018594,2048,130196.25,1787804186.539
2625,16.277,0.000308,0.00018565,2048,125820.17,1787804186.555
2626,15.287,0.000226,0.00018537,2048,133972.67,1787804186.571
2627,15.508,0.000249,0.00018508,2048,132060.02,1787804186.586
2628,17.099,0.000306,0.00018479,2048,119774.49,1787804186.604
2629,24.978,0.000247,0.00018451,2048,81993.47,1787804186.629
2630,30.895,0.000412,0.00018422,2048,66289.04,1787804186.66
2631,30.066,0.000217,0.00018393,2048,68116.58,1787804186.69
2632,21.474,0.00035,0.00018365,2048,95372.48,1787804186.712
2633,16.839,0.000517,0.00018336,2048,121625.31,1787804186.729
2634,21.739,0.000247,0.00018308,2048,94208.13,1787804186.751
2635,21.031,0.000269,0.00018279,2048,97379.13,1787804186.772
2636,23.239,0.000213,0.00018251,2048,88126.96,1787804186.795
2637,20.22,0.000777,0.00018223,2048,101284.85,1787804186.816
2638,22.463,0.000216,0.00018195,2048,91170.93,1787804186.838
2639,19.281,0.000473,0.00018166,2048,106220.21,1787804186.858
2640,15.441,0.000694,0.00018138,2048,132636.47,1787804186.873
2641,15.03,0.000491,0.0001811,2048,136262.62,1787804186.888
2642,15.612,0.000259,0.00018082,2048,131179.46,1787804186.904
2643,16.487,0.000378,0.00018054,2048,124218.33,1787804186.921
2644,18.918,0.000861,0.00018026,2048,108255.54,1787804186.94
2645,16.116,0.000309,0.00017998,2048,127078.68,1787804186.956
2646,15.261,0.000453,0.0001797,2048,134198.28,1787804186.972
2647,18.086,0.000645,0.00017942,2048,113234.88,1787804186.99
2648,15.578,0.000614,0.00017914,2048,131466.61,1787804187.006
2649,15.399,0.000226,0.00017887,2048,132996.51,1787804187.021
2650,15.68,0.000235,0.00017859,2048,130611.41,1787804187.037
2651,15.342,0.000349,0.00017831,2048,133494.12,1787804187.053
2652,15.539,0.000562,0.00017803,2048,131800.81,1787804187.068
2653,15.584,0.000162,0.00017776,2048,131415.15,1787804187.084
2654,16.184,0.000575,0.00017748,2048,126543.95,1787804187.101
2655,15.539,0.000623,0.00017721,2048,131794.87,1787804187.116
2656,15.617,0.000226,0.00017693,2048,131137.46,1787804187.132
2657,24.296,0.000399,0.00017666,2048,84292.32,1787804187.157
2658,27.332,0.000881,0.00017638,2048,74931.58,1787804187.184
2659,25.782,0.000815,0.00017611,2048,79434.03,1787804187.21
2660,16.697,0.000317,0.00017584,2048,122659.7,1787804187.227
2661,15.953,0.00086,0.00017557,2048,128377.91,1787804187.243
2662,15.86,0.000388,0.00017529,2048,129133.14,1787804187.259
2663,15.594,0.000867,0.00017502,2048,131335.93,1787804187.275
2664,15.626,0.000492,0.00017475,2048,131061.93,1787804187.291
2665,14.889,0.000616,0.00017448,2048,137549.36,1787804187.306
2666,16.777,0.000475,0.00017421,2048,122070.43,1787804187.323
2667,15.274,0.000706,0.00017394,2048,134080.55,1787804187.338
2668,26.21,0.000687,0.00017367,2048,78139.01,1787804187.365
2669,25.953,0.000358,0.0001734,2048,78913.4,1787804187.391
2670,23.807,0.000321,0.00017313,2048,86026.93,1787804187.415
2671,18.808,0.00045,0.00017287,2048,108889.26,1787804187.434
2672,17.081,0.000501,0.0001726,2048,119897.9,1787804187.452
2673,17.442,0.000634,0.00017233,2048,117415.03,1787804187.469
2674,17.269,0.000736,0.00017206,2048,118591.27,1787804187.487
2675,24.335,0.000238,0.0001718,2048,84158.27,1787804187.511
2676,27.363,0.000415,0.00017153,2048,74844.23,1787804187.538
2677,26.875,0.000535,0.00017127,2048,76204.65,1787804187.565
2678,24.778,0.000505,0.000171,2048,82655.3,1787804187.59
2679,20.614,0.000603,0.00017074,2048,99351.4,1787804187.611
2680,16.34,0.00045,0.00017047,2048,125334.3,1787804187.628
2681,15.484,0.000402,0.00017021,2048,132264.71,1787804187.643
2682,15.138,0.0004,0.00016995,2048,135291.36,1787804187.659
2683,15.531,0.00025,0.00016968,2048,131867.0,1787804187.674
2684,18.144,0.000359,0.00016942,2048,112872.29,1787804187.693
2685,25.664,0.000169,0.00016916,2048,79799.57,1787804187.718
2686,16.641,0.000138,0.0001689,2048,123068.79,1787804187.735
2687,15.362,0.000171,0.00016864,2048,133318.58,1787804187.751
2688,14.517,0.000814,0.00016838,2048,141073.06,1787804187.766
2689,14.595,0.000258,0.00016812,2048,140323.95,1787804187.78
2690,14.743,0.000285,0.00016786,2048,138915.27,1787804187.795
2691,16.266,0.000274,0.0001676,2048,125908.35,1787804187.812
2692,16.146,0.000537,0.00016734,2048,126845.7,1787804187.828
2693,15.584,0.000869,0.00016708,2048,131419.37,1787804187.844
2694,20.091,0.00031,0.00016683,2048,101938.22,1787804187.864
2695,17.444,0.000169,0.00016657,2048,117405.61,1787804187.881
2696,18.926,0.000229,0.00016631,2048,108210.93,1787804187.901
2697,17.298,0.000445,0.00016606,2048,118393.82,1787804187.918
2698,17.532,0.000252,0.0001658,2048,116814.97,1787804187.936
2699,16.224,0.000264,0.00016554,2048,126233.52,1787804187.952
2700,17.697,0.000373,0.00016529,2048,115723.21,1787804187.97
2701,17.295,0.000374,0.00016504,2048,118414.36,1787804187.988
2702,17.029,0.000222,0.00016478,2048,120262.6,1787804188.005
2703,21.158,0.000215,0.00016453,2048,96796.0,1787804188.026
2704,15.622,0.00021,0.00016427,2048,131098.85,1787804188.042
2705,14.041,0.000293,0.00016402,2048,145854.4,1787804188.056
2706,14.495,0.000335,0.00016377,2048,141286.2,1787804188.071
2707,14.853,0.000437,0.00016352,2048,137887.39,1787804188.086
2708,13.597,0.000228,0.00016327,2048,150622.57,1787804188.1
2709,16.45,0.000266,0.00016302,2048,124496.97,1787804188.116
2710,27.611,0.000202,0.00016277,2048,74174.14,1787804188.144
2711,27.976,0.00024,0.00016252,2048,73205.87,1787804188.172
2712,27.184,0.000272,0.00016227,2048,75339.54,1787804188.2
2713,15.955,0.000243,0.00016202,2048,128362.62,1787804188.216
2714,15.503,0.000235,0.00016177,2048,132100.06,1787804188.232
2715,15.617,0.000201,0.00016152,2048,131137.46,1787804188.247
2716,15.264,0.000188,0.00016127,2048,134174.55,1787804188.263
2717,15.368,0.000201,0.00016103,2048,133262.19,1787804188.278
2718,16.705,0.000197,0.00016078,2048,122600.96,1787804188.295
2719,16.173,0.000211,0.00016053,2048,126629.24,1787804188.312
2720,17.535,0.000212,0.00016029,2048,116791.65,1787804188.329
2721,18.125,0.000219,0.00016004,2048,112992.48,1787804188.348
2722,16.43,0.000201,0.0001598,2048,124651.55,1787804188.364
2723,14.951,0.000168,0.00015955,2048,136982.64,1787804188.379
2724,15.515,0.000182,0.00015931,2048,131997.04,1787804188.396
2725,17.933,0.00018,0.00015907,2048,114204.78,1787804188.414
2726,16.349,0.000195,0.00015882,2048,125270.67,1787804188.431
2727,14.999,0.000159,0.00015858,2048,136539.71,1787804188.445
2728,15.973,0.000178,0.00015834,2048,128214.76,1787804188.462
2729,26.257,0.000147,0.0001581,2048,77999.44,1787804188.488
2730,21.215,0.000169,0.00015786,2048,96533.65,1787804188.509
2731,19.535,0.000193,0.00015762,2048,104835.32,1787804188.529
2732,17.81,0.000181,0.00015738,2048,114994.16,1787804188.547
2733,17.666,0.000189,0.00015714,2048,115928.25,1787804188.565
2734,16.931,0.000167,0.0001569,2048,120960.84,1787804188.583
2735,18.301,0.000169,0.00015666,2048,111905.84,1787804188.601
2736,18.17,0.000158,0.00015642,2048,112713.26,1787804188.619
2737,17.837,0.000168,0.00015618,2048,114815.58,1787804188.637
2738,17.491,0.000148,0.00015595,2048,117088.12,1787804188.655
2739,16.816,0.000222,0.00015571,2048,121788.05,1787804188.672
2740,17.926,0.000197,0.00015547,2048,114248.1,1787804188.69
2741,16.912,0.000159,0.00015524,2048,121099.59,1787804188.707
2742,17.35,0.000147,0.000155,2048,118042.39,1787804188.724
2743,17.177,0.000168,0.00015477,2048,119231.28,1787804188.742
2744,17.499,0.000202,0.00015453,2048,117034.59,1787804188.759
2745,17.535,0.000186,0.0001543,2048,116794.32,1787804188.777
2746,17.18,0.000147,0.00015406,2048,119208.38,1787804188.794
2747,15.722,0.000166,0.00015383,2048,130260.01,1787804188.81
2748,17.306,0.000177,0.0001536,2048,118343.2,1787804188.828
2749,21.714,0.000186,0.00015337,2048,94319.2,1787804188.85
2750,22.626,0.000319,0.00015314,2048,90517.34,1787804188.873
2751,15.591,0.000175,0.0001529,2048,131361.21,1787804188.889
2752,15.957,0.000178,0.00015267,2048,128344.93,1787804188.905
2753,17.487,0.000129,0.00015244,2048,117114.9,1787804188.922
2754,17.179,0.000177,0.00015221,2048,119214.63,1787804188.94
2755,16.641,0.000124,0.00015198,2048,123072.49,1787804188.957
2756,19.501,0.000197,0.00015176,2048,105019.18,1787804188.976
2757,15.285,0.000185,0.00015153,2048,133988.45,1787804188.992
2758,14.719,0.000151,0.0001513,2048,139142.72,1787804189.007
2759,15.833,0.000146,0.00015107,2048,129352.54,1787804189.023
2760,17.141,0.000176,0.00015085,2048,119479.61,1787804189.04
2761,25.041,0.000145,0.00015062,2048,81784.56,1787804189.065
2762,15.174,0.000133,0.00015039,2048,134971.27,1787804189.081
2763,15.279,0.000143,0.00015017,2048,134044.57,1787804189.096
2764,15.799,0.000162,0.00014994,2048,129625.18,1787804189.112
2765,16.471,0.000174,0.00014972,2048,124343.52,1787804189.129
2766,15.032,0.000156,0.00014949,2048,136245.4,1787804189.144
2767,14.619,0.000163,0.00014927,2048,140091.66,1787804189.159
2768,14.529,0.000161,0.00014905,2048,140961.4,1787804189.173
2769,15.238,0.000186,0.00014882,2048,134401.72,1787804189.189
2770,14.975,0.000186,0.0001486,2048,136764.01,1787804189.204
2771,15.493,0.000153,0.00014838,2048,132184.47,1787804189.219
2772,16.866,0.000184,0.00014816,2048,121427.72,1787804189.237
2773,15.268,0.000163,0.00014794,2048,134136.76,1787804189.252
2774,15.688,0.000281,0.00014772,2048,130543.98,1787804189.268
2775,15.598,0.000143,0.0001475,2048,131298.88,1787804189.284
2776,15.806,0.000195,0.00014728,2048,129566.95,1787804189.3
2777,15.577,0.000326,0.00014706,2048,131471.67,1787804189.316
2778,17.05,0.000377,0.00014684,2048,120120.82,1787804189.333
2779,30.161,0.000152,0.00014662,2048,67902.93,1787804189.363
2780,21.862,0.000164,0.00014641,2048,93677.67,1787804189.385
2781,16.668,0.000191,0.00014619,2048,122867.96,1787804189.402
2782,16.305,0.000205,0.00014597,2048,125601.79,1787804189.418
2783,15.273,0.000189,0.00014576,2048,134092.84,1787804189.433
2784,14.84,0.000181,0.00014554,2048,138000.74,1787804189.448
2785,13.964,0.000175,0.00014533,2048,146662.85,1787804189.463
2786,27.756,0.000181,0.00014511,2048,73785.32,1787804189.49
2787,23.47,0.0002,0.0001449,2048,87260.33,1787804189.514
2788,16.539,0.00019,0.00014469,2048,123830.02,1787804189.531
2789,16.434,0.000203,0.00014447,2048,124621.97,1787804189.547
2790,20.039,0.000174,0.00014426,2048,102203.26,1787804189.568
2791,16.366,0.000224,0.00014405,2048,125137.48,1787804189.584
2792,16.407,0.000212,0.00014384,2048,124821.73,1787804189.601
2793,15.899,0.00019,0.00014363,2048,128815.56,1787804189.617
2794,15.938,0.00019,0.00014341,2048,128493.9,1787804189.633
2795,16.274,0.000159,0.0001432,2048,125841.81,1787804189.649
2796,15.523,0.00022,0.000143,2048,131937.51,1787804189.665
2797,15.514,0.000488,0.00014279,2048,132010.65,1787804189.681
2798,15.736,0.000363,0.00014258,2048,130148.26,1787804189.697
2799,15.829,0.000303,0.00014237,2048,129380.33,1787804189.713
2800,16.608,0.000229,0.00014216,2048,123315.55,1787804189.73
2801,17.831,0.000233,0.00014195,2048,114853.57,1787804189.748
2802,17.681,0.000395,0.00014175,2048,115831.86,1787804189.765
2803,16.351,0.000313,0.00014154,2048,125254.58,1787804189.782
2804,18.256,0.000375,0.00014134,2048,112181.68,1787804189.8
2805,16.186,0.000333,0.00014113,2048,126526.75,1787804189.817
2806,18.162,0.000264,0.00014093,2048,112763.53,1787804189.835
2807,25.628,0.000484,0.00014072,2048,79913.84,1787804189.861
2808,18.597,0.000303,0.00014052,2048,110125.88,1787804189.879
2809,15.087,0.000445,0.00014031,2048,135746.91,1787804189.895
2810,15.181,0.000394,0.00014011,2048,134903.7,1787804189.91
2811,15.094,0.000506,0.00013991,2048,135683.95,1787804189.925
2812,16.445,0.000524,0.00013971,2048,124535.58,1787804189.942
2813,17.955,0.000292,0.00013951,2048,114061.67,1787804189.96
2814,15.178,0.000509,0.0001393,2048,134934.81,1787804189.975
2815,17.513,0.000629,0.0001391,2048,116944.37,1787804189.993
2816,18.33,0.000527,0.0001389,2048,111729.41,1787804190.012
2817,23.211,0.000978,0.00013871,2048,88234.79,1787804190.035
2818,19.168,0.000708,0.00013851,2048,106844.18,1787804190.055
2819,14.715,0.000577,0.00013831,2048,139174.87,1787804190.07
2820,14.701,0.000486,0.00013811,2048,139306.46,1787804190.084
2821,15.529,0.000488,0.00013791,2048,131884.83,1787804190.101
2822,15.339,0.000514,0.00013772,2048,133520.23,1787804190.115
2823,15.606,0.000522,0.00013752,2048,131230.74,1787804190.131
2824,15.693,0.000904,0.00013732,2048,130504.05,1787804190.147
2825,15.025,0.0009,0.00013713,2048,136302.53,1787804190.162
2826,14.712,0.001064,0.00013693,2048,139203.25,1787804190.177
2827,15.243,0.0008,0.00013674,2048,134354.11,1787804190.193
2828,14.709,0.000599,0.00013654,2048,139230.7,1787804190.208
2829,20.885,0.000792,0.00013635,2048,98061.75,1787804190.229
2830,17.527,0.000779,0.00013616,2048,116846.96,1787804190.246
2831,14.932,0.000913,0.00013596,2048,137153.27,1787804190.261
2832,15.097,0.000803,0.00013577,2048,135655.19,1787804190.277
2833,15.082,0.001208,0.00013558,2048,135791.91,1787804190.292
2834,15.236,0.001177,0.00013539,2048,134414.07,1787804190.307
2835,15.943,0.000635,0.0001352,2048,128454.41,1787804190.323
2836,16.401,0.000165,0.00013501,2048,124873.48,1787804190.34
2837,20.254,0.000629,0.00013482,2048,101113.83,1787804190.36
2838,20.775,0.000337,0.00013463,2048,98580.97,1787804190.381
2839,29.989,0.000648,0.00013444,2048,68292.39,1787804190.412
2840,23.881,0.000285,0.00013425,2048,85758.19,1787804190.436
2841,22.02,0.000652,0.00013407,2048,93007.62,1787804190.458
2842,16.77,0.000133,0.00013388,2048,122119.93,1787804190.475
2843,15.25,0.000158,0.00013369,2048,134293.32,1787804190.491
2844,14.513,0.000161,0.00013351,2048,141110.0,1787804190.505
2845,15.421,0.000235,0.00013332,2048,132809.36,1787804190.521
2846,15.717,0.000214,0.00013314,2048,130305.59,1787804190.537
2847,17.246,0.000378,0.00013295,2048,118753.55,1787804190.554
2848,15.16,0.000179,0.00013277,2048,135095.91,1787804190.57
2849,25.959,0.000275,0.00013258,2048,78892.73,1787804190.595
2850,27.14,0.000246,0.0001324,2048,75461.69,1787804190.623
2851,21.042,0.000182,0.00013222,2048,97328.69,1787804190.645
2852,15.751,0.000203,0.00013204,2048,130023.49,1787804190.66
2853,26.444,0.000207,0.00013185,2048,77446.09,1787804190.686
2854,22.186,0.000174,0.00013167,2048,92310.05,1787804190.709
2855,15.36,0.000212,0.00013149,2048,133336.8,1787804190.725
2856,19.47,0.000172,0.00013131,2048,105188.01,1787804190.744
2857,25.018,0.000204,0.00013113,2048,81861.71,1787804190.77
2858,15.76,0.000218,0.00013095,2048,129946.77,1787804190.786
2859,15.393,0.000142,0.00013077,2048,133046.62,1787804190.801
2860,14.763,0.000185,0.0001306,2048,138724.25,1787804190.816
2861,17.23,0.000144,0.00013042,2048,118861.76,1787804190.834
2862,16.204,0.000201,0.00013024,2048,126384.65,1787804190.85
2863,16.067,0.000144,0.00013006,2048,127465.44,1787804190.866
2864,15.022,0.000151,0.00012989,2048,136336.1,1787804190.881
2865,15.372,0.000162,0.00012971,2048,133225.78,1787804190.897
2866,14.872,0.00014,0.00012954,2048,137709.37,1787804190.912
2867,17.396,0.00017,0.00012936,2048,117725.51,1787804190.929
2868,16.316,0.000152,0.00012919,2048,125519.42,1787804190.946
2869,14.957,0.000186,0.00012902,2048,136922.19,1787804190.961
2870,22.035,0.000152,0.00012884,2048,92944.31,1787804190.983
2871,19.87,0.000165,0.00012867,2048,103069.95,1787804191.003
2872,16.41,0.00014,0.0001285,2048,124800.43,1787804191.02
2873,16.878,0.000156,0.00012833,2048,121343.55,1787804191.037
2874,21.812,0.000124,0.00012815,2048,93892.41,1787804191.059
2875,18.262,0.000132,0.00012798,2048,112148.51,1787804191.077
2876,31.434,0.000141,0.00012781,2048,65151.55,1787804191.109
2877,20.522,0.000132,0.00012764,2048,99794.86,1787804191.13
2878,16.333,0.000131,0.00012748,2048,125393.38,1787804191.146
2879,14.515,0.000152,0.00012731,2048,141094.45,1787804191.161
2880,14.003,0.000116,0.00012714,2048,146254.37,1787804191.176
2881,14.021,0.000142,0.00012697,2048,146063.49,1787804191.19
2882,14.352,0.000128,0.0001268,2048,142695.89,1787804191.204
2883,15.225,0.000138,0.00012664,2048,134517.37,1787804191.22
2884,15.81,0.00012,0.00012647,2048,129539.09,1787804191.236
2885,15.87,0.00014,0.00012631,2048,129050.96,1787804191.252
2886,15.579,0.000142,0.00012614,2048,131461.55,1787804191.268
2887,15.063,0.000183,0.00012598,2048,135958.68,1787804191.283
2888,15.131,0.000118,0.00012581,2048,135354.84,1787804191.298
2889,16.304,0.000153,0.00012565,2048,125612.58,1787804191.315
2890,19.642,0.000147,0.00012548,2048,104268.49,1787804191.334
2891,16.737,0.000172,0.00012532,2048,122364.36,1787804191.351
2892,18.418,0.000129,0.00012516,2048,111193.76,1787804191.37
2893,14.903,0.00014,0.000125,2048,137419.23,1787804191.385
2894,17.277,0.000211,0.00012484,2048,118539.1,1787804191.402
2895,16.616,0.00016,0.00012468,2048,123250.99,1787804191.419
2896,17.224,0.000269,0.00012452,2048,118904.54,1787804191.436
2897,16.854,0.000149,0.00012436,2048,121515.62,1787804191.453
2898,15.676,0.000119,0.0001242,2048,130648.07,1787804191.469
2899,17.51,0.000129,0.00012404,2048,116961.07,1787804191.486
2900,20.506,0.000137,0.00012388,2048,99871.26,1787804191.507
2901,22.933,0.000159,0.00012372,2048,89304.01,1787804191.53
2902,23.921,0.000157,0.00012357,2048,85614.08,1787804191.555
2903,21.52,0.000151,0.00012341,2048,95168.17,1787804191.576
2904,18.399,0.000125,0.00012325,2048,111312.82,1787804191.595
2905,20.102,0.000126,0.0001231,2048,101877.88,1787804191.615
2906,15.886,0.000202,0.00012294,2048,128917.73,1787804191.631
2907,20.52,0.000146,0.00012279,2048,99805.55,1787804191.652
2908,15.238,0.000125,0.00012264,2048,134397.31,1787804191.667
2909,15.037,0.000137,0.00012248,2048,136200.1,1787804191.682
2910,14.721,0.000116,0.00012233,2048,139124.76,1787804191.697
2911,15.358,0.000149,0.00012218,2048,133352.43,1787804191.713
2912,15.284,0.000115,0.00012202,2048,133997.21,1787804191.729
2913,15.59,0.000147,0.00012187,2048,131364.58,1787804191.745
2914,15.105,0.000126,0.00012172,2048,135583.35,1787804191.76
2915,15.994,0.000159,0.00012157,2048,128046.42,1787804191.776
2916,15.711,0.000178,0.00012142,2048,130355.36,1787804191.792
2917,15.244,0.000148,0.00012127,2048,134347.94,1787804191.808
2918,14.744,0.000126,0.00012112,2048,138901.13,1787804191.822
2919,16.487,0.000155,0.00012098,2048,124216.07,1787804191.839
2920,16.398,0.000126,0.00012083,2048,124895.57,1787804191.856
2921,14.603,0.000122,0.00012068,2048,140247.08,1787804191.87
2922,14.57,0.000114,0.00012053,2048,140565.69,1787804191.885
2923,16.514,0.000114,0.00012039,2048,124017.49,1787804191.902
2924,15.662,0.000198,0.00012024,2048,130766.53,1787804191.918
2925,17.247,0.000116,0.0001201,2048,118746.67,1787804191.935
2926,17.374,0.000113,0.00011995,2048,117874.57,1787804191.953
2927,16.04,0.000115,0.00011981,2048,127681.59,1787804191.969
2928,15.394,0.000135,0.00011966,2048,133042.3,1787804191.985
2929,16.217,0.000127,0.00011952,2048,126290.34,1787804192.001
2930,14.972,0.000115,0.00011938,2048,136788.67,1787804192.016
2931,15.147,0.000125,0.00011923,2048,135208.29,1787804192.031
2932,16.169,0.000127,0.00011909,2048,126660.56,1787804192.048
2933,15.514,0.000127,0.00011895,2048,132006.39,1787804192.063
2934,14.459,0.000115,0.00011881,2048,141645.8,1787804192.078
2935,14.663,0.000124,0.00011867,2048,139672.23,1787804192.093
2936,15.108,0.000132,0.00011853,2048,135561.81,1787804192.107
2937,14.952,0.000127,0.00011839,2048,136975.31,1787804192.123
2938,16.719,0.000123,0.00011825,2048,122494.63,1787804192.139
2939,19.688,0.000115,0.00011812,2048,104021.17,1787804192.159
2940,23.296,0.000126,0.00011798,2048,87912.84,1787804192.183
2941,17.149,0.000135,0.00011784,2048,119421.09,1787804192.2
2942,15.632,0.00011,0.0001177,2048,131015.82,1787804192.216
2943,15.368,0.000123,0.00011757,2048,133264.79,1787804192.231
2944,16.024,0.000125,0.00011743,2048,127809.88,1787804192.248
2945,15.496,0.000115,0.0001173,2048,132166.55,1787804192.263
2946,15.149,0.000117,0.00011716,2048,135190.44,1787804192.279
2947,14.802,0.000115,0.00011703,2048,138355.94,1787804192.294
2948,21.585,0.000121,0.0001169,2048,94881.14,1787804192.315
2949,15.267,0.000131,0.00011676,2048,134141.15,1787804192.331
2950,16.357,0.000116,0.00011663,2048,125209.4,1787804192.347
2951,15.285,0.000122,0.0001165,2048,133987.57,1787804192.363
2952,14.806,0.000197,0.00011637,2048,138318.56,1787804192.378
2953,14.916,0.000123,0.00011624,2048,137305.91,1787804192.393
2954,21.482,0.000114,0.0001161,2048,95335.63,1787804192.415
2955,21.612,0.000114,0.00011598,2048,94762.17,1787804192.436
2956,22.034,0.000113,0.00011585,2048,92947.69,1787804192.459
2957,17.18,0.000111,0.00011572,2048,119209.08,1787804192.476
2958,15.049,0.000111,0.00011559,2048,136090.58,1787804192.491
2959,14.719,0.000112,0.00011546,2048,139137.05,1787804192.506
2960,14.577,0.000112,0.00011533,2048,140493.37,1787804192.521
2961,15.728,0.000121,0.00011521,2048,130209.49,1787804192.537
2962,22.11,0.000122,0.00011508,2048,92627.35,1787804192.559
2963,15.356,0.000112,0.00011495,2048,133367.2,1787804192.574
2964,15.508,0.00013,0.00011483,2048,132062.58,1787804192.59
2965,15.807,0.000116,0.0001147,2048,129560.39,1787804192.606
2966,15.786,0.000141,0.00011458,2048,129732.74,1787804192.622
2967,15.954,0.000121,0.00011446,2048,128371.48,1787804192.638
2968,17.747,0.000132,0.00011433,2048,115402.39,1787804192.656
2969,15.149,0.000114,0.00011421,2048,135193.12,1787804192.671
2970,15.119,0.000136,0.00011409,2048,135457.8,1787804192.687
2971,15.208,0.000123,0.00011397,2048,134668.62,1787804192.702
2972,15.093,0.000111,0.00011385,2048,135694.74,1787804192.717
2973,15.735,0.000141,0.00011373,2048,130159.84,1787804192.733
2974,16.557,0.00011,0.00011361,2048,123690.17,1787804192.75
2975,17.199,0.000145,0.00011349,2048,119073.92,1787804192.768
2976,16.41,0.000121,0.00011337,2048,124799.67,1787804192.784
2977,16.096,0.000114,0.00011325,2048,127233.42,1787804192.801
2978,16.363,0.000113,0.00011313,2048,125160.42,1787804192.817
2979,22.997,0.000111,0.00011301,2048,89057.03,1787804192.84
2980,17.052,0.000112,0.0001129,2048,120100.4,1787804192.858
2981,16.987,0.00012,0.00011278,2048,120566.33,1787804192.875
2982,16.032,0.000121,0.00011266,2048,127746.1,1787804192.891
2983,15.377,0.000124,0.00011255,2048,133187.66,1787804192.907
2984,15.347,0.000112,0.00011243,2048,133442.8,1787804192.923
2985,16.622,0.00011,0.00011232,2048,123210.95,1787804192.939
2986,16.251,0.000204,0.00011221,2048,126026.12,1787804192.956
2987,15.372,0.000116,0.00011209,2048,133232.72,1787804192.971
2988,14.848,0.000121,0.00011198,2048,137933.82,1787804192.986
2989,15.152,0.00011,0.00011187,2048,135168.14,1787804193.002
2990,15.078,0.000118,0.00011176,2048,135827.03,1787804193.017
2991,15.009,0.000111,0.00011164,2048,136449.64,1787804193.032
2992,16.264,0.00011,0.00011153,2048,125925.38,1787804193.049
2993,16.75,0.000109,0.00011142,2048,122268.66,1787804193.066
2994,17.376,0.00013,0.00011131,2048,117864.4,1787804193.083
2995,17.549,0.000142,0.0001112,2048,116703.8,1787804193.101
2996,15.031,0.00013,0.0001111,2048,136254.47,1787804193.116
2997,15.271,0.000112,0.00011099,2048,134107.77,1787804193.131
2998,16.265,0.000138,0.00011088,2048,125916.09,1787804193.148
2999,17.074,0.000113,0.00011077,2048,119950.57,1787804193.165
3000,16.553,0.00012,0.00011067,2048,123724.54,1787804193.182
3001,18.021,0.000132,0.00011056,2048,113647.71,1787804193.2
3002,18.658,0.000111,0.00011046,2048,109765.84,1787804193.219
3003,30.397,0.00014,0.00011035,2048,67374.63,1787804193.249
3004,15.968,0.000124,0.00011025,2048,128258.12,1787804193.266
3005,14.934,0.000122,0.00011014,2048,137138.57,1787804193.281
3006,15.398,0.000108,0.00011004,2048,133007.74,1787804193.296
3007,14.865,0.000121,0.00010994,2048,137771.44,1787804193.311
3008,15.439,0.000111,0.00010983,2048,132649.36,1787804193.327
3009,15.207,0.000131,0.00010973,2048,134673.05,1787804193.342
3010,17.167,0.000212,0.00010963,2048,119298.65,1787804193.36
3011,30.552,0.00013,0.00010953,2048,67032.6,1787804193.39
3012,31.689,0.000127,0.00010943,2048,64628.72,1787804193.422
3013,29.515,0.000118,0.00010933,2048,69388.68,1787804193.452
3014,31.133,0.000112,0.00010923,2048,65781.87,1787804193.483
3015,16.184,0.000138,0.00010913,2048,126547.08,1787804193.5
3016,21.001,0.000143,0.00010903,2048,97516.84,1787804193.521
3017,27.785,0.000192,0.00010894,2048,73709.37,1787804193.549
3018,21.36,0.000139,0.00010884,2048,95878.8,1787804193.57
3019,16.474,0.00014,0.00010874,2048,124319.37,1787804193.587
3020,15.832,0.000128,0.00010865,2048,129356.63,1787804193.603
3021,14.609,0.000136,0.00010855,2048,140185.64,1787804193.618
3022,15.482,0.00017,0.00010846,2048,132280.09,1787804193.634
3023,15.488,0.00014,0.00010836,2048,132227.99,1787804193.649
3024,15.904,0.000118,0.00010827,2048,128775.06,1787804193.665
3025,15.545,0.00012,0.00010817,2048,131742.31,1787804193.681
3026,14.628,0.000159,0.00010808,2048,140009.3,1787804193.696
3027,15.014,0.000151,0.00010799,2048,136405.11,1787804193.711
3028,15.814,0.000147,0.0001079,2048,129509.6,1787804193.727
3029,15.184,0.000108,0.00010781,2048,134883.26,1787804193.742
3030,16.3,0.0002,0.00010772,2048,125642.63,1787804193.759
3031,15.722,0.000313,0.00010763,2048,130263.32,1787804193.775
3032,16.178,0.000242,0.00010754,2048,126594.8,1787804193.791
3033,15.384,0.000478,0.00010745,2048,133121.86,1787804193.807
3034,14.968,0.000301,0.00010736,2048,136824.31,1787804193.822
3035,15.211,0.0002,0.00010727,2048,134641.18,1787804193.837
3036,16.41,0.000139,0.00010718,2048,124799.67,1787804193.853
3037,17.602,0.000211,0.00010709,2048,116349.09,1787804193.871
3038,15.487,0.000308,0.00010701,2048,132241.65,1787804193.887
3039,15.233,0.0003,0.00010692,2048,134447.6,1787804193.903
3040,15.552,0.00026,0.00010684,2048,131690.63,1787804193.918
3041,17.207,0.000179,0.00010675,2048,119022.71,1787804193.936
3042,15.985,0.00018,0.00010667,2048,128119.31,1787804193.952
3043,16.738,0.000172,0.00010658,2048,122355.58,1787804193.969
3044,17.789,0.000187,0.0001065,2048,115129.27,1787804193.987
3045,15.722,0.000312,0.00010642,2048,130264.15,1787804194.003
3046,16.509,0.000616,0.00010633,2048,124053.55,1787804194.019
3047,16.582,0.000315,0.00010625,2048,123505.18,1787804194.036
3048,15.273,0.000167,0.00010617,2048,134095.48,1787804194.052
3049,16.804,0.000507,0.00010609,2048,121872.84,1787804194.069
3050,15.119,0.000149,0.00010601,2048,135462.28,1787804194.084
3051,15.193,0.000423,0.00010593,2048,134798.03,1787804194.099
3052,14.997,0.000685,0.00010585,2048,136556.09,1787804194.114
3053,14.907,0.000261,0.00010577,2048,137386.04,1787804194.129
3054,14.971,0.000331,0.00010569,2048,136796.9,1787804194.144
3055,16.74,0.000786,0.00010562,2048,122338.77,1787804194.161
3056,16.21,0.000676,0.00010554,2048,126341.77,1787804194.177
3057,16.472,0.000701,0.00010546,2048,124330.69,1787804194.194
3058,15.492,0.000597,0.00010539,2048,132197.26,1787804194.21
3059,15.372,0.000371,0.00010531,2048,133232.72,1787804194.226
3060,22.158,0.000598,0.00010524,2048,92426.7,1787804194.248
3061,22.153,0.000534,0.00010516,2048,92448.39,1787804194.271
3062,20.45,0.000322,0.00010509,2048,100146.7,1787804194.291
3063,19.961,0.000374,0.00010502,2048,102601.1,1787804194.311
3064,16.936,0.000821,0.00010494,2048,120922.98,1787804194.328
3065,16.135,0.000341,0.00010487,2048,126929.04,1787804194.345
3066,19.165,0.000432,0.0001048,2048,106863.14,1787804194.364
3067,17.078,0.000445,0.00010473,2048,119920.37,1787804194.381
3068,15.41,0.000493,0.00010466,2048,132900.71,1787804194.397
3069,16.928,0.001053,0.00010459,2048,120982.27,1787804194.414
3070,20.093,0.000584,0.00010452,2048,101926.55,1787804194.434
3071,27.992,0.000668,0.00010445,2048,73163.5,1787804194.462
3072,17.078,0.000434,0.00010438,2048,119919.66,1787804194.48
3073,14.648,0.000314,0.00010431,2048,139819.08,1787804194.494
3074,15.057,0.000487,0.00010424,2048,136016.47,1787804194.51
3075,14.818,0.000421,0.00010418,2048,138207.49,1787804194.525
3076,14.266,0.000647,0.00010411,2048,143555.09,1787804194.539
3077,14.646,0.000821,0.00010404,2048,139832.45,1787804194.554
3078,15.668,0.000483,0.00010398,2048,130708.94,1787804194.57
3079,20.56,0.000381,0.00010391,2048,99612.83,1787804194.591
3080,21.667,0.000455,0.00010385,2048,94522.93,1787804194.612
3081,15.353,0.000359,0.00010379,2048,133395.86,1787804194.628
3082,15.626,0.000588,0.00010372,2048,131065.29,1787804194.644
3083,15.622,0.000445,0.00010366,2048,131095.49,1787804194.66
3084,17.549,0.000138,0.0001036,2048,116704.47,1787804194.677
3085,15.435,0.00022,0.00010354,2048,132685.46,1787804194.693
3086,15.111,0.000312,0.00010347,2048,135526.82,1787804194.708
3087,14.804,0.000386,0.00010341,2048,138344.73,1787804194.723
3088,15.2,0.00023,0.00010335,2048,134736.84,1787804194.738
3089,17.342,0.000332,0.00010329,2048,118092.76,1787804194.756
3090,16.371,0.00023,0.00010324,2048,125101.55,1787804194.773
3091,14.907,0.000242,0.00010318,2048,137386.04,1787804194.788
3092,15.038,0.000158,0.00010312,2048,136185.61,1787804194.803
3093,14.982,0.000137,0.00010306,2048,136693.72,1787804194.818
3094,14.92,0.000171,0.000103,2048,137268.18,1787804194.833
3095,14.758,0.00018,0.00010295,2048,138770.31,1787804194.848
3096,15.484,0.000209,0.00010289,2048,132261.29,1787804194.863
3097,16.95,0.000211,0.00010284,2048,120827.38,1787804194.88
3098,15.958,0.000199,0.00010278,2048,128338.49,1787804194.897
3099,14.81,0.000114,0.00010273,2048,138283.07,1787804194.912
3100,15.313,0.000157,0.00010267,2048,133742.57,1787804194.928
3101,15.294,0.000139,0.00010262,2048,133911.35,1787804194.943
3102,16.265,0.00016,0.00010257,2048,125914.54,1787804194.959
3103,18.799,0.00013,0.00010252,2048,108943.12,1787804194.979
3104,16.918,0.000131,0.00010247,2048,121053.78,1787804194.996
3105,22.659,0.000131,0.00010241,2048,90383.51,1787804195.019
3106,15.622,0.00012,0.00010236,2048,131093.81,1787804195.034
3107,15.417,0.000143,0.00010231,2048,132844.68,1787804195.05
3108,15.991,0.000127,0.00010226,2048,128069.64,1787804195.066
3109,15.744,0.000119,0.00010222,2048,130077.17,1787804195.082
3110,15.648,0.000131,0.00010217,2048,130879.35,1787804195.098
3111,15.035,0.00015,0.00010212,2048,136213.68,1787804195.113
3112,17.354,0.000127,0.00010207,2048,118012.46,1787804195.13
3113,15.909,0.000146,0.00010202,2048,128733.78,1787804195.146
3114,16.019,0.00013,0.00010198,2048,127844.99,1787804195.162
3115,17.115,0.00015,0.00010193,2048,119658.32,1787804195.18
3116,14.586,0.000149,0.00010189,2048,140409.57,1787804195.194
3117,26.058,0.000131,0.00010184,2048,78593.0,1787804195.221
3118,30.734,0.000148,0.0001018,2048,66636.73,1787804195.251
3119,21.462,0.00014,0.00010176,2048,95424.03,1787804195.273
3120,15.669,0.000135,0.00010171,2048,130699.77,1787804195.289
3121,15.167,0.00013,0.00010167,2048,135033.56,1787804195.304
3122,15.423,0.00013,0.00010163,2048,132786.97,1787804195.32
3123,18.482,0.000147,0.00010159,2048,110809.92,1787804195.338
3124,16.25,0.000139,0.00010155,2048,126033.87,1787804195.355
3125,20.215,0.000128,0.00010151,2048,101308.9,1787804195.375
3126,21.138,0.000131,0.00010147,2048,96888.5,1787804195.397
3127,21.043,0.000126,0.00010143,2048,97324.99,1787804195.418
3128,16.67,0.000138,0.00010139,2048,122854.69,1787804195.434
3129,28.876,0.000115,0.00010135,2048,70924.2,1787804195.463
3130,15.492,0.000132,0.00010131,2048,132198.97,1787804195.479
3131,15.736,0.000149,0.00010127,2048,130144.95,1787804195.495
3132,14.343,0.000138,0.00010124,2048,142792.4,1787804195.51
3133,15.123,0.000111,0.0001012,2048,135421.97,1787804195.525
3134,15.441,0.000148,0.00010117,2048,132638.19,1787804195.541
3135,14.816,0.00016,0.00010113,2048,138231.74,1787804195.556
3136,16.175,0.000107,0.0001011,2048,126612.8,1787804195.572
3137,16.086,0.000137,0.00010106,2048,127314.89,1787804195.588
3138,14.495,0.000148,0.00010103,2048,141293.02,1787804195.603
3139,14.514,0.000136,0.000101,2048,141109.03,1787804195.617
3140,16.351,0.000165,0.00010096,2048,125251.51,1787804195.634
3141,16.003,0.00012,0.00010093,2048,127978.4,1787804195.65
3142,16.034,0.000146,0.0001009,2048,127731.76,1787804195.666
3143,16.988,0.000118,0.00010087,2048,120558.52,1787804195.683
3144,16.307,0.000137,0.00010084,2048,125593.32,1787804195.7
3145,15.023,0.000156,0.00010081,2048,136322.49,1787804195.715
3146,17.976,0.000105,0.00010078,2048,113930.95,1787804195.733
3147,18.687,0.000159,0.00010075,2048,109596.66,1787804195.753
3148,15.926,0.000119,0.00010072,2048,128591.52,1787804195.769
3149,15.784,0.000147,0.0001007,2048,129755.76,1787804195.785
3150,15.944,0.000148,0.00010067,2048,128448.77,1787804195.801
3151,16.036,0.000138,0.00010064,2048,127715.04,1787804195.817
3152,15.055,0.000118,0.00010062,2048,136035.44,1787804195.833
3153,14.975,0.000145,0.00010059,2048,136760.36,1787804195.848
3154,15.209,0.000147,0.00010057,2048,134658.0,1787804195.863
3155,26.205,0.000157,0.00010054,2048,78152.73,1787804195.889
3156,20.411,0.000158,0.00010052,2048,100338.05,1787804195.91
3157,23.824,0.000157,0.00010049,2048,85963.73,1787804195.934
3158,24.59,0.000125,0.00010047,2048,83285.21,1787804195.959
3159,25.12,0.000116,0.00010045,2048,81528.99,1787804195.984
3160,23.775,0.000148,0.00010043,2048,86140.18,1787804196.008
3161,15.38,0.000138,0.00010041,2048,133156.48,1787804196.024
3162,15.178,0.000157,0.00010039,2048,134933.03,1787804196.039
3163,26.278,0.000126,0.00010037,2048,77935.62,1787804196.065
3164,16.906,0.000127,0.00010035,2048,121141.86,1787804196.082
3165,16.875,0.000126,0.00010033,2048,121365.84,1787804196.099
3166,15.581,0.000136,0.00010031,2048,131443.83,1787804196.115
3167,15.762,0.000258,0.00010029,2048,129928.63,1787804196.131
3168,15.203,0.000135,0.00010027,2048,134711.14,1787804196.146
3169,14.931,0.000147,0.00010026,2048,137165.21,1787804196.161
3170,15.739,0.000135,0.00010024,2048,130123.45,1787804196.177
3171,16.943,0.000169,0.00010023,2048,120878.02,1787804196.194
3172,20.437,0.000218,0.00010021,2048,100208.44,1787804196.215
3173,15.816,0.00015,0.0001002,2048,129487.49,1787804196.231
3174,15.47,0.000168,0.00010018,2048,132387.83,1787804196.247
3175,15.344,0.000146,0.00010017,2048,133473.24,1787804196.262
3176,15.723,0.000125,0.00010015,2048,130255.04,1787804196.278
3177,17.508,0.000133,0.00010014,2048,116975.77,1787804196.296
3178,15.567,0.000317,0.00010013,2048,131556.13,1787804196.311
3179,15.652,0.000146,0.00010012,2048,130846.73,1787804196.327
3180,16.834,0.000158,0.00010011,2048,121657.83,1787804196.344
3181,16.569,0.000157,0.0001001,2048,123605.81,1787804196.361
3182,17.649,0.000136,0.00010009,2048,116042.54,1787804196.379
3183,17.036,0.000165,0.00010008,2048,120218.84,1787804196.396
3184,19.498,0.000136,0.00010007,2048,105036.41,1787804196.416
3185,25.097,0.000177,0.00010006,2048,81603.7,1787804196.441
3186,19.989,0.000163,0.00010005,2048,102454.3,1787804196.462
3187,16.712,0.00025,0.00010005,2048,122549.61,1787804196.479
3188,16.806,0.000176,0.00010004,2048,121859.79,1787804196.496
3189,17.314,0.000187,0.00010003,2048,118287.83,1787804196.513
3190,15.331,0.000174,0.00010003,2048,133585.55,1787804196.529
3191,14.995,0.000266,0.00010002,2048,136579.77,1787804196.544
3192,15.844,0.00034,0.00010002,2048,129263.55,1787804196.56
3193,14.788,0.000228,0.00010001,2048,138495.35,1787804196.575
3194,18.335,0.000264,0.00010001,2048,111698.94,1787804196.593
3195,28.066,0.000156,0.00010001,2048,72969.81,1787804196.621
3196,27.093,0.000327,0.0001,2048,75591.2,1787804196.649
3197,28.407,0.000276,0.0001,2048,72095.16,1787804196.677
3198,16.096,0.000185,0.0001,2048,127232.63,1787804196.693
3199,15.801,0.000216,0.0001,2048,129608.77,1787804196.709
3200,15.496,0.000358,0.0001,2048,132163.14,1787804196.725
