"tree","relative_path","size_bytes","sha256","archive_url"
"runs","architecture_benchmark/results.json","99755","3a623111fb782363ef058dc59a3569c0457c3e4f933102562743ec803b96457a","https://media.lbsa71.net/LCE/runs/architecture_benchmark/results.json"
"runs","breadth_reinforcement_smoke/analysis.json","816","42253a86d2ae2f9a7375a4cd433cd588f32e818663da5b0ab661d89eafa86252","https://media.lbsa71.net/LCE/runs/breadth_reinforcement_smoke/analysis.json"
"runs","breadth_reinforcement_smoke/results.json","2399","3bfd528ca398d5c7471bec34f971c0cabd8519c786e87bb8ca9985fc01cc3422","https://media.lbsa71.net/LCE/runs/breadth_reinforcement_smoke/results.json"
"runs","breadth_reinforcement_smoke/split_manifests.json","596","e08c9246be06584494b93280b0417a9510b219378d3bd59d001681166b02a98d","https://media.lbsa71.net/LCE/runs/breadth_reinforcement_smoke/split_manifests.json"
"runs","breadth_reinforcement_smoke/variants_1/R22/seed_17/metrics.json","900","8376610379ff6261a37f7aecb46a9cf954c0b2fd4fff2aa242a18d4467f988eb","https://media.lbsa71.net/LCE/runs/breadth_reinforcement_smoke/variants_1/R22/seed_17/metrics.json"
"runs","breadth_reinforcement_smoke/variants_1/R22/seed_17/parser_final.pt","1885796","11b5120efdb5000d164aa8a22437c9a8ec8923c2101c1358423d4e4a17dd8129","https://media.lbsa71.net/LCE/runs/breadth_reinforcement_smoke/variants_1/R22/seed_17/parser_final.pt"
"runs","breadth_reinforcement_smoke/variants_1/R22/seed_17/step_metrics.csv","2904","2e55dd5c2af1cab86dad2fcd1ef4131e8113c8687aa7ddb4d078b61aa73190fd","https://media.lbsa71.net/LCE/runs/breadth_reinforcement_smoke/variants_1/R22/seed_17/step_metrics.csv"
"runs","breadth_reinforcement_smoke/variants_1/R22/seed_17/tokenizer_corpus.txt","1251","50de68a1ef1db82755e9591d8c06d69b064b682390739692bae1bc87f8c0360e","https://media.lbsa71.net/LCE/runs/breadth_reinforcement_smoke/variants_1/R22/seed_17/tokenizer_corpus.txt"
"runs","breadth_reinforcement_smoke/variants_1/R22/seed_17/tokenizer/tokenizer.json","7042","252422b961a449f6f040229a703cf9e6d10e23e7689092c46058e535ce5185dc","https://media.lbsa71.net/LCE/runs/breadth_reinforcement_smoke/variants_1/R22/seed_17/tokenizer/tokenizer.json"
"runs","breadth_reinforcement_v1/analysis.json","18514","b990e9abba3e6abdd713a0cbb8343aea2078574eef8f76244af3d4a94ba90a89","https://media.lbsa71.net/LCE/runs/breadth_reinforcement_v1/analysis.json"
"runs","breadth_reinforcement_v1/results.json","72807","5fedf6a3a32cb095e3dc41691fc3df6956dfea558825e6ea6524b7f79491ebfb","https://media.lbsa71.net/LCE/runs/breadth_reinforcement_v1/results.json"
"runs","breadth_reinforcement_v1/split_manifests.json","2145","532ce6e3876cfd1077cbda63d80e0b231ad88b3c01e0c7ee0b1a44406ff4dd80","https://media.lbsa71.net/LCE/runs/breadth_reinforcement_v1/split_manifests.json"
"runs","breadth_reinforcement_v1/variants_1/R178/seed_17/metrics.json","898","9dab9301eabb96a85835e2e0cce92ba832a3f69c613127385027a5c379a8335d","https://media.lbsa71.net/LCE/runs/breadth_reinforcement_v1/variants_1/R178/seed_17/metrics.json"
"runs","breadth_reinforcement_v1/variants_1/R178/seed_17/parser_final.pt","1885796","7086eabc615f97cc938c9017d3359cd03ec46655007024fa40ba6fed46c18b12","https://media.lbsa71.net/LCE/runs/breadth_reinforcement_v1/variants_1/R178/seed_17/parser_final.pt"
"runs","breadth_reinforcement_v1/variants_1/R178/seed_17/step_metrics.csv","24030","fc6e53f13c05d498bf4fd2bb0f37153dc108da526a13c009087f47eda5dda445","https://media.lbsa71.net/LCE/runs/breadth_reinforcement_v1/variants_1/R178/seed_17/step_metrics.csv"
"runs","breadth_reinforcement_v1/variants_1/R178/seed_17/tokenizer_corpus.txt","1251","50de68a1ef1db82755e9591d8c06d69b064b682390739692bae1bc87f8c0360e","https://media.lbsa71.net/LCE/runs/breadth_reinforcement_v1/variants_1/R178/seed_17/tokenizer_corpus.txt"
"runs","breadth_reinforcement_v1/variants_1/R178/seed_17/tokenizer/tokenizer.json","7042","252422b961a449f6f040229a703cf9e6d10e23e7689092c46058e535ce5185dc","https://media.lbsa71.net/LCE/runs/breadth_reinforcement_v1/variants_1/R178/seed_17/tokenizer/tokenizer.json"
"runs","breadth_reinforcement_v1/variants_1/R178/seed_29/metrics.json","902","344412783ae84e0b7c32061a9d457eda3fc80e2a22cea03ba08723c949508929","https://media.lbsa71.net/LCE/runs/breadth_reinforcement_v1/variants_1/R178/seed_29/metrics.json"
"runs","breadth_reinforcement_v1/variants_1/R178/seed_29/parser_final.pt","1885796","f997ac4bfc38f0c5a01801620deb9af63e9781b770006c071e4f4f191f93ec54","https://media.lbsa71.net/LCE/runs/breadth_reinforcement_v1/variants_1/R178/seed_29/parser_final.pt"
"runs","breadth_reinforcement_v1/variants_1/R178/seed_29/step_metrics.csv","24012","a512dd4006a7646e8b274c4026cf40d9494c6b33973a7ae02849e0e994d5c9ce","https://media.lbsa71.net/LCE/runs/breadth_reinforcement_v1/variants_1/R178/seed_29/step_metrics.csv"
"runs","breadth_reinforcement_v1/variants_1/R178/seed_29/tokenizer_corpus.txt","1251","50de68a1ef1db82755e9591d8c06d69b064b682390739692bae1bc87f8c0360e","https://media.lbsa71.net/LCE/runs/breadth_reinforcement_v1/variants_1/R178/seed_29/tokenizer_corpus.txt"
"runs","breadth_reinforcement_v1/variants_1/R178/seed_29/tokenizer/tokenizer.json","7042","252422b961a449f6f040229a703cf9e6d10e23e7689092c46058e535ce5185dc","https://media.lbsa71.net/LCE/runs/breadth_reinforcement_v1/variants_1/R178/seed_29/tokenizer/tokenizer.json"
"runs","breadth_reinforcement_v1/variants_1/R178/seed_41/metrics.json","903","f0a53608a04b025cac997c95befc1791ff48ab1b3238d6fc6a010b0656010c34","https://media.lbsa71.net/LCE/runs/breadth_reinforcement_v1/variants_1/R178/seed_41/metrics.json"
"runs","breadth_reinforcement_v1/variants_1/R178/seed_41/parser_final.pt","1885796","ea0ae8a780ae90c21bb6378b53158a68bfdd9bd2d93afc3f4ec87c8d1465b282","https://media.lbsa71.net/LCE/runs/breadth_reinforcement_v1/variants_1/R178/seed_41/parser_final.pt"
"runs","breadth_reinforcement_v1/variants_1/R178/seed_41/step_metrics.csv","24042","3689e223ca5c74a0b84c3ab18573e4d13e36bee6fc85ebaae496d4e44742adce","https://media.lbsa71.net/LCE/runs/breadth_reinforcement_v1/variants_1/R178/seed_41/step_metrics.csv"
"runs","breadth_reinforcement_v1/variants_1/R178/seed_41/tokenizer_corpus.txt","1251","50de68a1ef1db82755e9591d8c06d69b064b682390739692bae1bc87f8c0360e","https://media.lbsa71.net/LCE/runs/breadth_reinforcement_v1/variants_1/R178/seed_41/tokenizer_corpus.txt"
"runs","breadth_reinforcement_v1/variants_1/R178/seed_41/tokenizer/tokenizer.json","7042","252422b961a449f6f040229a703cf9e6d10e23e7689092c46058e535ce5185dc","https://media.lbsa71.net/LCE/runs/breadth_reinforcement_v1/variants_1/R178/seed_41/tokenizer/tokenizer.json"
"runs","breadth_reinforcement_v1/variants_1/R178/seed_53/metrics.json","906","dd5090c23a887d67bee788f2348d3e79afc846754d736f7833e77307d1a6a436","https://media.lbsa71.net/LCE/runs/breadth_reinforcement_v1/variants_1/R178/seed_53/metrics.json"
"runs","breadth_reinforcement_v1/variants_1/R178/seed_53/parser_final.pt","1885796","289c2a44492ba7d34889b15c052658184d9cfdf455ecd6d327e6b700fffe2384","https://media.lbsa71.net/LCE/runs/breadth_reinforcement_v1/variants_1/R178/seed_53/parser_final.pt"
"runs","breadth_reinforcement_v1/variants_1/R178/seed_53/step_metrics.csv","24020","617777db3e5d5227bb8b8e130f2397fff071df85b6136ae80038cd5b777aeb39","https://media.lbsa71.net/LCE/runs/breadth_reinforcement_v1/variants_1/R178/seed_53/step_metrics.csv"
"runs","breadth_reinforcement_v1/variants_1/R178/seed_53/tokenizer_corpus.txt","1251","50de68a1ef1db82755e9591d8c06d69b064b682390739692bae1bc87f8c0360e","https://media.lbsa71.net/LCE/runs/breadth_reinforcement_v1/variants_1/R178/seed_53/tokenizer_corpus.txt"
"runs","breadth_reinforcement_v1/variants_1/R178/seed_53/tokenizer/tokenizer.json","7042","252422b961a449f6f040229a703cf9e6d10e23e7689092c46058e535ce5185dc","https://media.lbsa71.net/LCE/runs/breadth_reinforcement_v1/variants_1/R178/seed_53/tokenizer/tokenizer.json"
"runs","breadth_reinforcement_v1/variants_1/R178/seed_67/metrics.json","906","63b894a69fb1082e5caec6ec5584ebd3d214512f6a94c62be3693b29580d51eb","https://media.lbsa71.net/LCE/runs/breadth_reinforcement_v1/variants_1/R178/seed_67/metrics.json"
"runs","breadth_reinforcement_v1/variants_1/R178/seed_67/parser_final.pt","1885796","f230cd4208ae36943de3e29740fe4643cd65d8f3af906dfe91bb781d4d5961a6","https://media.lbsa71.net/LCE/runs/breadth_reinforcement_v1/variants_1/R178/seed_67/parser_final.pt"
"runs","breadth_reinforcement_v1/variants_1/R178/seed_67/step_metrics.csv","24033","d6d7fb905e2c7e6a08b7545e6c5a627e6a85d1935367bb05428272b805d5be19","https://media.lbsa71.net/LCE/runs/breadth_reinforcement_v1/variants_1/R178/seed_67/step_metrics.csv"
"runs","breadth_reinforcement_v1/variants_1/R178/seed_67/tokenizer_corpus.txt","1251","50de68a1ef1db82755e9591d8c06d69b064b682390739692bae1bc87f8c0360e","https://media.lbsa71.net/LCE/runs/breadth_reinforcement_v1/variants_1/R178/seed_67/tokenizer_corpus.txt"
"runs","breadth_reinforcement_v1/variants_1/R178/seed_67/tokenizer/tokenizer.json","7042","252422b961a449f6f040229a703cf9e6d10e23e7689092c46058e535ce5185dc","https://media.lbsa71.net/LCE/runs/breadth_reinforcement_v1/variants_1/R178/seed_67/tokenizer/tokenizer.json"
"runs","breadth_reinforcement_v1/variants_1/R22/seed_17/metrics.json","901","218d87f60466698a18f1692f2b6762c4143ab602eb0a33f0b4b866a8e081e1a1","https://media.lbsa71.net/LCE/runs/breadth_reinforcement_v1/variants_1/R22/seed_17/metrics.json"
"runs","breadth_reinforcement_v1/variants_1/R22/seed_17/parser_final.pt","1885796","11b5120efdb5000d164aa8a22437c9a8ec8923c2101c1358423d4e4a17dd8129","https://media.lbsa71.net/LCE/runs/breadth_reinforcement_v1/variants_1/R22/seed_17/parser_final.pt"
"runs","breadth_reinforcement_v1/variants_1/R22/seed_17/step_metrics.csv","2910","38f4ea9bc7c93541fc1fac8a98e9bdab331c6fbc2fcc5b75868118f015cafbc0","https://media.lbsa71.net/LCE/runs/breadth_reinforcement_v1/variants_1/R22/seed_17/step_metrics.csv"
"runs","breadth_reinforcement_v1/variants_1/R22/seed_17/tokenizer_corpus.txt","1251","50de68a1ef1db82755e9591d8c06d69b064b682390739692bae1bc87f8c0360e","https://media.lbsa71.net/LCE/runs/breadth_reinforcement_v1/variants_1/R22/seed_17/tokenizer_corpus.txt"
"runs","breadth_reinforcement_v1/variants_1/R22/seed_17/tokenizer/tokenizer.json","7042","252422b961a449f6f040229a703cf9e6d10e23e7689092c46058e535ce5185dc","https://media.lbsa71.net/LCE/runs/breadth_reinforcement_v1/variants_1/R22/seed_17/tokenizer/tokenizer.json"
"runs","breadth_reinforcement_v1/variants_1/R22/seed_29/metrics.json","900","2bdcad5a8d009dcb94d6b094ab4309a78fb1c9eb554699e309a7a55230c5c298","https://media.lbsa71.net/LCE/runs/breadth_reinforcement_v1/variants_1/R22/seed_29/metrics.json"
"runs","breadth_reinforcement_v1/variants_1/R22/seed_29/parser_final.pt","1885796","a62331d9661c85cbe294a8d4f45d89aed95325317a277c1f21adc082fe4e7fc3","https://media.lbsa71.net/LCE/runs/breadth_reinforcement_v1/variants_1/R22/seed_29/parser_final.pt"
"runs","breadth_reinforcement_v1/variants_1/R22/seed_29/step_metrics.csv","2894","c110b9e088a7f3e7495bfeeff2f6ab4fbbf80161708a6adf24b6659589a807ad","https://media.lbsa71.net/LCE/runs/breadth_reinforcement_v1/variants_1/R22/seed_29/step_metrics.csv"
"runs","breadth_reinforcement_v1/variants_1/R22/seed_29/tokenizer_corpus.txt","1251","50de68a1ef1db82755e9591d8c06d69b064b682390739692bae1bc87f8c0360e","https://media.lbsa71.net/LCE/runs/breadth_reinforcement_v1/variants_1/R22/seed_29/tokenizer_corpus.txt"
"runs","breadth_reinforcement_v1/variants_1/R22/seed_29/tokenizer/tokenizer.json","7042","252422b961a449f6f040229a703cf9e6d10e23e7689092c46058e535ce5185dc","https://media.lbsa71.net/LCE/runs/breadth_reinforcement_v1/variants_1/R22/seed_29/tokenizer/tokenizer.json"
"runs","breadth_reinforcement_v1/variants_1/R22/seed_41/metrics.json","897","55b65c8d6525b59251584ece794d04ba0d833633db94cfaf32aaeb2a50d9fc4c","https://media.lbsa71.net/LCE/runs/breadth_reinforcement_v1/variants_1/R22/seed_41/metrics.json"
"runs","breadth_reinforcement_v1/variants_1/R22/seed_41/parser_final.pt","1885796","6d5d1dff41f1d778bc153fad5fcdca2403b5c7be47e602608f1516b220b441ea","https://media.lbsa71.net/LCE/runs/breadth_reinforcement_v1/variants_1/R22/seed_41/parser_final.pt"
"runs","breadth_reinforcement_v1/variants_1/R22/seed_41/step_metrics.csv","2898","7a7e68b4941ba098482e76033c949a0f8c708903e3c58abe52397d9e24915fd2","https://media.lbsa71.net/LCE/runs/breadth_reinforcement_v1/variants_1/R22/seed_41/step_metrics.csv"
"runs","breadth_reinforcement_v1/variants_1/R22/seed_41/tokenizer_corpus.txt","1251","50de68a1ef1db82755e9591d8c06d69b064b682390739692bae1bc87f8c0360e","https://media.lbsa71.net/LCE/runs/breadth_reinforcement_v1/variants_1/R22/seed_41/tokenizer_corpus.txt"
"runs","breadth_reinforcement_v1/variants_1/R22/seed_41/tokenizer/tokenizer.json","7042","252422b961a449f6f040229a703cf9e6d10e23e7689092c46058e535ce5185dc","https://media.lbsa71.net/LCE/runs/breadth_reinforcement_v1/variants_1/R22/seed_41/tokenizer/tokenizer.json"
"runs","breadth_reinforcement_v1/variants_1/R22/seed_53/metrics.json","896","512185983f4ad4d69212b23a890c5f9347fe84d2055749d7b10e5e70551a0c17","https://media.lbsa71.net/LCE/runs/breadth_reinforcement_v1/variants_1/R22/seed_53/metrics.json"
"runs","breadth_reinforcement_v1/variants_1/R22/seed_53/parser_final.pt","1885796","5cb6f91e49c454ea2cf672e8a139f05fb4361122df0e1093d90ffa5031d13598","https://media.lbsa71.net/LCE/runs/breadth_reinforcement_v1/variants_1/R22/seed_53/parser_final.pt"
"runs","breadth_reinforcement_v1/variants_1/R22/seed_53/step_metrics.csv","2902","fc290ef15413d3adca9dc41d6be430ac825baed93d9851d3c80782a3abb443a2","https://media.lbsa71.net/LCE/runs/breadth_reinforcement_v1/variants_1/R22/seed_53/step_metrics.csv"
"runs","breadth_reinforcement_v1/variants_1/R22/seed_53/tokenizer_corpus.txt","1251","50de68a1ef1db82755e9591d8c06d69b064b682390739692bae1bc87f8c0360e","https://media.lbsa71.net/LCE/runs/breadth_reinforcement_v1/variants_1/R22/seed_53/tokenizer_corpus.txt"
"runs","breadth_reinforcement_v1/variants_1/R22/seed_53/tokenizer/tokenizer.json","7042","252422b961a449f6f040229a703cf9e6d10e23e7689092c46058e535ce5185dc","https://media.lbsa71.net/LCE/runs/breadth_reinforcement_v1/variants_1/R22/seed_53/tokenizer/tokenizer.json"
"runs","breadth_reinforcement_v1/variants_1/R22/seed_67/metrics.json","899","c281a308cf29f410c6525148b72355966492307b3c817bd294118ef5133a5ce2","https://media.lbsa71.net/LCE/runs/breadth_reinforcement_v1/variants_1/R22/seed_67/metrics.json"
"runs","breadth_reinforcement_v1/variants_1/R22/seed_67/parser_final.pt","1885796","e2471d4a6a7c1a88a18473a9626a179e44b8bac7448a8da53db20baa44c3319e","https://media.lbsa71.net/LCE/runs/breadth_reinforcement_v1/variants_1/R22/seed_67/parser_final.pt"
"runs","breadth_reinforcement_v1/variants_1/R22/seed_67/step_metrics.csv","2908","77582cbb7a133a41d26ed8f387cb3a677d131186b1ef6b808d209a6412956bb8","https://media.lbsa71.net/LCE/runs/breadth_reinforcement_v1/variants_1/R22/seed_67/step_metrics.csv"
"runs","breadth_reinforcement_v1/variants_1/R22/seed_67/tokenizer_corpus.txt","1251","50de68a1ef1db82755e9591d8c06d69b064b682390739692bae1bc87f8c0360e","https://media.lbsa71.net/LCE/runs/breadth_reinforcement_v1/variants_1/R22/seed_67/tokenizer_corpus.txt"
"runs","breadth_reinforcement_v1/variants_1/R22/seed_67/tokenizer/tokenizer.json","7042","252422b961a449f6f040229a703cf9e6d10e23e7689092c46058e535ce5185dc","https://media.lbsa71.net/LCE/runs/breadth_reinforcement_v1/variants_1/R22/seed_67/tokenizer/tokenizer.json"
"runs","breadth_reinforcement_v1/variants_1/R89/seed_17/metrics.json","898","66a216167df3a93753991deb4a269e3952fb122750458be1917c10ff59a3048a","https://media.lbsa71.net/LCE/runs/breadth_reinforcement_v1/variants_1/R89/seed_17/metrics.json"
"runs","breadth_reinforcement_v1/variants_1/R89/seed_17/parser_final.pt","1885796","6a41f9be9148452d2725ce33252c8f83f76ea839360a5b1f143e22c80ff12420","https://media.lbsa71.net/LCE/runs/breadth_reinforcement_v1/variants_1/R89/seed_17/parser_final.pt"
"runs","breadth_reinforcement_v1/variants_1/R89/seed_17/step_metrics.csv","11902","dcf310bddcded63b53b7920c313f5f1a0ae83215a21ac07f99e8c639585e72d4","https://media.lbsa71.net/LCE/runs/breadth_reinforcement_v1/variants_1/R89/seed_17/step_metrics.csv"
"runs","breadth_reinforcement_v1/variants_1/R89/seed_17/tokenizer_corpus.txt","1251","50de68a1ef1db82755e9591d8c06d69b064b682390739692bae1bc87f8c0360e","https://media.lbsa71.net/LCE/runs/breadth_reinforcement_v1/variants_1/R89/seed_17/tokenizer_corpus.txt"
"runs","breadth_reinforcement_v1/variants_1/R89/seed_17/tokenizer/tokenizer.json","7042","252422b961a449f6f040229a703cf9e6d10e23e7689092c46058e535ce5185dc","https://media.lbsa71.net/LCE/runs/breadth_reinforcement_v1/variants_1/R89/seed_17/tokenizer/tokenizer.json"
"runs","breadth_reinforcement_v1/variants_1/R89/seed_29/metrics.json","903","88543078420044661c1fbbe104a2b8239877eddda47e253f9c3714f517848281","https://media.lbsa71.net/LCE/runs/breadth_reinforcement_v1/variants_1/R89/seed_29/metrics.json"
"runs","breadth_reinforcement_v1/variants_1/R89/seed_29/parser_final.pt","1885796","7d10df2f14069e10f6551628a5625fb133282fd08ec02d396a4430b5d0b6d5f0","https://media.lbsa71.net/LCE/runs/breadth_reinforcement_v1/variants_1/R89/seed_29/parser_final.pt"
"runs","breadth_reinforcement_v1/variants_1/R89/seed_29/step_metrics.csv","11911","149051086238e7c19aac3f9363f14cc509e9f337c799ed43b6dd432157cfee17","https://media.lbsa71.net/LCE/runs/breadth_reinforcement_v1/variants_1/R89/seed_29/step_metrics.csv"
"runs","breadth_reinforcement_v1/variants_1/R89/seed_29/tokenizer_corpus.txt","1251","50de68a1ef1db82755e9591d8c06d69b064b682390739692bae1bc87f8c0360e","https://media.lbsa71.net/LCE/runs/breadth_reinforcement_v1/variants_1/R89/seed_29/tokenizer_corpus.txt"
"runs","breadth_reinforcement_v1/variants_1/R89/seed_29/tokenizer/tokenizer.json","7042","252422b961a449f6f040229a703cf9e6d10e23e7689092c46058e535ce5185dc","https://media.lbsa71.net/LCE/runs/breadth_reinforcement_v1/variants_1/R89/seed_29/tokenizer/tokenizer.json"
"runs","breadth_reinforcement_v1/variants_1/R89/seed_41/metrics.json","901","53ddf26d0d0397955ddd614be5eac11e9f0d0bee0b8d23886c49bbca0f7e8d8d","https://media.lbsa71.net/LCE/runs/breadth_reinforcement_v1/variants_1/R89/seed_41/metrics.json"
"runs","breadth_reinforcement_v1/variants_1/R89/seed_41/parser_final.pt","1885796","9c57db4c695776cf3f5f81aa90e72ad22ba1e9089e98f4d6cfc1079ff4842e29","https://media.lbsa71.net/LCE/runs/breadth_reinforcement_v1/variants_1/R89/seed_41/parser_final.pt"
"runs","breadth_reinforcement_v1/variants_1/R89/seed_41/step_metrics.csv","11918","e10ce0d76f515390655d8e3434a8e3d3232f3a6155f848a2b002bab1fe0ce76e","https://media.lbsa71.net/LCE/runs/breadth_reinforcement_v1/variants_1/R89/seed_41/step_metrics.csv"
"runs","breadth_reinforcement_v1/variants_1/R89/seed_41/tokenizer_corpus.txt","1251","50de68a1ef1db82755e9591d8c06d69b064b682390739692bae1bc87f8c0360e","https://media.lbsa71.net/LCE/runs/breadth_reinforcement_v1/variants_1/R89/seed_41/tokenizer_corpus.txt"
"runs","breadth_reinforcement_v1/variants_1/R89/seed_41/tokenizer/tokenizer.json","7042","252422b961a449f6f040229a703cf9e6d10e23e7689092c46058e535ce5185dc","https://media.lbsa71.net/LCE/runs/breadth_reinforcement_v1/variants_1/R89/seed_41/tokenizer/tokenizer.json"
"runs","breadth_reinforcement_v1/variants_1/R89/seed_53/metrics.json","898","aea7c26a616c46fec0e73993af27ce543d42c7fab427022919d7fddb6586c02c","https://media.lbsa71.net/LCE/runs/breadth_reinforcement_v1/variants_1/R89/seed_53/metrics.json"
"runs","breadth_reinforcement_v1/variants_1/R89/seed_53/parser_final.pt","1885796","084ef7c1a96c8ea66197ac5265762d872708490e43a78ce121832b9eabf2f8ba","https://media.lbsa71.net/LCE/runs/breadth_reinforcement_v1/variants_1/R89/seed_53/parser_final.pt"
"runs","breadth_reinforcement_v1/variants_1/R89/seed_53/step_metrics.csv","11922","27c4d962aced7cd3e9085547f63726bb5d440c5d318002d6b15f6f770cca719b","https://media.lbsa71.net/LCE/runs/breadth_reinforcement_v1/variants_1/R89/seed_53/step_metrics.csv"
"runs","breadth_reinforcement_v1/variants_1/R89/seed_53/tokenizer_corpus.txt","1251","50de68a1ef1db82755e9591d8c06d69b064b682390739692bae1bc87f8c0360e","https://media.lbsa71.net/LCE/runs/breadth_reinforcement_v1/variants_1/R89/seed_53/tokenizer_corpus.txt"
"runs","breadth_reinforcement_v1/variants_1/R89/seed_53/tokenizer/tokenizer.json","7042","252422b961a449f6f040229a703cf9e6d10e23e7689092c46058e535ce5185dc","https://media.lbsa71.net/LCE/runs/breadth_reinforcement_v1/variants_1/R89/seed_53/tokenizer/tokenizer.json"
"runs","breadth_reinforcement_v1/variants_1/R89/seed_67/metrics.json","901","db60c7269ae7165dc172fbd463562abff17a25a4575082245693976cedfbb412","https://media.lbsa71.net/LCE/runs/breadth_reinforcement_v1/variants_1/R89/seed_67/metrics.json"
"runs","breadth_reinforcement_v1/variants_1/R89/seed_67/parser_final.pt","1885796","be47cbe2ea5c5eaafb5a8ca05befb59a3266bcbc749a1a1ffd7e27f808f6ccb1","https://media.lbsa71.net/LCE/runs/breadth_reinforcement_v1/variants_1/R89/seed_67/parser_final.pt"
"runs","breadth_reinforcement_v1/variants_1/R89/seed_67/step_metrics.csv","11902","d740b8e0d87e849d7081cdb62e1725d5a2658b7ac311b4b27f9dee558f0d65a2","https://media.lbsa71.net/LCE/runs/breadth_reinforcement_v1/variants_1/R89/seed_67/step_metrics.csv"
"runs","breadth_reinforcement_v1/variants_1/R89/seed_67/tokenizer_corpus.txt","1251","50de68a1ef1db82755e9591d8c06d69b064b682390739692bae1bc87f8c0360e","https://media.lbsa71.net/LCE/runs/breadth_reinforcement_v1/variants_1/R89/seed_67/tokenizer_corpus.txt"
"runs","breadth_reinforcement_v1/variants_1/R89/seed_67/tokenizer/tokenizer.json","7042","252422b961a449f6f040229a703cf9e6d10e23e7689092c46058e535ce5185dc","https://media.lbsa71.net/LCE/runs/breadth_reinforcement_v1/variants_1/R89/seed_67/tokenizer/tokenizer.json"
"runs","breadth_reinforcement_v1/variants_2/R178/seed_17/metrics.json","900","182c41a6b25defeb175e301d89593aa2f3a38bafff366db8a1c96af02ec4eff7","https://media.lbsa71.net/LCE/runs/breadth_reinforcement_v1/variants_2/R178/seed_17/metrics.json"
"runs","breadth_reinforcement_v1/variants_2/R178/seed_17/parser_final.pt","1885796","b07d682b15190d594569ddac1ced8f0ee67c6fd92d9ca50d2cdd426ef72224b3","https://media.lbsa71.net/LCE/runs/breadth_reinforcement_v1/variants_2/R178/seed_17/parser_final.pt"
"runs","breadth_reinforcement_v1/variants_2/R178/seed_17/step_metrics.csv","48180","d18b36c49d37722a55478c04bec2f9928921fa8659aed23d8bcd3be86de8b1d5","https://media.lbsa71.net/LCE/runs/breadth_reinforcement_v1/variants_2/R178/seed_17/step_metrics.csv"
"runs","breadth_reinforcement_v1/variants_2/R178/seed_17/tokenizer_corpus.txt","2766","44e6105741908b70bdfab3fbcd410c87608d67cc002339bfcbc069d4c7a92711","https://media.lbsa71.net/LCE/runs/breadth_reinforcement_v1/variants_2/R178/seed_17/tokenizer_corpus.txt"
"runs","breadth_reinforcement_v1/variants_2/R178/seed_17/tokenizer/tokenizer.json","7042","252422b961a449f6f040229a703cf9e6d10e23e7689092c46058e535ce5185dc","https://media.lbsa71.net/LCE/runs/breadth_reinforcement_v1/variants_2/R178/seed_17/tokenizer/tokenizer.json"
"runs","breadth_reinforcement_v1/variants_2/R178/seed_29/metrics.json","907","dd57a270fd59988da7598022f2501188dfc77ed4b39005e08c6ee99cdf1abf01","https://media.lbsa71.net/LCE/runs/breadth_reinforcement_v1/variants_2/R178/seed_29/metrics.json"
"runs","breadth_reinforcement_v1/variants_2/R178/seed_29/parser_final.pt","1885796","03f04192015bcf50a1c6aa6159a4a8fa042aaa5fd355d99c1cda788929c1b7aa","https://media.lbsa71.net/LCE/runs/breadth_reinforcement_v1/variants_2/R178/seed_29/parser_final.pt"
"runs","breadth_reinforcement_v1/variants_2/R178/seed_29/step_metrics.csv","48211","60998c17d794c516a9b0e91b11fae9c51666c577fc36d8dd70e6e1270365af8a","https://media.lbsa71.net/LCE/runs/breadth_reinforcement_v1/variants_2/R178/seed_29/step_metrics.csv"
"runs","breadth_reinforcement_v1/variants_2/R178/seed_29/tokenizer_corpus.txt","2766","44e6105741908b70bdfab3fbcd410c87608d67cc002339bfcbc069d4c7a92711","https://media.lbsa71.net/LCE/runs/breadth_reinforcement_v1/variants_2/R178/seed_29/tokenizer_corpus.txt"
"runs","breadth_reinforcement_v1/variants_2/R178/seed_29/tokenizer/tokenizer.json","7042","252422b961a449f6f040229a703cf9e6d10e23e7689092c46058e535ce5185dc","https://media.lbsa71.net/LCE/runs/breadth_reinforcement_v1/variants_2/R178/seed_29/tokenizer/tokenizer.json"
"runs","breadth_reinforcement_v1/variants_2/R178/seed_41/metrics.json","907","f4bedfee8474d45fa8fe899c1cd0a68cbb176f9e673ec9e4c7ad5b565565aa99","https://media.lbsa71.net/LCE/runs/breadth_reinforcement_v1/variants_2/R178/seed_41/metrics.json"
"runs","breadth_reinforcement_v1/variants_2/R178/seed_41/parser_final.pt","1885796","b094b2ab8ad69529458c7a8c7262a742ed5820de203ae3e517dead13e7e8b5e3","https://media.lbsa71.net/LCE/runs/breadth_reinforcement_v1/variants_2/R178/seed_41/parser_final.pt"
"runs","breadth_reinforcement_v1/variants_2/R178/seed_41/step_metrics.csv","48188","ceb8a68e94210d227b2c2bb3375dca8d2374928f959ff082395b1f291368de4c","https://media.lbsa71.net/LCE/runs/breadth_reinforcement_v1/variants_2/R178/seed_41/step_metrics.csv"
"runs","breadth_reinforcement_v1/variants_2/R178/seed_41/tokenizer_corpus.txt","2766","44e6105741908b70bdfab3fbcd410c87608d67cc002339bfcbc069d4c7a92711","https://media.lbsa71.net/LCE/runs/breadth_reinforcement_v1/variants_2/R178/seed_41/tokenizer_corpus.txt"
"runs","breadth_reinforcement_v1/variants_2/R178/seed_41/tokenizer/tokenizer.json","7042","252422b961a449f6f040229a703cf9e6d10e23e7689092c46058e535ce5185dc","https://media.lbsa71.net/LCE/runs/breadth_reinforcement_v1/variants_2/R178/seed_41/tokenizer/tokenizer.json"
"runs","breadth_reinforcement_v1/variants_2/R178/seed_53/metrics.json","898","94987ba1d26c20931739eb7f045388679fae354526f2aef0bca356cbb91cd26e","https://media.lbsa71.net/LCE/runs/breadth_reinforcement_v1/variants_2/R178/seed_53/metrics.json"
"runs","breadth_reinforcement_v1/variants_2/R178/seed_53/parser_final.pt","1885796","84ec9aae587365051530751e103bb4953231075138643c291d312ff932f05e4b","https://media.lbsa71.net/LCE/runs/breadth_reinforcement_v1/variants_2/R178/seed_53/parser_final.pt"
"runs","breadth_reinforcement_v1/variants_2/R178/seed_53/step_metrics.csv","48254","637a52338b470f9ce6f86ec4d667b929141ba8f86ddcf865ad02fed2576c0b54","https://media.lbsa71.net/LCE/runs/breadth_reinforcement_v1/variants_2/R178/seed_53/step_metrics.csv"
"runs","breadth_reinforcement_v1/variants_2/R178/seed_53/tokenizer_corpus.txt","2766","44e6105741908b70bdfab3fbcd410c87608d67cc002339bfcbc069d4c7a92711","https://media.lbsa71.net/LCE/runs/breadth_reinforcement_v1/variants_2/R178/seed_53/tokenizer_corpus.txt"
"runs","breadth_reinforcement_v1/variants_2/R178/seed_53/tokenizer/tokenizer.json","7042","252422b961a449f6f040229a703cf9e6d10e23e7689092c46058e535ce5185dc","https://media.lbsa71.net/LCE/runs/breadth_reinforcement_v1/variants_2/R178/seed_53/tokenizer/tokenizer.json"
"runs","breadth_reinforcement_v1/variants_2/R178/seed_67/metrics.json","905","426b8d2d2226ee2e2305b4ace70f032dc9fc2530a7a215dd1a4b52026800cc4c","https://media.lbsa71.net/LCE/runs/breadth_reinforcement_v1/variants_2/R178/seed_67/metrics.json"
"runs","breadth_reinforcement_v1/variants_2/R178/seed_67/parser_final.pt","1885796","881dcc47ceb928e84a5c256d90fc9839a8f09859238b0893eda9cc01d704e899","https://media.lbsa71.net/LCE/runs/breadth_reinforcement_v1/variants_2/R178/seed_67/parser_final.pt"
"runs","breadth_reinforcement_v1/variants_2/R178/seed_67/step_metrics.csv","48187","214ab3f2e354136fa308204b86a5eaa14c55215ee203533cc6d0bc5c9583122e","https://media.lbsa71.net/LCE/runs/breadth_reinforcement_v1/variants_2/R178/seed_67/step_metrics.csv"
"runs","breadth_reinforcement_v1/variants_2/R178/seed_67/tokenizer_corpus.txt","2766","44e6105741908b70bdfab3fbcd410c87608d67cc002339bfcbc069d4c7a92711","https://media.lbsa71.net/LCE/runs/breadth_reinforcement_v1/variants_2/R178/seed_67/tokenizer_corpus.txt"
"runs","breadth_reinforcement_v1/variants_2/R178/seed_67/tokenizer/tokenizer.json","7042","252422b961a449f6f040229a703cf9e6d10e23e7689092c46058e535ce5185dc","https://media.lbsa71.net/LCE/runs/breadth_reinforcement_v1/variants_2/R178/seed_67/tokenizer/tokenizer.json"
"runs","breadth_reinforcement_v1/variants_2/R22/seed_17/metrics.json","893","cfb3fa02c68af5232192f938b648dd0a9930642c9312a91da90904946fadfab4","https://media.lbsa71.net/LCE/runs/breadth_reinforcement_v1/variants_2/R22/seed_17/metrics.json"
"runs","breadth_reinforcement_v1/variants_2/R22/seed_17/parser_final.pt","1885796","7000b137e9c85400ee09305a019304d9dd88ca6086a0189ad2b39da9d363d40d","https://media.lbsa71.net/LCE/runs/breadth_reinforcement_v1/variants_2/R22/seed_17/parser_final.pt"
"runs","breadth_reinforcement_v1/variants_2/R22/seed_17/step_metrics.csv","5865","2e5c804c6ebefda782b1fa96fc9de7f81cdde2bdef661c3329c62df445c18a17","https://media.lbsa71.net/LCE/runs/breadth_reinforcement_v1/variants_2/R22/seed_17/step_metrics.csv"
"runs","breadth_reinforcement_v1/variants_2/R22/seed_17/tokenizer_corpus.txt","2766","44e6105741908b70bdfab3fbcd410c87608d67cc002339bfcbc069d4c7a92711","https://media.lbsa71.net/LCE/runs/breadth_reinforcement_v1/variants_2/R22/seed_17/tokenizer_corpus.txt"
"runs","breadth_reinforcement_v1/variants_2/R22/seed_17/tokenizer/tokenizer.json","7042","252422b961a449f6f040229a703cf9e6d10e23e7689092c46058e535ce5185dc","https://media.lbsa71.net/LCE/runs/breadth_reinforcement_v1/variants_2/R22/seed_17/tokenizer/tokenizer.json"
"runs","breadth_reinforcement_v1/variants_2/R22/seed_29/metrics.json","893","402fe4d83d9029e015e7c3a84f649aa8b6708f8b19321fb432397fbc38ecf59f","https://media.lbsa71.net/LCE/runs/breadth_reinforcement_v1/variants_2/R22/seed_29/metrics.json"
"runs","breadth_reinforcement_v1/variants_2/R22/seed_29/parser_final.pt","1885796","11aa723993cfb60b774b5cf08694a6bdf7eb2432f6bf6e41a97c15dd5dc173ac","https://media.lbsa71.net/LCE/runs/breadth_reinforcement_v1/variants_2/R22/seed_29/parser_final.pt"
"runs","breadth_reinforcement_v1/variants_2/R22/seed_29/step_metrics.csv","5881","2a6431dbd7327e0224a2c57ec5b444d4e23f3770f7aec178a47209c6a70e758f","https://media.lbsa71.net/LCE/runs/breadth_reinforcement_v1/variants_2/R22/seed_29/step_metrics.csv"
"runs","breadth_reinforcement_v1/variants_2/R22/seed_29/tokenizer_corpus.txt","2766","44e6105741908b70bdfab3fbcd410c87608d67cc002339bfcbc069d4c7a92711","https://media.lbsa71.net/LCE/runs/breadth_reinforcement_v1/variants_2/R22/seed_29/tokenizer_corpus.txt"
"runs","breadth_reinforcement_v1/variants_2/R22/seed_29/tokenizer/tokenizer.json","7042","252422b961a449f6f040229a703cf9e6d10e23e7689092c46058e535ce5185dc","https://media.lbsa71.net/LCE/runs/breadth_reinforcement_v1/variants_2/R22/seed_29/tokenizer/tokenizer.json"
"runs","breadth_reinforcement_v1/variants_2/R22/seed_41/metrics.json","901","20c7f41dc8eb9045ec9ebed2bfa0e359a392f975b32b12ca9c0799a8a4f28f25","https://media.lbsa71.net/LCE/runs/breadth_reinforcement_v1/variants_2/R22/seed_41/metrics.json"
"runs","breadth_reinforcement_v1/variants_2/R22/seed_41/parser_final.pt","1885796","952ef6a2070b45e05150fb05dad8bee776ae05ca1113ed22c7b025593e75cb4b","https://media.lbsa71.net/LCE/runs/breadth_reinforcement_v1/variants_2/R22/seed_41/parser_final.pt"
"runs","breadth_reinforcement_v1/variants_2/R22/seed_41/step_metrics.csv","5886","bb606f9b2a7edab7547d9cb9d8611b4d5271b1bab8c352b603be1f5941d94831","https://media.lbsa71.net/LCE/runs/breadth_reinforcement_v1/variants_2/R22/seed_41/step_metrics.csv"
"runs","breadth_reinforcement_v1/variants_2/R22/seed_41/tokenizer_corpus.txt","2766","44e6105741908b70bdfab3fbcd410c87608d67cc002339bfcbc069d4c7a92711","https://media.lbsa71.net/LCE/runs/breadth_reinforcement_v1/variants_2/R22/seed_41/tokenizer_corpus.txt"
"runs","breadth_reinforcement_v1/variants_2/R22/seed_41/tokenizer/tokenizer.json","7042","252422b961a449f6f040229a703cf9e6d10e23e7689092c46058e535ce5185dc","https://media.lbsa71.net/LCE/runs/breadth_reinforcement_v1/variants_2/R22/seed_41/tokenizer/tokenizer.json"
"runs","breadth_reinforcement_v1/variants_2/R22/seed_53/metrics.json","896","39e2ef10266b5be433c26feebcb0a28ecb11fe3536f56038b1f9d388931c9aae","https://media.lbsa71.net/LCE/runs/breadth_reinforcement_v1/variants_2/R22/seed_53/metrics.json"
"runs","breadth_reinforcement_v1/variants_2/R22/seed_53/parser_final.pt","1885796","e5f702dfe1e05f640f7bc001c24b8394a446b69fdda5e028fdf6fa41bc3fb1b1","https://media.lbsa71.net/LCE/runs/breadth_reinforcement_v1/variants_2/R22/seed_53/parser_final.pt"
"runs","breadth_reinforcement_v1/variants_2/R22/seed_53/step_metrics.csv","5876","4089e615c02268d151e67aad6294300db24cafcb90141b20b384781da5c1b9f8","https://media.lbsa71.net/LCE/runs/breadth_reinforcement_v1/variants_2/R22/seed_53/step_metrics.csv"
"runs","breadth_reinforcement_v1/variants_2/R22/seed_53/tokenizer_corpus.txt","2766","44e6105741908b70bdfab3fbcd410c87608d67cc002339bfcbc069d4c7a92711","https://media.lbsa71.net/LCE/runs/breadth_reinforcement_v1/variants_2/R22/seed_53/tokenizer_corpus.txt"
"runs","breadth_reinforcement_v1/variants_2/R22/seed_53/tokenizer/tokenizer.json","7042","252422b961a449f6f040229a703cf9e6d10e23e7689092c46058e535ce5185dc","https://media.lbsa71.net/LCE/runs/breadth_reinforcement_v1/variants_2/R22/seed_53/tokenizer/tokenizer.json"
"runs","breadth_reinforcement_v1/variants_2/R22/seed_67/metrics.json","893","3407433067f5cd616f6ebf4a8743ed8a4006aebad824b4eece49cba40ec988b1","https://media.lbsa71.net/LCE/runs/breadth_reinforcement_v1/variants_2/R22/seed_67/metrics.json"
"runs","breadth_reinforcement_v1/variants_2/R22/seed_67/parser_final.pt","1885796","601d21a7503d11f3970bfc4496cf3cded5153b36b45771b79abd04bc1f925d6c","https://media.lbsa71.net/LCE/runs/breadth_reinforcement_v1/variants_2/R22/seed_67/parser_final.pt"
"runs","breadth_reinforcement_v1/variants_2/R22/seed_67/step_metrics.csv","5858","46688a9efbd95c93a8942908ad71ed2508e5ae818a1e0582155d4abebe41529f","https://media.lbsa71.net/LCE/runs/breadth_reinforcement_v1/variants_2/R22/seed_67/step_metrics.csv"
"runs","breadth_reinforcement_v1/variants_2/R22/seed_67/tokenizer_corpus.txt","2766","44e6105741908b70bdfab3fbcd410c87608d67cc002339bfcbc069d4c7a92711","https://media.lbsa71.net/LCE/runs/breadth_reinforcement_v1/variants_2/R22/seed_67/tokenizer_corpus.txt"
"runs","breadth_reinforcement_v1/variants_2/R22/seed_67/tokenizer/tokenizer.json","7042","252422b961a449f6f040229a703cf9e6d10e23e7689092c46058e535ce5185dc","https://media.lbsa71.net/LCE/runs/breadth_reinforcement_v1/variants_2/R22/seed_67/tokenizer/tokenizer.json"
"runs","breadth_reinforcement_v1/variants_2/R89/seed_17/metrics.json","898","fab42f544b35ec7410b597c7343fbfe02da25d6cb9f544ea697b85bc2ac87b46","https://media.lbsa71.net/LCE/runs/breadth_reinforcement_v1/variants_2/R89/seed_17/metrics.json"
"runs","breadth_reinforcement_v1/variants_2/R89/seed_17/parser_final.pt","1885796","d039e88f59439c4a13147b029384280736c9272fccd278db4f735b193b7fa864","https://media.lbsa71.net/LCE/runs/breadth_reinforcement_v1/variants_2/R89/seed_17/parser_final.pt"
"runs","breadth_reinforcement_v1/variants_2/R89/seed_17/step_metrics.csv","24020","eda02b6b0752965c3331a095d7c0b17c03a831180fc6b76d5a420275b1a1f654","https://media.lbsa71.net/LCE/runs/breadth_reinforcement_v1/variants_2/R89/seed_17/step_metrics.csv"
"runs","breadth_reinforcement_v1/variants_2/R89/seed_17/tokenizer_corpus.txt","2766","44e6105741908b70bdfab3fbcd410c87608d67cc002339bfcbc069d4c7a92711","https://media.lbsa71.net/LCE/runs/breadth_reinforcement_v1/variants_2/R89/seed_17/tokenizer_corpus.txt"
"runs","breadth_reinforcement_v1/variants_2/R89/seed_17/tokenizer/tokenizer.json","7042","252422b961a449f6f040229a703cf9e6d10e23e7689092c46058e535ce5185dc","https://media.lbsa71.net/LCE/runs/breadth_reinforcement_v1/variants_2/R89/seed_17/tokenizer/tokenizer.json"
"runs","breadth_reinforcement_v1/variants_2/R89/seed_29/metrics.json","904","e692342cf9e518b9bba1702b1f13674e049864337f2aab76383225c185de0426","https://media.lbsa71.net/LCE/runs/breadth_reinforcement_v1/variants_2/R89/seed_29/metrics.json"
"runs","breadth_reinforcement_v1/variants_2/R89/seed_29/parser_final.pt","1885796","547a90cecbe78024377da6159ee948a9c25a2aaaf4bf287a90786cd85b8888d5","https://media.lbsa71.net/LCE/runs/breadth_reinforcement_v1/variants_2/R89/seed_29/parser_final.pt"
"runs","breadth_reinforcement_v1/variants_2/R89/seed_29/step_metrics.csv","24017","9a3d5ed7cfc5189614e461c676dba277ffb6c0df6ff8f8cb8a0316586ff6bcde","https://media.lbsa71.net/LCE/runs/breadth_reinforcement_v1/variants_2/R89/seed_29/step_metrics.csv"
"runs","breadth_reinforcement_v1/variants_2/R89/seed_29/tokenizer_corpus.txt","2766","44e6105741908b70bdfab3fbcd410c87608d67cc002339bfcbc069d4c7a92711","https://media.lbsa71.net/LCE/runs/breadth_reinforcement_v1/variants_2/R89/seed_29/tokenizer_corpus.txt"
"runs","breadth_reinforcement_v1/variants_2/R89/seed_29/tokenizer/tokenizer.json","7042","252422b961a449f6f040229a703cf9e6d10e23e7689092c46058e535ce5185dc","https://media.lbsa71.net/LCE/runs/breadth_reinforcement_v1/variants_2/R89/seed_29/tokenizer/tokenizer.json"
"runs","breadth_reinforcement_v1/variants_2/R89/seed_41/metrics.json","904","e7a113c5969f115118748bc7cfcc472d84d3908ed6c3f12d79538d94c6b40d75","https://media.lbsa71.net/LCE/runs/breadth_reinforcement_v1/variants_2/R89/seed_41/metrics.json"
"runs","breadth_reinforcement_v1/variants_2/R89/seed_41/parser_final.pt","1885796","384e2af77d286f83811eb3c03bcb792a0e7cbb0a7e2917e97bd73bf63b4a6395","https://media.lbsa71.net/LCE/runs/breadth_reinforcement_v1/variants_2/R89/seed_41/parser_final.pt"
"runs","breadth_reinforcement_v1/variants_2/R89/seed_41/step_metrics.csv","24003","144e4b87a878e1596a51514b383a4303e814e211e713c75da132f441c622f781","https://media.lbsa71.net/LCE/runs/breadth_reinforcement_v1/variants_2/R89/seed_41/step_metrics.csv"
"runs","breadth_reinforcement_v1/variants_2/R89/seed_41/tokenizer_corpus.txt","2766","44e6105741908b70bdfab3fbcd410c87608d67cc002339bfcbc069d4c7a92711","https://media.lbsa71.net/LCE/runs/breadth_reinforcement_v1/variants_2/R89/seed_41/tokenizer_corpus.txt"
"runs","breadth_reinforcement_v1/variants_2/R89/seed_41/tokenizer/tokenizer.json","7042","252422b961a449f6f040229a703cf9e6d10e23e7689092c46058e535ce5185dc","https://media.lbsa71.net/LCE/runs/breadth_reinforcement_v1/variants_2/R89/seed_41/tokenizer/tokenizer.json"
"runs","breadth_reinforcement_v1/variants_2/R89/seed_53/metrics.json","895","0b7d67c00c0fb084f721b369c8977169f6ce75a841ea6610b6cad7aee0e0f956","https://media.lbsa71.net/LCE/runs/breadth_reinforcement_v1/variants_2/R89/seed_53/metrics.json"
"runs","breadth_reinforcement_v1/variants_2/R89/seed_53/parser_final.pt","1885796","613b00e2cba3d07c2b8f4b3e8af796c9ea381fbc01b55336098f2834acf775a0","https://media.lbsa71.net/LCE/runs/breadth_reinforcement_v1/variants_2/R89/seed_53/parser_final.pt"
"runs","breadth_reinforcement_v1/variants_2/R89/seed_53/step_metrics.csv","24003","93d02210cb7226c4e402878ff135aa64e9a1e40309972fdb6fb229b5540b141d","https://media.lbsa71.net/LCE/runs/breadth_reinforcement_v1/variants_2/R89/seed_53/step_metrics.csv"
"runs","breadth_reinforcement_v1/variants_2/R89/seed_53/tokenizer_corpus.txt","2766","44e6105741908b70bdfab3fbcd410c87608d67cc002339bfcbc069d4c7a92711","https://media.lbsa71.net/LCE/runs/breadth_reinforcement_v1/variants_2/R89/seed_53/tokenizer_corpus.txt"
"runs","breadth_reinforcement_v1/variants_2/R89/seed_53/tokenizer/tokenizer.json","7042","252422b961a449f6f040229a703cf9e6d10e23e7689092c46058e535ce5185dc","https://media.lbsa71.net/LCE/runs/breadth_reinforcement_v1/variants_2/R89/seed_53/tokenizer/tokenizer.json"
"runs","breadth_reinforcement_v1/variants_2/R89/seed_67/metrics.json","893","c69d8614c4e4f51723fcf3e88139feae2798eae9d883b1577c093c8921ef9a8d","https://media.lbsa71.net/LCE/runs/breadth_reinforcement_v1/variants_2/R89/seed_67/metrics.json"
"runs","breadth_reinforcement_v1/variants_2/R89/seed_67/parser_final.pt","1885796","f99425fe4142b0390077682b38df291c98a0effeba01bc90eaf44b81b5bb296e","https://media.lbsa71.net/LCE/runs/breadth_reinforcement_v1/variants_2/R89/seed_67/parser_final.pt"
"runs","breadth_reinforcement_v1/variants_2/R89/seed_67/step_metrics.csv","24027","157d031c5c0495dda65c634db3ab51dc9c09c39ad6a2389716adee74a6b4d198","https://media.lbsa71.net/LCE/runs/breadth_reinforcement_v1/variants_2/R89/seed_67/step_metrics.csv"
"runs","breadth_reinforcement_v1/variants_2/R89/seed_67/tokenizer_corpus.txt","2766","44e6105741908b70bdfab3fbcd410c87608d67cc002339bfcbc069d4c7a92711","https://media.lbsa71.net/LCE/runs/breadth_reinforcement_v1/variants_2/R89/seed_67/tokenizer_corpus.txt"
"runs","breadth_reinforcement_v1/variants_2/R89/seed_67/tokenizer/tokenizer.json","7042","252422b961a449f6f040229a703cf9e6d10e23e7689092c46058e535ce5185dc","https://media.lbsa71.net/LCE/runs/breadth_reinforcement_v1/variants_2/R89/seed_67/tokenizer/tokenizer.json"
"runs","breadth_reinforcement_v1/variants_4/R178/seed_17/metrics.json","909","30d9f02cc88aab2a6b4fc90265f4610592290a14498626e9582e6479bd2fac8e","https://media.lbsa71.net/LCE/runs/breadth_reinforcement_v1/variants_4/R178/seed_17/metrics.json"
"runs","breadth_reinforcement_v1/variants_4/R178/seed_17/parser_final.pt","1885796","415f64eef42a5f29b9d404de228172d8ab7c441ed4e20d8469f2fa85c2fc3ccf","https://media.lbsa71.net/LCE/runs/breadth_reinforcement_v1/variants_4/R178/seed_17/parser_final.pt"
"runs","breadth_reinforcement_v1/variants_4/R178/seed_17/step_metrics.csv","97338","8267c48e904f7c58317b64b9f0f194d58b0d4dd1be5e38fb765e6e2d93c20f42","https://media.lbsa71.net/LCE/runs/breadth_reinforcement_v1/variants_4/R178/seed_17/step_metrics.csv"
"runs","breadth_reinforcement_v1/variants_4/R178/seed_17/tokenizer_corpus.txt","6504","2c96e4a9ebecf0fbd6414a0325578170ac345588212351953c628d74173854db","https://media.lbsa71.net/LCE/runs/breadth_reinforcement_v1/variants_4/R178/seed_17/tokenizer_corpus.txt"
"runs","breadth_reinforcement_v1/variants_4/R178/seed_17/tokenizer/tokenizer.json","7042","252422b961a449f6f040229a703cf9e6d10e23e7689092c46058e535ce5185dc","https://media.lbsa71.net/LCE/runs/breadth_reinforcement_v1/variants_4/R178/seed_17/tokenizer/tokenizer.json"
"runs","breadth_reinforcement_v1/variants_4/R178/seed_29/metrics.json","910","80dc785438f2a2cd37a67c265cfbd62701a1f3e54f606685d065ecd8a060be63","https://media.lbsa71.net/LCE/runs/breadth_reinforcement_v1/variants_4/R178/seed_29/metrics.json"
"runs","breadth_reinforcement_v1/variants_4/R178/seed_29/parser_final.pt","1885796","a46890be00fdc716985ae8970815c4ad2008730c286b8bd7c968185995ecd26b","https://media.lbsa71.net/LCE/runs/breadth_reinforcement_v1/variants_4/R178/seed_29/parser_final.pt"
"runs","breadth_reinforcement_v1/variants_4/R178/seed_29/step_metrics.csv","97141","618eec682d125c68dc4c709f760997054c7a1bc1f77ca5dd61f086f91de65628","https://media.lbsa71.net/LCE/runs/breadth_reinforcement_v1/variants_4/R178/seed_29/step_metrics.csv"
"runs","breadth_reinforcement_v1/variants_4/R178/seed_29/tokenizer_corpus.txt","6504","2c96e4a9ebecf0fbd6414a0325578170ac345588212351953c628d74173854db","https://media.lbsa71.net/LCE/runs/breadth_reinforcement_v1/variants_4/R178/seed_29/tokenizer_corpus.txt"
"runs","breadth_reinforcement_v1/variants_4/R178/seed_29/tokenizer/tokenizer.json","7042","252422b961a449f6f040229a703cf9e6d10e23e7689092c46058e535ce5185dc","https://media.lbsa71.net/LCE/runs/breadth_reinforcement_v1/variants_4/R178/seed_29/tokenizer/tokenizer.json"
"runs","breadth_reinforcement_v1/variants_4/R178/seed_41/metrics.json","908","e15ba0edd29cfe60f85f245e8a063aa4ee003044fe3f0bbef38f31457ab01ac2","https://media.lbsa71.net/LCE/runs/breadth_reinforcement_v1/variants_4/R178/seed_41/metrics.json"
"runs","breadth_reinforcement_v1/variants_4/R178/seed_41/parser_final.pt","1885796","9eeaff5352441042b8676c2bc2ddad4b84331e871a14cbeb91efd083571f4efd","https://media.lbsa71.net/LCE/runs/breadth_reinforcement_v1/variants_4/R178/seed_41/parser_final.pt"
"runs","breadth_reinforcement_v1/variants_4/R178/seed_41/step_metrics.csv","97136","c12b9729fed90798c1639eba4fb24321bf90f2226a114e7b4f40d3130197c316","https://media.lbsa71.net/LCE/runs/breadth_reinforcement_v1/variants_4/R178/seed_41/step_metrics.csv"
"runs","breadth_reinforcement_v1/variants_4/R178/seed_41/tokenizer_corpus.txt","6504","2c96e4a9ebecf0fbd6414a0325578170ac345588212351953c628d74173854db","https://media.lbsa71.net/LCE/runs/breadth_reinforcement_v1/variants_4/R178/seed_41/tokenizer_corpus.txt"
"runs","breadth_reinforcement_v1/variants_4/R178/seed_41/tokenizer/tokenizer.json","7042","252422b961a449f6f040229a703cf9e6d10e23e7689092c46058e535ce5185dc","https://media.lbsa71.net/LCE/runs/breadth_reinforcement_v1/variants_4/R178/seed_41/tokenizer/tokenizer.json"
"runs","breadth_reinforcement_v1/variants_4/R178/seed_53/metrics.json","903","dbe220ff44c7975f81499e2d50a7114e341154261f1b0ad50d546b777e106251","https://media.lbsa71.net/LCE/runs/breadth_reinforcement_v1/variants_4/R178/seed_53/metrics.json"
"runs","breadth_reinforcement_v1/variants_4/R178/seed_53/parser_final.pt","1885796","09ee4e66eeced99d6477fafba145a720fdf3c38c0c192c14a646d6c12e7d6db9","https://media.lbsa71.net/LCE/runs/breadth_reinforcement_v1/variants_4/R178/seed_53/parser_final.pt"
"runs","breadth_reinforcement_v1/variants_4/R178/seed_53/step_metrics.csv","97189","0d72197fc7e647b90ad693547ff842ce3badf349cee1b2daf2b990f4fea3cd7f","https://media.lbsa71.net/LCE/runs/breadth_reinforcement_v1/variants_4/R178/seed_53/step_metrics.csv"
"runs","breadth_reinforcement_v1/variants_4/R178/seed_53/tokenizer_corpus.txt","6504","2c96e4a9ebecf0fbd6414a0325578170ac345588212351953c628d74173854db","https://media.lbsa71.net/LCE/runs/breadth_reinforcement_v1/variants_4/R178/seed_53/tokenizer_corpus.txt"
"runs","breadth_reinforcement_v1/variants_4/R178/seed_53/tokenizer/tokenizer.json","7042","252422b961a449f6f040229a703cf9e6d10e23e7689092c46058e535ce5185dc","https://media.lbsa71.net/LCE/runs/breadth_reinforcement_v1/variants_4/R178/seed_53/tokenizer/tokenizer.json"
"runs","breadth_reinforcement_v1/variants_4/R178/seed_67/metrics.json","903","ab7b947716eb3b70e608fa4981a083361cf30ad07221b5f72e0cb3e8489aa2f7","https://media.lbsa71.net/LCE/runs/breadth_reinforcement_v1/variants_4/R178/seed_67/metrics.json"
"runs","breadth_reinforcement_v1/variants_4/R178/seed_67/parser_final.pt","1885796","e6902bf79230ffddcad5af62bcccf18a554dda9a5bb0b6997680b0f158e00398","https://media.lbsa71.net/LCE/runs/breadth_reinforcement_v1/variants_4/R178/seed_67/parser_final.pt"
"runs","breadth_reinforcement_v1/variants_4/R178/seed_67/step_metrics.csv","97382","33135fed463cfcb1c3ede17193036c3d9b625501bcb53142023477176c5a94e3","https://media.lbsa71.net/LCE/runs/breadth_reinforcement_v1/variants_4/R178/seed_67/step_metrics.csv"
"runs","breadth_reinforcement_v1/variants_4/R178/seed_67/tokenizer_corpus.txt","6504","2c96e4a9ebecf0fbd6414a0325578170ac345588212351953c628d74173854db","https://media.lbsa71.net/LCE/runs/breadth_reinforcement_v1/variants_4/R178/seed_67/tokenizer_corpus.txt"
"runs","breadth_reinforcement_v1/variants_4/R178/seed_67/tokenizer/tokenizer.json","7042","252422b961a449f6f040229a703cf9e6d10e23e7689092c46058e535ce5185dc","https://media.lbsa71.net/LCE/runs/breadth_reinforcement_v1/variants_4/R178/seed_67/tokenizer/tokenizer.json"
"runs","breadth_reinforcement_v1/variants_4/R22/seed_17/metrics.json","903","47f118a65f3667b98b64df3626507af33cf3803a12e8bef9f8ac722e2197582d","https://media.lbsa71.net/LCE/runs/breadth_reinforcement_v1/variants_4/R22/seed_17/metrics.json"
"runs","breadth_reinforcement_v1/variants_4/R22/seed_17/parser_final.pt","1885796","f18d84cd3e68e31986ffd089c9214cdb3a49af26e43a9e67bea9b0723f864193","https://media.lbsa71.net/LCE/runs/breadth_reinforcement_v1/variants_4/R22/seed_17/parser_final.pt"
"runs","breadth_reinforcement_v1/variants_4/R22/seed_17/step_metrics.csv","11919","563f79bc0ea166f417c1d9e8140bd2c36ddf500d1911fa3a6ebd2cf5cb26294c","https://media.lbsa71.net/LCE/runs/breadth_reinforcement_v1/variants_4/R22/seed_17/step_metrics.csv"
"runs","breadth_reinforcement_v1/variants_4/R22/seed_17/tokenizer_corpus.txt","6504","2c96e4a9ebecf0fbd6414a0325578170ac345588212351953c628d74173854db","https://media.lbsa71.net/LCE/runs/breadth_reinforcement_v1/variants_4/R22/seed_17/tokenizer_corpus.txt"
"runs","breadth_reinforcement_v1/variants_4/R22/seed_17/tokenizer/tokenizer.json","7042","252422b961a449f6f040229a703cf9e6d10e23e7689092c46058e535ce5185dc","https://media.lbsa71.net/LCE/runs/breadth_reinforcement_v1/variants_4/R22/seed_17/tokenizer/tokenizer.json"
"runs","breadth_reinforcement_v1/variants_4/R22/seed_29/metrics.json","902","211c1d4451776c425f6b7cd40cb074d6fd21478324c34c3372e455f1772c46e9","https://media.lbsa71.net/LCE/runs/breadth_reinforcement_v1/variants_4/R22/seed_29/metrics.json"
"runs","breadth_reinforcement_v1/variants_4/R22/seed_29/parser_final.pt","1885796","765aa148c5ad08f698dc5945d035ae7332eb6da56b0b848e58a8d96814fe12ab","https://media.lbsa71.net/LCE/runs/breadth_reinforcement_v1/variants_4/R22/seed_29/parser_final.pt"
"runs","breadth_reinforcement_v1/variants_4/R22/seed_29/step_metrics.csv","11926","217c584d9fa43f06510adb87aca64574458d42a26b78a291ed3492f28208e173","https://media.lbsa71.net/LCE/runs/breadth_reinforcement_v1/variants_4/R22/seed_29/step_metrics.csv"
"runs","breadth_reinforcement_v1/variants_4/R22/seed_29/tokenizer_corpus.txt","6504","2c96e4a9ebecf0fbd6414a0325578170ac345588212351953c628d74173854db","https://media.lbsa71.net/LCE/runs/breadth_reinforcement_v1/variants_4/R22/seed_29/tokenizer_corpus.txt"
"runs","breadth_reinforcement_v1/variants_4/R22/seed_29/tokenizer/tokenizer.json","7042","252422b961a449f6f040229a703cf9e6d10e23e7689092c46058e535ce5185dc","https://media.lbsa71.net/LCE/runs/breadth_reinforcement_v1/variants_4/R22/seed_29/tokenizer/tokenizer.json"
"runs","breadth_reinforcement_v1/variants_4/R22/seed_41/metrics.json","903","bd178a6b60b1886ec2befca8148d5a080677e5eff8b81df9896c0903d84025e5","https://media.lbsa71.net/LCE/runs/breadth_reinforcement_v1/variants_4/R22/seed_41/metrics.json"
"runs","breadth_reinforcement_v1/variants_4/R22/seed_41/parser_final.pt","1885796","69209ee91748e1f1c5ecdd17e5c307dbd5b92ab93f5525a4720797a14493f513","https://media.lbsa71.net/LCE/runs/breadth_reinforcement_v1/variants_4/R22/seed_41/parser_final.pt"
"runs","breadth_reinforcement_v1/variants_4/R22/seed_41/step_metrics.csv","11934","c241e020279da6c06000c806c720faa8c0a4783c5d1a9226441d232f3fd76248","https://media.lbsa71.net/LCE/runs/breadth_reinforcement_v1/variants_4/R22/seed_41/step_metrics.csv"
"runs","breadth_reinforcement_v1/variants_4/R22/seed_41/tokenizer_corpus.txt","6504","2c96e4a9ebecf0fbd6414a0325578170ac345588212351953c628d74173854db","https://media.lbsa71.net/LCE/runs/breadth_reinforcement_v1/variants_4/R22/seed_41/tokenizer_corpus.txt"
"runs","breadth_reinforcement_v1/variants_4/R22/seed_41/tokenizer/tokenizer.json","7042","252422b961a449f6f040229a703cf9e6d10e23e7689092c46058e535ce5185dc","https://media.lbsa71.net/LCE/runs/breadth_reinforcement_v1/variants_4/R22/seed_41/tokenizer/tokenizer.json"
"runs","breadth_reinforcement_v1/variants_4/R22/seed_53/metrics.json","897","28098f62c7ffee53c23e26edb68487684d27a88a2ae272c952927abe1ac63b24","https://media.lbsa71.net/LCE/runs/breadth_reinforcement_v1/variants_4/R22/seed_53/metrics.json"
"runs","breadth_reinforcement_v1/variants_4/R22/seed_53/parser_final.pt","1885796","5068dd66dc670b5d06a586c02b45eb7c3efbf517a03d794e65100fb55ad3d816","https://media.lbsa71.net/LCE/runs/breadth_reinforcement_v1/variants_4/R22/seed_53/parser_final.pt"
"runs","breadth_reinforcement_v1/variants_4/R22/seed_53/step_metrics.csv","11923","2dab3e48747cb767db49a4762db9b73bea4d12355a871abae18075711e8020a5","https://media.lbsa71.net/LCE/runs/breadth_reinforcement_v1/variants_4/R22/seed_53/step_metrics.csv"
"runs","breadth_reinforcement_v1/variants_4/R22/seed_53/tokenizer_corpus.txt","6504","2c96e4a9ebecf0fbd6414a0325578170ac345588212351953c628d74173854db","https://media.lbsa71.net/LCE/runs/breadth_reinforcement_v1/variants_4/R22/seed_53/tokenizer_corpus.txt"
"runs","breadth_reinforcement_v1/variants_4/R22/seed_53/tokenizer/tokenizer.json","7042","252422b961a449f6f040229a703cf9e6d10e23e7689092c46058e535ce5185dc","https://media.lbsa71.net/LCE/runs/breadth_reinforcement_v1/variants_4/R22/seed_53/tokenizer/tokenizer.json"
"runs","breadth_reinforcement_v1/variants_4/R22/seed_67/metrics.json","900","5fc6ec3d9ebf1ebd062d35625754ae0a17f3c4d87b45841ca882ed7e0cc7e0bf","https://media.lbsa71.net/LCE/runs/breadth_reinforcement_v1/variants_4/R22/seed_67/metrics.json"
"runs","breadth_reinforcement_v1/variants_4/R22/seed_67/parser_final.pt","1885796","5ec44d19117d953fb507d3d7316f01784749c039c65cc89afcee7c20e7b59a8b","https://media.lbsa71.net/LCE/runs/breadth_reinforcement_v1/variants_4/R22/seed_67/parser_final.pt"
"runs","breadth_reinforcement_v1/variants_4/R22/seed_67/step_metrics.csv","11907","f969d39c839c2d5827b344ded4b7ba9f2782c231209e1b4e80ac659ecc4f548e","https://media.lbsa71.net/LCE/runs/breadth_reinforcement_v1/variants_4/R22/seed_67/step_metrics.csv"
"runs","breadth_reinforcement_v1/variants_4/R22/seed_67/tokenizer_corpus.txt","6504","2c96e4a9ebecf0fbd6414a0325578170ac345588212351953c628d74173854db","https://media.lbsa71.net/LCE/runs/breadth_reinforcement_v1/variants_4/R22/seed_67/tokenizer_corpus.txt"
"runs","breadth_reinforcement_v1/variants_4/R22/seed_67/tokenizer/tokenizer.json","7042","252422b961a449f6f040229a703cf9e6d10e23e7689092c46058e535ce5185dc","https://media.lbsa71.net/LCE/runs/breadth_reinforcement_v1/variants_4/R22/seed_67/tokenizer/tokenizer.json"
"runs","breadth_reinforcement_v1/variants_4/R89/seed_17/metrics.json","903","2c7f8790a293d4dca33dd60239f63473b98ad6ff1b9a42a5321be32bb0d916d7","https://media.lbsa71.net/LCE/runs/breadth_reinforcement_v1/variants_4/R89/seed_17/metrics.json"
"runs","breadth_reinforcement_v1/variants_4/R89/seed_17/parser_final.pt","1885796","6855c9abc875235cbd048eb593b47214299a817b74d6a3db7b397293374e92cb","https://media.lbsa71.net/LCE/runs/breadth_reinforcement_v1/variants_4/R89/seed_17/parser_final.pt"
"runs","breadth_reinforcement_v1/variants_4/R89/seed_17/step_metrics.csv","48210","76226e85a659541570b1ac9695863ccb714696c67b26ab707674a3ee7bf27f1d","https://media.lbsa71.net/LCE/runs/breadth_reinforcement_v1/variants_4/R89/seed_17/step_metrics.csv"
"runs","breadth_reinforcement_v1/variants_4/R89/seed_17/tokenizer_corpus.txt","6504","2c96e4a9ebecf0fbd6414a0325578170ac345588212351953c628d74173854db","https://media.lbsa71.net/LCE/runs/breadth_reinforcement_v1/variants_4/R89/seed_17/tokenizer_corpus.txt"
"runs","breadth_reinforcement_v1/variants_4/R89/seed_17/tokenizer/tokenizer.json","7042","252422b961a449f6f040229a703cf9e6d10e23e7689092c46058e535ce5185dc","https://media.lbsa71.net/LCE/runs/breadth_reinforcement_v1/variants_4/R89/seed_17/tokenizer/tokenizer.json"
"runs","breadth_reinforcement_v1/variants_4/R89/seed_29/metrics.json","905","df8ed0d743b414ba9cd8efda47b59ac55271deaaf59e72ea29a487e7a79d9968","https://media.lbsa71.net/LCE/runs/breadth_reinforcement_v1/variants_4/R89/seed_29/metrics.json"
"runs","breadth_reinforcement_v1/variants_4/R89/seed_29/parser_final.pt","1885796","6b00a8b4e11ba771cd72a16f9f1065452a5bacae300ddfc0893b13f75ffbdb8f","https://media.lbsa71.net/LCE/runs/breadth_reinforcement_v1/variants_4/R89/seed_29/parser_final.pt"
"runs","breadth_reinforcement_v1/variants_4/R89/seed_29/step_metrics.csv","48184","90d6b01c3eba691a41c850342e538530754824b7f77896f6d2ae28abc3dd3bad","https://media.lbsa71.net/LCE/runs/breadth_reinforcement_v1/variants_4/R89/seed_29/step_metrics.csv"
"runs","breadth_reinforcement_v1/variants_4/R89/seed_29/tokenizer_corpus.txt","6504","2c96e4a9ebecf0fbd6414a0325578170ac345588212351953c628d74173854db","https://media.lbsa71.net/LCE/runs/breadth_reinforcement_v1/variants_4/R89/seed_29/tokenizer_corpus.txt"
"runs","breadth_reinforcement_v1/variants_4/R89/seed_29/tokenizer/tokenizer.json","7042","252422b961a449f6f040229a703cf9e6d10e23e7689092c46058e535ce5185dc","https://media.lbsa71.net/LCE/runs/breadth_reinforcement_v1/variants_4/R89/seed_29/tokenizer/tokenizer.json"
"runs","breadth_reinforcement_v1/variants_4/R89/seed_41/metrics.json","906","516a36ef3f673af7734e422c1036dfe070fe5dd7f91a8673a1e7df1af0e245e0","https://media.lbsa71.net/LCE/runs/breadth_reinforcement_v1/variants_4/R89/seed_41/metrics.json"
"runs","breadth_reinforcement_v1/variants_4/R89/seed_41/parser_final.pt","1885796","9bfeb7b9812926f44a36ab4b312563de099e2cb1a2b003a404a2e3adc274110e","https://media.lbsa71.net/LCE/runs/breadth_reinforcement_v1/variants_4/R89/seed_41/parser_final.pt"
"runs","breadth_reinforcement_v1/variants_4/R89/seed_41/step_metrics.csv","48176","d2e3233c0be91b6550cf54d55751a7b3b64f0272414f35f6962e6278aa6c95ab","https://media.lbsa71.net/LCE/runs/breadth_reinforcement_v1/variants_4/R89/seed_41/step_metrics.csv"
"runs","breadth_reinforcement_v1/variants_4/R89/seed_41/tokenizer_corpus.txt","6504","2c96e4a9ebecf0fbd6414a0325578170ac345588212351953c628d74173854db","https://media.lbsa71.net/LCE/runs/breadth_reinforcement_v1/variants_4/R89/seed_41/tokenizer_corpus.txt"
"runs","breadth_reinforcement_v1/variants_4/R89/seed_41/tokenizer/tokenizer.json","7042","252422b961a449f6f040229a703cf9e6d10e23e7689092c46058e535ce5185dc","https://media.lbsa71.net/LCE/runs/breadth_reinforcement_v1/variants_4/R89/seed_41/tokenizer/tokenizer.json"
"runs","breadth_reinforcement_v1/variants_4/R89/seed_53/metrics.json","900","ce238f86d72eea718b2cbeb5a8704e6c139d431f81779ccc5a753622e849c3a3","https://media.lbsa71.net/LCE/runs/breadth_reinforcement_v1/variants_4/R89/seed_53/metrics.json"
"runs","breadth_reinforcement_v1/variants_4/R89/seed_53/parser_final.pt","1885796","b947c54e830169cd6fd5da17d356c12ae3f829e2b889dc3c22d83eafa825f8a9","https://media.lbsa71.net/LCE/runs/breadth_reinforcement_v1/variants_4/R89/seed_53/parser_final.pt"
"runs","breadth_reinforcement_v1/variants_4/R89/seed_53/step_metrics.csv","48185","d184911a913da410961e32fad997e0e1660b773c3603b6cbbe8917d42312d5b9","https://media.lbsa71.net/LCE/runs/breadth_reinforcement_v1/variants_4/R89/seed_53/step_metrics.csv"
"runs","breadth_reinforcement_v1/variants_4/R89/seed_53/tokenizer_corpus.txt","6504","2c96e4a9ebecf0fbd6414a0325578170ac345588212351953c628d74173854db","https://media.lbsa71.net/LCE/runs/breadth_reinforcement_v1/variants_4/R89/seed_53/tokenizer_corpus.txt"
"runs","breadth_reinforcement_v1/variants_4/R89/seed_53/tokenizer/tokenizer.json","7042","252422b961a449f6f040229a703cf9e6d10e23e7689092c46058e535ce5185dc","https://media.lbsa71.net/LCE/runs/breadth_reinforcement_v1/variants_4/R89/seed_53/tokenizer/tokenizer.json"
"runs","breadth_reinforcement_v1/variants_4/R89/seed_67/metrics.json","903","e803c33319ad4dd76d49da4be3b23175b3ce93081c88e042601ddecf974d6845","https://media.lbsa71.net/LCE/runs/breadth_reinforcement_v1/variants_4/R89/seed_67/metrics.json"
"runs","breadth_reinforcement_v1/variants_4/R89/seed_67/parser_final.pt","1885796","86a59269e55350dfd9e03c0117056e22801e9c20964dc4a5d645c380713f304e","https://media.lbsa71.net/LCE/runs/breadth_reinforcement_v1/variants_4/R89/seed_67/parser_final.pt"
"runs","breadth_reinforcement_v1/variants_4/R89/seed_67/step_metrics.csv","48186","56f7528454dd20712c8450ec9bca6fff833950dfd89393ab711d84b3fe48c821","https://media.lbsa71.net/LCE/runs/breadth_reinforcement_v1/variants_4/R89/seed_67/step_metrics.csv"
"runs","breadth_reinforcement_v1/variants_4/R89/seed_67/tokenizer_corpus.txt","6504","2c96e4a9ebecf0fbd6414a0325578170ac345588212351953c628d74173854db","https://media.lbsa71.net/LCE/runs/breadth_reinforcement_v1/variants_4/R89/seed_67/tokenizer_corpus.txt"
"runs","breadth_reinforcement_v1/variants_4/R89/seed_67/tokenizer/tokenizer.json","7042","252422b961a449f6f040229a703cf9e6d10e23e7689092c46058e535ce5185dc","https://media.lbsa71.net/LCE/runs/breadth_reinforcement_v1/variants_4/R89/seed_67/tokenizer/tokenizer.json"
"runs","breadth_reinforcement_v1/variants_8/R178/seed_17/metrics.json","905","b48afc6ed505acda598f7aa02ae313e52043ca92a8af71f2be51dbbb7e8443ab","https://media.lbsa71.net/LCE/runs/breadth_reinforcement_v1/variants_8/R178/seed_17/metrics.json"
"runs","breadth_reinforcement_v1/variants_8/R178/seed_17/parser_final.pt","1885796","f11845453b23bec186626870e52101391f57d6a0729aca7fe9a092a733469062","https://media.lbsa71.net/LCE/runs/breadth_reinforcement_v1/variants_8/R178/seed_17/parser_final.pt"
"runs","breadth_reinforcement_v1/variants_8/R178/seed_17/step_metrics.csv","195423","89ca9ed506f9b0c4b7bf199b9d6f65eda7a26fdbfff96c785a0f3748c12d601e","https://media.lbsa71.net/LCE/runs/breadth_reinforcement_v1/variants_8/R178/seed_17/step_metrics.csv"
"runs","breadth_reinforcement_v1/variants_8/R178/seed_17/tokenizer_corpus.txt","14616","f100990d7d73ffc51c9bfcf62346f65c179fa48b2b12dd2425842963f334b880","https://media.lbsa71.net/LCE/runs/breadth_reinforcement_v1/variants_8/R178/seed_17/tokenizer_corpus.txt"
"runs","breadth_reinforcement_v1/variants_8/R178/seed_17/tokenizer/tokenizer.json","7042","252422b961a449f6f040229a703cf9e6d10e23e7689092c46058e535ce5185dc","https://media.lbsa71.net/LCE/runs/breadth_reinforcement_v1/variants_8/R178/seed_17/tokenizer/tokenizer.json"
"runs","breadth_reinforcement_v1/variants_8/R178/seed_29/metrics.json","902","c5cf55ca15e67671db72f1125655330d65b6b4d98f888ca41f1da9b8ed4ee8d9","https://media.lbsa71.net/LCE/runs/breadth_reinforcement_v1/variants_8/R178/seed_29/metrics.json"
"runs","breadth_reinforcement_v1/variants_8/R178/seed_29/parser_final.pt","1885796","aeb1b92618888ba8acac093e95033e8e0cb66f2625acee801991c3fb1493b441","https://media.lbsa71.net/LCE/runs/breadth_reinforcement_v1/variants_8/R178/seed_29/parser_final.pt"
"runs","breadth_reinforcement_v1/variants_8/R178/seed_29/step_metrics.csv","195486","556b0bd7a0cd98c77f225f916d23ce4769210cc7af34031eb77b6fde99d222dc","https://media.lbsa71.net/LCE/runs/breadth_reinforcement_v1/variants_8/R178/seed_29/step_metrics.csv"
"runs","breadth_reinforcement_v1/variants_8/R178/seed_29/tokenizer_corpus.txt","14616","f100990d7d73ffc51c9bfcf62346f65c179fa48b2b12dd2425842963f334b880","https://media.lbsa71.net/LCE/runs/breadth_reinforcement_v1/variants_8/R178/seed_29/tokenizer_corpus.txt"
"runs","breadth_reinforcement_v1/variants_8/R178/seed_29/tokenizer/tokenizer.json","7042","252422b961a449f6f040229a703cf9e6d10e23e7689092c46058e535ce5185dc","https://media.lbsa71.net/LCE/runs/breadth_reinforcement_v1/variants_8/R178/seed_29/tokenizer/tokenizer.json"
"runs","breadth_reinforcement_v1/variants_8/R178/seed_41/metrics.json","900","17368673a504104af0298cb6351b821d017b9eb912caf323400db7aa734431be","https://media.lbsa71.net/LCE/runs/breadth_reinforcement_v1/variants_8/R178/seed_41/metrics.json"
"runs","breadth_reinforcement_v1/variants_8/R178/seed_41/parser_final.pt","1885796","e2408480875454da3c320d46dc58218682b6bf9ae43119c797cf1b670074b9e7","https://media.lbsa71.net/LCE/runs/breadth_reinforcement_v1/variants_8/R178/seed_41/parser_final.pt"
"runs","breadth_reinforcement_v1/variants_8/R178/seed_41/step_metrics.csv","195529","cd9df76b522ee0f807ea70e1d630469e45fa4705f6d4aa610155fa3259881392","https://media.lbsa71.net/LCE/runs/breadth_reinforcement_v1/variants_8/R178/seed_41/step_metrics.csv"
"runs","breadth_reinforcement_v1/variants_8/R178/seed_41/tokenizer_corpus.txt","14616","f100990d7d73ffc51c9bfcf62346f65c179fa48b2b12dd2425842963f334b880","https://media.lbsa71.net/LCE/runs/breadth_reinforcement_v1/variants_8/R178/seed_41/tokenizer_corpus.txt"
"runs","breadth_reinforcement_v1/variants_8/R178/seed_41/tokenizer/tokenizer.json","7042","252422b961a449f6f040229a703cf9e6d10e23e7689092c46058e535ce5185dc","https://media.lbsa71.net/LCE/runs/breadth_reinforcement_v1/variants_8/R178/seed_41/tokenizer/tokenizer.json"
"runs","breadth_reinforcement_v1/variants_8/R178/seed_53/metrics.json","903","15df5a59a37fa9345f7d0ee87934c8cc168f5ae972e4c2340a25502332531c3e","https://media.lbsa71.net/LCE/runs/breadth_reinforcement_v1/variants_8/R178/seed_53/metrics.json"
"runs","breadth_reinforcement_v1/variants_8/R178/seed_53/parser_final.pt","1885796","07b2c8b46d7ba17530d7a52e42e7041a54d9bf544fa081222ac958ff5c22b552","https://media.lbsa71.net/LCE/runs/breadth_reinforcement_v1/variants_8/R178/seed_53/parser_final.pt"
"runs","breadth_reinforcement_v1/variants_8/R178/seed_53/step_metrics.csv","195463","01da71519a02ea59d96851b2ffb72a69b4c4e8f361662b428db2ccc6b9d29ff8","https://media.lbsa71.net/LCE/runs/breadth_reinforcement_v1/variants_8/R178/seed_53/step_metrics.csv"
"runs","breadth_reinforcement_v1/variants_8/R178/seed_53/tokenizer_corpus.txt","14616","f100990d7d73ffc51c9bfcf62346f65c179fa48b2b12dd2425842963f334b880","https://media.lbsa71.net/LCE/runs/breadth_reinforcement_v1/variants_8/R178/seed_53/tokenizer_corpus.txt"
"runs","breadth_reinforcement_v1/variants_8/R178/seed_53/tokenizer/tokenizer.json","7042","252422b961a449f6f040229a703cf9e6d10e23e7689092c46058e535ce5185dc","https://media.lbsa71.net/LCE/runs/breadth_reinforcement_v1/variants_8/R178/seed_53/tokenizer/tokenizer.json"
"runs","breadth_reinforcement_v1/variants_8/R178/seed_67/metrics.json","899","8ba4ade25c393811d1bdf47c00b453f3c9026d17650d9e155a461bd79e2039d0","https://media.lbsa71.net/LCE/runs/breadth_reinforcement_v1/variants_8/R178/seed_67/metrics.json"
"runs","breadth_reinforcement_v1/variants_8/R178/seed_67/parser_final.pt","1885796","bcf24218c4a3b8150c588c7b34d6358243a9feba427a353beeb42bb26e060379","https://media.lbsa71.net/LCE/runs/breadth_reinforcement_v1/variants_8/R178/seed_67/parser_final.pt"
"runs","breadth_reinforcement_v1/variants_8/R178/seed_67/step_metrics.csv","195404","3b6bffa17aea73c4423666a7721a1bbf8b31ed25c2c1a224985d6ddbb417e867","https://media.lbsa71.net/LCE/runs/breadth_reinforcement_v1/variants_8/R178/seed_67/step_metrics.csv"
"runs","breadth_reinforcement_v1/variants_8/R178/seed_67/tokenizer_corpus.txt","14616","f100990d7d73ffc51c9bfcf62346f65c179fa48b2b12dd2425842963f334b880","https://media.lbsa71.net/LCE/runs/breadth_reinforcement_v1/variants_8/R178/seed_67/tokenizer_corpus.txt"
"runs","breadth_reinforcement_v1/variants_8/R178/seed_67/tokenizer/tokenizer.json","7042","252422b961a449f6f040229a703cf9e6d10e23e7689092c46058e535ce5185dc","https://media.lbsa71.net/LCE/runs/breadth_reinforcement_v1/variants_8/R178/seed_67/tokenizer/tokenizer.json"
"runs","breadth_reinforcement_v1/variants_8/R22/seed_17/metrics.json","901","79cdee03e79a337eb862f0a35ac1e8ea1f21da5487686090dad91f5db69ebb32","https://media.lbsa71.net/LCE/runs/breadth_reinforcement_v1/variants_8/R22/seed_17/metrics.json"
"runs","breadth_reinforcement_v1/variants_8/R22/seed_17/parser_final.pt","1885796","3d83a77d23db93ba93f976d5bc71be158db7bdb462bff6db315a9b8719f16aef","https://media.lbsa71.net/LCE/runs/breadth_reinforcement_v1/variants_8/R22/seed_17/parser_final.pt"
"runs","breadth_reinforcement_v1/variants_8/R22/seed_17/step_metrics.csv","24040","d7924d44a2ca886fd827f0faf2f8a2ca9cb80a938a8ca5a03e92659522140ab6","https://media.lbsa71.net/LCE/runs/breadth_reinforcement_v1/variants_8/R22/seed_17/step_metrics.csv"
"runs","breadth_reinforcement_v1/variants_8/R22/seed_17/tokenizer_corpus.txt","14616","f100990d7d73ffc51c9bfcf62346f65c179fa48b2b12dd2425842963f334b880","https://media.lbsa71.net/LCE/runs/breadth_reinforcement_v1/variants_8/R22/seed_17/tokenizer_corpus.txt"
"runs","breadth_reinforcement_v1/variants_8/R22/seed_17/tokenizer/tokenizer.json","7042","252422b961a449f6f040229a703cf9e6d10e23e7689092c46058e535ce5185dc","https://media.lbsa71.net/LCE/runs/breadth_reinforcement_v1/variants_8/R22/seed_17/tokenizer/tokenizer.json"
"runs","breadth_reinforcement_v1/variants_8/R22/seed_29/metrics.json","896","6578cd66ae8661a818cac699570651c46ca4744ac6021b1374d6ad7f4a45817a","https://media.lbsa71.net/LCE/runs/breadth_reinforcement_v1/variants_8/R22/seed_29/metrics.json"
"runs","breadth_reinforcement_v1/variants_8/R22/seed_29/parser_final.pt","1885796","05ea48f938c7682006a023d9ace9971fb01dccbd4c87a0df6ecc57618db4f830","https://media.lbsa71.net/LCE/runs/breadth_reinforcement_v1/variants_8/R22/seed_29/parser_final.pt"
"runs","breadth_reinforcement_v1/variants_8/R22/seed_29/step_metrics.csv","24054","03b7195d1a34bade73d1a5bed369361fcaa1125e439aa65e5770f61b60e9f070","https://media.lbsa71.net/LCE/runs/breadth_reinforcement_v1/variants_8/R22/seed_29/step_metrics.csv"
"runs","breadth_reinforcement_v1/variants_8/R22/seed_29/tokenizer_corpus.txt","14616","f100990d7d73ffc51c9bfcf62346f65c179fa48b2b12dd2425842963f334b880","https://media.lbsa71.net/LCE/runs/breadth_reinforcement_v1/variants_8/R22/seed_29/tokenizer_corpus.txt"
"runs","breadth_reinforcement_v1/variants_8/R22/seed_29/tokenizer/tokenizer.json","7042","252422b961a449f6f040229a703cf9e6d10e23e7689092c46058e535ce5185dc","https://media.lbsa71.net/LCE/runs/breadth_reinforcement_v1/variants_8/R22/seed_29/tokenizer/tokenizer.json"
"runs","breadth_reinforcement_v1/variants_8/R22/seed_41/metrics.json","892","a604837eca013a99c5704323831e150c9b7fd9d164ab7826af029a1f5c0fa224","https://media.lbsa71.net/LCE/runs/breadth_reinforcement_v1/variants_8/R22/seed_41/metrics.json"
"runs","breadth_reinforcement_v1/variants_8/R22/seed_41/parser_final.pt","1885796","7aca88b638f70a7da352033a36ed146f8534a07e2f32d63ceef8ad2aefe350c9","https://media.lbsa71.net/LCE/runs/breadth_reinforcement_v1/variants_8/R22/seed_41/parser_final.pt"
"runs","breadth_reinforcement_v1/variants_8/R22/seed_41/step_metrics.csv","23993","89b5c1519c854ee55557bcb3674a501c32925e5cc42d1937dbd5fc345c60144d","https://media.lbsa71.net/LCE/runs/breadth_reinforcement_v1/variants_8/R22/seed_41/step_metrics.csv"
"runs","breadth_reinforcement_v1/variants_8/R22/seed_41/tokenizer_corpus.txt","14616","f100990d7d73ffc51c9bfcf62346f65c179fa48b2b12dd2425842963f334b880","https://media.lbsa71.net/LCE/runs/breadth_reinforcement_v1/variants_8/R22/seed_41/tokenizer_corpus.txt"
"runs","breadth_reinforcement_v1/variants_8/R22/seed_41/tokenizer/tokenizer.json","7042","252422b961a449f6f040229a703cf9e6d10e23e7689092c46058e535ce5185dc","https://media.lbsa71.net/LCE/runs/breadth_reinforcement_v1/variants_8/R22/seed_41/tokenizer/tokenizer.json"
"runs","breadth_reinforcement_v1/variants_8/R22/seed_53/metrics.json","899","e01a8684277caacad35c239d9cf03ca98b7cae35286ea69a4bda7a41b29c158f","https://media.lbsa71.net/LCE/runs/breadth_reinforcement_v1/variants_8/R22/seed_53/metrics.json"
"runs","breadth_reinforcement_v1/variants_8/R22/seed_53/parser_final.pt","1885796","f22e3a35e3919d111189f663752759722d4f437268fc0d10875b8e0649e761d8","https://media.lbsa71.net/LCE/runs/breadth_reinforcement_v1/variants_8/R22/seed_53/parser_final.pt"
"runs","breadth_reinforcement_v1/variants_8/R22/seed_53/step_metrics.csv","24046","8e17f3087c2ee2bb65d84523c38a25b8121c8156f487acf089cb36551585215f","https://media.lbsa71.net/LCE/runs/breadth_reinforcement_v1/variants_8/R22/seed_53/step_metrics.csv"
"runs","breadth_reinforcement_v1/variants_8/R22/seed_53/tokenizer_corpus.txt","14616","f100990d7d73ffc51c9bfcf62346f65c179fa48b2b12dd2425842963f334b880","https://media.lbsa71.net/LCE/runs/breadth_reinforcement_v1/variants_8/R22/seed_53/tokenizer_corpus.txt"
"runs","breadth_reinforcement_v1/variants_8/R22/seed_53/tokenizer/tokenizer.json","7042","252422b961a449f6f040229a703cf9e6d10e23e7689092c46058e535ce5185dc","https://media.lbsa71.net/LCE/runs/breadth_reinforcement_v1/variants_8/R22/seed_53/tokenizer/tokenizer.json"
"runs","breadth_reinforcement_v1/variants_8/R22/seed_67/metrics.json","902","a962c04f0f39b3a8f8e31bfa52c2cf30bad029258b41068999eada87fa0fe092","https://media.lbsa71.net/LCE/runs/breadth_reinforcement_v1/variants_8/R22/seed_67/metrics.json"
"runs","breadth_reinforcement_v1/variants_8/R22/seed_67/parser_final.pt","1885796","241e3cfecb68d6d61a66bfee828048076f7d45da923cd0ad4391df12d3bc7c94","https://media.lbsa71.net/LCE/runs/breadth_reinforcement_v1/variants_8/R22/seed_67/parser_final.pt"
"runs","breadth_reinforcement_v1/variants_8/R22/seed_67/step_metrics.csv","24028","370f409deb0e96d52983de5cc2bbbb3809a0ea70b363b04a09ac4dbccc3a600c","https://media.lbsa71.net/LCE/runs/breadth_reinforcement_v1/variants_8/R22/seed_67/step_metrics.csv"
"runs","breadth_reinforcement_v1/variants_8/R22/seed_67/tokenizer_corpus.txt","14616","f100990d7d73ffc51c9bfcf62346f65c179fa48b2b12dd2425842963f334b880","https://media.lbsa71.net/LCE/runs/breadth_reinforcement_v1/variants_8/R22/seed_67/tokenizer_corpus.txt"
"runs","breadth_reinforcement_v1/variants_8/R22/seed_67/tokenizer/tokenizer.json","7042","252422b961a449f6f040229a703cf9e6d10e23e7689092c46058e535ce5185dc","https://media.lbsa71.net/LCE/runs/breadth_reinforcement_v1/variants_8/R22/seed_67/tokenizer/tokenizer.json"
"runs","breadth_reinforcement_v1/variants_8/R89/seed_17/metrics.json","902","0e0952ac6298a920e777d9c24a025170739f964046b14ab41a8f3fab15f17118","https://media.lbsa71.net/LCE/runs/breadth_reinforcement_v1/variants_8/R89/seed_17/metrics.json"
"runs","breadth_reinforcement_v1/variants_8/R89/seed_17/parser_final.pt","1885796","9a1e6d2d652695297ed13440f914861650ed16174dde96032284eb93ec4758c5","https://media.lbsa71.net/LCE/runs/breadth_reinforcement_v1/variants_8/R89/seed_17/parser_final.pt"
"runs","breadth_reinforcement_v1/variants_8/R89/seed_17/step_metrics.csv","97183","d51f4c38a45e62c793cdf6b493fe287cd941b345f4059c95efd54ad6eabd0400","https://media.lbsa71.net/LCE/runs/breadth_reinforcement_v1/variants_8/R89/seed_17/step_metrics.csv"
"runs","breadth_reinforcement_v1/variants_8/R89/seed_17/tokenizer_corpus.txt","14616","f100990d7d73ffc51c9bfcf62346f65c179fa48b2b12dd2425842963f334b880","https://media.lbsa71.net/LCE/runs/breadth_reinforcement_v1/variants_8/R89/seed_17/tokenizer_corpus.txt"
"runs","breadth_reinforcement_v1/variants_8/R89/seed_17/tokenizer/tokenizer.json","7042","252422b961a449f6f040229a703cf9e6d10e23e7689092c46058e535ce5185dc","https://media.lbsa71.net/LCE/runs/breadth_reinforcement_v1/variants_8/R89/seed_17/tokenizer/tokenizer.json"
"runs","breadth_reinforcement_v1/variants_8/R89/seed_29/metrics.json","899","5cd5f9009349cfa6ceb897e8ced8d2691d96f6b18a34b266ffb56cebc0efc8d5","https://media.lbsa71.net/LCE/runs/breadth_reinforcement_v1/variants_8/R89/seed_29/metrics.json"
"runs","breadth_reinforcement_v1/variants_8/R89/seed_29/parser_final.pt","1885796","b7de11714f270bb472f3cbb5374f8d4c645d97b90c25e4b07f29bdae28e36eda","https://media.lbsa71.net/LCE/runs/breadth_reinforcement_v1/variants_8/R89/seed_29/parser_final.pt"
"runs","breadth_reinforcement_v1/variants_8/R89/seed_29/step_metrics.csv","97137","6b1bc438b6ceaccacfb28ea32159896167e22eb124440d31a91dce395e0dbb1d","https://media.lbsa71.net/LCE/runs/breadth_reinforcement_v1/variants_8/R89/seed_29/step_metrics.csv"
"runs","breadth_reinforcement_v1/variants_8/R89/seed_29/tokenizer_corpus.txt","14616","f100990d7d73ffc51c9bfcf62346f65c179fa48b2b12dd2425842963f334b880","https://media.lbsa71.net/LCE/runs/breadth_reinforcement_v1/variants_8/R89/seed_29/tokenizer_corpus.txt"
"runs","breadth_reinforcement_v1/variants_8/R89/seed_29/tokenizer/tokenizer.json","7042","252422b961a449f6f040229a703cf9e6d10e23e7689092c46058e535ce5185dc","https://media.lbsa71.net/LCE/runs/breadth_reinforcement_v1/variants_8/R89/seed_29/tokenizer/tokenizer.json"
"runs","breadth_reinforcement_v1/variants_8/R89/seed_41/metrics.json","898","0570bcb1b68cae46f404a75d39700e2899c9bde65274215f7372ff91da265741","https://media.lbsa71.net/LCE/runs/breadth_reinforcement_v1/variants_8/R89/seed_41/metrics.json"
"runs","breadth_reinforcement_v1/variants_8/R89/seed_41/parser_final.pt","1885796","3f75ddcb671b159f79e2ac75b8949fab9b8ec3e3a9bd6f8848fe79e83b6faa16","https://media.lbsa71.net/LCE/runs/breadth_reinforcement_v1/variants_8/R89/seed_41/parser_final.pt"
"runs","breadth_reinforcement_v1/variants_8/R89/seed_41/step_metrics.csv","97185","ac3885ae50a6dd5a081f422d38fbfc61d479b39cb8594d4820aa4e0c006c4194","https://media.lbsa71.net/LCE/runs/breadth_reinforcement_v1/variants_8/R89/seed_41/step_metrics.csv"
"runs","breadth_reinforcement_v1/variants_8/R89/seed_41/tokenizer_corpus.txt","14616","f100990d7d73ffc51c9bfcf62346f65c179fa48b2b12dd2425842963f334b880","https://media.lbsa71.net/LCE/runs/breadth_reinforcement_v1/variants_8/R89/seed_41/tokenizer_corpus.txt"
"runs","breadth_reinforcement_v1/variants_8/R89/seed_41/tokenizer/tokenizer.json","7042","252422b961a449f6f040229a703cf9e6d10e23e7689092c46058e535ce5185dc","https://media.lbsa71.net/LCE/runs/breadth_reinforcement_v1/variants_8/R89/seed_41/tokenizer/tokenizer.json"
"runs","breadth_reinforcement_v1/variants_8/R89/seed_53/metrics.json","893","78c40c4925cdc92753617d6bd5971b04a7c9a27ff2b5c608525c04c8e4ff2754","https://media.lbsa71.net/LCE/runs/breadth_reinforcement_v1/variants_8/R89/seed_53/metrics.json"
"runs","breadth_reinforcement_v1/variants_8/R89/seed_53/parser_final.pt","1885796","836e2a484d0beff6e71c0c59d5237c1c1c33cc40486020251a94b0a1a0563e87","https://media.lbsa71.net/LCE/runs/breadth_reinforcement_v1/variants_8/R89/seed_53/parser_final.pt"
"runs","breadth_reinforcement_v1/variants_8/R89/seed_53/step_metrics.csv","97129","a6d9a5ebce6f750638cb7a840394aa3f6d36e41d55ce2b96d932610fb105f89e","https://media.lbsa71.net/LCE/runs/breadth_reinforcement_v1/variants_8/R89/seed_53/step_metrics.csv"
"runs","breadth_reinforcement_v1/variants_8/R89/seed_53/tokenizer_corpus.txt","14616","f100990d7d73ffc51c9bfcf62346f65c179fa48b2b12dd2425842963f334b880","https://media.lbsa71.net/LCE/runs/breadth_reinforcement_v1/variants_8/R89/seed_53/tokenizer_corpus.txt"
"runs","breadth_reinforcement_v1/variants_8/R89/seed_53/tokenizer/tokenizer.json","7042","252422b961a449f6f040229a703cf9e6d10e23e7689092c46058e535ce5185dc","https://media.lbsa71.net/LCE/runs/breadth_reinforcement_v1/variants_8/R89/seed_53/tokenizer/tokenizer.json"
"runs","breadth_reinforcement_v1/variants_8/R89/seed_67/metrics.json","898","35ee6bcf52f993dcf02c0346a91dd4ccf57f2b6b5fb7c97a49fce8c52ae01a02","https://media.lbsa71.net/LCE/runs/breadth_reinforcement_v1/variants_8/R89/seed_67/metrics.json"
"runs","breadth_reinforcement_v1/variants_8/R89/seed_67/parser_final.pt","1885796","125afeb573719bfcff4b9d0c0179b2415b9693a461cd17f4e182756a5274a3b1","https://media.lbsa71.net/LCE/runs/breadth_reinforcement_v1/variants_8/R89/seed_67/parser_final.pt"
"runs","breadth_reinforcement_v1/variants_8/R89/seed_67/step_metrics.csv","97164","9d92957774eac9f4da26308e1efce95ae14216a20f7963654e1803d484b2a6e0","https://media.lbsa71.net/LCE/runs/breadth_reinforcement_v1/variants_8/R89/seed_67/step_metrics.csv"
"runs","breadth_reinforcement_v1/variants_8/R89/seed_67/tokenizer_corpus.txt","14616","f100990d7d73ffc51c9bfcf62346f65c179fa48b2b12dd2425842963f334b880","https://media.lbsa71.net/LCE/runs/breadth_reinforcement_v1/variants_8/R89/seed_67/tokenizer_corpus.txt"
"runs","breadth_reinforcement_v1/variants_8/R89/seed_67/tokenizer/tokenizer.json","7042","252422b961a449f6f040229a703cf9e6d10e23e7689092c46058e535ce5185dc","https://media.lbsa71.net/LCE/runs/breadth_reinforcement_v1/variants_8/R89/seed_67/tokenizer/tokenizer.json"
"runs","breadth_reinforcement_v2_smoke/metrics.json","734","11616db6942dee54fe1da8332aba43f89cefe912227ddb1bb331ff495621e8e6","https://media.lbsa71.net/LCE/runs/breadth_reinforcement_v2_smoke/metrics.json"
"runs","breadth_reinforcement_v2_smoke/parser_final.pt","1885796","c006d0c0e7b1b818df6153e6f117fb14f87df6fb37034d867220a5985226a017","https://media.lbsa71.net/LCE/runs/breadth_reinforcement_v2_smoke/parser_final.pt"
"runs","breadth_reinforcement_v2_smoke/step_metrics.csv","2989","7e795139efff6f038046893abbad209fb9e15d5d47a8a5eeaf2f2e0e569f6d97","https://media.lbsa71.net/LCE/runs/breadth_reinforcement_v2_smoke/step_metrics.csv"
"runs","breadth_reinforcement_v2_smoke/tokenizer_corpus.txt","1251","50de68a1ef1db82755e9591d8c06d69b064b682390739692bae1bc87f8c0360e","https://media.lbsa71.net/LCE/runs/breadth_reinforcement_v2_smoke/tokenizer_corpus.txt"
"runs","breadth_reinforcement_v2_smoke/tokenizer/tokenizer.json","7042","252422b961a449f6f040229a703cf9e6d10e23e7689092c46058e535ce5185dc","https://media.lbsa71.net/LCE/runs/breadth_reinforcement_v2_smoke/tokenizer/tokenizer.json"
"runs","breadth_reinforcement_v2/analysis.json","18517","8dbdbe05cd67b0256eb8ab5346c5821ce8d4143d03c2d93469459e8d29b265cb","https://media.lbsa71.net/LCE/runs/breadth_reinforcement_v2/analysis.json"
"runs","breadth_reinforcement_v2/results.json","72844","39792e8a7c45f6b934e86812aebed3cf59cdfad11f7e15f63f9c9142b253047d","https://media.lbsa71.net/LCE/runs/breadth_reinforcement_v2/results.json"
"runs","breadth_reinforcement_v2/split_manifests.json","2145","1e550945644a0681df7ef78d4ec09c1f5ea551df1e59cc81574c6668b4f09ba1","https://media.lbsa71.net/LCE/runs/breadth_reinforcement_v2/split_manifests.json"
"runs","breadth_reinforcement_v2/variants_1/R178/seed_17/metrics.json","899","9ddce3a7b356f1cde355972303236d817b0c56af7c0091bbd79f490cbf7e8268","https://media.lbsa71.net/LCE/runs/breadth_reinforcement_v2/variants_1/R178/seed_17/metrics.json"
"runs","breadth_reinforcement_v2/variants_1/R178/seed_17/parser_final.pt","1885796","7086eabc615f97cc938c9017d3359cd03ec46655007024fa40ba6fed46c18b12","https://media.lbsa71.net/LCE/runs/breadth_reinforcement_v2/variants_1/R178/seed_17/parser_final.pt"
"runs","breadth_reinforcement_v2/variants_1/R178/seed_17/step_metrics.csv","24009","87fa24bec901bfc4340a1855858f17f514f65df438290d004443f40751fe8711","https://media.lbsa71.net/LCE/runs/breadth_reinforcement_v2/variants_1/R178/seed_17/step_metrics.csv"
"runs","breadth_reinforcement_v2/variants_1/R178/seed_17/tokenizer_corpus.txt","1251","50de68a1ef1db82755e9591d8c06d69b064b682390739692bae1bc87f8c0360e","https://media.lbsa71.net/LCE/runs/breadth_reinforcement_v2/variants_1/R178/seed_17/tokenizer_corpus.txt"
"runs","breadth_reinforcement_v2/variants_1/R178/seed_17/tokenizer/tokenizer.json","7042","252422b961a449f6f040229a703cf9e6d10e23e7689092c46058e535ce5185dc","https://media.lbsa71.net/LCE/runs/breadth_reinforcement_v2/variants_1/R178/seed_17/tokenizer/tokenizer.json"
"runs","breadth_reinforcement_v2/variants_1/R178/seed_29/metrics.json","903","3fd34cb78a2c0c8041232ca4709099ed6823ed288a9403f78d6a94b5fd27b096","https://media.lbsa71.net/LCE/runs/breadth_reinforcement_v2/variants_1/R178/seed_29/metrics.json"
"runs","breadth_reinforcement_v2/variants_1/R178/seed_29/parser_final.pt","1885796","f997ac4bfc38f0c5a01801620deb9af63e9781b770006c071e4f4f191f93ec54","https://media.lbsa71.net/LCE/runs/breadth_reinforcement_v2/variants_1/R178/seed_29/parser_final.pt"
"runs","breadth_reinforcement_v2/variants_1/R178/seed_29/step_metrics.csv","24027","078bb080e9116fcba68a77d7d79de14131f209e2277523b5f502f2b1ab46e803","https://media.lbsa71.net/LCE/runs/breadth_reinforcement_v2/variants_1/R178/seed_29/step_metrics.csv"
"runs","breadth_reinforcement_v2/variants_1/R178/seed_29/tokenizer_corpus.txt","1251","50de68a1ef1db82755e9591d8c06d69b064b682390739692bae1bc87f8c0360e","https://media.lbsa71.net/LCE/runs/breadth_reinforcement_v2/variants_1/R178/seed_29/tokenizer_corpus.txt"
"runs","breadth_reinforcement_v2/variants_1/R178/seed_29/tokenizer/tokenizer.json","7042","252422b961a449f6f040229a703cf9e6d10e23e7689092c46058e535ce5185dc","https://media.lbsa71.net/LCE/runs/breadth_reinforcement_v2/variants_1/R178/seed_29/tokenizer/tokenizer.json"
"runs","breadth_reinforcement_v2/variants_1/R178/seed_41/metrics.json","903","ed32c49c803e0838e20c4f1a918719891da66f3702e9705e9663bf7251d0780f","https://media.lbsa71.net/LCE/runs/breadth_reinforcement_v2/variants_1/R178/seed_41/metrics.json"
"runs","breadth_reinforcement_v2/variants_1/R178/seed_41/parser_final.pt","1885796","ea0ae8a780ae90c21bb6378b53158a68bfdd9bd2d93afc3f4ec87c8d1465b282","https://media.lbsa71.net/LCE/runs/breadth_reinforcement_v2/variants_1/R178/seed_41/parser_final.pt"
"runs","breadth_reinforcement_v2/variants_1/R178/seed_41/step_metrics.csv","24025","602b769cdd3cf61dda4ec3928084a41d4877183ade46eecd9e3baf950345f48e","https://media.lbsa71.net/LCE/runs/breadth_reinforcement_v2/variants_1/R178/seed_41/step_metrics.csv"
"runs","breadth_reinforcement_v2/variants_1/R178/seed_41/tokenizer_corpus.txt","1251","50de68a1ef1db82755e9591d8c06d69b064b682390739692bae1bc87f8c0360e","https://media.lbsa71.net/LCE/runs/breadth_reinforcement_v2/variants_1/R178/seed_41/tokenizer_corpus.txt"
"runs","breadth_reinforcement_v2/variants_1/R178/seed_41/tokenizer/tokenizer.json","7042","252422b961a449f6f040229a703cf9e6d10e23e7689092c46058e535ce5185dc","https://media.lbsa71.net/LCE/runs/breadth_reinforcement_v2/variants_1/R178/seed_41/tokenizer/tokenizer.json"
"runs","breadth_reinforcement_v2/variants_1/R178/seed_53/metrics.json","905","692263e958d626beb946ae46b8cd4a5d6472fc7835dd3c2335dcf765cb79a6d7","https://media.lbsa71.net/LCE/runs/breadth_reinforcement_v2/variants_1/R178/seed_53/metrics.json"
"runs","breadth_reinforcement_v2/variants_1/R178/seed_53/parser_final.pt","1885796","289c2a44492ba7d34889b15c052658184d9cfdf455ecd6d327e6b700fffe2384","https://media.lbsa71.net/LCE/runs/breadth_reinforcement_v2/variants_1/R178/seed_53/parser_final.pt"
"runs","breadth_reinforcement_v2/variants_1/R178/seed_53/step_metrics.csv","24019","001716fcd3ad9f652e5c7e223c5b382ec6bb7094034d89d50bc944be39ef55f5","https://media.lbsa71.net/LCE/runs/breadth_reinforcement_v2/variants_1/R178/seed_53/step_metrics.csv"
"runs","breadth_reinforcement_v2/variants_1/R178/seed_53/tokenizer_corpus.txt","1251","50de68a1ef1db82755e9591d8c06d69b064b682390739692bae1bc87f8c0360e","https://media.lbsa71.net/LCE/runs/breadth_reinforcement_v2/variants_1/R178/seed_53/tokenizer_corpus.txt"
"runs","breadth_reinforcement_v2/variants_1/R178/seed_53/tokenizer/tokenizer.json","7042","252422b961a449f6f040229a703cf9e6d10e23e7689092c46058e535ce5185dc","https://media.lbsa71.net/LCE/runs/breadth_reinforcement_v2/variants_1/R178/seed_53/tokenizer/tokenizer.json"
"runs","breadth_reinforcement_v2/variants_1/R178/seed_67/metrics.json","906","c76865f49a223c0d79818799e1e01665509faeeb541fe9bcf563be2ec6981b8a","https://media.lbsa71.net/LCE/runs/breadth_reinforcement_v2/variants_1/R178/seed_67/metrics.json"
"runs","breadth_reinforcement_v2/variants_1/R178/seed_67/parser_final.pt","1885796","f230cd4208ae36943de3e29740fe4643cd65d8f3af906dfe91bb781d4d5961a6","https://media.lbsa71.net/LCE/runs/breadth_reinforcement_v2/variants_1/R178/seed_67/parser_final.pt"
"runs","breadth_reinforcement_v2/variants_1/R178/seed_67/step_metrics.csv","24038","6b2b8a302505e5df5704a1371558367c3d053e31118f4611576ded655a37d42f","https://media.lbsa71.net/LCE/runs/breadth_reinforcement_v2/variants_1/R178/seed_67/step_metrics.csv"
"runs","breadth_reinforcement_v2/variants_1/R178/seed_67/tokenizer_corpus.txt","1251","50de68a1ef1db82755e9591d8c06d69b064b682390739692bae1bc87f8c0360e","https://media.lbsa71.net/LCE/runs/breadth_reinforcement_v2/variants_1/R178/seed_67/tokenizer_corpus.txt"
"runs","breadth_reinforcement_v2/variants_1/R178/seed_67/tokenizer/tokenizer.json","7042","252422b961a449f6f040229a703cf9e6d10e23e7689092c46058e535ce5185dc","https://media.lbsa71.net/LCE/runs/breadth_reinforcement_v2/variants_1/R178/seed_67/tokenizer/tokenizer.json"
"runs","breadth_reinforcement_v2/variants_1/R22/seed_17/metrics.json","900","e422f5cf5e9495fdd3700954f55dd8080f4517c14ee5feb57a365ca45b1cf716","https://media.lbsa71.net/LCE/runs/breadth_reinforcement_v2/variants_1/R22/seed_17/metrics.json"
"runs","breadth_reinforcement_v2/variants_1/R22/seed_17/parser_final.pt","1885796","c006d0c0e7b1b818df6153e6f117fb14f87df6fb37034d867220a5985226a017","https://media.lbsa71.net/LCE/runs/breadth_reinforcement_v2/variants_1/R22/seed_17/parser_final.pt"
"runs","breadth_reinforcement_v2/variants_1/R22/seed_17/step_metrics.csv","2989","7d5f827678d4de28577e976a63e4eb76d0e7f6389f26e5ac98e7dbafce2d5e3f","https://media.lbsa71.net/LCE/runs/breadth_reinforcement_v2/variants_1/R22/seed_17/step_metrics.csv"
"runs","breadth_reinforcement_v2/variants_1/R22/seed_17/tokenizer_corpus.txt","1251","50de68a1ef1db82755e9591d8c06d69b064b682390739692bae1bc87f8c0360e","https://media.lbsa71.net/LCE/runs/breadth_reinforcement_v2/variants_1/R22/seed_17/tokenizer_corpus.txt"
"runs","breadth_reinforcement_v2/variants_1/R22/seed_17/tokenizer/tokenizer.json","7042","252422b961a449f6f040229a703cf9e6d10e23e7689092c46058e535ce5185dc","https://media.lbsa71.net/LCE/runs/breadth_reinforcement_v2/variants_1/R22/seed_17/tokenizer/tokenizer.json"
"runs","breadth_reinforcement_v2/variants_1/R22/seed_29/metrics.json","900","430d90094567146afd98541b9eadb5a32454b823303d016aea28105487b0c87d","https://media.lbsa71.net/LCE/runs/breadth_reinforcement_v2/variants_1/R22/seed_29/metrics.json"
"runs","breadth_reinforcement_v2/variants_1/R22/seed_29/parser_final.pt","1885796","933e9946db376be22884457c38337cd6e5533f817d53f7c2d6373e577a238399","https://media.lbsa71.net/LCE/runs/breadth_reinforcement_v2/variants_1/R22/seed_29/parser_final.pt"
"runs","breadth_reinforcement_v2/variants_1/R22/seed_29/step_metrics.csv","2990","7615d03caf9edd000e5e3fdc0d3056a32cf8111c8fe9447deb4ea347547817c7","https://media.lbsa71.net/LCE/runs/breadth_reinforcement_v2/variants_1/R22/seed_29/step_metrics.csv"
"runs","breadth_reinforcement_v2/variants_1/R22/seed_29/tokenizer_corpus.txt","1251","50de68a1ef1db82755e9591d8c06d69b064b682390739692bae1bc87f8c0360e","https://media.lbsa71.net/LCE/runs/breadth_reinforcement_v2/variants_1/R22/seed_29/tokenizer_corpus.txt"
"runs","breadth_reinforcement_v2/variants_1/R22/seed_29/tokenizer/tokenizer.json","7042","252422b961a449f6f040229a703cf9e6d10e23e7689092c46058e535ce5185dc","https://media.lbsa71.net/LCE/runs/breadth_reinforcement_v2/variants_1/R22/seed_29/tokenizer/tokenizer.json"
"runs","breadth_reinforcement_v2/variants_1/R22/seed_41/metrics.json","896","064c815da5bdb76bcbd0b733fcc95dc979a950c460f212e08643d101cc08d61e","https://media.lbsa71.net/LCE/runs/breadth_reinforcement_v2/variants_1/R22/seed_41/metrics.json"
"runs","breadth_reinforcement_v2/variants_1/R22/seed_41/parser_final.pt","1885796","7aa57ce8adb391728fd5161f448e4cba399824dd475d869bcf0446894b9196d2","https://media.lbsa71.net/LCE/runs/breadth_reinforcement_v2/variants_1/R22/seed_41/parser_final.pt"
"runs","breadth_reinforcement_v2/variants_1/R22/seed_41/step_metrics.csv","2991","9b85fbb69cb2a6c8dcb5eb7a2db44d6ed02491b0940ce11166551458d46bf31d","https://media.lbsa71.net/LCE/runs/breadth_reinforcement_v2/variants_1/R22/seed_41/step_metrics.csv"
"runs","breadth_reinforcement_v2/variants_1/R22/seed_41/tokenizer_corpus.txt","1251","50de68a1ef1db82755e9591d8c06d69b064b682390739692bae1bc87f8c0360e","https://media.lbsa71.net/LCE/runs/breadth_reinforcement_v2/variants_1/R22/seed_41/tokenizer_corpus.txt"
"runs","breadth_reinforcement_v2/variants_1/R22/seed_41/tokenizer/tokenizer.json","7042","252422b961a449f6f040229a703cf9e6d10e23e7689092c46058e535ce5185dc","https://media.lbsa71.net/LCE/runs/breadth_reinforcement_v2/variants_1/R22/seed_41/tokenizer/tokenizer.json"
"runs","breadth_reinforcement_v2/variants_1/R22/seed_53/metrics.json","900","ed07caabcaf1836dd372bbe5fa650ff7ca405f22363beb74b37a58be130057c1","https://media.lbsa71.net/LCE/runs/breadth_reinforcement_v2/variants_1/R22/seed_53/metrics.json"
"runs","breadth_reinforcement_v2/variants_1/R22/seed_53/parser_final.pt","1885796","25bdf1783983214a71165b0d99bf488fe0066c0ce3460697bd193ed201190ee8","https://media.lbsa71.net/LCE/runs/breadth_reinforcement_v2/variants_1/R22/seed_53/parser_final.pt"
"runs","breadth_reinforcement_v2/variants_1/R22/seed_53/step_metrics.csv","2995","d3746be7ad57f5f9cafeb49eda7c3abb870afb0785c466d190e9a972dd66df90","https://media.lbsa71.net/LCE/runs/breadth_reinforcement_v2/variants_1/R22/seed_53/step_metrics.csv"
"runs","breadth_reinforcement_v2/variants_1/R22/seed_53/tokenizer_corpus.txt","1251","50de68a1ef1db82755e9591d8c06d69b064b682390739692bae1bc87f8c0360e","https://media.lbsa71.net/LCE/runs/breadth_reinforcement_v2/variants_1/R22/seed_53/tokenizer_corpus.txt"
"runs","breadth_reinforcement_v2/variants_1/R22/seed_53/tokenizer/tokenizer.json","7042","252422b961a449f6f040229a703cf9e6d10e23e7689092c46058e535ce5185dc","https://media.lbsa71.net/LCE/runs/breadth_reinforcement_v2/variants_1/R22/seed_53/tokenizer/tokenizer.json"
"runs","breadth_reinforcement_v2/variants_1/R22/seed_67/metrics.json","900","7fabf2c22bf300343816e70ad89ce9a684936b99eb8d8ce67b6e2f9e92923441","https://media.lbsa71.net/LCE/runs/breadth_reinforcement_v2/variants_1/R22/seed_67/metrics.json"
"runs","breadth_reinforcement_v2/variants_1/R22/seed_67/parser_final.pt","1885796","28731f8976ed1e6532b6f6c32838226504f4fc452271cecaeceb31ab70822866","https://media.lbsa71.net/LCE/runs/breadth_reinforcement_v2/variants_1/R22/seed_67/parser_final.pt"
"runs","breadth_reinforcement_v2/variants_1/R22/seed_67/step_metrics.csv","2984","ee0ad912d0654a84ffbce0c51c7ed607480e6c818145031a11aae6e32e0d6557","https://media.lbsa71.net/LCE/runs/breadth_reinforcement_v2/variants_1/R22/seed_67/step_metrics.csv"
"runs","breadth_reinforcement_v2/variants_1/R22/seed_67/tokenizer_corpus.txt","1251","50de68a1ef1db82755e9591d8c06d69b064b682390739692bae1bc87f8c0360e","https://media.lbsa71.net/LCE/runs/breadth_reinforcement_v2/variants_1/R22/seed_67/tokenizer_corpus.txt"
"runs","breadth_reinforcement_v2/variants_1/R22/seed_67/tokenizer/tokenizer.json","7042","252422b961a449f6f040229a703cf9e6d10e23e7689092c46058e535ce5185dc","https://media.lbsa71.net/LCE/runs/breadth_reinforcement_v2/variants_1/R22/seed_67/tokenizer/tokenizer.json"
"runs","breadth_reinforcement_v2/variants_1/R89/seed_17/metrics.json","901","2529c075776af602c8ae409204c871a7c0ef61c66b98a8eb0d8d7012e8eb40ad","https://media.lbsa71.net/LCE/runs/breadth_reinforcement_v2/variants_1/R89/seed_17/metrics.json"
"runs","breadth_reinforcement_v2/variants_1/R89/seed_17/parser_final.pt","1885796","41e0005b4bf77dee90bfb35f684f5f9aafe25d4951ca076b8af0e554db5bd4a8","https://media.lbsa71.net/LCE/runs/breadth_reinforcement_v2/variants_1/R89/seed_17/parser_final.pt"
"runs","breadth_reinforcement_v2/variants_1/R89/seed_17/step_metrics.csv","11953","d817f03191d418b8acafa42640d0d9b6bbc19deed0a40b5841679fe9b713427c","https://media.lbsa71.net/LCE/runs/breadth_reinforcement_v2/variants_1/R89/seed_17/step_metrics.csv"
"runs","breadth_reinforcement_v2/variants_1/R89/seed_17/tokenizer_corpus.txt","1251","50de68a1ef1db82755e9591d8c06d69b064b682390739692bae1bc87f8c0360e","https://media.lbsa71.net/LCE/runs/breadth_reinforcement_v2/variants_1/R89/seed_17/tokenizer_corpus.txt"
"runs","breadth_reinforcement_v2/variants_1/R89/seed_17/tokenizer/tokenizer.json","7042","252422b961a449f6f040229a703cf9e6d10e23e7689092c46058e535ce5185dc","https://media.lbsa71.net/LCE/runs/breadth_reinforcement_v2/variants_1/R89/seed_17/tokenizer/tokenizer.json"
"runs","breadth_reinforcement_v2/variants_1/R89/seed_29/metrics.json","902","ead98298c4f95071def6e879539280589e6f498806147147019fdc3e7915f5e7","https://media.lbsa71.net/LCE/runs/breadth_reinforcement_v2/variants_1/R89/seed_29/metrics.json"
"runs","breadth_reinforcement_v2/variants_1/R89/seed_29/parser_final.pt","1885796","2130fc59ed6643263cae1c67d4bf23a46e24685349e75835924f245b41ae5bd3","https://media.lbsa71.net/LCE/runs/breadth_reinforcement_v2/variants_1/R89/seed_29/parser_final.pt"
"runs","breadth_reinforcement_v2/variants_1/R89/seed_29/step_metrics.csv","11954","1aceac4cac58097664f99e66363d80b98a6bb983a27fe01ec9f0aa2dfbba7d33","https://media.lbsa71.net/LCE/runs/breadth_reinforcement_v2/variants_1/R89/seed_29/step_metrics.csv"
"runs","breadth_reinforcement_v2/variants_1/R89/seed_29/tokenizer_corpus.txt","1251","50de68a1ef1db82755e9591d8c06d69b064b682390739692bae1bc87f8c0360e","https://media.lbsa71.net/LCE/runs/breadth_reinforcement_v2/variants_1/R89/seed_29/tokenizer_corpus.txt"
"runs","breadth_reinforcement_v2/variants_1/R89/seed_29/tokenizer/tokenizer.json","7042","252422b961a449f6f040229a703cf9e6d10e23e7689092c46058e535ce5185dc","https://media.lbsa71.net/LCE/runs/breadth_reinforcement_v2/variants_1/R89/seed_29/tokenizer/tokenizer.json"
"runs","breadth_reinforcement_v2/variants_1/R89/seed_41/metrics.json","900","2bfac3c70c2e4d70886714a0dcd14d906cd6de9e82eb2eafbbac873dc8758f90","https://media.lbsa71.net/LCE/runs/breadth_reinforcement_v2/variants_1/R89/seed_41/metrics.json"
"runs","breadth_reinforcement_v2/variants_1/R89/seed_41/parser_final.pt","1885796","680ec7772e7f4282d6125af8be45301ef653795e5650fd5eb0dfe6a10ad22e33","https://media.lbsa71.net/LCE/runs/breadth_reinforcement_v2/variants_1/R89/seed_41/parser_final.pt"
"runs","breadth_reinforcement_v2/variants_1/R89/seed_41/step_metrics.csv","11945","2bca7652ac725c0f6b621857d0d6bd4223c0dafb0df9611195117f29078bfd34","https://media.lbsa71.net/LCE/runs/breadth_reinforcement_v2/variants_1/R89/seed_41/step_metrics.csv"
"runs","breadth_reinforcement_v2/variants_1/R89/seed_41/tokenizer_corpus.txt","1251","50de68a1ef1db82755e9591d8c06d69b064b682390739692bae1bc87f8c0360e","https://media.lbsa71.net/LCE/runs/breadth_reinforcement_v2/variants_1/R89/seed_41/tokenizer_corpus.txt"
"runs","breadth_reinforcement_v2/variants_1/R89/seed_41/tokenizer/tokenizer.json","7042","252422b961a449f6f040229a703cf9e6d10e23e7689092c46058e535ce5185dc","https://media.lbsa71.net/LCE/runs/breadth_reinforcement_v2/variants_1/R89/seed_41/tokenizer/tokenizer.json"
"runs","breadth_reinforcement_v2/variants_1/R89/seed_53/metrics.json","902","28994511407a420c73f5ce17c1dd36fcc1c1f427139eb275d7ea0499ea66bf20","https://media.lbsa71.net/LCE/runs/breadth_reinforcement_v2/variants_1/R89/seed_53/metrics.json"
"runs","breadth_reinforcement_v2/variants_1/R89/seed_53/parser_final.pt","1885796","3eb6d65a65542a938dd2468a082a15338a997c1ae3c501fd029dd851f96e1597","https://media.lbsa71.net/LCE/runs/breadth_reinforcement_v2/variants_1/R89/seed_53/parser_final.pt"
"runs","breadth_reinforcement_v2/variants_1/R89/seed_53/step_metrics.csv","11959","2e0a04f2e78970aee36bf8a60b9b9be087a742ab0b2ac70d936e6a93b064b1f7","https://media.lbsa71.net/LCE/runs/breadth_reinforcement_v2/variants_1/R89/seed_53/step_metrics.csv"
"runs","breadth_reinforcement_v2/variants_1/R89/seed_53/tokenizer_corpus.txt","1251","50de68a1ef1db82755e9591d8c06d69b064b682390739692bae1bc87f8c0360e","https://media.lbsa71.net/LCE/runs/breadth_reinforcement_v2/variants_1/R89/seed_53/tokenizer_corpus.txt"
"runs","breadth_reinforcement_v2/variants_1/R89/seed_53/tokenizer/tokenizer.json","7042","252422b961a449f6f040229a703cf9e6d10e23e7689092c46058e535ce5185dc","https://media.lbsa71.net/LCE/runs/breadth_reinforcement_v2/variants_1/R89/seed_53/tokenizer/tokenizer.json"
"runs","breadth_reinforcement_v2/variants_1/R89/seed_67/metrics.json","902","008bd161572947622e6d3fd1698fe305aaca464a7146a620a9e517e4d4739dec","https://media.lbsa71.net/LCE/runs/breadth_reinforcement_v2/variants_1/R89/seed_67/metrics.json"
"runs","breadth_reinforcement_v2/variants_1/R89/seed_67/parser_final.pt","1885796","ecbcb954fcacd20d6f05fdeefc30540ca2dd1093bae67f04ef28ea25d0aaef04","https://media.lbsa71.net/LCE/runs/breadth_reinforcement_v2/variants_1/R89/seed_67/parser_final.pt"
"runs","breadth_reinforcement_v2/variants_1/R89/seed_67/step_metrics.csv","11957","c8473934185b9f766e0531abf2b8375fd96ae3b75dffa173828dd9e15bcb2c27","https://media.lbsa71.net/LCE/runs/breadth_reinforcement_v2/variants_1/R89/seed_67/step_metrics.csv"
"runs","breadth_reinforcement_v2/variants_1/R89/seed_67/tokenizer_corpus.txt","1251","50de68a1ef1db82755e9591d8c06d69b064b682390739692bae1bc87f8c0360e","https://media.lbsa71.net/LCE/runs/breadth_reinforcement_v2/variants_1/R89/seed_67/tokenizer_corpus.txt"
"runs","breadth_reinforcement_v2/variants_1/R89/seed_67/tokenizer/tokenizer.json","7042","252422b961a449f6f040229a703cf9e6d10e23e7689092c46058e535ce5185dc","https://media.lbsa71.net/LCE/runs/breadth_reinforcement_v2/variants_1/R89/seed_67/tokenizer/tokenizer.json"
"runs","breadth_reinforcement_v2/variants_2/R178/seed_17/metrics.json","898","13d5077f5d135a10ace985c56391cf7f538f3c00a281a5769bd47319cfa780ed","https://media.lbsa71.net/LCE/runs/breadth_reinforcement_v2/variants_2/R178/seed_17/metrics.json"
"runs","breadth_reinforcement_v2/variants_2/R178/seed_17/parser_final.pt","1885796","bdefe467d065a056a5ba1be4f5ac1a6982d2a543ac26ae7ef0b6dc3a1467a53e","https://media.lbsa71.net/LCE/runs/breadth_reinforcement_v2/variants_2/R178/seed_17/parser_final.pt"
"runs","breadth_reinforcement_v2/variants_2/R178/seed_17/step_metrics.csv","48181","27c95f3ffa9493073146f51105b052d06cbb8a40a63d7863a7b6900980fa90f3","https://media.lbsa71.net/LCE/runs/breadth_reinforcement_v2/variants_2/R178/seed_17/step_metrics.csv"
"runs","breadth_reinforcement_v2/variants_2/R178/seed_17/tokenizer_corpus.txt","2766","44e6105741908b70bdfab3fbcd410c87608d67cc002339bfcbc069d4c7a92711","https://media.lbsa71.net/LCE/runs/breadth_reinforcement_v2/variants_2/R178/seed_17/tokenizer_corpus.txt"
"runs","breadth_reinforcement_v2/variants_2/R178/seed_17/tokenizer/tokenizer.json","7042","252422b961a449f6f040229a703cf9e6d10e23e7689092c46058e535ce5185dc","https://media.lbsa71.net/LCE/runs/breadth_reinforcement_v2/variants_2/R178/seed_17/tokenizer/tokenizer.json"
"runs","breadth_reinforcement_v2/variants_2/R178/seed_29/metrics.json","898","9c2c71607260c5ba5707ccf7ba83e4535db604ea6a13ebba515a5e8075d25d37","https://media.lbsa71.net/LCE/runs/breadth_reinforcement_v2/variants_2/R178/seed_29/metrics.json"
"runs","breadth_reinforcement_v2/variants_2/R178/seed_29/parser_final.pt","1885796","d147dd27828047483ab732c6f9344cfd1f50c211be00dc634a35200a99d8a616","https://media.lbsa71.net/LCE/runs/breadth_reinforcement_v2/variants_2/R178/seed_29/parser_final.pt"
"runs","breadth_reinforcement_v2/variants_2/R178/seed_29/step_metrics.csv","48174","70408ef0bdb1fd539b6314d6eadcc94d897971b4b1f0a975fbdf1748c86e1184","https://media.lbsa71.net/LCE/runs/breadth_reinforcement_v2/variants_2/R178/seed_29/step_metrics.csv"
"runs","breadth_reinforcement_v2/variants_2/R178/seed_29/tokenizer_corpus.txt","2766","44e6105741908b70bdfab3fbcd410c87608d67cc002339bfcbc069d4c7a92711","https://media.lbsa71.net/LCE/runs/breadth_reinforcement_v2/variants_2/R178/seed_29/tokenizer_corpus.txt"
"runs","breadth_reinforcement_v2/variants_2/R178/seed_29/tokenizer/tokenizer.json","7042","252422b961a449f6f040229a703cf9e6d10e23e7689092c46058e535ce5185dc","https://media.lbsa71.net/LCE/runs/breadth_reinforcement_v2/variants_2/R178/seed_29/tokenizer/tokenizer.json"
"runs","breadth_reinforcement_v2/variants_2/R178/seed_41/metrics.json","907","630b5648c0fda29ca54fb82b2b718518225a320fa9e4287f16cf9fb63fa04b77","https://media.lbsa71.net/LCE/runs/breadth_reinforcement_v2/variants_2/R178/seed_41/metrics.json"
"runs","breadth_reinforcement_v2/variants_2/R178/seed_41/parser_final.pt","1885796","e4982130e4b693bda18c069e1533bd7db954e4e255e57308ef9f1575c5cfdc16","https://media.lbsa71.net/LCE/runs/breadth_reinforcement_v2/variants_2/R178/seed_41/parser_final.pt"
"runs","breadth_reinforcement_v2/variants_2/R178/seed_41/step_metrics.csv","48133","d5def3d2d632989ac85abeb2b217b4ab7da31cda46e0707df6f8431ba1f4071d","https://media.lbsa71.net/LCE/runs/breadth_reinforcement_v2/variants_2/R178/seed_41/step_metrics.csv"
"runs","breadth_reinforcement_v2/variants_2/R178/seed_41/tokenizer_corpus.txt","2766","44e6105741908b70bdfab3fbcd410c87608d67cc002339bfcbc069d4c7a92711","https://media.lbsa71.net/LCE/runs/breadth_reinforcement_v2/variants_2/R178/seed_41/tokenizer_corpus.txt"
"runs","breadth_reinforcement_v2/variants_2/R178/seed_41/tokenizer/tokenizer.json","7042","252422b961a449f6f040229a703cf9e6d10e23e7689092c46058e535ce5185dc","https://media.lbsa71.net/LCE/runs/breadth_reinforcement_v2/variants_2/R178/seed_41/tokenizer/tokenizer.json"
"runs","breadth_reinforcement_v2/variants_2/R178/seed_53/metrics.json","901","2517a4063134376683533a042a4c23b66c1aeb12ebb01c5c23591fe8d9e8c7ab","https://media.lbsa71.net/LCE/runs/breadth_reinforcement_v2/variants_2/R178/seed_53/metrics.json"
"runs","breadth_reinforcement_v2/variants_2/R178/seed_53/parser_final.pt","1885796","3458adb000bb89c9c6d87c8464ea1f73f99ad4a590eae6940a91b7788b83500f","https://media.lbsa71.net/LCE/runs/breadth_reinforcement_v2/variants_2/R178/seed_53/parser_final.pt"
"runs","breadth_reinforcement_v2/variants_2/R178/seed_53/step_metrics.csv","48148","74c66e69541affa8a4cbf149a74eb9f0a2df3675e431ab6fb96fbbaa65d6eea3","https://media.lbsa71.net/LCE/runs/breadth_reinforcement_v2/variants_2/R178/seed_53/step_metrics.csv"
"runs","breadth_reinforcement_v2/variants_2/R178/seed_53/tokenizer_corpus.txt","2766","44e6105741908b70bdfab3fbcd410c87608d67cc002339bfcbc069d4c7a92711","https://media.lbsa71.net/LCE/runs/breadth_reinforcement_v2/variants_2/R178/seed_53/tokenizer_corpus.txt"
"runs","breadth_reinforcement_v2/variants_2/R178/seed_53/tokenizer/tokenizer.json","7042","252422b961a449f6f040229a703cf9e6d10e23e7689092c46058e535ce5185dc","https://media.lbsa71.net/LCE/runs/breadth_reinforcement_v2/variants_2/R178/seed_53/tokenizer/tokenizer.json"
"runs","breadth_reinforcement_v2/variants_2/R178/seed_67/metrics.json","899","e7d716e5c32b3658626e1c99802bb90f3ba7b56000a90e7341ba80f7d1fc3e27","https://media.lbsa71.net/LCE/runs/breadth_reinforcement_v2/variants_2/R178/seed_67/metrics.json"
"runs","breadth_reinforcement_v2/variants_2/R178/seed_67/parser_final.pt","1885796","754de9a0f03cf54e1c1fbdec3865e23b47c96b6e2f56af3d8fb50c833eb0fbb4","https://media.lbsa71.net/LCE/runs/breadth_reinforcement_v2/variants_2/R178/seed_67/parser_final.pt"
"runs","breadth_reinforcement_v2/variants_2/R178/seed_67/step_metrics.csv","48158","9e30302be70da1cccfbbe6e3b0bfdb9d71edc2a22ff357dba2ac762a162b39ba","https://media.lbsa71.net/LCE/runs/breadth_reinforcement_v2/variants_2/R178/seed_67/step_metrics.csv"
"runs","breadth_reinforcement_v2/variants_2/R178/seed_67/tokenizer_corpus.txt","2766","44e6105741908b70bdfab3fbcd410c87608d67cc002339bfcbc069d4c7a92711","https://media.lbsa71.net/LCE/runs/breadth_reinforcement_v2/variants_2/R178/seed_67/tokenizer_corpus.txt"
"runs","breadth_reinforcement_v2/variants_2/R178/seed_67/tokenizer/tokenizer.json","7042","252422b961a449f6f040229a703cf9e6d10e23e7689092c46058e535ce5185dc","https://media.lbsa71.net/LCE/runs/breadth_reinforcement_v2/variants_2/R178/seed_67/tokenizer/tokenizer.json"
"runs","breadth_reinforcement_v2/variants_2/R22/seed_17/metrics.json","895","d44133956a752656cf33706ad103da8b77995df5bdde31047ff17f318933af03","https://media.lbsa71.net/LCE/runs/breadth_reinforcement_v2/variants_2/R22/seed_17/metrics.json"
"runs","breadth_reinforcement_v2/variants_2/R22/seed_17/parser_final.pt","1885796","65158cc955b7067ba8171dcec782e969089d3ac77898dfab8658f1a34e1b8e7b","https://media.lbsa71.net/LCE/runs/breadth_reinforcement_v2/variants_2/R22/seed_17/parser_final.pt"
"runs","breadth_reinforcement_v2/variants_2/R22/seed_17/step_metrics.csv","5939","73b810837f25d0de8b23e49b56ac32df3f3a71d7d5380ff59bdcb7677ae204d5","https://media.lbsa71.net/LCE/runs/breadth_reinforcement_v2/variants_2/R22/seed_17/step_metrics.csv"
"runs","breadth_reinforcement_v2/variants_2/R22/seed_17/tokenizer_corpus.txt","2766","44e6105741908b70bdfab3fbcd410c87608d67cc002339bfcbc069d4c7a92711","https://media.lbsa71.net/LCE/runs/breadth_reinforcement_v2/variants_2/R22/seed_17/tokenizer_corpus.txt"
"runs","breadth_reinforcement_v2/variants_2/R22/seed_17/tokenizer/tokenizer.json","7042","252422b961a449f6f040229a703cf9e6d10e23e7689092c46058e535ce5185dc","https://media.lbsa71.net/LCE/runs/breadth_reinforcement_v2/variants_2/R22/seed_17/tokenizer/tokenizer.json"
"runs","breadth_reinforcement_v2/variants_2/R22/seed_29/metrics.json","902","4db3d01919e01c024bc10cfb458cf97560e5208bd69e32202e677d99b90e0647","https://media.lbsa71.net/LCE/runs/breadth_reinforcement_v2/variants_2/R22/seed_29/metrics.json"
"runs","breadth_reinforcement_v2/variants_2/R22/seed_29/parser_final.pt","1885796","49dc6d153d0e6e46a20373a4f673f91fea9d8c6e37c00743201c650892302c18","https://media.lbsa71.net/LCE/runs/breadth_reinforcement_v2/variants_2/R22/seed_29/parser_final.pt"
"runs","breadth_reinforcement_v2/variants_2/R22/seed_29/step_metrics.csv","5929","d6c1ff903abedcfce2beb7c02cab0b42de36df1d38eac4c3c30f7725e75d1030","https://media.lbsa71.net/LCE/runs/breadth_reinforcement_v2/variants_2/R22/seed_29/step_metrics.csv"
"runs","breadth_reinforcement_v2/variants_2/R22/seed_29/tokenizer_corpus.txt","2766","44e6105741908b70bdfab3fbcd410c87608d67cc002339bfcbc069d4c7a92711","https://media.lbsa71.net/LCE/runs/breadth_reinforcement_v2/variants_2/R22/seed_29/tokenizer_corpus.txt"
"runs","breadth_reinforcement_v2/variants_2/R22/seed_29/tokenizer/tokenizer.json","7042","252422b961a449f6f040229a703cf9e6d10e23e7689092c46058e535ce5185dc","https://media.lbsa71.net/LCE/runs/breadth_reinforcement_v2/variants_2/R22/seed_29/tokenizer/tokenizer.json"
"runs","breadth_reinforcement_v2/variants_2/R22/seed_41/metrics.json","902","274be7d7012f0868db14d4aa8dc74849d2b21f29380b3c5ee9b4b1839a9fffd2","https://media.lbsa71.net/LCE/runs/breadth_reinforcement_v2/variants_2/R22/seed_41/metrics.json"
"runs","breadth_reinforcement_v2/variants_2/R22/seed_41/parser_final.pt","1885796","9779414e111d845529f74fda0d635eac076ab4e47ee2314b9a333abaf9bd205c","https://media.lbsa71.net/LCE/runs/breadth_reinforcement_v2/variants_2/R22/seed_41/parser_final.pt"
"runs","breadth_reinforcement_v2/variants_2/R22/seed_41/step_metrics.csv","5929","94520dd01491c23f70896daf99f2369c90ef1e9eb91fc8957819d7774b505792","https://media.lbsa71.net/LCE/runs/breadth_reinforcement_v2/variants_2/R22/seed_41/step_metrics.csv"
"runs","breadth_reinforcement_v2/variants_2/R22/seed_41/tokenizer_corpus.txt","2766","44e6105741908b70bdfab3fbcd410c87608d67cc002339bfcbc069d4c7a92711","https://media.lbsa71.net/LCE/runs/breadth_reinforcement_v2/variants_2/R22/seed_41/tokenizer_corpus.txt"
"runs","breadth_reinforcement_v2/variants_2/R22/seed_41/tokenizer/tokenizer.json","7042","252422b961a449f6f040229a703cf9e6d10e23e7689092c46058e535ce5185dc","https://media.lbsa71.net/LCE/runs/breadth_reinforcement_v2/variants_2/R22/seed_41/tokenizer/tokenizer.json"
"runs","breadth_reinforcement_v2/variants_2/R22/seed_53/metrics.json","894","f7c75a0843175f1431db71ffa20973a607aee3e14a450758e1137221857dad19","https://media.lbsa71.net/LCE/runs/breadth_reinforcement_v2/variants_2/R22/seed_53/metrics.json"
"runs","breadth_reinforcement_v2/variants_2/R22/seed_53/parser_final.pt","1885796","70f2244f7a19e3c8cc1f96ff4ae1446e86379bce73d6d990f16da087245d16a4","https://media.lbsa71.net/LCE/runs/breadth_reinforcement_v2/variants_2/R22/seed_53/parser_final.pt"
"runs","breadth_reinforcement_v2/variants_2/R22/seed_53/step_metrics.csv","5940","3231a1047d634bfcdacbb7432a63a28d6995c54e63f4451bbb44ea14daabbb75","https://media.lbsa71.net/LCE/runs/breadth_reinforcement_v2/variants_2/R22/seed_53/step_metrics.csv"
"runs","breadth_reinforcement_v2/variants_2/R22/seed_53/tokenizer_corpus.txt","2766","44e6105741908b70bdfab3fbcd410c87608d67cc002339bfcbc069d4c7a92711","https://media.lbsa71.net/LCE/runs/breadth_reinforcement_v2/variants_2/R22/seed_53/tokenizer_corpus.txt"
"runs","breadth_reinforcement_v2/variants_2/R22/seed_53/tokenizer/tokenizer.json","7042","252422b961a449f6f040229a703cf9e6d10e23e7689092c46058e535ce5185dc","https://media.lbsa71.net/LCE/runs/breadth_reinforcement_v2/variants_2/R22/seed_53/tokenizer/tokenizer.json"
"runs","breadth_reinforcement_v2/variants_2/R22/seed_67/metrics.json","893","29ca0359ef2f6b3daef7e4d061ee39f6cc67440ef86c2da43ea38665b4c5d1be","https://media.lbsa71.net/LCE/runs/breadth_reinforcement_v2/variants_2/R22/seed_67/metrics.json"
"runs","breadth_reinforcement_v2/variants_2/R22/seed_67/parser_final.pt","1885796","fc928da053ef2525660c3f85baeb03b48b4eb5f6ab2bb42ce67113cc9d1c44ac","https://media.lbsa71.net/LCE/runs/breadth_reinforcement_v2/variants_2/R22/seed_67/parser_final.pt"
"runs","breadth_reinforcement_v2/variants_2/R22/seed_67/step_metrics.csv","5929","8d08b9cb2195c692986c02e52262b3a88cdfd45920d07853949c3b8eb2188e53","https://media.lbsa71.net/LCE/runs/breadth_reinforcement_v2/variants_2/R22/seed_67/step_metrics.csv"
"runs","breadth_reinforcement_v2/variants_2/R22/seed_67/tokenizer_corpus.txt","2766","44e6105741908b70bdfab3fbcd410c87608d67cc002339bfcbc069d4c7a92711","https://media.lbsa71.net/LCE/runs/breadth_reinforcement_v2/variants_2/R22/seed_67/tokenizer_corpus.txt"
"runs","breadth_reinforcement_v2/variants_2/R22/seed_67/tokenizer/tokenizer.json","7042","252422b961a449f6f040229a703cf9e6d10e23e7689092c46058e535ce5185dc","https://media.lbsa71.net/LCE/runs/breadth_reinforcement_v2/variants_2/R22/seed_67/tokenizer/tokenizer.json"
"runs","breadth_reinforcement_v2/variants_2/R89/seed_17/metrics.json","898","a445fbdec83888b1d42dbfd684df6fb2f0ba6d7faf31833639babac309834f8f","https://media.lbsa71.net/LCE/runs/breadth_reinforcement_v2/variants_2/R89/seed_17/metrics.json"
"runs","breadth_reinforcement_v2/variants_2/R89/seed_17/parser_final.pt","1885796","d039e88f59439c4a13147b029384280736c9272fccd278db4f735b193b7fa864","https://media.lbsa71.net/LCE/runs/breadth_reinforcement_v2/variants_2/R89/seed_17/parser_final.pt"
"runs","breadth_reinforcement_v2/variants_2/R89/seed_17/step_metrics.csv","24013","1f77b1de288c08c85ae3d72cc612529dc1c0505f1b7bd46ead9dee06cb9e7bac","https://media.lbsa71.net/LCE/runs/breadth_reinforcement_v2/variants_2/R89/seed_17/step_metrics.csv"
"runs","breadth_reinforcement_v2/variants_2/R89/seed_17/tokenizer_corpus.txt","2766","44e6105741908b70bdfab3fbcd410c87608d67cc002339bfcbc069d4c7a92711","https://media.lbsa71.net/LCE/runs/breadth_reinforcement_v2/variants_2/R89/seed_17/tokenizer_corpus.txt"
"runs","breadth_reinforcement_v2/variants_2/R89/seed_17/tokenizer/tokenizer.json","7042","252422b961a449f6f040229a703cf9e6d10e23e7689092c46058e535ce5185dc","https://media.lbsa71.net/LCE/runs/breadth_reinforcement_v2/variants_2/R89/seed_17/tokenizer/tokenizer.json"
"runs","breadth_reinforcement_v2/variants_2/R89/seed_29/metrics.json","903","98763d23352b68847d2a78452b2a11f1da11d9f10b64d0050dccd05a12327e19","https://media.lbsa71.net/LCE/runs/breadth_reinforcement_v2/variants_2/R89/seed_29/metrics.json"
"runs","breadth_reinforcement_v2/variants_2/R89/seed_29/parser_final.pt","1885796","547a90cecbe78024377da6159ee948a9c25a2aaaf4bf287a90786cd85b8888d5","https://media.lbsa71.net/LCE/runs/breadth_reinforcement_v2/variants_2/R89/seed_29/parser_final.pt"
"runs","breadth_reinforcement_v2/variants_2/R89/seed_29/step_metrics.csv","24019","60d0cb1cc2e5b7c89b6b80b05e87c428c08d811b5f67c8836dff3ad2f9f6740b","https://media.lbsa71.net/LCE/runs/breadth_reinforcement_v2/variants_2/R89/seed_29/step_metrics.csv"
"runs","breadth_reinforcement_v2/variants_2/R89/seed_29/tokenizer_corpus.txt","2766","44e6105741908b70bdfab3fbcd410c87608d67cc002339bfcbc069d4c7a92711","https://media.lbsa71.net/LCE/runs/breadth_reinforcement_v2/variants_2/R89/seed_29/tokenizer_corpus.txt"
"runs","breadth_reinforcement_v2/variants_2/R89/seed_29/tokenizer/tokenizer.json","7042","252422b961a449f6f040229a703cf9e6d10e23e7689092c46058e535ce5185dc","https://media.lbsa71.net/LCE/runs/breadth_reinforcement_v2/variants_2/R89/seed_29/tokenizer/tokenizer.json"
"runs","breadth_reinforcement_v2/variants_2/R89/seed_41/metrics.json","903","0a47c95580b1fefcbbd1e0240edeb52714558ffcde30ddb1ffb00ffd1cce9a89","https://media.lbsa71.net/LCE/runs/breadth_reinforcement_v2/variants_2/R89/seed_41/metrics.json"
"runs","breadth_reinforcement_v2/variants_2/R89/seed_41/parser_final.pt","1885796","384e2af77d286f83811eb3c03bcb792a0e7cbb0a7e2917e97bd73bf63b4a6395","https://media.lbsa71.net/LCE/runs/breadth_reinforcement_v2/variants_2/R89/seed_41/parser_final.pt"
"runs","breadth_reinforcement_v2/variants_2/R89/seed_41/step_metrics.csv","24035","1004561e4cfcf4ddf82340e5eaac41b9cd022f72c8bfe8b4986f4edc516aed28","https://media.lbsa71.net/LCE/runs/breadth_reinforcement_v2/variants_2/R89/seed_41/step_metrics.csv"
"runs","breadth_reinforcement_v2/variants_2/R89/seed_41/tokenizer_corpus.txt","2766","44e6105741908b70bdfab3fbcd410c87608d67cc002339bfcbc069d4c7a92711","https://media.lbsa71.net/LCE/runs/breadth_reinforcement_v2/variants_2/R89/seed_41/tokenizer_corpus.txt"
"runs","breadth_reinforcement_v2/variants_2/R89/seed_41/tokenizer/tokenizer.json","7042","252422b961a449f6f040229a703cf9e6d10e23e7689092c46058e535ce5185dc","https://media.lbsa71.net/LCE/runs/breadth_reinforcement_v2/variants_2/R89/seed_41/tokenizer/tokenizer.json"
"runs","breadth_reinforcement_v2/variants_2/R89/seed_53/metrics.json","895","197b3a2f1080f5999023a57b2f7af07dcd9091fa9f94b24d4160d1da2e2459eb","https://media.lbsa71.net/LCE/runs/breadth_reinforcement_v2/variants_2/R89/seed_53/metrics.json"
"runs","breadth_reinforcement_v2/variants_2/R89/seed_53/parser_final.pt","1885796","613b00e2cba3d07c2b8f4b3e8af796c9ea381fbc01b55336098f2834acf775a0","https://media.lbsa71.net/LCE/runs/breadth_reinforcement_v2/variants_2/R89/seed_53/parser_final.pt"
"runs","breadth_reinforcement_v2/variants_2/R89/seed_53/step_metrics.csv","24045","e06ec6b194a411299e972773110714f9613163a8476ca0b47f12e529a48bf3a9","https://media.lbsa71.net/LCE/runs/breadth_reinforcement_v2/variants_2/R89/seed_53/step_metrics.csv"
"runs","breadth_reinforcement_v2/variants_2/R89/seed_53/tokenizer_corpus.txt","2766","44e6105741908b70bdfab3fbcd410c87608d67cc002339bfcbc069d4c7a92711","https://media.lbsa71.net/LCE/runs/breadth_reinforcement_v2/variants_2/R89/seed_53/tokenizer_corpus.txt"
"runs","breadth_reinforcement_v2/variants_2/R89/seed_53/tokenizer/tokenizer.json","7042","252422b961a449f6f040229a703cf9e6d10e23e7689092c46058e535ce5185dc","https://media.lbsa71.net/LCE/runs/breadth_reinforcement_v2/variants_2/R89/seed_53/tokenizer/tokenizer.json"
"runs","breadth_reinforcement_v2/variants_2/R89/seed_67/metrics.json","892","c7f88ef24e54d51774c0aec4b576a50c1eccf33799d2bc3cb9b5be98f4e29f12","https://media.lbsa71.net/LCE/runs/breadth_reinforcement_v2/variants_2/R89/seed_67/metrics.json"
"runs","breadth_reinforcement_v2/variants_2/R89/seed_67/parser_final.pt","1885796","f99425fe4142b0390077682b38df291c98a0effeba01bc90eaf44b81b5bb296e","https://media.lbsa71.net/LCE/runs/breadth_reinforcement_v2/variants_2/R89/seed_67/parser_final.pt"
"runs","breadth_reinforcement_v2/variants_2/R89/seed_67/step_metrics.csv","24032","7368bd07a5f4856180ba10592557d88996ec9c9b0cca5f9069cc38ecb9d88949","https://media.lbsa71.net/LCE/runs/breadth_reinforcement_v2/variants_2/R89/seed_67/step_metrics.csv"
"runs","breadth_reinforcement_v2/variants_2/R89/seed_67/tokenizer_corpus.txt","2766","44e6105741908b70bdfab3fbcd410c87608d67cc002339bfcbc069d4c7a92711","https://media.lbsa71.net/LCE/runs/breadth_reinforcement_v2/variants_2/R89/seed_67/tokenizer_corpus.txt"
"runs","breadth_reinforcement_v2/variants_2/R89/seed_67/tokenizer/tokenizer.json","7042","252422b961a449f6f040229a703cf9e6d10e23e7689092c46058e535ce5185dc","https://media.lbsa71.net/LCE/runs/breadth_reinforcement_v2/variants_2/R89/seed_67/tokenizer/tokenizer.json"
"runs","breadth_reinforcement_v2/variants_4/R178/seed_17/metrics.json","910","9043b7ea96207917aa7a7159f0611988e1a51c2b8ea8bbdd6700b2b9ac8fec62","https://media.lbsa71.net/LCE/runs/breadth_reinforcement_v2/variants_4/R178/seed_17/metrics.json"
"runs","breadth_reinforcement_v2/variants_4/R178/seed_17/parser_final.pt","1885796","baf2308bade139a6cc8c7a4863410f78516312837ef2f401ae75c74a8df794e3","https://media.lbsa71.net/LCE/runs/breadth_reinforcement_v2/variants_4/R178/seed_17/parser_final.pt"
"runs","breadth_reinforcement_v2/variants_4/R178/seed_17/step_metrics.csv","97088","98b9761c718c40757a36a1f19c0b37a7c98d5a1276a0be1d984ea8223b256a7f","https://media.lbsa71.net/LCE/runs/breadth_reinforcement_v2/variants_4/R178/seed_17/step_metrics.csv"
"runs","breadth_reinforcement_v2/variants_4/R178/seed_17/tokenizer_corpus.txt","6504","2c96e4a9ebecf0fbd6414a0325578170ac345588212351953c628d74173854db","https://media.lbsa71.net/LCE/runs/breadth_reinforcement_v2/variants_4/R178/seed_17/tokenizer_corpus.txt"
"runs","breadth_reinforcement_v2/variants_4/R178/seed_17/tokenizer/tokenizer.json","7042","252422b961a449f6f040229a703cf9e6d10e23e7689092c46058e535ce5185dc","https://media.lbsa71.net/LCE/runs/breadth_reinforcement_v2/variants_4/R178/seed_17/tokenizer/tokenizer.json"
"runs","breadth_reinforcement_v2/variants_4/R178/seed_29/metrics.json","910","57baedab0a62275d619bcd18dda69e5d50f4283f0c17781b7a9046f66716f00f","https://media.lbsa71.net/LCE/runs/breadth_reinforcement_v2/variants_4/R178/seed_29/metrics.json"
"runs","breadth_reinforcement_v2/variants_4/R178/seed_29/parser_final.pt","1885796","f0920644acfe821f787acda4b1e8c1b63b098afe7507aaf9fcb7ec081746e5bd","https://media.lbsa71.net/LCE/runs/breadth_reinforcement_v2/variants_4/R178/seed_29/parser_final.pt"
"runs","breadth_reinforcement_v2/variants_4/R178/seed_29/step_metrics.csv","97097","2e867689bd21e9f317c5aa825fafe7c01e9670e6ec3a1e3cc0c8f3f538158ed5","https://media.lbsa71.net/LCE/runs/breadth_reinforcement_v2/variants_4/R178/seed_29/step_metrics.csv"
"runs","breadth_reinforcement_v2/variants_4/R178/seed_29/tokenizer_corpus.txt","6504","2c96e4a9ebecf0fbd6414a0325578170ac345588212351953c628d74173854db","https://media.lbsa71.net/LCE/runs/breadth_reinforcement_v2/variants_4/R178/seed_29/tokenizer_corpus.txt"
"runs","breadth_reinforcement_v2/variants_4/R178/seed_29/tokenizer/tokenizer.json","7042","252422b961a449f6f040229a703cf9e6d10e23e7689092c46058e535ce5185dc","https://media.lbsa71.net/LCE/runs/breadth_reinforcement_v2/variants_4/R178/seed_29/tokenizer/tokenizer.json"
"runs","breadth_reinforcement_v2/variants_4/R178/seed_41/metrics.json","904","48f061475d6a28dbe5bb9f8172974c1de9ff8c6fae6a7c8e9f619f115582667b","https://media.lbsa71.net/LCE/runs/breadth_reinforcement_v2/variants_4/R178/seed_41/metrics.json"
"runs","breadth_reinforcement_v2/variants_4/R178/seed_41/parser_final.pt","1885796","f65103e1a891b1363841c5b6472edaaa437a23a8c6934b47b372ab78d09e9776","https://media.lbsa71.net/LCE/runs/breadth_reinforcement_v2/variants_4/R178/seed_41/parser_final.pt"
"runs","breadth_reinforcement_v2/variants_4/R178/seed_41/step_metrics.csv","97081","c5f73b0907a4bbc7737fee70562f0c78f72f844427ac12ae807a4518bfe13f18","https://media.lbsa71.net/LCE/runs/breadth_reinforcement_v2/variants_4/R178/seed_41/step_metrics.csv"
"runs","breadth_reinforcement_v2/variants_4/R178/seed_41/tokenizer_corpus.txt","6504","2c96e4a9ebecf0fbd6414a0325578170ac345588212351953c628d74173854db","https://media.lbsa71.net/LCE/runs/breadth_reinforcement_v2/variants_4/R178/seed_41/tokenizer_corpus.txt"
"runs","breadth_reinforcement_v2/variants_4/R178/seed_41/tokenizer/tokenizer.json","7042","252422b961a449f6f040229a703cf9e6d10e23e7689092c46058e535ce5185dc","https://media.lbsa71.net/LCE/runs/breadth_reinforcement_v2/variants_4/R178/seed_41/tokenizer/tokenizer.json"
"runs","breadth_reinforcement_v2/variants_4/R178/seed_53/metrics.json","907","38aa1b9aa8ec75be674921bba2dc693b46a8ce929b3d5f14aa47f6e4e14032b3","https://media.lbsa71.net/LCE/runs/breadth_reinforcement_v2/variants_4/R178/seed_53/metrics.json"
"runs","breadth_reinforcement_v2/variants_4/R178/seed_53/parser_final.pt","1885796","b54fc32e2f6407656ba7b1c40e81ce6c178e8cd3eca63df45365b3d691c224a3","https://media.lbsa71.net/LCE/runs/breadth_reinforcement_v2/variants_4/R178/seed_53/parser_final.pt"
"runs","breadth_reinforcement_v2/variants_4/R178/seed_53/step_metrics.csv","97118","b53e169ea97379610404f236a306040ce9209310fa44382245b2e4d8a0cc13b1","https://media.lbsa71.net/LCE/runs/breadth_reinforcement_v2/variants_4/R178/seed_53/step_metrics.csv"
"runs","breadth_reinforcement_v2/variants_4/R178/seed_53/tokenizer_corpus.txt","6504","2c96e4a9ebecf0fbd6414a0325578170ac345588212351953c628d74173854db","https://media.lbsa71.net/LCE/runs/breadth_reinforcement_v2/variants_4/R178/seed_53/tokenizer_corpus.txt"
"runs","breadth_reinforcement_v2/variants_4/R178/seed_53/tokenizer/tokenizer.json","7042","252422b961a449f6f040229a703cf9e6d10e23e7689092c46058e535ce5185dc","https://media.lbsa71.net/LCE/runs/breadth_reinforcement_v2/variants_4/R178/seed_53/tokenizer/tokenizer.json"
"runs","breadth_reinforcement_v2/variants_4/R178/seed_67/metrics.json","906","f10fd0a5dcc43c8e5db8ff52d337b1e2bcc882d655b7039d56b0d0fcf85469a2","https://media.lbsa71.net/LCE/runs/breadth_reinforcement_v2/variants_4/R178/seed_67/metrics.json"
"runs","breadth_reinforcement_v2/variants_4/R178/seed_67/parser_final.pt","1885796","384f9f5136478b6536023c01df8a6dbaa909760e6ddf394fa7b001d115931565","https://media.lbsa71.net/LCE/runs/breadth_reinforcement_v2/variants_4/R178/seed_67/parser_final.pt"
"runs","breadth_reinforcement_v2/variants_4/R178/seed_67/step_metrics.csv","97137","a2b60db35033558b62271ae03f47ca7f6e695d09125599f38f29e3575e373c50","https://media.lbsa71.net/LCE/runs/breadth_reinforcement_v2/variants_4/R178/seed_67/step_metrics.csv"
"runs","breadth_reinforcement_v2/variants_4/R178/seed_67/tokenizer_corpus.txt","6504","2c96e4a9ebecf0fbd6414a0325578170ac345588212351953c628d74173854db","https://media.lbsa71.net/LCE/runs/breadth_reinforcement_v2/variants_4/R178/seed_67/tokenizer_corpus.txt"
"runs","breadth_reinforcement_v2/variants_4/R178/seed_67/tokenizer/tokenizer.json","7042","252422b961a449f6f040229a703cf9e6d10e23e7689092c46058e535ce5185dc","https://media.lbsa71.net/LCE/runs/breadth_reinforcement_v2/variants_4/R178/seed_67/tokenizer/tokenizer.json"
"runs","breadth_reinforcement_v2/variants_4/R22/seed_17/metrics.json","899","9c62a4935cb935de190a6f6a34eb7de872f50682a5cb7ebbec8b74c8715de32e","https://media.lbsa71.net/LCE/runs/breadth_reinforcement_v2/variants_4/R22/seed_17/metrics.json"
"runs","breadth_reinforcement_v2/variants_4/R22/seed_17/parser_final.pt","1885796","1eca3628d20932f27c42a0367daf24e1f2d01ed63fe9408e9aa247906788e54a","https://media.lbsa71.net/LCE/runs/breadth_reinforcement_v2/variants_4/R22/seed_17/parser_final.pt"
"runs","breadth_reinforcement_v2/variants_4/R22/seed_17/step_metrics.csv","11954","581008ab8008def17042fe7e1af33ca5ac6fedf4e24f60a4e436cade06b824ea","https://media.lbsa71.net/LCE/runs/breadth_reinforcement_v2/variants_4/R22/seed_17/step_metrics.csv"
"runs","breadth_reinforcement_v2/variants_4/R22/seed_17/tokenizer_corpus.txt","6504","2c96e4a9ebecf0fbd6414a0325578170ac345588212351953c628d74173854db","https://media.lbsa71.net/LCE/runs/breadth_reinforcement_v2/variants_4/R22/seed_17/tokenizer_corpus.txt"
"runs","breadth_reinforcement_v2/variants_4/R22/seed_17/tokenizer/tokenizer.json","7042","252422b961a449f6f040229a703cf9e6d10e23e7689092c46058e535ce5185dc","https://media.lbsa71.net/LCE/runs/breadth_reinforcement_v2/variants_4/R22/seed_17/tokenizer/tokenizer.json"
"runs","breadth_reinforcement_v2/variants_4/R22/seed_29/metrics.json","903","773d1375b9095bf0bc3c46a5347b124e1ceb9c24c774cdc0bf573918cc78e37f","https://media.lbsa71.net/LCE/runs/breadth_reinforcement_v2/variants_4/R22/seed_29/metrics.json"
"runs","breadth_reinforcement_v2/variants_4/R22/seed_29/parser_final.pt","1885796","532dd6180f714df0a87d8d803e1940a4121524386b16ce4c6bfcd0a5b224b73f","https://media.lbsa71.net/LCE/runs/breadth_reinforcement_v2/variants_4/R22/seed_29/parser_final.pt"
"runs","breadth_reinforcement_v2/variants_4/R22/seed_29/step_metrics.csv","11954","b68bc576f6f0636a101c36d2b674823f3823b06d339c42b951f427f429fb0fc6","https://media.lbsa71.net/LCE/runs/breadth_reinforcement_v2/variants_4/R22/seed_29/step_metrics.csv"
"runs","breadth_reinforcement_v2/variants_4/R22/seed_29/tokenizer_corpus.txt","6504","2c96e4a9ebecf0fbd6414a0325578170ac345588212351953c628d74173854db","https://media.lbsa71.net/LCE/runs/breadth_reinforcement_v2/variants_4/R22/seed_29/tokenizer_corpus.txt"
"runs","breadth_reinforcement_v2/variants_4/R22/seed_29/tokenizer/tokenizer.json","7042","252422b961a449f6f040229a703cf9e6d10e23e7689092c46058e535ce5185dc","https://media.lbsa71.net/LCE/runs/breadth_reinforcement_v2/variants_4/R22/seed_29/tokenizer/tokenizer.json"
"runs","breadth_reinforcement_v2/variants_4/R22/seed_41/metrics.json","902","bf77c20ca7574459333aa865edf432b38574b6034debc61f74cef02bda420f61","https://media.lbsa71.net/LCE/runs/breadth_reinforcement_v2/variants_4/R22/seed_41/metrics.json"
"runs","breadth_reinforcement_v2/variants_4/R22/seed_41/parser_final.pt","1885796","88cc8a3de2160f316bc463e0c9c56b064d96fc2cfe02486be31365cd8971593f","https://media.lbsa71.net/LCE/runs/breadth_reinforcement_v2/variants_4/R22/seed_41/parser_final.pt"
"runs","breadth_reinforcement_v2/variants_4/R22/seed_41/step_metrics.csv","11966","d4ba90826e4414994895f5a089cbb6cdc9dc438e8c6e2d583f8420fb2a80d655","https://media.lbsa71.net/LCE/runs/breadth_reinforcement_v2/variants_4/R22/seed_41/step_metrics.csv"
"runs","breadth_reinforcement_v2/variants_4/R22/seed_41/tokenizer_corpus.txt","6504","2c96e4a9ebecf0fbd6414a0325578170ac345588212351953c628d74173854db","https://media.lbsa71.net/LCE/runs/breadth_reinforcement_v2/variants_4/R22/seed_41/tokenizer_corpus.txt"
"runs","breadth_reinforcement_v2/variants_4/R22/seed_41/tokenizer/tokenizer.json","7042","252422b961a449f6f040229a703cf9e6d10e23e7689092c46058e535ce5185dc","https://media.lbsa71.net/LCE/runs/breadth_reinforcement_v2/variants_4/R22/seed_41/tokenizer/tokenizer.json"
"runs","breadth_reinforcement_v2/variants_4/R22/seed_53/metrics.json","897","9bb29d2af7d42f92421bbaa31c5e36ad1b33f4ab53bffc197a20663b0bcd4809","https://media.lbsa71.net/LCE/runs/breadth_reinforcement_v2/variants_4/R22/seed_53/metrics.json"
"runs","breadth_reinforcement_v2/variants_4/R22/seed_53/parser_final.pt","1885796","a26a3da73e05c02fb7060250c9a1d69a5b84bf0118c104c364f3645514242db1","https://media.lbsa71.net/LCE/runs/breadth_reinforcement_v2/variants_4/R22/seed_53/parser_final.pt"
"runs","breadth_reinforcement_v2/variants_4/R22/seed_53/step_metrics.csv","11968","cdc967c5dbe74f56995b8388e3d5ce4ece1d8d27d6266258298fdea6f34cfa56","https://media.lbsa71.net/LCE/runs/breadth_reinforcement_v2/variants_4/R22/seed_53/step_metrics.csv"
"runs","breadth_reinforcement_v2/variants_4/R22/seed_53/tokenizer_corpus.txt","6504","2c96e4a9ebecf0fbd6414a0325578170ac345588212351953c628d74173854db","https://media.lbsa71.net/LCE/runs/breadth_reinforcement_v2/variants_4/R22/seed_53/tokenizer_corpus.txt"
"runs","breadth_reinforcement_v2/variants_4/R22/seed_53/tokenizer/tokenizer.json","7042","252422b961a449f6f040229a703cf9e6d10e23e7689092c46058e535ce5185dc","https://media.lbsa71.net/LCE/runs/breadth_reinforcement_v2/variants_4/R22/seed_53/tokenizer/tokenizer.json"
"runs","breadth_reinforcement_v2/variants_4/R22/seed_67/metrics.json","900","a8e65ded9c80fd5db7cbaacaf4bd9421a0565c42bb0786a7e947f782c45795b9","https://media.lbsa71.net/LCE/runs/breadth_reinforcement_v2/variants_4/R22/seed_67/metrics.json"
"runs","breadth_reinforcement_v2/variants_4/R22/seed_67/parser_final.pt","1885796","0a5fea587439fb798b4b269c934a61a8fcd1f4bda498f7f361e53867903544c5","https://media.lbsa71.net/LCE/runs/breadth_reinforcement_v2/variants_4/R22/seed_67/parser_final.pt"
"runs","breadth_reinforcement_v2/variants_4/R22/seed_67/step_metrics.csv","11943","d1a895a1ae5e9d42ad9be7c231907809ca1c17718e4b1522d9174bfd0e7fd54a","https://media.lbsa71.net/LCE/runs/breadth_reinforcement_v2/variants_4/R22/seed_67/step_metrics.csv"
"runs","breadth_reinforcement_v2/variants_4/R22/seed_67/tokenizer_corpus.txt","6504","2c96e4a9ebecf0fbd6414a0325578170ac345588212351953c628d74173854db","https://media.lbsa71.net/LCE/runs/breadth_reinforcement_v2/variants_4/R22/seed_67/tokenizer_corpus.txt"
"runs","breadth_reinforcement_v2/variants_4/R22/seed_67/tokenizer/tokenizer.json","7042","252422b961a449f6f040229a703cf9e6d10e23e7689092c46058e535ce5185dc","https://media.lbsa71.net/LCE/runs/breadth_reinforcement_v2/variants_4/R22/seed_67/tokenizer/tokenizer.json"
"runs","breadth_reinforcement_v2/variants_4/R89/seed_17/metrics.json","903","c22010c7502d3e1af6f9eeba18c709878e0e5c8e7662bbec85cc637c6046d45d","https://media.lbsa71.net/LCE/runs/breadth_reinforcement_v2/variants_4/R89/seed_17/metrics.json"
"runs","breadth_reinforcement_v2/variants_4/R89/seed_17/parser_final.pt","1885796","1c9f018f99ffb71845c6fd38f686c9dfc8a823440c2f28e8ee1c91db370c0bdd","https://media.lbsa71.net/LCE/runs/breadth_reinforcement_v2/variants_4/R89/seed_17/parser_final.pt"
"runs","breadth_reinforcement_v2/variants_4/R89/seed_17/step_metrics.csv","48128","0a121f65c76ace342e56e13521c5ec83363c4a2d0dca9b7ca48651470c7b4679","https://media.lbsa71.net/LCE/runs/breadth_reinforcement_v2/variants_4/R89/seed_17/step_metrics.csv"
"runs","breadth_reinforcement_v2/variants_4/R89/seed_17/tokenizer_corpus.txt","6504","2c96e4a9ebecf0fbd6414a0325578170ac345588212351953c628d74173854db","https://media.lbsa71.net/LCE/runs/breadth_reinforcement_v2/variants_4/R89/seed_17/tokenizer_corpus.txt"
"runs","breadth_reinforcement_v2/variants_4/R89/seed_17/tokenizer/tokenizer.json","7042","252422b961a449f6f040229a703cf9e6d10e23e7689092c46058e535ce5185dc","https://media.lbsa71.net/LCE/runs/breadth_reinforcement_v2/variants_4/R89/seed_17/tokenizer/tokenizer.json"
"runs","breadth_reinforcement_v2/variants_4/R89/seed_29/metrics.json","905","54ca1f48c0bd2fd8123587a46e272adfef2cef6037d34e3e1e940a8bd4618b0e","https://media.lbsa71.net/LCE/runs/breadth_reinforcement_v2/variants_4/R89/seed_29/metrics.json"
"runs","breadth_reinforcement_v2/variants_4/R89/seed_29/parser_final.pt","1885796","e553eb1dd6eafa42e324abfd835f3bf38433a5d7d3216239be369aceb2213f50","https://media.lbsa71.net/LCE/runs/breadth_reinforcement_v2/variants_4/R89/seed_29/parser_final.pt"
"runs","breadth_reinforcement_v2/variants_4/R89/seed_29/step_metrics.csv","48186","ccba19145d9755d2d4d35a43ac6da458065c3a8189451e8252a982e1e1d1a9de","https://media.lbsa71.net/LCE/runs/breadth_reinforcement_v2/variants_4/R89/seed_29/step_metrics.csv"
"runs","breadth_reinforcement_v2/variants_4/R89/seed_29/tokenizer_corpus.txt","6504","2c96e4a9ebecf0fbd6414a0325578170ac345588212351953c628d74173854db","https://media.lbsa71.net/LCE/runs/breadth_reinforcement_v2/variants_4/R89/seed_29/tokenizer_corpus.txt"
"runs","breadth_reinforcement_v2/variants_4/R89/seed_29/tokenizer/tokenizer.json","7042","252422b961a449f6f040229a703cf9e6d10e23e7689092c46058e535ce5185dc","https://media.lbsa71.net/LCE/runs/breadth_reinforcement_v2/variants_4/R89/seed_29/tokenizer/tokenizer.json"
"runs","breadth_reinforcement_v2/variants_4/R89/seed_41/metrics.json","906","ecd89b3b311e884a1410b9d4451607055d1f44a16a8badd1f200f069498b0f6e","https://media.lbsa71.net/LCE/runs/breadth_reinforcement_v2/variants_4/R89/seed_41/metrics.json"
"runs","breadth_reinforcement_v2/variants_4/R89/seed_41/parser_final.pt","1885796","e19c28a71d96ab4c42f3bf2f7ad427978915090ec6e1b96a3f64bc496d3e91d6","https://media.lbsa71.net/LCE/runs/breadth_reinforcement_v2/variants_4/R89/seed_41/parser_final.pt"
"runs","breadth_reinforcement_v2/variants_4/R89/seed_41/step_metrics.csv","48119","f41156d3654cd29432a29b5bad39f91de128aec285e1b3e3ef94b2db44f42270","https://media.lbsa71.net/LCE/runs/breadth_reinforcement_v2/variants_4/R89/seed_41/step_metrics.csv"
"runs","breadth_reinforcement_v2/variants_4/R89/seed_41/tokenizer_corpus.txt","6504","2c96e4a9ebecf0fbd6414a0325578170ac345588212351953c628d74173854db","https://media.lbsa71.net/LCE/runs/breadth_reinforcement_v2/variants_4/R89/seed_41/tokenizer_corpus.txt"
"runs","breadth_reinforcement_v2/variants_4/R89/seed_41/tokenizer/tokenizer.json","7042","252422b961a449f6f040229a703cf9e6d10e23e7689092c46058e535ce5185dc","https://media.lbsa71.net/LCE/runs/breadth_reinforcement_v2/variants_4/R89/seed_41/tokenizer/tokenizer.json"
"runs","breadth_reinforcement_v2/variants_4/R89/seed_53/metrics.json","900","d41545fc4cd9f4ddc6af0660510813f03d944a4a08760f3680b1073187f0ff00","https://media.lbsa71.net/LCE/runs/breadth_reinforcement_v2/variants_4/R89/seed_53/metrics.json"
"runs","breadth_reinforcement_v2/variants_4/R89/seed_53/parser_final.pt","1885796","ff729459c4a05af8fd743c3ddabd2e4655b24d38479230a6a31801b88cfcfd6f","https://media.lbsa71.net/LCE/runs/breadth_reinforcement_v2/variants_4/R89/seed_53/parser_final.pt"
"runs","breadth_reinforcement_v2/variants_4/R89/seed_53/step_metrics.csv","48160","a8da79c31c4ba50505824d680af50e0e037103c1e382ccbb5ddbbdb9912aab17","https://media.lbsa71.net/LCE/runs/breadth_reinforcement_v2/variants_4/R89/seed_53/step_metrics.csv"
"runs","breadth_reinforcement_v2/variants_4/R89/seed_53/tokenizer_corpus.txt","6504","2c96e4a9ebecf0fbd6414a0325578170ac345588212351953c628d74173854db","https://media.lbsa71.net/LCE/runs/breadth_reinforcement_v2/variants_4/R89/seed_53/tokenizer_corpus.txt"
"runs","breadth_reinforcement_v2/variants_4/R89/seed_53/tokenizer/tokenizer.json","7042","252422b961a449f6f040229a703cf9e6d10e23e7689092c46058e535ce5185dc","https://media.lbsa71.net/LCE/runs/breadth_reinforcement_v2/variants_4/R89/seed_53/tokenizer/tokenizer.json"
"runs","breadth_reinforcement_v2/variants_4/R89/seed_67/metrics.json","900","10a7c0a14fffa49b79f1897fa8f1169310a2f74941651fa9884433514274a639","https://media.lbsa71.net/LCE/runs/breadth_reinforcement_v2/variants_4/R89/seed_67/metrics.json"
"runs","breadth_reinforcement_v2/variants_4/R89/seed_67/parser_final.pt","1885796","d6226b886d859d49adf4e489ee713092542c880c45949afbd4fd4e385123bffb","https://media.lbsa71.net/LCE/runs/breadth_reinforcement_v2/variants_4/R89/seed_67/parser_final.pt"
"runs","breadth_reinforcement_v2/variants_4/R89/seed_67/step_metrics.csv","48150","0a1f5f214169b34fad0ffcd80ae4a53aed2237f1c5991dff981d351dee03d2ff","https://media.lbsa71.net/LCE/runs/breadth_reinforcement_v2/variants_4/R89/seed_67/step_metrics.csv"
"runs","breadth_reinforcement_v2/variants_4/R89/seed_67/tokenizer_corpus.txt","6504","2c96e4a9ebecf0fbd6414a0325578170ac345588212351953c628d74173854db","https://media.lbsa71.net/LCE/runs/breadth_reinforcement_v2/variants_4/R89/seed_67/tokenizer_corpus.txt"
"runs","breadth_reinforcement_v2/variants_4/R89/seed_67/tokenizer/tokenizer.json","7042","252422b961a449f6f040229a703cf9e6d10e23e7689092c46058e535ce5185dc","https://media.lbsa71.net/LCE/runs/breadth_reinforcement_v2/variants_4/R89/seed_67/tokenizer/tokenizer.json"
"runs","breadth_reinforcement_v2/variants_8/R178/seed_17/metrics.json","905","1508f85ba007e31ff08162d2457f743db2b9891c66edaf5d8abba9c642a3f9ef","https://media.lbsa71.net/LCE/runs/breadth_reinforcement_v2/variants_8/R178/seed_17/metrics.json"
"runs","breadth_reinforcement_v2/variants_8/R178/seed_17/parser_final.pt","1885796","7dfcf5711f027f92e7f94533763c1b0eece27501e6f3e0c9fd1a360b76427ffe","https://media.lbsa71.net/LCE/runs/breadth_reinforcement_v2/variants_8/R178/seed_17/parser_final.pt"
"runs","breadth_reinforcement_v2/variants_8/R178/seed_17/step_metrics.csv","195407","122b1622ced5cb3e696e8e4035e1e43f2f6dce6803729462090e7bd604bd8159","https://media.lbsa71.net/LCE/runs/breadth_reinforcement_v2/variants_8/R178/seed_17/step_metrics.csv"
"runs","breadth_reinforcement_v2/variants_8/R178/seed_17/tokenizer_corpus.txt","14616","f100990d7d73ffc51c9bfcf62346f65c179fa48b2b12dd2425842963f334b880","https://media.lbsa71.net/LCE/runs/breadth_reinforcement_v2/variants_8/R178/seed_17/tokenizer_corpus.txt"
"runs","breadth_reinforcement_v2/variants_8/R178/seed_17/tokenizer/tokenizer.json","7042","252422b961a449f6f040229a703cf9e6d10e23e7689092c46058e535ce5185dc","https://media.lbsa71.net/LCE/runs/breadth_reinforcement_v2/variants_8/R178/seed_17/tokenizer/tokenizer.json"
"runs","breadth_reinforcement_v2/variants_8/R178/seed_29/metrics.json","909","9530ae38522548d140e33439f8391880e58cf3b226ade939a73bab96d0d07c50","https://media.lbsa71.net/LCE/runs/breadth_reinforcement_v2/variants_8/R178/seed_29/metrics.json"
"runs","breadth_reinforcement_v2/variants_8/R178/seed_29/parser_final.pt","1885796","3829fa5f098d97b3df9733d0cd4c03b5cf09a1392f7c4dd8dcbdf2b858b1a42b","https://media.lbsa71.net/LCE/runs/breadth_reinforcement_v2/variants_8/R178/seed_29/parser_final.pt"
"runs","breadth_reinforcement_v2/variants_8/R178/seed_29/step_metrics.csv","195363","1cee692d5210fa1a8ad1f829a81454a7b148d4e42693a610335aa9d1dfabd315","https://media.lbsa71.net/LCE/runs/breadth_reinforcement_v2/variants_8/R178/seed_29/step_metrics.csv"
"runs","breadth_reinforcement_v2/variants_8/R178/seed_29/tokenizer_corpus.txt","14616","f100990d7d73ffc51c9bfcf62346f65c179fa48b2b12dd2425842963f334b880","https://media.lbsa71.net/LCE/runs/breadth_reinforcement_v2/variants_8/R178/seed_29/tokenizer_corpus.txt"
"runs","breadth_reinforcement_v2/variants_8/R178/seed_29/tokenizer/tokenizer.json","7042","252422b961a449f6f040229a703cf9e6d10e23e7689092c46058e535ce5185dc","https://media.lbsa71.net/LCE/runs/breadth_reinforcement_v2/variants_8/R178/seed_29/tokenizer/tokenizer.json"
"runs","breadth_reinforcement_v2/variants_8/R178/seed_41/metrics.json","909","7c5f450e7095082950ae88ad241faebb7ad814e827cd18f5d556e6c5ecd32bb0","https://media.lbsa71.net/LCE/runs/breadth_reinforcement_v2/variants_8/R178/seed_41/metrics.json"
"runs","breadth_reinforcement_v2/variants_8/R178/seed_41/parser_final.pt","1885796","4dfd0bd5c1a98e99791ab44a44c82b37970219ea1053e194739e0d6b01eed032","https://media.lbsa71.net/LCE/runs/breadth_reinforcement_v2/variants_8/R178/seed_41/parser_final.pt"
"runs","breadth_reinforcement_v2/variants_8/R178/seed_41/step_metrics.csv","195428","68fd386b8fe78726d9e2c0ace46470905e17cedc2d066dc2f81fd53a4dc97029","https://media.lbsa71.net/LCE/runs/breadth_reinforcement_v2/variants_8/R178/seed_41/step_metrics.csv"
"runs","breadth_reinforcement_v2/variants_8/R178/seed_41/tokenizer_corpus.txt","14616","f100990d7d73ffc51c9bfcf62346f65c179fa48b2b12dd2425842963f334b880","https://media.lbsa71.net/LCE/runs/breadth_reinforcement_v2/variants_8/R178/seed_41/tokenizer_corpus.txt"
"runs","breadth_reinforcement_v2/variants_8/R178/seed_41/tokenizer/tokenizer.json","7042","252422b961a449f6f040229a703cf9e6d10e23e7689092c46058e535ce5185dc","https://media.lbsa71.net/LCE/runs/breadth_reinforcement_v2/variants_8/R178/seed_41/tokenizer/tokenizer.json"
"runs","breadth_reinforcement_v2/variants_8/R178/seed_53/metrics.json","900","223f1d4a49be34a812de2d35bb9825d093c229fc2452a983b3bfdbfd5bb6999c","https://media.lbsa71.net/LCE/runs/breadth_reinforcement_v2/variants_8/R178/seed_53/metrics.json"
"runs","breadth_reinforcement_v2/variants_8/R178/seed_53/parser_final.pt","1885796","54783f634346dc0ebfa4a90c902de3002fa8b25beaf883b17f0551451309c1e9","https://media.lbsa71.net/LCE/runs/breadth_reinforcement_v2/variants_8/R178/seed_53/parser_final.pt"
"runs","breadth_reinforcement_v2/variants_8/R178/seed_53/step_metrics.csv","195404","bd6d737b1a70579eeaa08b9627eae8b112187e63b6feeac5cbc0630c85a648a7","https://media.lbsa71.net/LCE/runs/breadth_reinforcement_v2/variants_8/R178/seed_53/step_metrics.csv"
"runs","breadth_reinforcement_v2/variants_8/R178/seed_53/tokenizer_corpus.txt","14616","f100990d7d73ffc51c9bfcf62346f65c179fa48b2b12dd2425842963f334b880","https://media.lbsa71.net/LCE/runs/breadth_reinforcement_v2/variants_8/R178/seed_53/tokenizer_corpus.txt"
"runs","breadth_reinforcement_v2/variants_8/R178/seed_53/tokenizer/tokenizer.json","7042","252422b961a449f6f040229a703cf9e6d10e23e7689092c46058e535ce5185dc","https://media.lbsa71.net/LCE/runs/breadth_reinforcement_v2/variants_8/R178/seed_53/tokenizer/tokenizer.json"
"runs","breadth_reinforcement_v2/variants_8/R178/seed_67/metrics.json","901","1e8b47dab4cab520e2095fabffbd4cdafcaa8b177220604405398a6beee95dde","https://media.lbsa71.net/LCE/runs/breadth_reinforcement_v2/variants_8/R178/seed_67/metrics.json"
"runs","breadth_reinforcement_v2/variants_8/R178/seed_67/parser_final.pt","1885796","3b15adee17c57e417531d5f141c6390a098aa108f4edd9908508839364f4a3b5","https://media.lbsa71.net/LCE/runs/breadth_reinforcement_v2/variants_8/R178/seed_67/parser_final.pt"
"runs","breadth_reinforcement_v2/variants_8/R178/seed_67/step_metrics.csv","195397","7e7d7af6c251eff9f651e4a7e8c3a15e2f476cfe322ed0e9bedddd7ce483bf92","https://media.lbsa71.net/LCE/runs/breadth_reinforcement_v2/variants_8/R178/seed_67/step_metrics.csv"
"runs","breadth_reinforcement_v2/variants_8/R178/seed_67/tokenizer_corpus.txt","14616","f100990d7d73ffc51c9bfcf62346f65c179fa48b2b12dd2425842963f334b880","https://media.lbsa71.net/LCE/runs/breadth_reinforcement_v2/variants_8/R178/seed_67/tokenizer_corpus.txt"
"runs","breadth_reinforcement_v2/variants_8/R178/seed_67/tokenizer/tokenizer.json","7042","252422b961a449f6f040229a703cf9e6d10e23e7689092c46058e535ce5185dc","https://media.lbsa71.net/LCE/runs/breadth_reinforcement_v2/variants_8/R178/seed_67/tokenizer/tokenizer.json"
"runs","breadth_reinforcement_v2/variants_8/R22/seed_17/metrics.json","902","7333378b703aec70bc6bcf4efb969c539c1264228f9d4f1aab65066ccf528938","https://media.lbsa71.net/LCE/runs/breadth_reinforcement_v2/variants_8/R22/seed_17/metrics.json"
"runs","breadth_reinforcement_v2/variants_8/R22/seed_17/parser_final.pt","1885796","3d83a77d23db93ba93f976d5bc71be158db7bdb462bff6db315a9b8719f16aef","https://media.lbsa71.net/LCE/runs/breadth_reinforcement_v2/variants_8/R22/seed_17/parser_final.pt"
"runs","breadth_reinforcement_v2/variants_8/R22/seed_17/step_metrics.csv","24000","58b49e78b612c3789eb144a5fd1c18e2fec999d42adb94bf191f262ac7243bcf","https://media.lbsa71.net/LCE/runs/breadth_reinforcement_v2/variants_8/R22/seed_17/step_metrics.csv"
"runs","breadth_reinforcement_v2/variants_8/R22/seed_17/tokenizer_corpus.txt","14616","f100990d7d73ffc51c9bfcf62346f65c179fa48b2b12dd2425842963f334b880","https://media.lbsa71.net/LCE/runs/breadth_reinforcement_v2/variants_8/R22/seed_17/tokenizer_corpus.txt"
"runs","breadth_reinforcement_v2/variants_8/R22/seed_17/tokenizer/tokenizer.json","7042","252422b961a449f6f040229a703cf9e6d10e23e7689092c46058e535ce5185dc","https://media.lbsa71.net/LCE/runs/breadth_reinforcement_v2/variants_8/R22/seed_17/tokenizer/tokenizer.json"
"runs","breadth_reinforcement_v2/variants_8/R22/seed_29/metrics.json","896","9532a3b7309c3cb9213fc913d0d5c700db4c3ac6eab2cb4b22310f1a6fedc75c","https://media.lbsa71.net/LCE/runs/breadth_reinforcement_v2/variants_8/R22/seed_29/metrics.json"
"runs","breadth_reinforcement_v2/variants_8/R22/seed_29/parser_final.pt","1885796","05ea48f938c7682006a023d9ace9971fb01dccbd4c87a0df6ecc57618db4f830","https://media.lbsa71.net/LCE/runs/breadth_reinforcement_v2/variants_8/R22/seed_29/parser_final.pt"
"runs","breadth_reinforcement_v2/variants_8/R22/seed_29/step_metrics.csv","24023","8af305c33bcb9e533874baa10fd8330986f4ca291c0848bf69cd2570b53e4833","https://media.lbsa71.net/LCE/runs/breadth_reinforcement_v2/variants_8/R22/seed_29/step_metrics.csv"
"runs","breadth_reinforcement_v2/variants_8/R22/seed_29/tokenizer_corpus.txt","14616","f100990d7d73ffc51c9bfcf62346f65c179fa48b2b12dd2425842963f334b880","https://media.lbsa71.net/LCE/runs/breadth_reinforcement_v2/variants_8/R22/seed_29/tokenizer_corpus.txt"
"runs","breadth_reinforcement_v2/variants_8/R22/seed_29/tokenizer/tokenizer.json","7042","252422b961a449f6f040229a703cf9e6d10e23e7689092c46058e535ce5185dc","https://media.lbsa71.net/LCE/runs/breadth_reinforcement_v2/variants_8/R22/seed_29/tokenizer/tokenizer.json"
"runs","breadth_reinforcement_v2/variants_8/R22/seed_41/metrics.json","891","1ee099d34909391a10b502e8072e777e25f43059dd6ab9ec882dd90c3873c865","https://media.lbsa71.net/LCE/runs/breadth_reinforcement_v2/variants_8/R22/seed_41/metrics.json"
"runs","breadth_reinforcement_v2/variants_8/R22/seed_41/parser_final.pt","1885796","7aca88b638f70a7da352033a36ed146f8534a07e2f32d63ceef8ad2aefe350c9","https://media.lbsa71.net/LCE/runs/breadth_reinforcement_v2/variants_8/R22/seed_41/parser_final.pt"
"runs","breadth_reinforcement_v2/variants_8/R22/seed_41/step_metrics.csv","24000","36e97e4f5acb12008f1119ab7f50fa0b57a4e42f5a779536ce68fa242fc4287a","https://media.lbsa71.net/LCE/runs/breadth_reinforcement_v2/variants_8/R22/seed_41/step_metrics.csv"
"runs","breadth_reinforcement_v2/variants_8/R22/seed_41/tokenizer_corpus.txt","14616","f100990d7d73ffc51c9bfcf62346f65c179fa48b2b12dd2425842963f334b880","https://media.lbsa71.net/LCE/runs/breadth_reinforcement_v2/variants_8/R22/seed_41/tokenizer_corpus.txt"
"runs","breadth_reinforcement_v2/variants_8/R22/seed_41/tokenizer/tokenizer.json","7042","252422b961a449f6f040229a703cf9e6d10e23e7689092c46058e535ce5185dc","https://media.lbsa71.net/LCE/runs/breadth_reinforcement_v2/variants_8/R22/seed_41/tokenizer/tokenizer.json"
"runs","breadth_reinforcement_v2/variants_8/R22/seed_53/metrics.json","899","e1fc3b6b80d420b2a8dd177eedf1e536632cb2c830789987f6b0a036e28d5797","https://media.lbsa71.net/LCE/runs/breadth_reinforcement_v2/variants_8/R22/seed_53/metrics.json"
"runs","breadth_reinforcement_v2/variants_8/R22/seed_53/parser_final.pt","1885796","f22e3a35e3919d111189f663752759722d4f437268fc0d10875b8e0649e761d8","https://media.lbsa71.net/LCE/runs/breadth_reinforcement_v2/variants_8/R22/seed_53/parser_final.pt"
"runs","breadth_reinforcement_v2/variants_8/R22/seed_53/step_metrics.csv","24023","86c335a7c635d455965c476bca28334f5a32096c15ea88da040e0e11577f6eeb","https://media.lbsa71.net/LCE/runs/breadth_reinforcement_v2/variants_8/R22/seed_53/step_metrics.csv"
"runs","breadth_reinforcement_v2/variants_8/R22/seed_53/tokenizer_corpus.txt","14616","f100990d7d73ffc51c9bfcf62346f65c179fa48b2b12dd2425842963f334b880","https://media.lbsa71.net/LCE/runs/breadth_reinforcement_v2/variants_8/R22/seed_53/tokenizer_corpus.txt"
"runs","breadth_reinforcement_v2/variants_8/R22/seed_53/tokenizer/tokenizer.json","7042","252422b961a449f6f040229a703cf9e6d10e23e7689092c46058e535ce5185dc","https://media.lbsa71.net/LCE/runs/breadth_reinforcement_v2/variants_8/R22/seed_53/tokenizer/tokenizer.json"
"runs","breadth_reinforcement_v2/variants_8/R22/seed_67/metrics.json","902","0790f80c81fdf8ba48876a7f06f9e5057d555da4aaa7381c774ed5b14f7e0823","https://media.lbsa71.net/LCE/runs/breadth_reinforcement_v2/variants_8/R22/seed_67/metrics.json"
"runs","breadth_reinforcement_v2/variants_8/R22/seed_67/parser_final.pt","1885796","241e3cfecb68d6d61a66bfee828048076f7d45da923cd0ad4391df12d3bc7c94","https://media.lbsa71.net/LCE/runs/breadth_reinforcement_v2/variants_8/R22/seed_67/parser_final.pt"
"runs","breadth_reinforcement_v2/variants_8/R22/seed_67/step_metrics.csv","24026","6bb8013e6c530905784002cee103576c96988e5a9c87602a3b3fda549ea1a2d1","https://media.lbsa71.net/LCE/runs/breadth_reinforcement_v2/variants_8/R22/seed_67/step_metrics.csv"
"runs","breadth_reinforcement_v2/variants_8/R22/seed_67/tokenizer_corpus.txt","14616","f100990d7d73ffc51c9bfcf62346f65c179fa48b2b12dd2425842963f334b880","https://media.lbsa71.net/LCE/runs/breadth_reinforcement_v2/variants_8/R22/seed_67/tokenizer_corpus.txt"
"runs","breadth_reinforcement_v2/variants_8/R22/seed_67/tokenizer/tokenizer.json","7042","252422b961a449f6f040229a703cf9e6d10e23e7689092c46058e535ce5185dc","https://media.lbsa71.net/LCE/runs/breadth_reinforcement_v2/variants_8/R22/seed_67/tokenizer/tokenizer.json"
"runs","breadth_reinforcement_v2/variants_8/R89/seed_17/metrics.json","902","3559c6adb35b06fe27fdafc5db3ded9c6ada34bb241d6083a6ab55fd1beeca78","https://media.lbsa71.net/LCE/runs/breadth_reinforcement_v2/variants_8/R89/seed_17/metrics.json"
"runs","breadth_reinforcement_v2/variants_8/R89/seed_17/parser_final.pt","1885796","05d52f66f2a713522925a9d3c9893399ed4928c58a838fe6c105e37bae3cc20c","https://media.lbsa71.net/LCE/runs/breadth_reinforcement_v2/variants_8/R89/seed_17/parser_final.pt"
"runs","breadth_reinforcement_v2/variants_8/R89/seed_17/step_metrics.csv","97129","c9b7358bad05814116f3ae162ce7432b80b49103fc1094111b3f2d9f011312a7","https://media.lbsa71.net/LCE/runs/breadth_reinforcement_v2/variants_8/R89/seed_17/step_metrics.csv"
"runs","breadth_reinforcement_v2/variants_8/R89/seed_17/tokenizer_corpus.txt","14616","f100990d7d73ffc51c9bfcf62346f65c179fa48b2b12dd2425842963f334b880","https://media.lbsa71.net/LCE/runs/breadth_reinforcement_v2/variants_8/R89/seed_17/tokenizer_corpus.txt"
"runs","breadth_reinforcement_v2/variants_8/R89/seed_17/tokenizer/tokenizer.json","7042","252422b961a449f6f040229a703cf9e6d10e23e7689092c46058e535ce5185dc","https://media.lbsa71.net/LCE/runs/breadth_reinforcement_v2/variants_8/R89/seed_17/tokenizer/tokenizer.json"
"runs","breadth_reinforcement_v2/variants_8/R89/seed_29/metrics.json","899","a6231c8e0f769e78fdd33936684ef387686f02dfc80809825d21e40a9513dd80","https://media.lbsa71.net/LCE/runs/breadth_reinforcement_v2/variants_8/R89/seed_29/metrics.json"
"runs","breadth_reinforcement_v2/variants_8/R89/seed_29/parser_final.pt","1885796","e2c12eb60a5f72cbdf07579ab76a9ab9335a644a58ba77b8080394215ebfd022","https://media.lbsa71.net/LCE/runs/breadth_reinforcement_v2/variants_8/R89/seed_29/parser_final.pt"
"runs","breadth_reinforcement_v2/variants_8/R89/seed_29/step_metrics.csv","97019","c44c2998aed631823396124eb76091bb0352ae5572624c571272ad0dd478721c","https://media.lbsa71.net/LCE/runs/breadth_reinforcement_v2/variants_8/R89/seed_29/step_metrics.csv"
"runs","breadth_reinforcement_v2/variants_8/R89/seed_29/tokenizer_corpus.txt","14616","f100990d7d73ffc51c9bfcf62346f65c179fa48b2b12dd2425842963f334b880","https://media.lbsa71.net/LCE/runs/breadth_reinforcement_v2/variants_8/R89/seed_29/tokenizer_corpus.txt"
"runs","breadth_reinforcement_v2/variants_8/R89/seed_29/tokenizer/tokenizer.json","7042","252422b961a449f6f040229a703cf9e6d10e23e7689092c46058e535ce5185dc","https://media.lbsa71.net/LCE/runs/breadth_reinforcement_v2/variants_8/R89/seed_29/tokenizer/tokenizer.json"
"runs","breadth_reinforcement_v2/variants_8/R89/seed_41/metrics.json","904","1aa891e6a095effe116b656a1b19aeb57ec808351e62551908aa4891c1dd5c92","https://media.lbsa71.net/LCE/runs/breadth_reinforcement_v2/variants_8/R89/seed_41/metrics.json"
"runs","breadth_reinforcement_v2/variants_8/R89/seed_41/parser_final.pt","1885796","a466253a37abd11564a780cf89bc097381bb42c74b62fc2e454c2136e37a777c","https://media.lbsa71.net/LCE/runs/breadth_reinforcement_v2/variants_8/R89/seed_41/parser_final.pt"
"runs","breadth_reinforcement_v2/variants_8/R89/seed_41/step_metrics.csv","97109","6206139bbb10a3d41a15eb4cfab3080da5ccdedf1f965f095793c4a84f4558cd","https://media.lbsa71.net/LCE/runs/breadth_reinforcement_v2/variants_8/R89/seed_41/step_metrics.csv"
"runs","breadth_reinforcement_v2/variants_8/R89/seed_41/tokenizer_corpus.txt","14616","f100990d7d73ffc51c9bfcf62346f65c179fa48b2b12dd2425842963f334b880","https://media.lbsa71.net/LCE/runs/breadth_reinforcement_v2/variants_8/R89/seed_41/tokenizer_corpus.txt"
"runs","breadth_reinforcement_v2/variants_8/R89/seed_41/tokenizer/tokenizer.json","7042","252422b961a449f6f040229a703cf9e6d10e23e7689092c46058e535ce5185dc","https://media.lbsa71.net/LCE/runs/breadth_reinforcement_v2/variants_8/R89/seed_41/tokenizer/tokenizer.json"
"runs","breadth_reinforcement_v2/variants_8/R89/seed_53/metrics.json","905","a282764e6b18fec1f72bf327653d9a7e017832ee52b77d0e7503697b7557db1f","https://media.lbsa71.net/LCE/runs/breadth_reinforcement_v2/variants_8/R89/seed_53/metrics.json"
"runs","breadth_reinforcement_v2/variants_8/R89/seed_53/parser_final.pt","1885796","61ff6c409f44352198422cd889b077ef4b387bbc1f2cbfcd4dc950fec4dabb0e","https://media.lbsa71.net/LCE/runs/breadth_reinforcement_v2/variants_8/R89/seed_53/parser_final.pt"
"runs","breadth_reinforcement_v2/variants_8/R89/seed_53/step_metrics.csv","97132","f684a06e4e70479c7165eb1673367cacd4045c84c7e2f182c14a0410ee67e790","https://media.lbsa71.net/LCE/runs/breadth_reinforcement_v2/variants_8/R89/seed_53/step_metrics.csv"
"runs","breadth_reinforcement_v2/variants_8/R89/seed_53/tokenizer_corpus.txt","14616","f100990d7d73ffc51c9bfcf62346f65c179fa48b2b12dd2425842963f334b880","https://media.lbsa71.net/LCE/runs/breadth_reinforcement_v2/variants_8/R89/seed_53/tokenizer_corpus.txt"
"runs","breadth_reinforcement_v2/variants_8/R89/seed_53/tokenizer/tokenizer.json","7042","252422b961a449f6f040229a703cf9e6d10e23e7689092c46058e535ce5185dc","https://media.lbsa71.net/LCE/runs/breadth_reinforcement_v2/variants_8/R89/seed_53/tokenizer/tokenizer.json"
"runs","breadth_reinforcement_v2/variants_8/R89/seed_67/metrics.json","899","9c176e56fde8d5faea06f9b1daa8b302d6d4a5d054d61f67e562367e5762b5bb","https://media.lbsa71.net/LCE/runs/breadth_reinforcement_v2/variants_8/R89/seed_67/metrics.json"
"runs","breadth_reinforcement_v2/variants_8/R89/seed_67/parser_final.pt","1885796","d26473f90da6f5e009768fce760c9abb73f80caf2b502cfefd3c2b12b44ece4f","https://media.lbsa71.net/LCE/runs/breadth_reinforcement_v2/variants_8/R89/seed_67/parser_final.pt"
"runs","breadth_reinforcement_v2/variants_8/R89/seed_67/step_metrics.csv","97097","e7d77fd9b80fc8ab25ce064b429ce0d46ee6ba6f2a279292248422172f1c4d0b","https://media.lbsa71.net/LCE/runs/breadth_reinforcement_v2/variants_8/R89/seed_67/step_metrics.csv"
"runs","breadth_reinforcement_v2/variants_8/R89/seed_67/tokenizer_corpus.txt","14616","f100990d7d73ffc51c9bfcf62346f65c179fa48b2b12dd2425842963f334b880","https://media.lbsa71.net/LCE/runs/breadth_reinforcement_v2/variants_8/R89/seed_67/tokenizer_corpus.txt"
"runs","breadth_reinforcement_v2/variants_8/R89/seed_67/tokenizer/tokenizer.json","7042","252422b961a449f6f040229a703cf9e6d10e23e7689092c46058e535ce5185dc","https://media.lbsa71.net/LCE/runs/breadth_reinforcement_v2/variants_8/R89/seed_67/tokenizer/tokenizer.json"
"runs","decisive_3h/agent_model/agent_final.pt","283204098","1deb9218f15dcbd375d8901c840664d7eca7e942c2b3c5b7d0dd47c4ebc79571","https://media.lbsa71.net/LCE/runs/decisive_3h/agent_model/agent_final.pt"
"runs","decisive_3h/agent_model/agent_step_1000.pt","283204482","f0c0a547018f610dedd57fdac46042486bec46634b8b9a1219c098795e378136","https://media.lbsa71.net/LCE/runs/decisive_3h/agent_model/agent_step_1000.pt"
"runs","decisive_3h/agent_model/agent_step_1500.pt","283204482","712afdbdcea832d7aa7c2787bfe4e6f81571ad3e0d4c7e095e90c50bfafce25d","https://media.lbsa71.net/LCE/runs/decisive_3h/agent_model/agent_step_1500.pt"
"runs","decisive_3h/agent_model/agent_step_2000.pt","283204482","730c9030f841b8128aa7a9684226e743b8b83fcdb39cf53aaf344c2cddb00833","https://media.lbsa71.net/LCE/runs/decisive_3h/agent_model/agent_step_2000.pt"
"runs","decisive_3h/agent_model/agent_step_500.pt","283204386","5aeb0e927de59b222013d527380e8890dd3d054e2958aa3fb0b1c452ab9811fb","https://media.lbsa71.net/LCE/runs/decisive_3h/agent_model/agent_step_500.pt"
"runs","decisive_3h/agent_model/training_metrics.json","472","16697ac38951ec432f97441be725d44585260f9265d2d676763960da7edb2554","https://media.lbsa71.net/LCE/runs/decisive_3h/agent_model/training_metrics.json"
"runs","decisive_3h/base_model/base_final.pt","283204386","ca72bffbbf1d8f4453f78a0267d5ad3285dc6d664dee799e0262dc2e404eb998","https://media.lbsa71.net/LCE/runs/decisive_3h/base_model/base_final.pt"
"runs","decisive_3h/base_model/base_step_1000.pt","283204386","5403c715f9f9ebf5955a03f380577a40ae607c7a5fa1acaef1814a5588b42f21","https://media.lbsa71.net/LCE/runs/decisive_3h/base_model/base_step_1000.pt"
"runs","decisive_3h/base_model/base_step_2000.pt","283204386","ca72bffbbf1d8f4453f78a0267d5ad3285dc6d664dee799e0262dc2e404eb998","https://media.lbsa71.net/LCE/runs/decisive_3h/base_model/base_step_2000.pt"
"runs","decisive_3h/base_model/config.json","248","9290295ff81b8a9f1c13f6c6bcc1c582d4f98a76a68a1bdb3c97890af7ca0ee6","https://media.lbsa71.net/LCE/runs/decisive_3h/base_model/config.json"
"runs","decisive_3h/corpus_manifest.json","22488","d2a3ba6b53a19adfee01cb8440b11767283fee9b7038f2bb529e35353d6aa3f0","https://media.lbsa71.net/LCE/runs/decisive_3h/corpus_manifest.json"
"runs","decisive_3h/data/agent_sft_train.jsonl","25523582","ebaace985c7eff9ba20587886cbbad8f26dae42e0ac789987e30a750cc7b82cc","https://media.lbsa71.net/LCE/runs/decisive_3h/data/agent_sft_train.jsonl"
"runs","decisive_3h/data/eval_tasks.json","1034180","e3d594d3106c93bc30f5d5ec59ff693fc8aaf56cde936ee6ca2a217322012ed7","https://media.lbsa71.net/LCE/runs/decisive_3h/data/eval_tasks.json"
"runs","decisive_3h/data/eval_worlds.json","1566118","8f692b85fda1d0371f6e269e2f33f9cf960057d64c536b504f547d0ce16435c2","https://media.lbsa71.net/LCE/runs/decisive_3h/data/eval_worlds.json"
"runs","decisive_3h/data/pretrain_train.txt","8895986","4fd08184f7d7a98aed8e5ab3295fc52082144998f6baa9aebf73232294e5e7fb","https://media.lbsa71.net/LCE/runs/decisive_3h/data/pretrain_train.txt"
"runs","decisive_3h/data/pretrain_val.txt","192085","a874988f508b169ed6149f8be397229729b22107a1d0e886ad7cf22efb338548","https://media.lbsa71.net/LCE/runs/decisive_3h/data/pretrain_val.txt"
"runs","decisive_3h/eval/milestone_scaling_results.json","3651","c85fa9e71fbc3b6375cbf28ce02c22a4409c319d1cca14b29ae4bbdfb95621b2","https://media.lbsa71.net/LCE/runs/decisive_3h/eval/milestone_scaling_results.json"
"runs","decisive_3h/tokenizer/tokenizer_config.json","352","0489eeeaae22ca9fec765cc71ab5e6d0619cee9ae0fbfe71c7c8c59f24f64e4c","https://media.lbsa71.net/LCE/runs/decisive_3h/tokenizer/tokenizer_config.json"
"runs","decisive_3h/tokenizer/tokenizer.json","544019","5a2fcec750f12e26cc355c7ab61a1c6fd36c5769bec7cce519fc9a9f469e58c0","https://media.lbsa71.net/LCE/runs/decisive_3h/tokenizer/tokenizer.json"
"runs","form_variation_v2/analysis.json","3653","047e3e7b5c96b954a0b3df5b8351b5f62e3816a7f3e761730f5bcb57b4cd0011","https://media.lbsa71.net/LCE/runs/form_variation_v2/analysis.json"
"runs","form_variation_v2/results.json","20235","9bda9619b9b8448b52fbb7431cb2dcca590dda89fff088a2bace71107193360e","https://media.lbsa71.net/LCE/runs/form_variation_v2/results.json"
"runs","form_variation_v2/split_manifests.json","2134","e7e1635de27f9e341653242891a293cdda30399e400bd5a29fba0bce2cad748e","https://media.lbsa71.net/LCE/runs/form_variation_v2/split_manifests.json"
"runs","form_variation_v2/variants_1/seed_17/metrics.json","738","e2f14f8209b8ce6086f018f2b72941105cbd51866e86c00ebdcd4de5a710aa98","https://media.lbsa71.net/LCE/runs/form_variation_v2/variants_1/seed_17/metrics.json"
"runs","form_variation_v2/variants_1/seed_17/parser_final.pt","1902308","adbbcbb8dc8de50c7d28a533a245820c024866b411a269d2ec66c0ad71effdb1","https://media.lbsa71.net/LCE/runs/form_variation_v2/variants_1/seed_17/parser_final.pt"
"runs","form_variation_v2/variants_1/seed_17/step_metrics.csv","24005","d65929ed504a486d8641e2c02c44b0ba254291369852b054df1fd80015739b35","https://media.lbsa71.net/LCE/runs/form_variation_v2/variants_1/seed_17/step_metrics.csv"
"runs","form_variation_v2/variants_1/seed_17/tokenizer_corpus.txt","1251","50de68a1ef1db82755e9591d8c06d69b064b682390739692bae1bc87f8c0360e","https://media.lbsa71.net/LCE/runs/form_variation_v2/variants_1/seed_17/tokenizer_corpus.txt"
"runs","form_variation_v2/variants_1/seed_17/tokenizer/tokenizer_config.json","351","5435b72ac1b399c17a8a37d6be0137f011f92861cea60044f62d30243a3a18fb","https://media.lbsa71.net/LCE/runs/form_variation_v2/variants_1/seed_17/tokenizer/tokenizer_config.json"
"runs","form_variation_v2/variants_1/seed_17/tokenizer/tokenizer.json","10075","b2e0bdbaf378a7bf7d8a0d50558386a4713d14d9adf579ff30f7d5fd41c74248","https://media.lbsa71.net/LCE/runs/form_variation_v2/variants_1/seed_17/tokenizer/tokenizer.json"
"runs","form_variation_v2/variants_1/seed_29/metrics.json","739","9cd2ecb35e35f4da6903c52eefded598d212d9b18ce4ab23316eb46fb7fb1291","https://media.lbsa71.net/LCE/runs/form_variation_v2/variants_1/seed_29/metrics.json"
"runs","form_variation_v2/variants_1/seed_29/parser_final.pt","1902308","98d4dd8d3a38689d01c1a0a959ef6e1365df9c4ea854873a694c3b8efd8d78ee","https://media.lbsa71.net/LCE/runs/form_variation_v2/variants_1/seed_29/parser_final.pt"
"runs","form_variation_v2/variants_1/seed_29/step_metrics.csv","24012","a1e0cb1931b26c55fc153e68f66323f08f30d0920b2aca6bc277c58be0634285","https://media.lbsa71.net/LCE/runs/form_variation_v2/variants_1/seed_29/step_metrics.csv"
"runs","form_variation_v2/variants_1/seed_29/tokenizer_corpus.txt","1251","50de68a1ef1db82755e9591d8c06d69b064b682390739692bae1bc87f8c0360e","https://media.lbsa71.net/LCE/runs/form_variation_v2/variants_1/seed_29/tokenizer_corpus.txt"
"runs","form_variation_v2/variants_1/seed_29/tokenizer/tokenizer_config.json","351","5435b72ac1b399c17a8a37d6be0137f011f92861cea60044f62d30243a3a18fb","https://media.lbsa71.net/LCE/runs/form_variation_v2/variants_1/seed_29/tokenizer/tokenizer_config.json"
"runs","form_variation_v2/variants_1/seed_29/tokenizer/tokenizer.json","10075","b2e0bdbaf378a7bf7d8a0d50558386a4713d14d9adf579ff30f7d5fd41c74248","https://media.lbsa71.net/LCE/runs/form_variation_v2/variants_1/seed_29/tokenizer/tokenizer.json"
"runs","form_variation_v2/variants_1/seed_41/metrics.json","738","61c35d22396682e0654bc8ee078d85836a5792441bcc2906e09be6195131bfc2","https://media.lbsa71.net/LCE/runs/form_variation_v2/variants_1/seed_41/metrics.json"
"runs","form_variation_v2/variants_1/seed_41/parser_final.pt","1902308","72b15823c80cfd621a65856abf7ccd0d09a18bcdc81983daa4e83f8f68402015","https://media.lbsa71.net/LCE/runs/form_variation_v2/variants_1/seed_41/parser_final.pt"
"runs","form_variation_v2/variants_1/seed_41/step_metrics.csv","24017","4713408860a0eb2057be0357528695d948e05d6ca78472d9d8b3fc92578f61e5","https://media.lbsa71.net/LCE/runs/form_variation_v2/variants_1/seed_41/step_metrics.csv"
"runs","form_variation_v2/variants_1/seed_41/tokenizer_corpus.txt","1251","50de68a1ef1db82755e9591d8c06d69b064b682390739692bae1bc87f8c0360e","https://media.lbsa71.net/LCE/runs/form_variation_v2/variants_1/seed_41/tokenizer_corpus.txt"
"runs","form_variation_v2/variants_1/seed_41/tokenizer/tokenizer_config.json","351","5435b72ac1b399c17a8a37d6be0137f011f92861cea60044f62d30243a3a18fb","https://media.lbsa71.net/LCE/runs/form_variation_v2/variants_1/seed_41/tokenizer/tokenizer_config.json"
"runs","form_variation_v2/variants_1/seed_41/tokenizer/tokenizer.json","10075","b2e0bdbaf378a7bf7d8a0d50558386a4713d14d9adf579ff30f7d5fd41c74248","https://media.lbsa71.net/LCE/runs/form_variation_v2/variants_1/seed_41/tokenizer/tokenizer.json"
"runs","form_variation_v2/variants_1/seed_53/metrics.json","738","c6fded9f46fa1b6460c8abdf1346d4d892fcc6ab33b01926c3abe63e489e0bd1","https://media.lbsa71.net/LCE/runs/form_variation_v2/variants_1/seed_53/metrics.json"
"runs","form_variation_v2/variants_1/seed_53/parser_final.pt","1902308","2302a50e0c42643e7e97bbb0ca2bf9859148168b1ac5203362595f805b592881","https://media.lbsa71.net/LCE/runs/form_variation_v2/variants_1/seed_53/parser_final.pt"
"runs","form_variation_v2/variants_1/seed_53/step_metrics.csv","24019","0a79193282e01d551eb271705958d4a7bf5f2dc956f7196fa80170c633b00494","https://media.lbsa71.net/LCE/runs/form_variation_v2/variants_1/seed_53/step_metrics.csv"
"runs","form_variation_v2/variants_1/seed_53/tokenizer_corpus.txt","1251","50de68a1ef1db82755e9591d8c06d69b064b682390739692bae1bc87f8c0360e","https://media.lbsa71.net/LCE/runs/form_variation_v2/variants_1/seed_53/tokenizer_corpus.txt"
"runs","form_variation_v2/variants_1/seed_53/tokenizer/tokenizer_config.json","351","5435b72ac1b399c17a8a37d6be0137f011f92861cea60044f62d30243a3a18fb","https://media.lbsa71.net/LCE/runs/form_variation_v2/variants_1/seed_53/tokenizer/tokenizer_config.json"
"runs","form_variation_v2/variants_1/seed_53/tokenizer/tokenizer.json","10075","b2e0bdbaf378a7bf7d8a0d50558386a4713d14d9adf579ff30f7d5fd41c74248","https://media.lbsa71.net/LCE/runs/form_variation_v2/variants_1/seed_53/tokenizer/tokenizer.json"
"runs","form_variation_v2/variants_1/seed_67/metrics.json","739","7b0c70f6782ffb544ee07d813c168831093acb116489e47c19f53d77142cc753","https://media.lbsa71.net/LCE/runs/form_variation_v2/variants_1/seed_67/metrics.json"
"runs","form_variation_v2/variants_1/seed_67/parser_final.pt","1902308","81972869eb96fc8825f8425eb5f89bbac1a1bbad57625d40664934fb4af6640e","https://media.lbsa71.net/LCE/runs/form_variation_v2/variants_1/seed_67/parser_final.pt"
"runs","form_variation_v2/variants_1/seed_67/step_metrics.csv","24021","187329db1aa6f3f31676ba72a21b9b0b3d07ce8ccd97edd540a03e16869b22dc","https://media.lbsa71.net/LCE/runs/form_variation_v2/variants_1/seed_67/step_metrics.csv"
"runs","form_variation_v2/variants_1/seed_67/tokenizer_corpus.txt","1251","50de68a1ef1db82755e9591d8c06d69b064b682390739692bae1bc87f8c0360e","https://media.lbsa71.net/LCE/runs/form_variation_v2/variants_1/seed_67/tokenizer_corpus.txt"
"runs","form_variation_v2/variants_1/seed_67/tokenizer/tokenizer_config.json","351","5435b72ac1b399c17a8a37d6be0137f011f92861cea60044f62d30243a3a18fb","https://media.lbsa71.net/LCE/runs/form_variation_v2/variants_1/seed_67/tokenizer/tokenizer_config.json"
"runs","form_variation_v2/variants_1/seed_67/tokenizer/tokenizer.json","10075","b2e0bdbaf378a7bf7d8a0d50558386a4713d14d9adf579ff30f7d5fd41c74248","https://media.lbsa71.net/LCE/runs/form_variation_v2/variants_1/seed_67/tokenizer/tokenizer.json"
"runs","form_variation_v2/variants_2/seed_17/metrics.json","739","d00225e96e62fe71e5d66efbe8ce509ba440f5b2698288ec660e1be8b009e2ae","https://media.lbsa71.net/LCE/runs/form_variation_v2/variants_2/seed_17/metrics.json"
"runs","form_variation_v2/variants_2/seed_17/parser_final.pt","1916132","042526a93c8ff35ebe2f74357517d890192030089aaf5fffc2ed3e1d2d1b6f76","https://media.lbsa71.net/LCE/runs/form_variation_v2/variants_2/seed_17/parser_final.pt"
"runs","form_variation_v2/variants_2/seed_17/step_metrics.csv","24038","6b8f9e7d17c63f3acd88606c7d2822f6de8a5df49ef605e1a8cf9f42d9e91ce3","https://media.lbsa71.net/LCE/runs/form_variation_v2/variants_2/seed_17/step_metrics.csv"
"runs","form_variation_v2/variants_2/seed_17/tokenizer_corpus.txt","2766","44e6105741908b70bdfab3fbcd410c87608d67cc002339bfcbc069d4c7a92711","https://media.lbsa71.net/LCE/runs/form_variation_v2/variants_2/seed_17/tokenizer_corpus.txt"
"runs","form_variation_v2/variants_2/seed_17/tokenizer/tokenizer_config.json","351","c9c9f225fe2b321ce659ecff38b4d6d1553afefcf6db3212f8c547628c226bc8","https://media.lbsa71.net/LCE/runs/form_variation_v2/variants_2/seed_17/tokenizer/tokenizer_config.json"
"runs","form_variation_v2/variants_2/seed_17/tokenizer/tokenizer.json","12333","9793967e694b24e0d3eeb8d8b1b7e0b205aab35a715177741bd95d95d8da6dc6","https://media.lbsa71.net/LCE/runs/form_variation_v2/variants_2/seed_17/tokenizer/tokenizer.json"
"runs","form_variation_v2/variants_2/seed_29/metrics.json","739","04a5e2ba85ec96ff74425ed27b3626dbbbd59f1fc9313dd3549a41c18eab0741","https://media.lbsa71.net/LCE/runs/form_variation_v2/variants_2/seed_29/metrics.json"
"runs","form_variation_v2/variants_2/seed_29/parser_final.pt","1916132","e12ffd08d06d97af73a054b7210eef84b7b9d4d9c67b592ad0d048f4426e0642","https://media.lbsa71.net/LCE/runs/form_variation_v2/variants_2/seed_29/parser_final.pt"
"runs","form_variation_v2/variants_2/seed_29/step_metrics.csv","24054","2be1935d381f7e3d0500a7f087e82f025997f6f2ca7a4e8fe8015dbdc8588c0f","https://media.lbsa71.net/LCE/runs/form_variation_v2/variants_2/seed_29/step_metrics.csv"
"runs","form_variation_v2/variants_2/seed_29/tokenizer_corpus.txt","2766","44e6105741908b70bdfab3fbcd410c87608d67cc002339bfcbc069d4c7a92711","https://media.lbsa71.net/LCE/runs/form_variation_v2/variants_2/seed_29/tokenizer_corpus.txt"
"runs","form_variation_v2/variants_2/seed_29/tokenizer/tokenizer_config.json","351","c9c9f225fe2b321ce659ecff38b4d6d1553afefcf6db3212f8c547628c226bc8","https://media.lbsa71.net/LCE/runs/form_variation_v2/variants_2/seed_29/tokenizer/tokenizer_config.json"
"runs","form_variation_v2/variants_2/seed_29/tokenizer/tokenizer.json","12333","9793967e694b24e0d3eeb8d8b1b7e0b205aab35a715177741bd95d95d8da6dc6","https://media.lbsa71.net/LCE/runs/form_variation_v2/variants_2/seed_29/tokenizer/tokenizer.json"
"runs","form_variation_v2/variants_2/seed_41/metrics.json","734","bf530379a3a4ff55513b0026f0abbb58adb69f2e53d0ba582a27a4669f09698b","https://media.lbsa71.net/LCE/runs/form_variation_v2/variants_2/seed_41/metrics.json"
"runs","form_variation_v2/variants_2/seed_41/parser_final.pt","1916132","8aed586b94656793febac8096cf93214757832d9739649a1f3695055febb0bfc","https://media.lbsa71.net/LCE/runs/form_variation_v2/variants_2/seed_41/parser_final.pt"
"runs","form_variation_v2/variants_2/seed_41/step_metrics.csv","24012","e916f29089ec4b946ca966c4b19cc56ef91cf442cf8aa77b313a082da3054400","https://media.lbsa71.net/LCE/runs/form_variation_v2/variants_2/seed_41/step_metrics.csv"
"runs","form_variation_v2/variants_2/seed_41/tokenizer_corpus.txt","2766","44e6105741908b70bdfab3fbcd410c87608d67cc002339bfcbc069d4c7a92711","https://media.lbsa71.net/LCE/runs/form_variation_v2/variants_2/seed_41/tokenizer_corpus.txt"
"runs","form_variation_v2/variants_2/seed_41/tokenizer/tokenizer_config.json","351","c9c9f225fe2b321ce659ecff38b4d6d1553afefcf6db3212f8c547628c226bc8","https://media.lbsa71.net/LCE/runs/form_variation_v2/variants_2/seed_41/tokenizer/tokenizer_config.json"
"runs","form_variation_v2/variants_2/seed_41/tokenizer/tokenizer.json","12333","9793967e694b24e0d3eeb8d8b1b7e0b205aab35a715177741bd95d95d8da6dc6","https://media.lbsa71.net/LCE/runs/form_variation_v2/variants_2/seed_41/tokenizer/tokenizer.json"
"runs","form_variation_v2/variants_2/seed_53/metrics.json","738","2759d17c51272499110869c9143b07c629160989827e09990a252a71d70b139a","https://media.lbsa71.net/LCE/runs/form_variation_v2/variants_2/seed_53/metrics.json"
"runs","form_variation_v2/variants_2/seed_53/parser_final.pt","1916132","57d91f9e637320eaa13d940fc1d7f9439dd48a9eda2aae5633af75cc99405d32","https://media.lbsa71.net/LCE/runs/form_variation_v2/variants_2/seed_53/parser_final.pt"
"runs","form_variation_v2/variants_2/seed_53/step_metrics.csv","24032","fe3d3e115b670cb6cbef73741a116582096e0a4c1a673348e6ec4bac2eb66e1f","https://media.lbsa71.net/LCE/runs/form_variation_v2/variants_2/seed_53/step_metrics.csv"
"runs","form_variation_v2/variants_2/seed_53/tokenizer_corpus.txt","2766","44e6105741908b70bdfab3fbcd410c87608d67cc002339bfcbc069d4c7a92711","https://media.lbsa71.net/LCE/runs/form_variation_v2/variants_2/seed_53/tokenizer_corpus.txt"
"runs","form_variation_v2/variants_2/seed_53/tokenizer/tokenizer_config.json","351","c9c9f225fe2b321ce659ecff38b4d6d1553afefcf6db3212f8c547628c226bc8","https://media.lbsa71.net/LCE/runs/form_variation_v2/variants_2/seed_53/tokenizer/tokenizer_config.json"
"runs","form_variation_v2/variants_2/seed_53/tokenizer/tokenizer.json","12333","9793967e694b24e0d3eeb8d8b1b7e0b205aab35a715177741bd95d95d8da6dc6","https://media.lbsa71.net/LCE/runs/form_variation_v2/variants_2/seed_53/tokenizer/tokenizer.json"
"runs","form_variation_v2/variants_2/seed_67/metrics.json","739","52037cf1a706b394fda1714ade7f9fb45841f85398fc686128d70db0eebf3999","https://media.lbsa71.net/LCE/runs/form_variation_v2/variants_2/seed_67/metrics.json"
"runs","form_variation_v2/variants_2/seed_67/parser_final.pt","1916132","5ee81b3539237728c3ea3798c6523134257f477a2d10dbb0877bf91f21b7ce06","https://media.lbsa71.net/LCE/runs/form_variation_v2/variants_2/seed_67/parser_final.pt"
"runs","form_variation_v2/variants_2/seed_67/step_metrics.csv","24015","f0807a7fb16288332c97495b208df8a92ddd8f321fbca509cc458238156fe52c","https://media.lbsa71.net/LCE/runs/form_variation_v2/variants_2/seed_67/step_metrics.csv"
"runs","form_variation_v2/variants_2/seed_67/tokenizer_corpus.txt","2766","44e6105741908b70bdfab3fbcd410c87608d67cc002339bfcbc069d4c7a92711","https://media.lbsa71.net/LCE/runs/form_variation_v2/variants_2/seed_67/tokenizer_corpus.txt"
"runs","form_variation_v2/variants_2/seed_67/tokenizer/tokenizer_config.json","351","c9c9f225fe2b321ce659ecff38b4d6d1553afefcf6db3212f8c547628c226bc8","https://media.lbsa71.net/LCE/runs/form_variation_v2/variants_2/seed_67/tokenizer/tokenizer_config.json"
"runs","form_variation_v2/variants_2/seed_67/tokenizer/tokenizer.json","12333","9793967e694b24e0d3eeb8d8b1b7e0b205aab35a715177741bd95d95d8da6dc6","https://media.lbsa71.net/LCE/runs/form_variation_v2/variants_2/seed_67/tokenizer/tokenizer.json"
"runs","form_variation_v2/variants_4/seed_17/metrics.json","730","ae649b3c713bf62d6e2506e7524a4a97a571ee58b435e3bc9ab178a5fcbfa87c","https://media.lbsa71.net/LCE/runs/form_variation_v2/variants_4/seed_17/metrics.json"
"runs","form_variation_v2/variants_4/seed_17/parser_final.pt","1936484","ac52c111acc1e79ec5642dadba9d73a1575d1c657a9fd361d9ae37af4db1c6cb","https://media.lbsa71.net/LCE/runs/form_variation_v2/variants_4/seed_17/parser_final.pt"
"runs","form_variation_v2/variants_4/seed_17/step_metrics.csv","24022","162f47c8e9d35b350437810fa60adf157560ee63090e9ee94b323014d8f21f7a","https://media.lbsa71.net/LCE/runs/form_variation_v2/variants_4/seed_17/step_metrics.csv"
"runs","form_variation_v2/variants_4/seed_17/tokenizer_corpus.txt","6504","2c96e4a9ebecf0fbd6414a0325578170ac345588212351953c628d74173854db","https://media.lbsa71.net/LCE/runs/form_variation_v2/variants_4/seed_17/tokenizer_corpus.txt"
"runs","form_variation_v2/variants_4/seed_17/tokenizer/tokenizer_config.json","351","341f50c31d7483da5ae0cafc86b680cd5c00006c53005fcb0d7b72b9720b38a1","https://media.lbsa71.net/LCE/runs/form_variation_v2/variants_4/seed_17/tokenizer/tokenizer_config.json"
"runs","form_variation_v2/variants_4/seed_17/tokenizer/tokenizer.json","15674","0df2ef7a8733acd8842d6cae2d23a33c7d2c798f97f457a17e9524b4cb8ce47e","https://media.lbsa71.net/LCE/runs/form_variation_v2/variants_4/seed_17/tokenizer/tokenizer.json"
"runs","form_variation_v2/variants_4/seed_29/metrics.json","740","e790bfd968af6d703811490dfa24b0542c8485d6be9e8dfebd0692f22de2115e","https://media.lbsa71.net/LCE/runs/form_variation_v2/variants_4/seed_29/metrics.json"
"runs","form_variation_v2/variants_4/seed_29/parser_final.pt","1936484","bb027c4729f941783cea0077250151a8973b7c2755ec5225c43b113d85159267","https://media.lbsa71.net/LCE/runs/form_variation_v2/variants_4/seed_29/parser_final.pt"
"runs","form_variation_v2/variants_4/seed_29/step_metrics.csv","24030","7523c30c2acfbb2bc40b3db76450cdd2e667ac3c83933f8e61d3e782893e0dbd","https://media.lbsa71.net/LCE/runs/form_variation_v2/variants_4/seed_29/step_metrics.csv"
"runs","form_variation_v2/variants_4/seed_29/tokenizer_corpus.txt","6504","2c96e4a9ebecf0fbd6414a0325578170ac345588212351953c628d74173854db","https://media.lbsa71.net/LCE/runs/form_variation_v2/variants_4/seed_29/tokenizer_corpus.txt"
"runs","form_variation_v2/variants_4/seed_29/tokenizer/tokenizer_config.json","351","341f50c31d7483da5ae0cafc86b680cd5c00006c53005fcb0d7b72b9720b38a1","https://media.lbsa71.net/LCE/runs/form_variation_v2/variants_4/seed_29/tokenizer/tokenizer_config.json"
"runs","form_variation_v2/variants_4/seed_29/tokenizer/tokenizer.json","15674","0df2ef7a8733acd8842d6cae2d23a33c7d2c798f97f457a17e9524b4cb8ce47e","https://media.lbsa71.net/LCE/runs/form_variation_v2/variants_4/seed_29/tokenizer/tokenizer.json"
"runs","form_variation_v2/variants_4/seed_41/metrics.json","736","3c55db29911172ebea410ee5bbb9eb7e3587cd599eeaa7031c56337103c0426d","https://media.lbsa71.net/LCE/runs/form_variation_v2/variants_4/seed_41/metrics.json"
"runs","form_variation_v2/variants_4/seed_41/parser_final.pt","1936484","76ef84f2beefe69e2012d07f3976bdc1e75f077f08268c52211066eea539093d","https://media.lbsa71.net/LCE/runs/form_variation_v2/variants_4/seed_41/parser_final.pt"
"runs","form_variation_v2/variants_4/seed_41/step_metrics.csv","24011","5b0d399f17e3f871c5c1e6dd0a6cf2a0838b9b8220d3b9f80917d42f6f437ddd","https://media.lbsa71.net/LCE/runs/form_variation_v2/variants_4/seed_41/step_metrics.csv"
"runs","form_variation_v2/variants_4/seed_41/tokenizer_corpus.txt","6504","2c96e4a9ebecf0fbd6414a0325578170ac345588212351953c628d74173854db","https://media.lbsa71.net/LCE/runs/form_variation_v2/variants_4/seed_41/tokenizer_corpus.txt"
"runs","form_variation_v2/variants_4/seed_41/tokenizer/tokenizer_config.json","351","341f50c31d7483da5ae0cafc86b680cd5c00006c53005fcb0d7b72b9720b38a1","https://media.lbsa71.net/LCE/runs/form_variation_v2/variants_4/seed_41/tokenizer/tokenizer_config.json"
"runs","form_variation_v2/variants_4/seed_41/tokenizer/tokenizer.json","15674","0df2ef7a8733acd8842d6cae2d23a33c7d2c798f97f457a17e9524b4cb8ce47e","https://media.lbsa71.net/LCE/runs/form_variation_v2/variants_4/seed_41/tokenizer/tokenizer.json"
"runs","form_variation_v2/variants_4/seed_53/metrics.json","736","b910d1dc9119da2e6cab9fc855e3fa02018a5a794475faa444fa674649ccb1d0","https://media.lbsa71.net/LCE/runs/form_variation_v2/variants_4/seed_53/metrics.json"
"runs","form_variation_v2/variants_4/seed_53/parser_final.pt","1936484","1c739b60513914812765062b7729b146cf4921dab9bd51a51d3b349f3b779ab7","https://media.lbsa71.net/LCE/runs/form_variation_v2/variants_4/seed_53/parser_final.pt"
"runs","form_variation_v2/variants_4/seed_53/step_metrics.csv","24007","c6040ca1e1bd809379bf547dc365c9a360b36c9ca4e0f878412ecda22ab72df8","https://media.lbsa71.net/LCE/runs/form_variation_v2/variants_4/seed_53/step_metrics.csv"
"runs","form_variation_v2/variants_4/seed_53/tokenizer_corpus.txt","6504","2c96e4a9ebecf0fbd6414a0325578170ac345588212351953c628d74173854db","https://media.lbsa71.net/LCE/runs/form_variation_v2/variants_4/seed_53/tokenizer_corpus.txt"
"runs","form_variation_v2/variants_4/seed_53/tokenizer/tokenizer_config.json","351","341f50c31d7483da5ae0cafc86b680cd5c00006c53005fcb0d7b72b9720b38a1","https://media.lbsa71.net/LCE/runs/form_variation_v2/variants_4/seed_53/tokenizer/tokenizer_config.json"
"runs","form_variation_v2/variants_4/seed_53/tokenizer/tokenizer.json","15674","0df2ef7a8733acd8842d6cae2d23a33c7d2c798f97f457a17e9524b4cb8ce47e","https://media.lbsa71.net/LCE/runs/form_variation_v2/variants_4/seed_53/tokenizer/tokenizer.json"
"runs","form_variation_v2/variants_4/seed_67/metrics.json","737","1b9360cb3483d4be09ff8806e1571fa283aa7ae840b35297461ffbc0c5f70430","https://media.lbsa71.net/LCE/runs/form_variation_v2/variants_4/seed_67/metrics.json"
"runs","form_variation_v2/variants_4/seed_67/parser_final.pt","1936484","11e0abfecc9721e4abcabb9d09977627e2c29f5e1d181423a1cbc9817288802e","https://media.lbsa71.net/LCE/runs/form_variation_v2/variants_4/seed_67/parser_final.pt"
"runs","form_variation_v2/variants_4/seed_67/step_metrics.csv","24033","6e6bbb031abc5a48bc262fe7b5352444174fd0515adbead95edc870e7a9bbbf4","https://media.lbsa71.net/LCE/runs/form_variation_v2/variants_4/seed_67/step_metrics.csv"
"runs","form_variation_v2/variants_4/seed_67/tokenizer_corpus.txt","6504","2c96e4a9ebecf0fbd6414a0325578170ac345588212351953c628d74173854db","https://media.lbsa71.net/LCE/runs/form_variation_v2/variants_4/seed_67/tokenizer_corpus.txt"
"runs","form_variation_v2/variants_4/seed_67/tokenizer/tokenizer_config.json","351","341f50c31d7483da5ae0cafc86b680cd5c00006c53005fcb0d7b72b9720b38a1","https://media.lbsa71.net/LCE/runs/form_variation_v2/variants_4/seed_67/tokenizer/tokenizer_config.json"
"runs","form_variation_v2/variants_4/seed_67/tokenizer/tokenizer.json","15674","0df2ef7a8733acd8842d6cae2d23a33c7d2c798f97f457a17e9524b4cb8ce47e","https://media.lbsa71.net/LCE/runs/form_variation_v2/variants_4/seed_67/tokenizer/tokenizer.json"
"runs","form_variation_v2/variants_8/seed_17/metrics.json","736","b6b4eca70804c18795b1f8468f60fca8036c8666bdad1c84149e6edf0bbc7ac6","https://media.lbsa71.net/LCE/runs/form_variation_v2/variants_8/seed_17/metrics.json"
"runs","form_variation_v2/variants_8/seed_17/parser_final.pt","1979876","1fa83310e07b18d7695adf82e6fc66a7bcd615f41095304d26f09bc1c4ea49e7","https://media.lbsa71.net/LCE/runs/form_variation_v2/variants_8/seed_17/parser_final.pt"
"runs","form_variation_v2/variants_8/seed_17/step_metrics.csv","24024","0690c2a8c72ac26769fe36d68c42a725e67fd19b6600badcf74bc36e1c76cd39","https://media.lbsa71.net/LCE/runs/form_variation_v2/variants_8/seed_17/step_metrics.csv"
"runs","form_variation_v2/variants_8/seed_17/tokenizer_corpus.txt","14616","f100990d7d73ffc51c9bfcf62346f65c179fa48b2b12dd2425842963f334b880","https://media.lbsa71.net/LCE/runs/form_variation_v2/variants_8/seed_17/tokenizer_corpus.txt"
"runs","form_variation_v2/variants_8/seed_17/tokenizer/tokenizer_config.json","351","fa58429d38e130854b30ba681937dc2dbd28e66122aca93b380d608435510f60","https://media.lbsa71.net/LCE/runs/form_variation_v2/variants_8/seed_17/tokenizer/tokenizer_config.json"
"runs","form_variation_v2/variants_8/seed_17/tokenizer/tokenizer.json","22885","f452694fa323b9fe4314ce786ff0d02ea932723ee62349f4a46de03d19a9dcaf","https://media.lbsa71.net/LCE/runs/form_variation_v2/variants_8/seed_17/tokenizer/tokenizer.json"
"runs","form_variation_v2/variants_8/seed_29/metrics.json","737","3275ce953efb42a896eabb7f62945649c30e01630c006ab912c141065d56fe6d","https://media.lbsa71.net/LCE/runs/form_variation_v2/variants_8/seed_29/metrics.json"
"runs","form_variation_v2/variants_8/seed_29/parser_final.pt","1979876","37d6a6a1dd1d425e2c99f13d6eb03c73169100e49af33341ea1296c07a4ab2ec","https://media.lbsa71.net/LCE/runs/form_variation_v2/variants_8/seed_29/parser_final.pt"
"runs","form_variation_v2/variants_8/seed_29/step_metrics.csv","24051","72c0f32660401a67f6ab064ba93da910ed08025ab3c005ce4c0b605e944313c7","https://media.lbsa71.net/LCE/runs/form_variation_v2/variants_8/seed_29/step_metrics.csv"
"runs","form_variation_v2/variants_8/seed_29/tokenizer_corpus.txt","14616","f100990d7d73ffc51c9bfcf62346f65c179fa48b2b12dd2425842963f334b880","https://media.lbsa71.net/LCE/runs/form_variation_v2/variants_8/seed_29/tokenizer_corpus.txt"
"runs","form_variation_v2/variants_8/seed_29/tokenizer/tokenizer_config.json","351","fa58429d38e130854b30ba681937dc2dbd28e66122aca93b380d608435510f60","https://media.lbsa71.net/LCE/runs/form_variation_v2/variants_8/seed_29/tokenizer/tokenizer_config.json"
"runs","form_variation_v2/variants_8/seed_29/tokenizer/tokenizer.json","22885","f452694fa323b9fe4314ce786ff0d02ea932723ee62349f4a46de03d19a9dcaf","https://media.lbsa71.net/LCE/runs/form_variation_v2/variants_8/seed_29/tokenizer/tokenizer.json"
"runs","form_variation_v2/variants_8/seed_41/metrics.json","737","269c3904dfffba8754488f32e91c0ee72ad778c6a96acf53c440e5d927e89f7d","https://media.lbsa71.net/LCE/runs/form_variation_v2/variants_8/seed_41/metrics.json"
"runs","form_variation_v2/variants_8/seed_41/parser_final.pt","1979876","aaa3555abdf9e98991852829584be2c78b389db494b309ff33874de0e1b1e672","https://media.lbsa71.net/LCE/runs/form_variation_v2/variants_8/seed_41/parser_final.pt"
"runs","form_variation_v2/variants_8/seed_41/step_metrics.csv","24027","aec25ef93b33b37f68af98fa1e9276c1a6d0fe74044a3d51b7ad15fb832e15f5","https://media.lbsa71.net/LCE/runs/form_variation_v2/variants_8/seed_41/step_metrics.csv"
"runs","form_variation_v2/variants_8/seed_41/tokenizer_corpus.txt","14616","f100990d7d73ffc51c9bfcf62346f65c179fa48b2b12dd2425842963f334b880","https://media.lbsa71.net/LCE/runs/form_variation_v2/variants_8/seed_41/tokenizer_corpus.txt"
"runs","form_variation_v2/variants_8/seed_41/tokenizer/tokenizer_config.json","351","fa58429d38e130854b30ba681937dc2dbd28e66122aca93b380d608435510f60","https://media.lbsa71.net/LCE/runs/form_variation_v2/variants_8/seed_41/tokenizer/tokenizer_config.json"
"runs","form_variation_v2/variants_8/seed_41/tokenizer/tokenizer.json","22885","f452694fa323b9fe4314ce786ff0d02ea932723ee62349f4a46de03d19a9dcaf","https://media.lbsa71.net/LCE/runs/form_variation_v2/variants_8/seed_41/tokenizer/tokenizer.json"
"runs","form_variation_v2/variants_8/seed_53/metrics.json","735","fe38ef21eefe6fea9927ddd8bdeb8b8b046d58e84dfcdf6b826efb9217d0d7c1","https://media.lbsa71.net/LCE/runs/form_variation_v2/variants_8/seed_53/metrics.json"
"runs","form_variation_v2/variants_8/seed_53/parser_final.pt","1979876","cf23562790687e1e123b00f8f29f8549f1ee0fafcb35f1d64a9860047bd280d3","https://media.lbsa71.net/LCE/runs/form_variation_v2/variants_8/seed_53/parser_final.pt"
"runs","form_variation_v2/variants_8/seed_53/step_metrics.csv","24002","f8eab76f0fc1e25ed2fa92e86cacf4a491ea3e74c8cfc9332efacba58f646cb5","https://media.lbsa71.net/LCE/runs/form_variation_v2/variants_8/seed_53/step_metrics.csv"
"runs","form_variation_v2/variants_8/seed_53/tokenizer_corpus.txt","14616","f100990d7d73ffc51c9bfcf62346f65c179fa48b2b12dd2425842963f334b880","https://media.lbsa71.net/LCE/runs/form_variation_v2/variants_8/seed_53/tokenizer_corpus.txt"
"runs","form_variation_v2/variants_8/seed_53/tokenizer/tokenizer_config.json","351","fa58429d38e130854b30ba681937dc2dbd28e66122aca93b380d608435510f60","https://media.lbsa71.net/LCE/runs/form_variation_v2/variants_8/seed_53/tokenizer/tokenizer_config.json"
"runs","form_variation_v2/variants_8/seed_53/tokenizer/tokenizer.json","22885","f452694fa323b9fe4314ce786ff0d02ea932723ee62349f4a46de03d19a9dcaf","https://media.lbsa71.net/LCE/runs/form_variation_v2/variants_8/seed_53/tokenizer/tokenizer.json"
"runs","form_variation_v2/variants_8/seed_67/metrics.json","737","1739d517b80123656ab209a44c52bddc8da9ab2aa35dfb2d01eb8b749e33d843","https://media.lbsa71.net/LCE/runs/form_variation_v2/variants_8/seed_67/metrics.json"
"runs","form_variation_v2/variants_8/seed_67/parser_final.pt","1979876","38ed3d48034452c444f554cb0a605af7a6989ab73ccca54421a8da92d01438fa","https://media.lbsa71.net/LCE/runs/form_variation_v2/variants_8/seed_67/parser_final.pt"
"runs","form_variation_v2/variants_8/seed_67/step_metrics.csv","24028","7c473ce9122b141d77f1d5028796088cb33c2dc0154db4d2f0ed553e8530cc3c","https://media.lbsa71.net/LCE/runs/form_variation_v2/variants_8/seed_67/step_metrics.csv"
"runs","form_variation_v2/variants_8/seed_67/tokenizer_corpus.txt","14616","f100990d7d73ffc51c9bfcf62346f65c179fa48b2b12dd2425842963f334b880","https://media.lbsa71.net/LCE/runs/form_variation_v2/variants_8/seed_67/tokenizer_corpus.txt"
"runs","form_variation_v2/variants_8/seed_67/tokenizer/tokenizer_config.json","351","fa58429d38e130854b30ba681937dc2dbd28e66122aca93b380d608435510f60","https://media.lbsa71.net/LCE/runs/form_variation_v2/variants_8/seed_67/tokenizer/tokenizer_config.json"
"runs","form_variation_v2/variants_8/seed_67/tokenizer/tokenizer.json","22885","f452694fa323b9fe4314ce786ff0d02ea932723ee62349f4a46de03d19a9dcaf","https://media.lbsa71.net/LCE/runs/form_variation_v2/variants_8/seed_67/tokenizer/tokenizer.json"
"runs","form_variation/results.json","5761","01db00f0719595f9ce73e29df28cb1878237083ac1fe86ef05a4bb7cbbd3a3cc","https://media.lbsa71.net/LCE/runs/form_variation/results.json"
"runs","form_variation/variants_1/seed_17/metrics.json","461","75f11e1a2151baafa2db69c99082a1366f7bca8a0d35eacd8c7a683e5f480469","https://media.lbsa71.net/LCE/runs/form_variation/variants_1/seed_17/metrics.json"
"runs","form_variation/variants_1/seed_17/parser_final.pt","1979876","7cba93c8aaa2e1465604d75eb5c1968520b5058cbe36fa232e81f6c676bfc50d","https://media.lbsa71.net/LCE/runs/form_variation/variants_1/seed_17/parser_final.pt"
"runs","form_variation/variants_1/seed_17/step_metrics.csv","24027","c7727c09c3cb10ba4bb808a992b881dc1326d7dde1e5568761f98c5339881d17","https://media.lbsa71.net/LCE/runs/form_variation/variants_1/seed_17/step_metrics.csv"
"runs","form_variation/variants_1/seed_17/tokenizer_corpus.txt","21723","4e775b5f5180b9c7955495ce4a8fc77d060b18d24cf8843becc9d5409f188044","https://media.lbsa71.net/LCE/runs/form_variation/variants_1/seed_17/tokenizer_corpus.txt"
"runs","form_variation/variants_1/seed_17/tokenizer/tokenizer_config.json","351","fa58429d38e130854b30ba681937dc2dbd28e66122aca93b380d608435510f60","https://media.lbsa71.net/LCE/runs/form_variation/variants_1/seed_17/tokenizer/tokenizer_config.json"
"runs","form_variation/variants_1/seed_17/tokenizer/tokenizer.json","22781","614bec9c1729296c47b7043384ee4756e08ed268460f6b3fe5a4a25c19cd4b6f","https://media.lbsa71.net/LCE/runs/form_variation/variants_1/seed_17/tokenizer/tokenizer.json"
"runs","form_variation/variants_1/seed_29/metrics.json","460","a5db88e0d61481fcd05b0b73ae52c9cc4770194293cf9c2dde7e7ffff28c012c","https://media.lbsa71.net/LCE/runs/form_variation/variants_1/seed_29/metrics.json"
"runs","form_variation/variants_1/seed_29/parser_final.pt","1979876","63081da001cae66a15a2fd24a75035424fdba59ae5f8fd6e97eea0cae7d95fa3","https://media.lbsa71.net/LCE/runs/form_variation/variants_1/seed_29/parser_final.pt"
"runs","form_variation/variants_1/seed_29/step_metrics.csv","24027","4e6eebc71d87bd61845740a4a10e0fac792cfac29b0a535ac96f7009a5ca9a81","https://media.lbsa71.net/LCE/runs/form_variation/variants_1/seed_29/step_metrics.csv"
"runs","form_variation/variants_1/seed_29/tokenizer_corpus.txt","21723","4e775b5f5180b9c7955495ce4a8fc77d060b18d24cf8843becc9d5409f188044","https://media.lbsa71.net/LCE/runs/form_variation/variants_1/seed_29/tokenizer_corpus.txt"
"runs","form_variation/variants_1/seed_29/tokenizer/tokenizer_config.json","351","fa58429d38e130854b30ba681937dc2dbd28e66122aca93b380d608435510f60","https://media.lbsa71.net/LCE/runs/form_variation/variants_1/seed_29/tokenizer/tokenizer_config.json"
"runs","form_variation/variants_1/seed_29/tokenizer/tokenizer.json","22781","614bec9c1729296c47b7043384ee4756e08ed268460f6b3fe5a4a25c19cd4b6f","https://media.lbsa71.net/LCE/runs/form_variation/variants_1/seed_29/tokenizer/tokenizer.json"
"runs","form_variation/variants_2/seed_17/metrics.json","461","1f865ca6f9ae13aedfc86693afede580a7a6c104a23010ba9404144b060cd015","https://media.lbsa71.net/LCE/runs/form_variation/variants_2/seed_17/metrics.json"
"runs","form_variation/variants_2/seed_17/parser_final.pt","1979876","ca13466492019bc3ce51b491ae3be305f87143c975f8679256c91d7a4b4e008c","https://media.lbsa71.net/LCE/runs/form_variation/variants_2/seed_17/parser_final.pt"
"runs","form_variation/variants_2/seed_17/step_metrics.csv","23996","c0457384a328dc22b1d916ce842535918f4dc121cd0adddb8aab52a851386e60","https://media.lbsa71.net/LCE/runs/form_variation/variants_2/seed_17/step_metrics.csv"
"runs","form_variation/variants_2/seed_17/tokenizer_corpus.txt","24000","3c4483e9ccbc53360aa2021d20aef266b93d08d1ddda699a445878fc6e8cc690","https://media.lbsa71.net/LCE/runs/form_variation/variants_2/seed_17/tokenizer_corpus.txt"
"runs","form_variation/variants_2/seed_17/tokenizer/tokenizer_config.json","351","fa58429d38e130854b30ba681937dc2dbd28e66122aca93b380d608435510f60","https://media.lbsa71.net/LCE/runs/form_variation/variants_2/seed_17/tokenizer/tokenizer_config.json"
"runs","form_variation/variants_2/seed_17/tokenizer/tokenizer.json","22775","15113b369f5a73531a825f3254d8dbe2555c4e7b96ed2dca94fee93374cc32d3","https://media.lbsa71.net/LCE/runs/form_variation/variants_2/seed_17/tokenizer/tokenizer.json"
"runs","form_variation/variants_2/seed_29/metrics.json","462","639d46ef7f7b020ef562add944ad105937d497d0da99d5dbcf3ddfee8b1b3ef4","https://media.lbsa71.net/LCE/runs/form_variation/variants_2/seed_29/metrics.json"
"runs","form_variation/variants_2/seed_29/parser_final.pt","1979876","e9914732474c7b5fa9fea875d058ebdf0497fcfe97f068d8819fbb063b9776c1","https://media.lbsa71.net/LCE/runs/form_variation/variants_2/seed_29/parser_final.pt"
"runs","form_variation/variants_2/seed_29/step_metrics.csv","24034","a59754bc0f0a8a0017aada55c2066285a6ade313ddf2fab258af99c29b892e87","https://media.lbsa71.net/LCE/runs/form_variation/variants_2/seed_29/step_metrics.csv"
"runs","form_variation/variants_2/seed_29/tokenizer_corpus.txt","24000","3c4483e9ccbc53360aa2021d20aef266b93d08d1ddda699a445878fc6e8cc690","https://media.lbsa71.net/LCE/runs/form_variation/variants_2/seed_29/tokenizer_corpus.txt"
"runs","form_variation/variants_2/seed_29/tokenizer/tokenizer_config.json","351","fa58429d38e130854b30ba681937dc2dbd28e66122aca93b380d608435510f60","https://media.lbsa71.net/LCE/runs/form_variation/variants_2/seed_29/tokenizer/tokenizer_config.json"
"runs","form_variation/variants_2/seed_29/tokenizer/tokenizer.json","22775","15113b369f5a73531a825f3254d8dbe2555c4e7b96ed2dca94fee93374cc32d3","https://media.lbsa71.net/LCE/runs/form_variation/variants_2/seed_29/tokenizer/tokenizer.json"
"runs","form_variation/variants_4/seed_17/metrics.json","463","702d6f8df1a10858fe73b3690ac4969168d3336b13f0eb3a29fa882aec40640e","https://media.lbsa71.net/LCE/runs/form_variation/variants_4/seed_17/metrics.json"
"runs","form_variation/variants_4/seed_17/parser_final.pt","1979876","13cee5b055c81b88ce9d8ff3630973f6ff286f52baf8ce77ed1d1f2749286210","https://media.lbsa71.net/LCE/runs/form_variation/variants_4/seed_17/parser_final.pt"
"runs","form_variation/variants_4/seed_17/step_metrics.csv","24039","758e1e984d346d604840039b0825760778791f52e1d6e1a67de7cf39c8981fed","https://media.lbsa71.net/LCE/runs/form_variation/variants_4/seed_17/step_metrics.csv"
"runs","form_variation/variants_4/seed_17/tokenizer_corpus.txt","29616","47c8d430349665f129f9d7b1ddb9d005d066caac0a595e54bb232e5a5ff9e3b4","https://media.lbsa71.net/LCE/runs/form_variation/variants_4/seed_17/tokenizer_corpus.txt"
"runs","form_variation/variants_4/seed_17/tokenizer/tokenizer_config.json","351","fa58429d38e130854b30ba681937dc2dbd28e66122aca93b380d608435510f60","https://media.lbsa71.net/LCE/runs/form_variation/variants_4/seed_17/tokenizer/tokenizer_config.json"
"runs","form_variation/variants_4/seed_17/tokenizer/tokenizer.json","22781","dd261bcfce032800359c40ea4ac948310c09e298df4e0bf4f3de5c0babe15ce9","https://media.lbsa71.net/LCE/runs/form_variation/variants_4/seed_17/tokenizer/tokenizer.json"
"runs","form_variation/variants_4/seed_29/metrics.json","463","65c798765356dbdd89b1c530732125034875e14a58ccdd2e3ffb2b1d7a26651d","https://media.lbsa71.net/LCE/runs/form_variation/variants_4/seed_29/metrics.json"
"runs","form_variation/variants_4/seed_29/parser_final.pt","1979876","fca70db974e99244c3cf9a6e8f6951383e66a0c78535071f08dd76418d36f385","https://media.lbsa71.net/LCE/runs/form_variation/variants_4/seed_29/parser_final.pt"
"runs","form_variation/variants_4/seed_29/step_metrics.csv","24023","a3cf2b3f643bbbc9ad7c54511b567f88c937899f0c28a19febfb6136de6f0f05","https://media.lbsa71.net/LCE/runs/form_variation/variants_4/seed_29/step_metrics.csv"
"runs","form_variation/variants_4/seed_29/tokenizer_corpus.txt","29616","47c8d430349665f129f9d7b1ddb9d005d066caac0a595e54bb232e5a5ff9e3b4","https://media.lbsa71.net/LCE/runs/form_variation/variants_4/seed_29/tokenizer_corpus.txt"
"runs","form_variation/variants_4/seed_29/tokenizer/tokenizer_config.json","351","fa58429d38e130854b30ba681937dc2dbd28e66122aca93b380d608435510f60","https://media.lbsa71.net/LCE/runs/form_variation/variants_4/seed_29/tokenizer/tokenizer_config.json"
"runs","form_variation/variants_4/seed_29/tokenizer/tokenizer.json","22781","dd261bcfce032800359c40ea4ac948310c09e298df4e0bf4f3de5c0babe15ce9","https://media.lbsa71.net/LCE/runs/form_variation/variants_4/seed_29/tokenizer/tokenizer.json"
"runs","form_variation/variants_8/seed_17/metrics.json","455","e8452fa9b0cb6881474f96df6f6d8e06888528e6c9a751f24aee904ad6d133f1","https://media.lbsa71.net/LCE/runs/form_variation/variants_8/seed_17/metrics.json"
"runs","form_variation/variants_8/seed_17/parser_final.pt","1979876","288321c5698357e8b92b83986052b740904eebccc51b61c1d0c2a32cb6d39f8f","https://media.lbsa71.net/LCE/runs/form_variation/variants_8/seed_17/parser_final.pt"
"runs","form_variation/variants_8/seed_17/step_metrics.csv","24034","2c4fe7545a44a30f8598d0e3e93809a9bb7b02ed50b7648346d875a9ef411d1a","https://media.lbsa71.net/LCE/runs/form_variation/variants_8/seed_17/step_metrics.csv"
"runs","form_variation/variants_8/seed_17/tokenizer_corpus.txt","41802","538e8406323fcc9f84997b61e004c3179c81e8faf6bb0e8da6af03f3e8935b7d","https://media.lbsa71.net/LCE/runs/form_variation/variants_8/seed_17/tokenizer_corpus.txt"
"runs","form_variation/variants_8/seed_17/tokenizer/tokenizer_config.json","351","fa58429d38e130854b30ba681937dc2dbd28e66122aca93b380d608435510f60","https://media.lbsa71.net/LCE/runs/form_variation/variants_8/seed_17/tokenizer/tokenizer_config.json"
"runs","form_variation/variants_8/seed_17/tokenizer/tokenizer.json","22873","f7b5cc331ef798f2b1f6ce32c310d2ec7025478c75091017e6b91bf81f43f53e","https://media.lbsa71.net/LCE/runs/form_variation/variants_8/seed_17/tokenizer/tokenizer.json"
"runs","form_variation/variants_8/seed_29/metrics.json","460","5ede7e29e84224531d8076c84438bbb20aed28b6f31325b3b760b25feacee3eb","https://media.lbsa71.net/LCE/runs/form_variation/variants_8/seed_29/metrics.json"
"runs","form_variation/variants_8/seed_29/parser_final.pt","1979876","349370d1e1503395ca4a57637d76d90472f62041a011c6bf09a3da7265f42156","https://media.lbsa71.net/LCE/runs/form_variation/variants_8/seed_29/parser_final.pt"
"runs","form_variation/variants_8/seed_29/step_metrics.csv","24013","311dd577b51ca48c406a9dc5c27ad076b140cd23704535e6e29cd1308eb0bc3e","https://media.lbsa71.net/LCE/runs/form_variation/variants_8/seed_29/step_metrics.csv"
"runs","form_variation/variants_8/seed_29/tokenizer_corpus.txt","41802","538e8406323fcc9f84997b61e004c3179c81e8faf6bb0e8da6af03f3e8935b7d","https://media.lbsa71.net/LCE/runs/form_variation/variants_8/seed_29/tokenizer_corpus.txt"
"runs","form_variation/variants_8/seed_29/tokenizer/tokenizer_config.json","351","fa58429d38e130854b30ba681937dc2dbd28e66122aca93b380d608435510f60","https://media.lbsa71.net/LCE/runs/form_variation/variants_8/seed_29/tokenizer/tokenizer_config.json"
"runs","form_variation/variants_8/seed_29/tokenizer/tokenizer.json","22873","f7b5cc331ef798f2b1f6ce32c310d2ec7025478c75091017e6b91bf81f43f53e","https://media.lbsa71.net/LCE/runs/form_variation/variants_8/seed_29/tokenizer/tokenizer.json"
"runs","lint_gate_smoke/corpus_manifest.json","1060","6d2688af429cb20a5b87b725017b2b0f76be8be8b96d210884897b6626700ab2","https://media.lbsa71.net/LCE/runs/lint_gate_smoke/corpus_manifest.json"
"runs","lint_gate_smoke/data/agent_sft_train.jsonl","506423","9f98f10f11c40df76021a94bd64de43b543a5e3b5effc345aaab6e467066df9a","https://media.lbsa71.net/LCE/runs/lint_gate_smoke/data/agent_sft_train.jsonl"
"runs","lint_gate_smoke/data/eval_tasks.json","223318","460ed9fbb6ec0fc50f580e4898879aba06d0e6e4ee497aec8417e45c18981402","https://media.lbsa71.net/LCE/runs/lint_gate_smoke/data/eval_tasks.json"
"runs","lint_gate_smoke/data/eval_worlds.json","313475","856ca770c78a607bb4c0f21d2cd42a1984565003422d45d20a5df02e6970cffe","https://media.lbsa71.net/LCE/runs/lint_gate_smoke/data/eval_worlds.json"
"runs","lint_gate_smoke/data/pretrain_train.txt","296746","39cdfde0f38439b3c31abf5e4a0aa20f6fce03f7df322d44b9b01cfbfbea81a2","https://media.lbsa71.net/LCE/runs/lint_gate_smoke/data/pretrain_train.txt"
"runs","lint_gate_smoke/data/pretrain_val.txt","19280","fe2e3d66ac2f9e843ea0edc5753a30f079be2686cbbaef3525852f6889c36c3b","https://media.lbsa71.net/LCE/runs/lint_gate_smoke/data/pretrain_val.txt"
"runs","phase210_capacity_interaction_v1/registration.json","1081","53894d36785178571339bf3ae752a5034149667325123db5a85ddf0116961ab8","https://media.lbsa71.net/LCE/runs/phase210_capacity_interaction_v1/registration.json"
"runs","phase210_capacity_interaction_v1/screen_analysis.json","3889","9f7f37316e95f03b99c7c1b981c75cac92c334db1438adca1db8b66945f3aa5b","https://media.lbsa71.net/LCE/runs/phase210_capacity_interaction_v1/screen_analysis.json"
"runs","phase210_capacity_interaction_v1/screen_results.json","24391","abb484bd135255f44e2341c67862273337adc666abeed114ece0a5dc118cdf98","https://media.lbsa71.net/LCE/runs/phase210_capacity_interaction_v1/screen_results.json"
"runs","phase210_capacity_interaction_v1/screen/wide_augmentation/seed_101/metrics.json","1004","f698ad1f70f208eb76424a978909e8e7e241d62b01dbb6ac5f2f5f81f83508af","https://media.lbsa71.net/LCE/runs/phase210_capacity_interaction_v1/screen/wide_augmentation/seed_101/metrics.json"
"runs","phase210_capacity_interaction_v1/screen/wide_augmentation/seed_101/parser_final.pt","4150308","04358c554bc7dfbb33d4f0e600fadb2e39754efc0b5f4148fb74377b4772e506","https://media.lbsa71.net/LCE/runs/phase210_capacity_interaction_v1/screen/wide_augmentation/seed_101/parser_final.pt"
"runs","phase210_capacity_interaction_v1/screen/wide_augmentation/seed_101/step_metrics.csv","97104","c15ddee4eca807e516e2b3e5afd008f610f87f923975a9dc679ea5b6a99f3fc8","https://media.lbsa71.net/LCE/runs/phase210_capacity_interaction_v1/screen/wide_augmentation/seed_101/step_metrics.csv"
"runs","phase210_capacity_interaction_v1/screen/wide_augmentation/seed_101/tokenizer_corpus.txt","21864","d0df465592116b9400fd0220796a4b396f5029da2665deb3b9975f2bc7773c2c","https://media.lbsa71.net/LCE/runs/phase210_capacity_interaction_v1/screen/wide_augmentation/seed_101/tokenizer_corpus.txt"
"runs","phase210_capacity_interaction_v1/screen/wide_augmentation/seed_101/tokenizer/tokenizer.json","7042","252422b961a449f6f040229a703cf9e6d10e23e7689092c46058e535ce5185dc","https://media.lbsa71.net/LCE/runs/phase210_capacity_interaction_v1/screen/wide_augmentation/seed_101/tokenizer/tokenizer.json"
"runs","phase210_capacity_interaction_v1/screen/wide_augmentation/seed_103/metrics.json","1010","36cf98ef9a8a011bf86fb99745bc93a2a8a4ba043331672448336b750b02e7cd","https://media.lbsa71.net/LCE/runs/phase210_capacity_interaction_v1/screen/wide_augmentation/seed_103/metrics.json"
"runs","phase210_capacity_interaction_v1/screen/wide_augmentation/seed_103/parser_final.pt","4150308","d6456decaefae774c9534cd4a8b2c09d317fb0483986ad658e9131dd91f80f01","https://media.lbsa71.net/LCE/runs/phase210_capacity_interaction_v1/screen/wide_augmentation/seed_103/parser_final.pt"
"runs","phase210_capacity_interaction_v1/screen/wide_augmentation/seed_103/step_metrics.csv","97523","eeee66775bdd06d0895942f8efb8b2f56d0533968adff8cb3408f0d20d743a80","https://media.lbsa71.net/LCE/runs/phase210_capacity_interaction_v1/screen/wide_augmentation/seed_103/step_metrics.csv"
"runs","phase210_capacity_interaction_v1/screen/wide_augmentation/seed_103/tokenizer_corpus.txt","21864","d0df465592116b9400fd0220796a4b396f5029da2665deb3b9975f2bc7773c2c","https://media.lbsa71.net/LCE/runs/phase210_capacity_interaction_v1/screen/wide_augmentation/seed_103/tokenizer_corpus.txt"
"runs","phase210_capacity_interaction_v1/screen/wide_augmentation/seed_103/tokenizer/tokenizer.json","7042","252422b961a449f6f040229a703cf9e6d10e23e7689092c46058e535ce5185dc","https://media.lbsa71.net/LCE/runs/phase210_capacity_interaction_v1/screen/wide_augmentation/seed_103/tokenizer/tokenizer.json"
"runs","phase210_capacity_interaction_v1/screen/wide_augmentation/seed_107/metrics.json","1011","78c2fa44d305fc951eb9291b9de20f4b49be7efa071c09393b2316baf76dd5a3","https://media.lbsa71.net/LCE/runs/phase210_capacity_interaction_v1/screen/wide_augmentation/seed_107/metrics.json"
"runs","phase210_capacity_interaction_v1/screen/wide_augmentation/seed_107/parser_final.pt","4150308","b83a9c241f054ca9c14d91111245004cb38b3db6545f6f50c5ea1404a7ffb56b","https://media.lbsa71.net/LCE/runs/phase210_capacity_interaction_v1/screen/wide_augmentation/seed_107/parser_final.pt"
"runs","phase210_capacity_interaction_v1/screen/wide_augmentation/seed_107/step_metrics.csv","97096","6d9f84928d35a85b7d3f3d4b82ee67f89b9660b2057096ad4dd444351fa1c806","https://media.lbsa71.net/LCE/runs/phase210_capacity_interaction_v1/screen/wide_augmentation/seed_107/step_metrics.csv"
"runs","phase210_capacity_interaction_v1/screen/wide_augmentation/seed_107/tokenizer_corpus.txt","21864","d0df465592116b9400fd0220796a4b396f5029da2665deb3b9975f2bc7773c2c","https://media.lbsa71.net/LCE/runs/phase210_capacity_interaction_v1/screen/wide_augmentation/seed_107/tokenizer_corpus.txt"
"runs","phase210_capacity_interaction_v1/screen/wide_augmentation/seed_107/tokenizer/tokenizer.json","7042","252422b961a449f6f040229a703cf9e6d10e23e7689092c46058e535ce5185dc","https://media.lbsa71.net/LCE/runs/phase210_capacity_interaction_v1/screen/wide_augmentation/seed_107/tokenizer/tokenizer.json"
"runs","phase210_capacity_interaction_v1/screen/wide_augmentation/seed_109/metrics.json","1007","188096b99ab08cf72e1c2600071c3697f3f56e01deeb0bb48e7bb3d7140997d8","https://media.lbsa71.net/LCE/runs/phase210_capacity_interaction_v1/screen/wide_augmentation/seed_109/metrics.json"
"runs","phase210_capacity_interaction_v1/screen/wide_augmentation/seed_109/parser_final.pt","4150308","a8290977fd694a379d2de36100d0b483ea4dd83acf6544f261adcc5064833b1c","https://media.lbsa71.net/LCE/runs/phase210_capacity_interaction_v1/screen/wide_augmentation/seed_109/parser_final.pt"
"runs","phase210_capacity_interaction_v1/screen/wide_augmentation/seed_109/step_metrics.csv","97151","1042f01e6d9ef58973262b70ce00d30801fa065578b7aa927f91bcc8fe2e9852","https://media.lbsa71.net/LCE/runs/phase210_capacity_interaction_v1/screen/wide_augmentation/seed_109/step_metrics.csv"
"runs","phase210_capacity_interaction_v1/screen/wide_augmentation/seed_109/tokenizer_corpus.txt","21864","d0df465592116b9400fd0220796a4b396f5029da2665deb3b9975f2bc7773c2c","https://media.lbsa71.net/LCE/runs/phase210_capacity_interaction_v1/screen/wide_augmentation/seed_109/tokenizer_corpus.txt"
"runs","phase210_capacity_interaction_v1/screen/wide_augmentation/seed_109/tokenizer/tokenizer.json","7042","252422b961a449f6f040229a703cf9e6d10e23e7689092c46058e535ce5185dc","https://media.lbsa71.net/LCE/runs/phase210_capacity_interaction_v1/screen/wide_augmentation/seed_109/tokenizer/tokenizer.json"
"runs","phase210_capacity_interaction_v1/screen/wide_augmentation/seed_97/metrics.json","1006","77b2ec2dd352769ba45ac85ee09a9318a79725a4c25cfabaa475670404ab1e97","https://media.lbsa71.net/LCE/runs/phase210_capacity_interaction_v1/screen/wide_augmentation/seed_97/metrics.json"
"runs","phase210_capacity_interaction_v1/screen/wide_augmentation/seed_97/parser_final.pt","4150308","d9ae7f7334c64c690697372a6cbaeb0f82047a5fed8b4eb3f7a7aef61e1752bc","https://media.lbsa71.net/LCE/runs/phase210_capacity_interaction_v1/screen/wide_augmentation/seed_97/parser_final.pt"
"runs","phase210_capacity_interaction_v1/screen/wide_augmentation/seed_97/step_metrics.csv","97490","9cbcdc52fcbe4a05aa7e9d5b1b7682552a0b49efbff87f7333a27dc4fa6b1d3a","https://media.lbsa71.net/LCE/runs/phase210_capacity_interaction_v1/screen/wide_augmentation/seed_97/step_metrics.csv"
"runs","phase210_capacity_interaction_v1/screen/wide_augmentation/seed_97/tokenizer_corpus.txt","21864","d0df465592116b9400fd0220796a4b396f5029da2665deb3b9975f2bc7773c2c","https://media.lbsa71.net/LCE/runs/phase210_capacity_interaction_v1/screen/wide_augmentation/seed_97/tokenizer_corpus.txt"
"runs","phase210_capacity_interaction_v1/screen/wide_augmentation/seed_97/tokenizer/tokenizer.json","7042","252422b961a449f6f040229a703cf9e6d10e23e7689092c46058e535ce5185dc","https://media.lbsa71.net/LCE/runs/phase210_capacity_interaction_v1/screen/wide_augmentation/seed_97/tokenizer/tokenizer.json"
"runs","phase210_capacity_interaction_v1/screen/wide_baseline/seed_101/metrics.json","1007","0ee935e3297294825bbc7ecfcca4d6150656fc643a7356e01219144b44ffed35","https://media.lbsa71.net/LCE/runs/phase210_capacity_interaction_v1/screen/wide_baseline/seed_101/metrics.json"
"runs","phase210_capacity_interaction_v1/screen/wide_baseline/seed_101/parser_final.pt","4150308","c5b29707ee91046cfff11f48199388d83df44213bbda3e35cec050486d0e4b8e","https://media.lbsa71.net/LCE/runs/phase210_capacity_interaction_v1/screen/wide_baseline/seed_101/parser_final.pt"
"runs","phase210_capacity_interaction_v1/screen/wide_baseline/seed_101/step_metrics.csv","97595","5647e1183ab723c6bc4586c11764bd4ecb289efe3f9faec4281c3d60dff41747","https://media.lbsa71.net/LCE/runs/phase210_capacity_interaction_v1/screen/wide_baseline/seed_101/step_metrics.csv"
"runs","phase210_capacity_interaction_v1/screen/wide_baseline/seed_101/tokenizer_corpus.txt","14616","f100990d7d73ffc51c9bfcf62346f65c179fa48b2b12dd2425842963f334b880","https://media.lbsa71.net/LCE/runs/phase210_capacity_interaction_v1/screen/wide_baseline/seed_101/tokenizer_corpus.txt"
"runs","phase210_capacity_interaction_v1/screen/wide_baseline/seed_101/tokenizer/tokenizer.json","7042","252422b961a449f6f040229a703cf9e6d10e23e7689092c46058e535ce5185dc","https://media.lbsa71.net/LCE/runs/phase210_capacity_interaction_v1/screen/wide_baseline/seed_101/tokenizer/tokenizer.json"
"runs","phase210_capacity_interaction_v1/screen/wide_baseline/seed_103/metrics.json","1001","01abace5f9887167d0c03c31b5db903e45939327502fcc57007da48427d0f2b4","https://media.lbsa71.net/LCE/runs/phase210_capacity_interaction_v1/screen/wide_baseline/seed_103/metrics.json"
"runs","phase210_capacity_interaction_v1/screen/wide_baseline/seed_103/parser_final.pt","4150308","3eb77b9c4c4bc78d947e6c0927ba3f3979c5384b7323b6594cc67080b5f74519","https://media.lbsa71.net/LCE/runs/phase210_capacity_interaction_v1/screen/wide_baseline/seed_103/parser_final.pt"
"runs","phase210_capacity_interaction_v1/screen/wide_baseline/seed_103/step_metrics.csv","97080","a535073df6a29dec8f5abba765c70cceacd05ae200527224178ae8b27d4448b5","https://media.lbsa71.net/LCE/runs/phase210_capacity_interaction_v1/screen/wide_baseline/seed_103/step_metrics.csv"
"runs","phase210_capacity_interaction_v1/screen/wide_baseline/seed_103/tokenizer_corpus.txt","14616","f100990d7d73ffc51c9bfcf62346f65c179fa48b2b12dd2425842963f334b880","https://media.lbsa71.net/LCE/runs/phase210_capacity_interaction_v1/screen/wide_baseline/seed_103/tokenizer_corpus.txt"
"runs","phase210_capacity_interaction_v1/screen/wide_baseline/seed_103/tokenizer/tokenizer.json","7042","252422b961a449f6f040229a703cf9e6d10e23e7689092c46058e535ce5185dc","https://media.lbsa71.net/LCE/runs/phase210_capacity_interaction_v1/screen/wide_baseline/seed_103/tokenizer/tokenizer.json"
"runs","phase210_capacity_interaction_v1/screen/wide_baseline/seed_107/metrics.json","1009","81fda3ce04794f77387bda8f9c905fdc450e4067de4f7dee2949c3ffd4295373","https://media.lbsa71.net/LCE/runs/phase210_capacity_interaction_v1/screen/wide_baseline/seed_107/metrics.json"
"runs","phase210_capacity_interaction_v1/screen/wide_baseline/seed_107/parser_final.pt","4150308","b578d9d08f82ecab44091df0cce758d29bd02338a605f05ee56b8e0e025250d5","https://media.lbsa71.net/LCE/runs/phase210_capacity_interaction_v1/screen/wide_baseline/seed_107/parser_final.pt"
"runs","phase210_capacity_interaction_v1/screen/wide_baseline/seed_107/step_metrics.csv","97305","9e99914efc795883e8b4cf04f97207cc90947aedbc398932fcfa1ba37cc8add9","https://media.lbsa71.net/LCE/runs/phase210_capacity_interaction_v1/screen/wide_baseline/seed_107/step_metrics.csv"
"runs","phase210_capacity_interaction_v1/screen/wide_baseline/seed_107/tokenizer_corpus.txt","14616","f100990d7d73ffc51c9bfcf62346f65c179fa48b2b12dd2425842963f334b880","https://media.lbsa71.net/LCE/runs/phase210_capacity_interaction_v1/screen/wide_baseline/seed_107/tokenizer_corpus.txt"
"runs","phase210_capacity_interaction_v1/screen/wide_baseline/seed_107/tokenizer/tokenizer.json","7042","252422b961a449f6f040229a703cf9e6d10e23e7689092c46058e535ce5185dc","https://media.lbsa71.net/LCE/runs/phase210_capacity_interaction_v1/screen/wide_baseline/seed_107/tokenizer/tokenizer.json"
"runs","phase210_capacity_interaction_v1/screen/wide_baseline/seed_109/metrics.json","1002","b742b5588d43204c9f035b782d2596ea31cd213cda389dc3eed9db3990074d69","https://media.lbsa71.net/LCE/runs/phase210_capacity_interaction_v1/screen/wide_baseline/seed_109/metrics.json"
"runs","phase210_capacity_interaction_v1/screen/wide_baseline/seed_109/parser_final.pt","4150308","601a8368c4c90101b2235978b736abfa8e0d392e629850eaf544ee4c41f5adcc","https://media.lbsa71.net/LCE/runs/phase210_capacity_interaction_v1/screen/wide_baseline/seed_109/parser_final.pt"
"runs","phase210_capacity_interaction_v1/screen/wide_baseline/seed_109/step_metrics.csv","97179","9ca034b36b36ca79d59ebe1246335278107158baf025a90e9703e7712410f849","https://media.lbsa71.net/LCE/runs/phase210_capacity_interaction_v1/screen/wide_baseline/seed_109/step_metrics.csv"
"runs","phase210_capacity_interaction_v1/screen/wide_baseline/seed_109/tokenizer_corpus.txt","14616","f100990d7d73ffc51c9bfcf62346f65c179fa48b2b12dd2425842963f334b880","https://media.lbsa71.net/LCE/runs/phase210_capacity_interaction_v1/screen/wide_baseline/seed_109/tokenizer_corpus.txt"
"runs","phase210_capacity_interaction_v1/screen/wide_baseline/seed_109/tokenizer/tokenizer.json","7042","252422b961a449f6f040229a703cf9e6d10e23e7689092c46058e535ce5185dc","https://media.lbsa71.net/LCE/runs/phase210_capacity_interaction_v1/screen/wide_baseline/seed_109/tokenizer/tokenizer.json"
"runs","phase210_capacity_interaction_v1/screen/wide_baseline/seed_97/metrics.json","1007","7707b2a7999f984df4306b8276c5f70ca2e837411ae05a2286d964633379d042","https://media.lbsa71.net/LCE/runs/phase210_capacity_interaction_v1/screen/wide_baseline/seed_97/metrics.json"
"runs","phase210_capacity_interaction_v1/screen/wide_baseline/seed_97/parser_final.pt","4150308","dd2ff5322feda4fa22853efb358e9c25690e40e6ca8fa0bcb76e1dca507e636f","https://media.lbsa71.net/LCE/runs/phase210_capacity_interaction_v1/screen/wide_baseline/seed_97/parser_final.pt"
"runs","phase210_capacity_interaction_v1/screen/wide_baseline/seed_97/step_metrics.csv","97123","b6c2fbddf0ace8655188db37fc081f86600cab3d8a9751d4a1ce2fc192e74ccc","https://media.lbsa71.net/LCE/runs/phase210_capacity_interaction_v1/screen/wide_baseline/seed_97/step_metrics.csv"
"runs","phase210_capacity_interaction_v1/screen/wide_baseline/seed_97/tokenizer_corpus.txt","14616","f100990d7d73ffc51c9bfcf62346f65c179fa48b2b12dd2425842963f334b880","https://media.lbsa71.net/LCE/runs/phase210_capacity_interaction_v1/screen/wide_baseline/seed_97/tokenizer_corpus.txt"
"runs","phase210_capacity_interaction_v1/screen/wide_baseline/seed_97/tokenizer/tokenizer.json","7042","252422b961a449f6f040229a703cf9e6d10e23e7689092c46058e535ce5185dc","https://media.lbsa71.net/LCE/runs/phase210_capacity_interaction_v1/screen/wide_baseline/seed_97/tokenizer/tokenizer.json"
"runs","phase210_capacity_interaction_v1/split_manifests.json","2403","53f53d10986c38a132129f6c118d5167d01e439860442bd9c8260e48c2e85d2f","https://media.lbsa71.net/LCE/runs/phase210_capacity_interaction_v1/split_manifests.json"
"runs","phase25_representation_v1/registration.json","1645","bd809c54a31ddbed545befb1d3a3302d223cfc5ef8848853103e7d1ec449092c","https://media.lbsa71.net/LCE/runs/phase25_representation_v1/registration.json"
"runs","phase25_representation_v1/split_manifests.json","2396","34d7d7f29792e9fd28048a256c4725ab8ec265e70669573e1f0a6eb75bed0371","https://media.lbsa71.net/LCE/runs/phase25_representation_v1/split_manifests.json"
"runs","phase25_representation_v1/stage_a_probe_results.json","19374","0713450070b15fc59a5250ba6ffd52eb1665f389c6908a76d1ffde9cb222e019","https://media.lbsa71.net/LCE/runs/phase25_representation_v1/stage_a_probe_results.json"
"runs","phase25_representation_v1/stage_b_analysis.json","4686","a9a4a7141eca27439ec7e0c4abec43376b47f58b29353b0f2ce7c4d1271e9ffa","https://media.lbsa71.net/LCE/runs/phase25_representation_v1/stage_b_analysis.json"
"runs","phase25_representation_v1/stage_b_results.json","45572","d91a2369e823caaffcf851b6306f44c71a240823e2e986f710cdc3bbbfada382","https://media.lbsa71.net/LCE/runs/phase25_representation_v1/stage_b_results.json"
"runs","phase25_representation_v1/stage_b/minimal_contrast/seed_17/metrics.json","982","c4d1ce6092ade10ac476f95b34a609ee711f88f44d0debc479b54566a50d5098","https://media.lbsa71.net/LCE/runs/phase25_representation_v1/stage_b/minimal_contrast/seed_17/metrics.json"
"runs","phase25_representation_v1/stage_b/minimal_contrast/seed_17/parser_final.pt","1885796","8cbbd8a7780ce97f627e5a7aa7b891053710eb2d31c52519d1e729f148370e9e","https://media.lbsa71.net/LCE/runs/phase25_representation_v1/stage_b/minimal_contrast/seed_17/parser_final.pt"
"runs","phase25_representation_v1/stage_b/minimal_contrast/seed_17/step_metrics.csv","48163","fd3feee75234eaa1611bad06af3c6a8fbadec96b7cec8bd84ba8b5884461b745","https://media.lbsa71.net/LCE/runs/phase25_representation_v1/stage_b/minimal_contrast/seed_17/step_metrics.csv"
"runs","phase25_representation_v1/stage_b/minimal_contrast/seed_17/tokenizer_corpus.txt","7870","4c1a3ce96bed156ddabd0532b3ef189de1ee47a2fd507b95c3b6008fddac5005","https://media.lbsa71.net/LCE/runs/phase25_representation_v1/stage_b/minimal_contrast/seed_17/tokenizer_corpus.txt"
"runs","phase25_representation_v1/stage_b/minimal_contrast/seed_17/tokenizer/tokenizer.json","7042","252422b961a449f6f040229a703cf9e6d10e23e7689092c46058e535ce5185dc","https://media.lbsa71.net/LCE/runs/phase25_representation_v1/stage_b/minimal_contrast/seed_17/tokenizer/tokenizer.json"
"runs","phase25_representation_v1/stage_b/minimal_contrast/seed_29/metrics.json","985","77e3b89eca38ba22f52cfa1e625477b0e588facb1888c34c4eeb87c796075a52","https://media.lbsa71.net/LCE/runs/phase25_representation_v1/stage_b/minimal_contrast/seed_29/metrics.json"
"runs","phase25_representation_v1/stage_b/minimal_contrast/seed_29/parser_final.pt","1885796","3f3b0e9d9a9fb9e33d1d4d318de56b06e58463a926539984237ee192ab29456b","https://media.lbsa71.net/LCE/runs/phase25_representation_v1/stage_b/minimal_contrast/seed_29/parser_final.pt"
"runs","phase25_representation_v1/stage_b/minimal_contrast/seed_29/step_metrics.csv","48175","8e861e21d4ba847ad5f871434d019165ccc11c10050f9c4e5a6ad3cfef5fdcbc","https://media.lbsa71.net/LCE/runs/phase25_representation_v1/stage_b/minimal_contrast/seed_29/step_metrics.csv"
"runs","phase25_representation_v1/stage_b/minimal_contrast/seed_29/tokenizer_corpus.txt","7870","4c1a3ce96bed156ddabd0532b3ef189de1ee47a2fd507b95c3b6008fddac5005","https://media.lbsa71.net/LCE/runs/phase25_representation_v1/stage_b/minimal_contrast/seed_29/tokenizer_corpus.txt"
"runs","phase25_representation_v1/stage_b/minimal_contrast/seed_29/tokenizer/tokenizer.json","7042","252422b961a449f6f040229a703cf9e6d10e23e7689092c46058e535ce5185dc","https://media.lbsa71.net/LCE/runs/phase25_representation_v1/stage_b/minimal_contrast/seed_29/tokenizer/tokenizer.json"
"runs","phase25_representation_v1/stage_b/minimal_contrast/seed_41/metrics.json","982","c4f52d7877baea12e770b915325c224231cf2ce2c2e38108087a14f5cf32d829","https://media.lbsa71.net/LCE/runs/phase25_representation_v1/stage_b/minimal_contrast/seed_41/metrics.json"
"runs","phase25_representation_v1/stage_b/minimal_contrast/seed_41/parser_final.pt","1885796","ee3f1e708a28688c0d3bc3e6b13269cd6b5b1c4c6103c81e4c9a881ea0c8c2c4","https://media.lbsa71.net/LCE/runs/phase25_representation_v1/stage_b/minimal_contrast/seed_41/parser_final.pt"
"runs","phase25_representation_v1/stage_b/minimal_contrast/seed_41/step_metrics.csv","48129","ef7f6ab50178ace3e56c88ae7e0a655e7ee85571a5b46ea2664c96493d79e780","https://media.lbsa71.net/LCE/runs/phase25_representation_v1/stage_b/minimal_contrast/seed_41/step_metrics.csv"
"runs","phase25_representation_v1/stage_b/minimal_contrast/seed_41/tokenizer_corpus.txt","7870","4c1a3ce96bed156ddabd0532b3ef189de1ee47a2fd507b95c3b6008fddac5005","https://media.lbsa71.net/LCE/runs/phase25_representation_v1/stage_b/minimal_contrast/seed_41/tokenizer_corpus.txt"
"runs","phase25_representation_v1/stage_b/minimal_contrast/seed_41/tokenizer/tokenizer.json","7042","252422b961a449f6f040229a703cf9e6d10e23e7689092c46058e535ce5185dc","https://media.lbsa71.net/LCE/runs/phase25_representation_v1/stage_b/minimal_contrast/seed_41/tokenizer/tokenizer.json"
"runs","phase25_representation_v1/stage_b/minimal_contrast/seed_53/metrics.json","985","bac3b5e5109da58fc2e379805ce1618067e5686d9fdbdedc456794fb40e69ad0","https://media.lbsa71.net/LCE/runs/phase25_representation_v1/stage_b/minimal_contrast/seed_53/metrics.json"
"runs","phase25_representation_v1/stage_b/minimal_contrast/seed_53/parser_final.pt","1885796","48d40f2a58140d4b7ad6b0268b2cef1762f47846b2091c79f509f0da6757b42e","https://media.lbsa71.net/LCE/runs/phase25_representation_v1/stage_b/minimal_contrast/seed_53/parser_final.pt"
"runs","phase25_representation_v1/stage_b/minimal_contrast/seed_53/step_metrics.csv","48145","88003c88f168957bc7f9c91b4a9d486661f3b5705f41a2bf7bd30db8e8917193","https://media.lbsa71.net/LCE/runs/phase25_representation_v1/stage_b/minimal_contrast/seed_53/step_metrics.csv"
"runs","phase25_representation_v1/stage_b/minimal_contrast/seed_53/tokenizer_corpus.txt","7870","4c1a3ce96bed156ddabd0532b3ef189de1ee47a2fd507b95c3b6008fddac5005","https://media.lbsa71.net/LCE/runs/phase25_representation_v1/stage_b/minimal_contrast/seed_53/tokenizer_corpus.txt"
"runs","phase25_representation_v1/stage_b/minimal_contrast/seed_53/tokenizer/tokenizer.json","7042","252422b961a449f6f040229a703cf9e6d10e23e7689092c46058e535ce5185dc","https://media.lbsa71.net/LCE/runs/phase25_representation_v1/stage_b/minimal_contrast/seed_53/tokenizer/tokenizer.json"
"runs","phase25_representation_v1/stage_b/minimal_contrast/seed_67/metrics.json","981","9d2d9d31e3eab951c5d9f4d38f5bf5262c63dd36a56c8d0bcd42c7dd4807d890","https://media.lbsa71.net/LCE/runs/phase25_representation_v1/stage_b/minimal_contrast/seed_67/metrics.json"
"runs","phase25_representation_v1/stage_b/minimal_contrast/seed_67/parser_final.pt","1885796","f46c17d2876b8f76ee30f1143a906f64e275714c4ad99c21d4c0939316800f24","https://media.lbsa71.net/LCE/runs/phase25_representation_v1/stage_b/minimal_contrast/seed_67/parser_final.pt"
"runs","phase25_representation_v1/stage_b/minimal_contrast/seed_67/step_metrics.csv","48127","9739d4d3b14db1d6897503ece177354c54b08562ce29dbb76f66ee1ca1021e45","https://media.lbsa71.net/LCE/runs/phase25_representation_v1/stage_b/minimal_contrast/seed_67/step_metrics.csv"
"runs","phase25_representation_v1/stage_b/minimal_contrast/seed_67/tokenizer_corpus.txt","7870","4c1a3ce96bed156ddabd0532b3ef189de1ee47a2fd507b95c3b6008fddac5005","https://media.lbsa71.net/LCE/runs/phase25_representation_v1/stage_b/minimal_contrast/seed_67/tokenizer_corpus.txt"
"runs","phase25_representation_v1/stage_b/minimal_contrast/seed_67/tokenizer/tokenizer.json","7042","252422b961a449f6f040229a703cf9e6d10e23e7689092c46058e535ce5185dc","https://media.lbsa71.net/LCE/runs/phase25_representation_v1/stage_b/minimal_contrast/seed_67/tokenizer/tokenizer.json"
"runs","phase25_representation_v1/stage_b/typed_frame_contrast/seed_17/metrics.json","2788","29e49a09d6d74f8ccad34920b82dfd3824641bb32c5c0de223e92ad94a098c17","https://media.lbsa71.net/LCE/runs/phase25_representation_v1/stage_b/typed_frame_contrast/seed_17/metrics.json"
"runs","phase25_representation_v1/stage_b/typed_frame_contrast/seed_17/parser_final.pt","1885796","78635475cb1ec55642902aa7a3cf951c20c708e90d3d71f12f4b4688b3246686","https://media.lbsa71.net/LCE/runs/phase25_representation_v1/stage_b/typed_frame_contrast/seed_17/parser_final.pt"
"runs","phase25_representation_v1/stage_b/typed_frame_contrast/seed_17/step_metrics.csv","48139","1073de1abcb56119d02c0a8eb2326d7b916138a890d1bbefdfc05bfc7b0d393f","https://media.lbsa71.net/LCE/runs/phase25_representation_v1/stage_b/typed_frame_contrast/seed_17/step_metrics.csv"
"runs","phase25_representation_v1/stage_b/typed_frame_contrast/seed_17/tokenizer_corpus.txt","9274","d1ba6bdc3ba0648a64909d7b60b536ef1f7c23b3ecdcb4456d4004b086852db7","https://media.lbsa71.net/LCE/runs/phase25_representation_v1/stage_b/typed_frame_contrast/seed_17/tokenizer_corpus.txt"
"runs","phase25_representation_v1/stage_b/typed_frame_contrast/seed_17/tokenizer/tokenizer.json","7042","252422b961a449f6f040229a703cf9e6d10e23e7689092c46058e535ce5185dc","https://media.lbsa71.net/LCE/runs/phase25_representation_v1/stage_b/typed_frame_contrast/seed_17/tokenizer/tokenizer.json"
"runs","phase25_representation_v1/stage_b/typed_frame_contrast/seed_29/metrics.json","2787","412abda94b09f947b84c4de253c520d25f3d2db5155f7723ee98ceffe801ff0a","https://media.lbsa71.net/LCE/runs/phase25_representation_v1/stage_b/typed_frame_contrast/seed_29/metrics.json"
"runs","phase25_representation_v1/stage_b/typed_frame_contrast/seed_29/parser_final.pt","1885796","160d8be41d03f07c400c5dbddbae13ad846f416513307aa9f5052c288c93d4c9","https://media.lbsa71.net/LCE/runs/phase25_representation_v1/stage_b/typed_frame_contrast/seed_29/parser_final.pt"
"runs","phase25_representation_v1/stage_b/typed_frame_contrast/seed_29/step_metrics.csv","48152","407a77431ede2a0a1f3894f70a7509b413d0654ba25b0839962d754778342081","https://media.lbsa71.net/LCE/runs/phase25_representation_v1/stage_b/typed_frame_contrast/seed_29/step_metrics.csv"
"runs","phase25_representation_v1/stage_b/typed_frame_contrast/seed_29/tokenizer_corpus.txt","9274","d1ba6bdc3ba0648a64909d7b60b536ef1f7c23b3ecdcb4456d4004b086852db7","https://media.lbsa71.net/LCE/runs/phase25_representation_v1/stage_b/typed_frame_contrast/seed_29/tokenizer_corpus.txt"
"runs","phase25_representation_v1/stage_b/typed_frame_contrast/seed_29/tokenizer/tokenizer.json","7042","252422b961a449f6f040229a703cf9e6d10e23e7689092c46058e535ce5185dc","https://media.lbsa71.net/LCE/runs/phase25_representation_v1/stage_b/typed_frame_contrast/seed_29/tokenizer/tokenizer.json"
"runs","phase25_representation_v1/stage_b/typed_frame_contrast/seed_41/metrics.json","2782","a6b646a1b349dfc26265c4a3366364b485b78811ef143220f0259c14dda48f62","https://media.lbsa71.net/LCE/runs/phase25_representation_v1/stage_b/typed_frame_contrast/seed_41/metrics.json"
"runs","phase25_representation_v1/stage_b/typed_frame_contrast/seed_41/parser_final.pt","1885796","157149a0a302b87fec7cf145fef479c084a087d3f225cd2504049cc904fc48bb","https://media.lbsa71.net/LCE/runs/phase25_representation_v1/stage_b/typed_frame_contrast/seed_41/parser_final.pt"
"runs","phase25_representation_v1/stage_b/typed_frame_contrast/seed_41/step_metrics.csv","48132","633f5dced8bf17024fe864fe7a30fbf8f4b514dca5c3ea84ca4a5e791a7a0551","https://media.lbsa71.net/LCE/runs/phase25_representation_v1/stage_b/typed_frame_contrast/seed_41/step_metrics.csv"
"runs","phase25_representation_v1/stage_b/typed_frame_contrast/seed_41/tokenizer_corpus.txt","9274","d1ba6bdc3ba0648a64909d7b60b536ef1f7c23b3ecdcb4456d4004b086852db7","https://media.lbsa71.net/LCE/runs/phase25_representation_v1/stage_b/typed_frame_contrast/seed_41/tokenizer_corpus.txt"
"runs","phase25_representation_v1/stage_b/typed_frame_contrast/seed_41/tokenizer/tokenizer.json","7042","252422b961a449f6f040229a703cf9e6d10e23e7689092c46058e535ce5185dc","https://media.lbsa71.net/LCE/runs/phase25_representation_v1/stage_b/typed_frame_contrast/seed_41/tokenizer/tokenizer.json"
"runs","phase25_representation_v1/stage_b/typed_frame_contrast/seed_53/metrics.json","2778","33dcc5fd30886cb8c12bebe813798191177b59a429c8a732c7c2f539ae80fff2","https://media.lbsa71.net/LCE/runs/phase25_representation_v1/stage_b/typed_frame_contrast/seed_53/metrics.json"
"runs","phase25_representation_v1/stage_b/typed_frame_contrast/seed_53/parser_final.pt","1885796","8b92d11f127c97b3511859a4b912360e074dc6900f755bae9ab736533ca94ee5","https://media.lbsa71.net/LCE/runs/phase25_representation_v1/stage_b/typed_frame_contrast/seed_53/parser_final.pt"
"runs","phase25_representation_v1/stage_b/typed_frame_contrast/seed_53/step_metrics.csv","48140","a2b094790e10de385563fa77d0c041ea60c5a206f96eb20ac616a9712d314c6c","https://media.lbsa71.net/LCE/runs/phase25_representation_v1/stage_b/typed_frame_contrast/seed_53/step_metrics.csv"
"runs","phase25_representation_v1/stage_b/typed_frame_contrast/seed_53/tokenizer_corpus.txt","9274","d1ba6bdc3ba0648a64909d7b60b536ef1f7c23b3ecdcb4456d4004b086852db7","https://media.lbsa71.net/LCE/runs/phase25_representation_v1/stage_b/typed_frame_contrast/seed_53/tokenizer_corpus.txt"
"runs","phase25_representation_v1/stage_b/typed_frame_contrast/seed_53/tokenizer/tokenizer.json","7042","252422b961a449f6f040229a703cf9e6d10e23e7689092c46058e535ce5185dc","https://media.lbsa71.net/LCE/runs/phase25_representation_v1/stage_b/typed_frame_contrast/seed_53/tokenizer/tokenizer.json"
"runs","phase25_representation_v1/stage_b/typed_frame_contrast/seed_67/metrics.json","2786","9e3a92b170aff09511b48c5bd31ec430f1c941047c3254a666735810d1ec213a","https://media.lbsa71.net/LCE/runs/phase25_representation_v1/stage_b/typed_frame_contrast/seed_67/metrics.json"
"runs","phase25_representation_v1/stage_b/typed_frame_contrast/seed_67/parser_final.pt","1885796","92c28d6b7d79527278051bf92c7a8902d15ba50194a279c8c6d0b999a4f93284","https://media.lbsa71.net/LCE/runs/phase25_representation_v1/stage_b/typed_frame_contrast/seed_67/parser_final.pt"
"runs","phase25_representation_v1/stage_b/typed_frame_contrast/seed_67/step_metrics.csv","48112","e4f05f5ca566557c875765e9bf31ebc3d192d6fbd3075caacdc88dd031365a8d","https://media.lbsa71.net/LCE/runs/phase25_representation_v1/stage_b/typed_frame_contrast/seed_67/step_metrics.csv"
"runs","phase25_representation_v1/stage_b/typed_frame_contrast/seed_67/tokenizer_corpus.txt","9274","d1ba6bdc3ba0648a64909d7b60b536ef1f7c23b3ecdcb4456d4004b086852db7","https://media.lbsa71.net/LCE/runs/phase25_representation_v1/stage_b/typed_frame_contrast/seed_67/tokenizer_corpus.txt"
"runs","phase25_representation_v1/stage_b/typed_frame_contrast/seed_67/tokenizer/tokenizer.json","7042","252422b961a449f6f040229a703cf9e6d10e23e7689092c46058e535ce5185dc","https://media.lbsa71.net/LCE/runs/phase25_representation_v1/stage_b/typed_frame_contrast/seed_67/tokenizer/tokenizer.json"
"runs","phase25_representation_v1/stage_b/typed_frame/seed_17/metrics.json","2782","65661d8bbca47251c57810ea2eaf1131c98aa9b3af04cca59f2db52347243917","https://media.lbsa71.net/LCE/runs/phase25_representation_v1/stage_b/typed_frame/seed_17/metrics.json"
"runs","phase25_representation_v1/stage_b/typed_frame/seed_17/parser_final.pt","1885796","cc8dd7858a36766e9f4c22a3eecf4ca1fe8f6a4b7720e45db2dc1615bcc64889","https://media.lbsa71.net/LCE/runs/phase25_representation_v1/stage_b/typed_frame/seed_17/parser_final.pt"
"runs","phase25_representation_v1/stage_b/typed_frame/seed_17/step_metrics.csv","48136","4a265ae0ead7ed62aee6e885667807b57ceb0148755b8179ef1e04dce7408998","https://media.lbsa71.net/LCE/runs/phase25_representation_v1/stage_b/typed_frame/seed_17/step_metrics.csv"
"runs","phase25_representation_v1/stage_b/typed_frame/seed_17/tokenizer_corpus.txt","7908","ce9fef769bbbb46b989e72df503fab6640bf0b1bc330b518f5f87e6e0fa5d93a","https://media.lbsa71.net/LCE/runs/phase25_representation_v1/stage_b/typed_frame/seed_17/tokenizer_corpus.txt"
"runs","phase25_representation_v1/stage_b/typed_frame/seed_17/tokenizer/tokenizer.json","7042","252422b961a449f6f040229a703cf9e6d10e23e7689092c46058e535ce5185dc","https://media.lbsa71.net/LCE/runs/phase25_representation_v1/stage_b/typed_frame/seed_17/tokenizer/tokenizer.json"
"runs","phase25_representation_v1/stage_b/typed_frame/seed_29/metrics.json","2758","b5ddf54826bcc16fdc8efb2dcd4d56fb2a5cba5f6bdc951796d567183520ab9e","https://media.lbsa71.net/LCE/runs/phase25_representation_v1/stage_b/typed_frame/seed_29/metrics.json"
"runs","phase25_representation_v1/stage_b/typed_frame/seed_29/parser_final.pt","1885796","8c8146ae392fc6edfef7d4373279cf70f2eda4bf8fb9094519d82a2b4b5b55c1","https://media.lbsa71.net/LCE/runs/phase25_representation_v1/stage_b/typed_frame/seed_29/parser_final.pt"
"runs","phase25_representation_v1/stage_b/typed_frame/seed_29/step_metrics.csv","48141","67e4854070356b83119034b7fb794ad3c82b44a2d004a177d58a3b7bdbf440c3","https://media.lbsa71.net/LCE/runs/phase25_representation_v1/stage_b/typed_frame/seed_29/step_metrics.csv"
"runs","phase25_representation_v1/stage_b/typed_frame/seed_29/tokenizer_corpus.txt","7908","ce9fef769bbbb46b989e72df503fab6640bf0b1bc330b518f5f87e6e0fa5d93a","https://media.lbsa71.net/LCE/runs/phase25_representation_v1/stage_b/typed_frame/seed_29/tokenizer_corpus.txt"
"runs","phase25_representation_v1/stage_b/typed_frame/seed_29/tokenizer/tokenizer.json","7042","252422b961a449f6f040229a703cf9e6d10e23e7689092c46058e535ce5185dc","https://media.lbsa71.net/LCE/runs/phase25_representation_v1/stage_b/typed_frame/seed_29/tokenizer/tokenizer.json"
"runs","phase25_representation_v1/stage_b/typed_frame/seed_41/metrics.json","2760","e2a73d3b7ead1fe4055997b2a65de3681be0acfe3a288adfa222004fa1d46a3a","https://media.lbsa71.net/LCE/runs/phase25_representation_v1/stage_b/typed_frame/seed_41/metrics.json"
"runs","phase25_representation_v1/stage_b/typed_frame/seed_41/parser_final.pt","1885796","8589be6cd14998c2817cb7344be809baac00f3205c0e2e8547f2c153ee4d2d8c","https://media.lbsa71.net/LCE/runs/phase25_representation_v1/stage_b/typed_frame/seed_41/parser_final.pt"
"runs","phase25_representation_v1/stage_b/typed_frame/seed_41/step_metrics.csv","48180","b4ccac6db21e8b4da051525bd55d8eb563d3c1a845d86fa757c7245067860b90","https://media.lbsa71.net/LCE/runs/phase25_representation_v1/stage_b/typed_frame/seed_41/step_metrics.csv"
"runs","phase25_representation_v1/stage_b/typed_frame/seed_41/tokenizer_corpus.txt","7908","ce9fef769bbbb46b989e72df503fab6640bf0b1bc330b518f5f87e6e0fa5d93a","https://media.lbsa71.net/LCE/runs/phase25_representation_v1/stage_b/typed_frame/seed_41/tokenizer_corpus.txt"
"runs","phase25_representation_v1/stage_b/typed_frame/seed_41/tokenizer/tokenizer.json","7042","252422b961a449f6f040229a703cf9e6d10e23e7689092c46058e535ce5185dc","https://media.lbsa71.net/LCE/runs/phase25_representation_v1/stage_b/typed_frame/seed_41/tokenizer/tokenizer.json"
"runs","phase25_representation_v1/stage_b/typed_frame/seed_53/metrics.json","2772","c3b57a6a5dd5aa6d0a1e1a29f64cec4e72c723f6566f5d3065c6b42809966efb","https://media.lbsa71.net/LCE/runs/phase25_representation_v1/stage_b/typed_frame/seed_53/metrics.json"
"runs","phase25_representation_v1/stage_b/typed_frame/seed_53/parser_final.pt","1885796","8f282a5e525a366d786e460e585b20506e593a07a1d8660fb03b2a00431be148","https://media.lbsa71.net/LCE/runs/phase25_representation_v1/stage_b/typed_frame/seed_53/parser_final.pt"
"runs","phase25_representation_v1/stage_b/typed_frame/seed_53/step_metrics.csv","48143","cc08f61f8e7411f67a439a8187d89c2f59a03e07670bbf397b6a75288be25776","https://media.lbsa71.net/LCE/runs/phase25_representation_v1/stage_b/typed_frame/seed_53/step_metrics.csv"
"runs","phase25_representation_v1/stage_b/typed_frame/seed_53/tokenizer_corpus.txt","7908","ce9fef769bbbb46b989e72df503fab6640bf0b1bc330b518f5f87e6e0fa5d93a","https://media.lbsa71.net/LCE/runs/phase25_representation_v1/stage_b/typed_frame/seed_53/tokenizer_corpus.txt"
"runs","phase25_representation_v1/stage_b/typed_frame/seed_53/tokenizer/tokenizer.json","7042","252422b961a449f6f040229a703cf9e6d10e23e7689092c46058e535ce5185dc","https://media.lbsa71.net/LCE/runs/phase25_representation_v1/stage_b/typed_frame/seed_53/tokenizer/tokenizer.json"
"runs","phase25_representation_v1/stage_b/typed_frame/seed_67/metrics.json","2779","90e33d447e0ae2624e31fb753f840d4d6b16356ab679f9b3a6588c7e77ac9ae0","https://media.lbsa71.net/LCE/runs/phase25_representation_v1/stage_b/typed_frame/seed_67/metrics.json"
"runs","phase25_representation_v1/stage_b/typed_frame/seed_67/parser_final.pt","1885796","40fc23b0b2c31a671f86f619a1f4b047c76350b053f4f9582015c2a56fddaef9","https://media.lbsa71.net/LCE/runs/phase25_representation_v1/stage_b/typed_frame/seed_67/parser_final.pt"
"runs","phase25_representation_v1/stage_b/typed_frame/seed_67/step_metrics.csv","48132","2e0c7b7e51396182c71836d99274f952485d2d36563d7f7b8e71917080033858","https://media.lbsa71.net/LCE/runs/phase25_representation_v1/stage_b/typed_frame/seed_67/step_metrics.csv"
"runs","phase25_representation_v1/stage_b/typed_frame/seed_67/tokenizer_corpus.txt","7908","ce9fef769bbbb46b989e72df503fab6640bf0b1bc330b518f5f87e6e0fa5d93a","https://media.lbsa71.net/LCE/runs/phase25_representation_v1/stage_b/typed_frame/seed_67/tokenizer_corpus.txt"
"runs","phase25_representation_v1/stage_b/typed_frame/seed_67/tokenizer/tokenizer.json","7042","252422b961a449f6f040229a703cf9e6d10e23e7689092c46058e535ce5185dc","https://media.lbsa71.net/LCE/runs/phase25_representation_v1/stage_b/typed_frame/seed_67/tokenizer/tokenizer.json"
"runs","phase26_contrast_coverage_v1/confirmation/analysis.json","3128","54c70d3e6740bbadc54fab65c8d75b391a69ea6a2ad3745d354c7653ae6eb873","https://media.lbsa71.net/LCE/runs/phase26_contrast_coverage_v1/confirmation/analysis.json"
"runs","phase26_contrast_coverage_v1/confirmation/failure_audit.json","262638","80e8a1b12588f59224227bd44b34419c2bef672482d2fc49e204e3fa589333bc","https://media.lbsa71.net/LCE/runs/phase26_contrast_coverage_v1/confirmation/failure_audit.json"
"runs","phase26_contrast_coverage_v1/confirmation/registration.json","1066","c45656006380ce8f7f9770bb45890ff7db6504945c1f5481d6e5a510e826ff19","https://media.lbsa71.net/LCE/runs/phase26_contrast_coverage_v1/confirmation/registration.json"
"runs","phase26_contrast_coverage_v1/confirmation/results.json","24958","d4fabd17ccc413df00329f20ac876c2fd0927f06cad6cc52be1a32481191a018","https://media.lbsa71.net/LCE/runs/phase26_contrast_coverage_v1/confirmation/results.json"
"runs","phase26_contrast_coverage_v1/confirmation/split_manifests.json","2550","48991a8c47813729ac6c9edff5674557fb0cdf432c7af15bb05a8378e1a71cee","https://media.lbsa71.net/LCE/runs/phase26_contrast_coverage_v1/confirmation/split_manifests.json"
"runs","phase26_contrast_coverage_v1/confirmation/variants_4/baseline/seed_71/metrics.json","964","07d20e61b940817c3dd8f87a2d844a495b109eb74426699692c33b65e120256a","https://media.lbsa71.net/LCE/runs/phase26_contrast_coverage_v1/confirmation/variants_4/baseline/seed_71/metrics.json"
"runs","phase26_contrast_coverage_v1/confirmation/variants_4/baseline/seed_71/parser_final.pt","1885796","544f8c246bf187c853431e4f43310b8c1e207c353702658ca6d99b281f3f7d1d","https://media.lbsa71.net/LCE/runs/phase26_contrast_coverage_v1/confirmation/variants_4/baseline/seed_71/parser_final.pt"
"runs","phase26_contrast_coverage_v1/confirmation/variants_4/baseline/seed_71/step_metrics.csv","48462","82a131e5bf2cc029cb94662e64500b79563ce029b573b54779b91a4b01f75343","https://media.lbsa71.net/LCE/runs/phase26_contrast_coverage_v1/confirmation/variants_4/baseline/seed_71/step_metrics.csv"
"runs","phase26_contrast_coverage_v1/confirmation/variants_4/baseline/seed_71/tokenizer_corpus.txt","6504","2c96e4a9ebecf0fbd6414a0325578170ac345588212351953c628d74173854db","https://media.lbsa71.net/LCE/runs/phase26_contrast_coverage_v1/confirmation/variants_4/baseline/seed_71/tokenizer_corpus.txt"
"runs","phase26_contrast_coverage_v1/confirmation/variants_4/baseline/seed_71/tokenizer/tokenizer.json","7042","252422b961a449f6f040229a703cf9e6d10e23e7689092c46058e535ce5185dc","https://media.lbsa71.net/LCE/runs/phase26_contrast_coverage_v1/confirmation/variants_4/baseline/seed_71/tokenizer/tokenizer.json"
"runs","phase26_contrast_coverage_v1/confirmation/variants_4/baseline/seed_73/metrics.json","964","a9204e7f06aedfe1e770b37011d1dc3b2272e4a5eb4c7e3d046e11866798f4cd","https://media.lbsa71.net/LCE/runs/phase26_contrast_coverage_v1/confirmation/variants_4/baseline/seed_73/metrics.json"
"runs","phase26_contrast_coverage_v1/confirmation/variants_4/baseline/seed_73/parser_final.pt","1885796","6172b5eeb5be66e9031b17e4a6d640780908c76be9be683c0f62b80722044dad","https://media.lbsa71.net/LCE/runs/phase26_contrast_coverage_v1/confirmation/variants_4/baseline/seed_73/parser_final.pt"
"runs","phase26_contrast_coverage_v1/confirmation/variants_4/baseline/seed_73/step_metrics.csv","48556","df1e64f821adbd6050e809005d8a704767ab1b23572cf3e261a06a7a090413b9","https://media.lbsa71.net/LCE/runs/phase26_contrast_coverage_v1/confirmation/variants_4/baseline/seed_73/step_metrics.csv"
"runs","phase26_contrast_coverage_v1/confirmation/variants_4/baseline/seed_73/tokenizer_corpus.txt","6504","2c96e4a9ebecf0fbd6414a0325578170ac345588212351953c628d74173854db","https://media.lbsa71.net/LCE/runs/phase26_contrast_coverage_v1/confirmation/variants_4/baseline/seed_73/tokenizer_corpus.txt"
"runs","phase26_contrast_coverage_v1/confirmation/variants_4/baseline/seed_73/tokenizer/tokenizer.json","7042","252422b961a449f6f040229a703cf9e6d10e23e7689092c46058e535ce5185dc","https://media.lbsa71.net/LCE/runs/phase26_contrast_coverage_v1/confirmation/variants_4/baseline/seed_73/tokenizer/tokenizer.json"
"runs","phase26_contrast_coverage_v1/confirmation/variants_4/baseline/seed_79/metrics.json","964","6d264d545073163c52d69a4d162a128c8ff385bff1fef87961de21871e47a53b","https://media.lbsa71.net/LCE/runs/phase26_contrast_coverage_v1/confirmation/variants_4/baseline/seed_79/metrics.json"
"runs","phase26_contrast_coverage_v1/confirmation/variants_4/baseline/seed_79/parser_final.pt","1885796","7245d1c75741b2d3924b5d6c8ace0b59b74928fc1aaf7ceef24f6c4ae56a72b4","https://media.lbsa71.net/LCE/runs/phase26_contrast_coverage_v1/confirmation/variants_4/baseline/seed_79/parser_final.pt"
"runs","phase26_contrast_coverage_v1/confirmation/variants_4/baseline/seed_79/step_metrics.csv","48798","1bb56f979f4694d42fdec37dc2c9a457d064aaf9cccf58439e2b70e4a62fcad9","https://media.lbsa71.net/LCE/runs/phase26_contrast_coverage_v1/confirmation/variants_4/baseline/seed_79/step_metrics.csv"
"runs","phase26_contrast_coverage_v1/confirmation/variants_4/baseline/seed_79/tokenizer_corpus.txt","6504","2c96e4a9ebecf0fbd6414a0325578170ac345588212351953c628d74173854db","https://media.lbsa71.net/LCE/runs/phase26_contrast_coverage_v1/confirmation/variants_4/baseline/seed_79/tokenizer_corpus.txt"
"runs","phase26_contrast_coverage_v1/confirmation/variants_4/baseline/seed_79/tokenizer/tokenizer.json","7042","252422b961a449f6f040229a703cf9e6d10e23e7689092c46058e535ce5185dc","https://media.lbsa71.net/LCE/runs/phase26_contrast_coverage_v1/confirmation/variants_4/baseline/seed_79/tokenizer/tokenizer.json"
"runs","phase26_contrast_coverage_v1/confirmation/variants_4/baseline/seed_83/metrics.json","962","b5a6f64a0eca37ef5cf83d61196582ed9034c158376a03da4215989003904833","https://media.lbsa71.net/LCE/runs/phase26_contrast_coverage_v1/confirmation/variants_4/baseline/seed_83/metrics.json"
"runs","phase26_contrast_coverage_v1/confirmation/variants_4/baseline/seed_83/parser_final.pt","1885796","ffd1b71b63c9594a4c50fe2cc335c7a53b563a676b3456aa85cff2aa2e81f2d2","https://media.lbsa71.net/LCE/runs/phase26_contrast_coverage_v1/confirmation/variants_4/baseline/seed_83/parser_final.pt"
"runs","phase26_contrast_coverage_v1/confirmation/variants_4/baseline/seed_83/step_metrics.csv","48753","92daa737dd10fff7dd03e709391932617240f218917b2a3b1daab0f94e8b5593","https://media.lbsa71.net/LCE/runs/phase26_contrast_coverage_v1/confirmation/variants_4/baseline/seed_83/step_metrics.csv"
"runs","phase26_contrast_coverage_v1/confirmation/variants_4/baseline/seed_83/tokenizer_corpus.txt","6504","2c96e4a9ebecf0fbd6414a0325578170ac345588212351953c628d74173854db","https://media.lbsa71.net/LCE/runs/phase26_contrast_coverage_v1/confirmation/variants_4/baseline/seed_83/tokenizer_corpus.txt"
"runs","phase26_contrast_coverage_v1/confirmation/variants_4/baseline/seed_83/tokenizer/tokenizer.json","7042","252422b961a449f6f040229a703cf9e6d10e23e7689092c46058e535ce5185dc","https://media.lbsa71.net/LCE/runs/phase26_contrast_coverage_v1/confirmation/variants_4/baseline/seed_83/tokenizer/tokenizer.json"
"runs","phase26_contrast_coverage_v1/confirmation/variants_4/baseline/seed_89/metrics.json","959","cf4d5813d65f28f55ee87eb77884f06c8d3fca388b71fda511e34c98d6e431ff","https://media.lbsa71.net/LCE/runs/phase26_contrast_coverage_v1/confirmation/variants_4/baseline/seed_89/metrics.json"
"runs","phase26_contrast_coverage_v1/confirmation/variants_4/baseline/seed_89/parser_final.pt","1885796","8925da7f598c540ec9068c63da5ec578f37d3bc6912299891f29ebe99b4284e5","https://media.lbsa71.net/LCE/runs/phase26_contrast_coverage_v1/confirmation/variants_4/baseline/seed_89/parser_final.pt"
"runs","phase26_contrast_coverage_v1/confirmation/variants_4/baseline/seed_89/step_metrics.csv","48794","15061bdc82bfa06abe4479323899c925b6d767db842f556eff4b11caa2adf077","https://media.lbsa71.net/LCE/runs/phase26_contrast_coverage_v1/confirmation/variants_4/baseline/seed_89/step_metrics.csv"
"runs","phase26_contrast_coverage_v1/confirmation/variants_4/baseline/seed_89/tokenizer_corpus.txt","6504","2c96e4a9ebecf0fbd6414a0325578170ac345588212351953c628d74173854db","https://media.lbsa71.net/LCE/runs/phase26_contrast_coverage_v1/confirmation/variants_4/baseline/seed_89/tokenizer_corpus.txt"
"runs","phase26_contrast_coverage_v1/confirmation/variants_4/baseline/seed_89/tokenizer/tokenizer.json","7042","252422b961a449f6f040229a703cf9e6d10e23e7689092c46058e535ce5185dc","https://media.lbsa71.net/LCE/runs/phase26_contrast_coverage_v1/confirmation/variants_4/baseline/seed_89/tokenizer/tokenizer.json"
"runs","phase26_contrast_coverage_v1/confirmation/variants_4/minimal_lexical_contrast/seed_71/metrics.json","980","ca509fd19f5ec75e0c65659f81c5e89328435c2add4cc2d6409588bb6fcd46e0","https://media.lbsa71.net/LCE/runs/phase26_contrast_coverage_v1/confirmation/variants_4/minimal_lexical_contrast/seed_71/metrics.json"
"runs","phase26_contrast_coverage_v1/confirmation/variants_4/minimal_lexical_contrast/seed_71/parser_final.pt","1885796","c8d0797624aad808984af4825310b36653119e03670b376a800a7138188af0af","https://media.lbsa71.net/LCE/runs/phase26_contrast_coverage_v1/confirmation/variants_4/minimal_lexical_contrast/seed_71/parser_final.pt"
"runs","phase26_contrast_coverage_v1/confirmation/variants_4/minimal_lexical_contrast/seed_71/step_metrics.csv","48793","d4099dfea30dd5e2baf01481f73e8aa41f35d837835ca45c5f953cb2836136e6","https://media.lbsa71.net/LCE/runs/phase26_contrast_coverage_v1/confirmation/variants_4/minimal_lexical_contrast/seed_71/step_metrics.csv"
"runs","phase26_contrast_coverage_v1/confirmation/variants_4/minimal_lexical_contrast/seed_71/tokenizer_corpus.txt","7991","f1f669abd3125775510f85ecc35da60ab932a22e0a337200fa5371a8ae50dc4c","https://media.lbsa71.net/LCE/runs/phase26_contrast_coverage_v1/confirmation/variants_4/minimal_lexical_contrast/seed_71/tokenizer_corpus.txt"
"runs","phase26_contrast_coverage_v1/confirmation/variants_4/minimal_lexical_contrast/seed_71/tokenizer/tokenizer.json","7042","252422b961a449f6f040229a703cf9e6d10e23e7689092c46058e535ce5185dc","https://media.lbsa71.net/LCE/runs/phase26_contrast_coverage_v1/confirmation/variants_4/minimal_lexical_contrast/seed_71/tokenizer/tokenizer.json"
"runs","phase26_contrast_coverage_v1/confirmation/variants_4/minimal_lexical_contrast/seed_73/metrics.json","979","392da93689361aa1bf3b9e2c61deee53bfffff80018cae83ef2ebba946980287","https://media.lbsa71.net/LCE/runs/phase26_contrast_coverage_v1/confirmation/variants_4/minimal_lexical_contrast/seed_73/metrics.json"
"runs","phase26_contrast_coverage_v1/confirmation/variants_4/minimal_lexical_contrast/seed_73/parser_final.pt","1885796","1c11774918637f74e865b8759f0ec6f06022a455d15f6fe8c0744b19febdc969","https://media.lbsa71.net/LCE/runs/phase26_contrast_coverage_v1/confirmation/variants_4/minimal_lexical_contrast/seed_73/parser_final.pt"
"runs","phase26_contrast_coverage_v1/confirmation/variants_4/minimal_lexical_contrast/seed_73/step_metrics.csv","48328","d8d57124143f12d2e730be04661f06ac761d3796d38777036aa62dd8c30905b4","https://media.lbsa71.net/LCE/runs/phase26_contrast_coverage_v1/confirmation/variants_4/minimal_lexical_contrast/seed_73/step_metrics.csv"
"runs","phase26_contrast_coverage_v1/confirmation/variants_4/minimal_lexical_contrast/seed_73/tokenizer_corpus.txt","7991","f1f669abd3125775510f85ecc35da60ab932a22e0a337200fa5371a8ae50dc4c","https://media.lbsa71.net/LCE/runs/phase26_contrast_coverage_v1/confirmation/variants_4/minimal_lexical_contrast/seed_73/tokenizer_corpus.txt"
"runs","phase26_contrast_coverage_v1/confirmation/variants_4/minimal_lexical_contrast/seed_73/tokenizer/tokenizer.json","7042","252422b961a449f6f040229a703cf9e6d10e23e7689092c46058e535ce5185dc","https://media.lbsa71.net/LCE/runs/phase26_contrast_coverage_v1/confirmation/variants_4/minimal_lexical_contrast/seed_73/tokenizer/tokenizer.json"
"runs","phase26_contrast_coverage_v1/confirmation/variants_4/minimal_lexical_contrast/seed_79/metrics.json","980","b51ff8cf6fd080b14b9d268625be2dcd6f81c74724b118f6290c7fb716395239","https://media.lbsa71.net/LCE/runs/phase26_contrast_coverage_v1/confirmation/variants_4/minimal_lexical_contrast/seed_79/metrics.json"
"runs","phase26_contrast_coverage_v1/confirmation/variants_4/minimal_lexical_contrast/seed_79/parser_final.pt","1885796","9c71d0326591f10bdb86785a04638788eecfebbd43726aeb9190ff22863ec9a9","https://media.lbsa71.net/LCE/runs/phase26_contrast_coverage_v1/confirmation/variants_4/minimal_lexical_contrast/seed_79/parser_final.pt"
"runs","phase26_contrast_coverage_v1/confirmation/variants_4/minimal_lexical_contrast/seed_79/step_metrics.csv","48426","d8819e294945e9cc363678f9d35a034971edaaca1384874eedf2e8026f79a474","https://media.lbsa71.net/LCE/runs/phase26_contrast_coverage_v1/confirmation/variants_4/minimal_lexical_contrast/seed_79/step_metrics.csv"
"runs","phase26_contrast_coverage_v1/confirmation/variants_4/minimal_lexical_contrast/seed_79/tokenizer_corpus.txt","7991","f1f669abd3125775510f85ecc35da60ab932a22e0a337200fa5371a8ae50dc4c","https://media.lbsa71.net/LCE/runs/phase26_contrast_coverage_v1/confirmation/variants_4/minimal_lexical_contrast/seed_79/tokenizer_corpus.txt"
"runs","phase26_contrast_coverage_v1/confirmation/variants_4/minimal_lexical_contrast/seed_79/tokenizer/tokenizer.json","7042","252422b961a449f6f040229a703cf9e6d10e23e7689092c46058e535ce5185dc","https://media.lbsa71.net/LCE/runs/phase26_contrast_coverage_v1/confirmation/variants_4/minimal_lexical_contrast/seed_79/tokenizer/tokenizer.json"
"runs","phase26_contrast_coverage_v1/confirmation/variants_4/minimal_lexical_contrast/seed_83/metrics.json","979","6b6b5aaed7454aa8c792dc117ba5b23e27cfc0bc75da32738364e5317048d449","https://media.lbsa71.net/LCE/runs/phase26_contrast_coverage_v1/confirmation/variants_4/minimal_lexical_contrast/seed_83/metrics.json"
"runs","phase26_contrast_coverage_v1/confirmation/variants_4/minimal_lexical_contrast/seed_83/parser_final.pt","1885796","fb0ee71d2403332e28ee2226b28911c03c79348a075fce421d3983a051decbf8","https://media.lbsa71.net/LCE/runs/phase26_contrast_coverage_v1/confirmation/variants_4/minimal_lexical_contrast/seed_83/parser_final.pt"
"runs","phase26_contrast_coverage_v1/confirmation/variants_4/minimal_lexical_contrast/seed_83/step_metrics.csv","48224","12762d923c29288e740aba3fd76f45d4987595a9f10f006b4868d84ccc42d27f","https://media.lbsa71.net/LCE/runs/phase26_contrast_coverage_v1/confirmation/variants_4/minimal_lexical_contrast/seed_83/step_metrics.csv"
"runs","phase26_contrast_coverage_v1/confirmation/variants_4/minimal_lexical_contrast/seed_83/tokenizer_corpus.txt","7991","f1f669abd3125775510f85ecc35da60ab932a22e0a337200fa5371a8ae50dc4c","https://media.lbsa71.net/LCE/runs/phase26_contrast_coverage_v1/confirmation/variants_4/minimal_lexical_contrast/seed_83/tokenizer_corpus.txt"
"runs","phase26_contrast_coverage_v1/confirmation/variants_4/minimal_lexical_contrast/seed_83/tokenizer/tokenizer.json","7042","252422b961a449f6f040229a703cf9e6d10e23e7689092c46058e535ce5185dc","https://media.lbsa71.net/LCE/runs/phase26_contrast_coverage_v1/confirmation/variants_4/minimal_lexical_contrast/seed_83/tokenizer/tokenizer.json"
"runs","phase26_contrast_coverage_v1/confirmation/variants_4/minimal_lexical_contrast/seed_89/metrics.json","975","4b3406242301dd63a2ea81ded8f90ab35e46e8244ebb598093417363ad2adaf2","https://media.lbsa71.net/LCE/runs/phase26_contrast_coverage_v1/confirmation/variants_4/minimal_lexical_contrast/seed_89/metrics.json"
"runs","phase26_contrast_coverage_v1/confirmation/variants_4/minimal_lexical_contrast/seed_89/parser_final.pt","1885796","02c243ec4583770046a27f9f6bb33ccf3e27ddc6f84edc04e9e089ede19224aa","https://media.lbsa71.net/LCE/runs/phase26_contrast_coverage_v1/confirmation/variants_4/minimal_lexical_contrast/seed_89/parser_final.pt"
"runs","phase26_contrast_coverage_v1/confirmation/variants_4/minimal_lexical_contrast/seed_89/step_metrics.csv","48702","bd6e2f5e6c364ab5cd12870638cba320f57a3111c23683803ccd1c09f765b4f4","https://media.lbsa71.net/LCE/runs/phase26_contrast_coverage_v1/confirmation/variants_4/minimal_lexical_contrast/seed_89/step_metrics.csv"
"runs","phase26_contrast_coverage_v1/confirmation/variants_4/minimal_lexical_contrast/seed_89/tokenizer_corpus.txt","7991","f1f669abd3125775510f85ecc35da60ab932a22e0a337200fa5371a8ae50dc4c","https://media.lbsa71.net/LCE/runs/phase26_contrast_coverage_v1/confirmation/variants_4/minimal_lexical_contrast/seed_89/tokenizer_corpus.txt"
"runs","phase26_contrast_coverage_v1/confirmation/variants_4/minimal_lexical_contrast/seed_89/tokenizer/tokenizer.json","7042","252422b961a449f6f040229a703cf9e6d10e23e7689092c46058e535ce5185dc","https://media.lbsa71.net/LCE/runs/phase26_contrast_coverage_v1/confirmation/variants_4/minimal_lexical_contrast/seed_89/tokenizer/tokenizer.json"
"runs","phase26_contrast_coverage_v1/confirmation/variants_8/baseline/seed_71/metrics.json","965","2f3f3673b09d42d24d8834d06f86a387872fd068c453281cd6cca823ee5f5f9f","https://media.lbsa71.net/LCE/runs/phase26_contrast_coverage_v1/confirmation/variants_8/baseline/seed_71/metrics.json"
"runs","phase26_contrast_coverage_v1/confirmation/variants_8/baseline/seed_71/parser_final.pt","1885796","688779ba3be6e7e958c3efc35df7872cdea91ae9ef31bedd5e4d593331d34a19","https://media.lbsa71.net/LCE/runs/phase26_contrast_coverage_v1/confirmation/variants_8/baseline/seed_71/parser_final.pt"
"runs","phase26_contrast_coverage_v1/confirmation/variants_8/baseline/seed_71/step_metrics.csv","97149","5c2453395217fba0f78520d7f4ebd2a9090cc5139ffd877fdba69b2760ff3f80","https://media.lbsa71.net/LCE/runs/phase26_contrast_coverage_v1/confirmation/variants_8/baseline/seed_71/step_metrics.csv"
"runs","phase26_contrast_coverage_v1/confirmation/variants_8/baseline/seed_71/tokenizer_corpus.txt","14616","f100990d7d73ffc51c9bfcf62346f65c179fa48b2b12dd2425842963f334b880","https://media.lbsa71.net/LCE/runs/phase26_contrast_coverage_v1/confirmation/variants_8/baseline/seed_71/tokenizer_corpus.txt"
"runs","phase26_contrast_coverage_v1/confirmation/variants_8/baseline/seed_71/tokenizer/tokenizer.json","7042","252422b961a449f6f040229a703cf9e6d10e23e7689092c46058e535ce5185dc","https://media.lbsa71.net/LCE/runs/phase26_contrast_coverage_v1/confirmation/variants_8/baseline/seed_71/tokenizer/tokenizer.json"
"runs","phase26_contrast_coverage_v1/confirmation/variants_8/baseline/seed_73/metrics.json","965","4e73473fb4fb22c18b0146018bf6f7ad61b8758b7101387fcf22ae100393dcd1","https://media.lbsa71.net/LCE/runs/phase26_contrast_coverage_v1/confirmation/variants_8/baseline/seed_73/metrics.json"
"runs","phase26_contrast_coverage_v1/confirmation/variants_8/baseline/seed_73/parser_final.pt","1885796","05061b02d2bc102962a321a79f0d75fe8e03a65973e8c9348930341aef1960da","https://media.lbsa71.net/LCE/runs/phase26_contrast_coverage_v1/confirmation/variants_8/baseline/seed_73/parser_final.pt"
"runs","phase26_contrast_coverage_v1/confirmation/variants_8/baseline/seed_73/step_metrics.csv","97593","d5acbcf3b9ef427d5bfb5b2460d6171e8ebdf9c24afd2673b64f1976681db982","https://media.lbsa71.net/LCE/runs/phase26_contrast_coverage_v1/confirmation/variants_8/baseline/seed_73/step_metrics.csv"
"runs","phase26_contrast_coverage_v1/confirmation/variants_8/baseline/seed_73/tokenizer_corpus.txt","14616","f100990d7d73ffc51c9bfcf62346f65c179fa48b2b12dd2425842963f334b880","https://media.lbsa71.net/LCE/runs/phase26_contrast_coverage_v1/confirmation/variants_8/baseline/seed_73/tokenizer_corpus.txt"
"runs","phase26_contrast_coverage_v1/confirmation/variants_8/baseline/seed_73/tokenizer/tokenizer.json","7042","252422b961a449f6f040229a703cf9e6d10e23e7689092c46058e535ce5185dc","https://media.lbsa71.net/LCE/runs/phase26_contrast_coverage_v1/confirmation/variants_8/baseline/seed_73/tokenizer/tokenizer.json"
"runs","phase26_contrast_coverage_v1/confirmation/variants_8/baseline/seed_79/metrics.json","963","b4bb51a0eab075d5bffc668cffd7c7c0094422bc4fb3a53fd7bcba855dfebfe4","https://media.lbsa71.net/LCE/runs/phase26_contrast_coverage_v1/confirmation/variants_8/baseline/seed_79/metrics.json"
"runs","phase26_contrast_coverage_v1/confirmation/variants_8/baseline/seed_79/parser_final.pt","1885796","7262e3b08e70266172e6f81592cb32e73503e420a8b15e65cbdd7971d28c8efb","https://media.lbsa71.net/LCE/runs/phase26_contrast_coverage_v1/confirmation/variants_8/baseline/seed_79/parser_final.pt"
"runs","phase26_contrast_coverage_v1/confirmation/variants_8/baseline/seed_79/step_metrics.csv","97089","fe4d299ac8b4841c11634e1ba1af5d9636db1c3daf9e7a9fbb02502f8333e440","https://media.lbsa71.net/LCE/runs/phase26_contrast_coverage_v1/confirmation/variants_8/baseline/seed_79/step_metrics.csv"
"runs","phase26_contrast_coverage_v1/confirmation/variants_8/baseline/seed_79/tokenizer_corpus.txt","14616","f100990d7d73ffc51c9bfcf62346f65c179fa48b2b12dd2425842963f334b880","https://media.lbsa71.net/LCE/runs/phase26_contrast_coverage_v1/confirmation/variants_8/baseline/seed_79/tokenizer_corpus.txt"
"runs","phase26_contrast_coverage_v1/confirmation/variants_8/baseline/seed_79/tokenizer/tokenizer.json","7042","252422b961a449f6f040229a703cf9e6d10e23e7689092c46058e535ce5185dc","https://media.lbsa71.net/LCE/runs/phase26_contrast_coverage_v1/confirmation/variants_8/baseline/seed_79/tokenizer/tokenizer.json"
"runs","phase26_contrast_coverage_v1/confirmation/variants_8/baseline/seed_83/metrics.json","962","5bbe61a1cfa700061349260f0fa61739576899220d93df6bc52b306159dd6398","https://media.lbsa71.net/LCE/runs/phase26_contrast_coverage_v1/confirmation/variants_8/baseline/seed_83/metrics.json"
"runs","phase26_contrast_coverage_v1/confirmation/variants_8/baseline/seed_83/parser_final.pt","1885796","e32ebb33deb8244d7c28bca14995cdf5c7c2879dd93d51df311fa7791194ee7a","https://media.lbsa71.net/LCE/runs/phase26_contrast_coverage_v1/confirmation/variants_8/baseline/seed_83/parser_final.pt"
"runs","phase26_contrast_coverage_v1/confirmation/variants_8/baseline/seed_83/step_metrics.csv","97850","6d1795ba4afd2b2dc5433e338105167acda56a51043ab0cc2d922e8485daa135","https://media.lbsa71.net/LCE/runs/phase26_contrast_coverage_v1/confirmation/variants_8/baseline/seed_83/step_metrics.csv"
"runs","phase26_contrast_coverage_v1/confirmation/variants_8/baseline/seed_83/tokenizer_corpus.txt","14616","f100990d7d73ffc51c9bfcf62346f65c179fa48b2b12dd2425842963f334b880","https://media.lbsa71.net/LCE/runs/phase26_contrast_coverage_v1/confirmation/variants_8/baseline/seed_83/tokenizer_corpus.txt"
"runs","phase26_contrast_coverage_v1/confirmation/variants_8/baseline/seed_83/tokenizer/tokenizer.json","7042","252422b961a449f6f040229a703cf9e6d10e23e7689092c46058e535ce5185dc","https://media.lbsa71.net/LCE/runs/phase26_contrast_coverage_v1/confirmation/variants_8/baseline/seed_83/tokenizer/tokenizer.json"
"runs","phase26_contrast_coverage_v1/confirmation/variants_8/baseline/seed_89/metrics.json","965","0cc19bfcc549b242ff36556971ddb83d08b5ac287feec5f1922240cea6ba6047","https://media.lbsa71.net/LCE/runs/phase26_contrast_coverage_v1/confirmation/variants_8/baseline/seed_89/metrics.json"
"runs","phase26_contrast_coverage_v1/confirmation/variants_8/baseline/seed_89/parser_final.pt","1885796","69333b7faa725dcb261b03854a21c7734c97e77843cd8f8374f5870b54e1a37c","https://media.lbsa71.net/LCE/runs/phase26_contrast_coverage_v1/confirmation/variants_8/baseline/seed_89/parser_final.pt"
"runs","phase26_contrast_coverage_v1/confirmation/variants_8/baseline/seed_89/step_metrics.csv","97340","0426e71746c61ee194134d648217ca6e03ebbeec00e81e2337f67da5a59a97e2","https://media.lbsa71.net/LCE/runs/phase26_contrast_coverage_v1/confirmation/variants_8/baseline/seed_89/step_metrics.csv"
"runs","phase26_contrast_coverage_v1/confirmation/variants_8/baseline/seed_89/tokenizer_corpus.txt","14616","f100990d7d73ffc51c9bfcf62346f65c179fa48b2b12dd2425842963f334b880","https://media.lbsa71.net/LCE/runs/phase26_contrast_coverage_v1/confirmation/variants_8/baseline/seed_89/tokenizer_corpus.txt"
"runs","phase26_contrast_coverage_v1/confirmation/variants_8/baseline/seed_89/tokenizer/tokenizer.json","7042","252422b961a449f6f040229a703cf9e6d10e23e7689092c46058e535ce5185dc","https://media.lbsa71.net/LCE/runs/phase26_contrast_coverage_v1/confirmation/variants_8/baseline/seed_89/tokenizer/tokenizer.json"
"runs","phase26_contrast_coverage_v1/confirmation/variants_8/minimal_lexical_contrast/seed_71/metrics.json","976","2a0b8d859f6654ccc54e0eca4578b75976c3319ced710b35579388247e166cac","https://media.lbsa71.net/LCE/runs/phase26_contrast_coverage_v1/confirmation/variants_8/minimal_lexical_contrast/seed_71/metrics.json"
"runs","phase26_contrast_coverage_v1/confirmation/variants_8/minimal_lexical_contrast/seed_71/parser_final.pt","1885796","07fd1d3d146138bef69f0791574777868d2cc587a6bc9f637b0b8655dbd6bd84","https://media.lbsa71.net/LCE/runs/phase26_contrast_coverage_v1/confirmation/variants_8/minimal_lexical_contrast/seed_71/parser_final.pt"
"runs","phase26_contrast_coverage_v1/confirmation/variants_8/minimal_lexical_contrast/seed_71/step_metrics.csv","98116","bd5d699613e6677da460a9b029f5cbbf085691fe90db818aa897101294a28056","https://media.lbsa71.net/LCE/runs/phase26_contrast_coverage_v1/confirmation/variants_8/minimal_lexical_contrast/seed_71/step_metrics.csv"
"runs","phase26_contrast_coverage_v1/confirmation/variants_8/minimal_lexical_contrast/seed_71/tokenizer_corpus.txt","17407","f09022c81d5ad08440c9da26872a906c5ab4a875b4243fb6524314af1c42d89b","https://media.lbsa71.net/LCE/runs/phase26_contrast_coverage_v1/confirmation/variants_8/minimal_lexical_contrast/seed_71/tokenizer_corpus.txt"
"runs","phase26_contrast_coverage_v1/confirmation/variants_8/minimal_lexical_contrast/seed_71/tokenizer/tokenizer.json","7042","252422b961a449f6f040229a703cf9e6d10e23e7689092c46058e535ce5185dc","https://media.lbsa71.net/LCE/runs/phase26_contrast_coverage_v1/confirmation/variants_8/minimal_lexical_contrast/seed_71/tokenizer/tokenizer.json"
"runs","phase26_contrast_coverage_v1/confirmation/variants_8/minimal_lexical_contrast/seed_73/metrics.json","976","f64387e2795ca205c0abf807a1686b8be359c6de3a54b88fb9f0898180c94961","https://media.lbsa71.net/LCE/runs/phase26_contrast_coverage_v1/confirmation/variants_8/minimal_lexical_contrast/seed_73/metrics.json"
"runs","phase26_contrast_coverage_v1/confirmation/variants_8/minimal_lexical_contrast/seed_73/parser_final.pt","1885796","80d20500c7058f08400579d846944e1e7e483d954ba4f6bd6e78e9bd0cd23ce1","https://media.lbsa71.net/LCE/runs/phase26_contrast_coverage_v1/confirmation/variants_8/minimal_lexical_contrast/seed_73/parser_final.pt"
"runs","phase26_contrast_coverage_v1/confirmation/variants_8/minimal_lexical_contrast/seed_73/step_metrics.csv","97808","63d2df98d6dfcfa4b2222d2feec177c649a022ef85723c63f63f3de081adb881","https://media.lbsa71.net/LCE/runs/phase26_contrast_coverage_v1/confirmation/variants_8/minimal_lexical_contrast/seed_73/step_metrics.csv"
"runs","phase26_contrast_coverage_v1/confirmation/variants_8/minimal_lexical_contrast/seed_73/tokenizer_corpus.txt","17407","f09022c81d5ad08440c9da26872a906c5ab4a875b4243fb6524314af1c42d89b","https://media.lbsa71.net/LCE/runs/phase26_contrast_coverage_v1/confirmation/variants_8/minimal_lexical_contrast/seed_73/tokenizer_corpus.txt"
"runs","phase26_contrast_coverage_v1/confirmation/variants_8/minimal_lexical_contrast/seed_73/tokenizer/tokenizer.json","7042","252422b961a449f6f040229a703cf9e6d10e23e7689092c46058e535ce5185dc","https://media.lbsa71.net/LCE/runs/phase26_contrast_coverage_v1/confirmation/variants_8/minimal_lexical_contrast/seed_73/tokenizer/tokenizer.json"
"runs","phase26_contrast_coverage_v1/confirmation/variants_8/minimal_lexical_contrast/seed_79/metrics.json","978","7a3bfbc9076f6feff884805157f4b72ad36ca7837ab53cba75727f4d1e4b6d53","https://media.lbsa71.net/LCE/runs/phase26_contrast_coverage_v1/confirmation/variants_8/minimal_lexical_contrast/seed_79/metrics.json"
"runs","phase26_contrast_coverage_v1/confirmation/variants_8/minimal_lexical_contrast/seed_79/parser_final.pt","1885796","17962d2c7d7e4660c1e98daaecf7ac007c67f7d91601648be4c3e1ce75c47631","https://media.lbsa71.net/LCE/runs/phase26_contrast_coverage_v1/confirmation/variants_8/minimal_lexical_contrast/seed_79/parser_final.pt"
"runs","phase26_contrast_coverage_v1/confirmation/variants_8/minimal_lexical_contrast/seed_79/step_metrics.csv","97914","b9a2d6b86ac3437f38ed582a0249220b8d60161314b442b33b4de65e6f23107b","https://media.lbsa71.net/LCE/runs/phase26_contrast_coverage_v1/confirmation/variants_8/minimal_lexical_contrast/seed_79/step_metrics.csv"
"runs","phase26_contrast_coverage_v1/confirmation/variants_8/minimal_lexical_contrast/seed_79/tokenizer_corpus.txt","17407","f09022c81d5ad08440c9da26872a906c5ab4a875b4243fb6524314af1c42d89b","https://media.lbsa71.net/LCE/runs/phase26_contrast_coverage_v1/confirmation/variants_8/minimal_lexical_contrast/seed_79/tokenizer_corpus.txt"
"runs","phase26_contrast_coverage_v1/confirmation/variants_8/minimal_lexical_contrast/seed_79/tokenizer/tokenizer.json","7042","252422b961a449f6f040229a703cf9e6d10e23e7689092c46058e535ce5185dc","https://media.lbsa71.net/LCE/runs/phase26_contrast_coverage_v1/confirmation/variants_8/minimal_lexical_contrast/seed_79/tokenizer/tokenizer.json"
"runs","phase26_contrast_coverage_v1/confirmation/variants_8/minimal_lexical_contrast/seed_83/metrics.json","973","2af34b02b8fa3ccf10dd82a17c12c8206f066b511a09786cb5468f2b46ad0475","https://media.lbsa71.net/LCE/runs/phase26_contrast_coverage_v1/confirmation/variants_8/minimal_lexical_contrast/seed_83/metrics.json"
"runs","phase26_contrast_coverage_v1/confirmation/variants_8/minimal_lexical_contrast/seed_83/parser_final.pt","1885796","31afc17501015a115d2b1fd3fadbaee74f6b0f7ed55c3c4732e0501a3cb41c19","https://media.lbsa71.net/LCE/runs/phase26_contrast_coverage_v1/confirmation/variants_8/minimal_lexical_contrast/seed_83/parser_final.pt"
"runs","phase26_contrast_coverage_v1/confirmation/variants_8/minimal_lexical_contrast/seed_83/step_metrics.csv","97728","8054da74e1d81d99f27c8b69d2bf5f426611e21762408ce39e81047fcf1a91bf","https://media.lbsa71.net/LCE/runs/phase26_contrast_coverage_v1/confirmation/variants_8/minimal_lexical_contrast/seed_83/step_metrics.csv"
"runs","phase26_contrast_coverage_v1/confirmation/variants_8/minimal_lexical_contrast/seed_83/tokenizer_corpus.txt","17407","f09022c81d5ad08440c9da26872a906c5ab4a875b4243fb6524314af1c42d89b","https://media.lbsa71.net/LCE/runs/phase26_contrast_coverage_v1/confirmation/variants_8/minimal_lexical_contrast/seed_83/tokenizer_corpus.txt"
"runs","phase26_contrast_coverage_v1/confirmation/variants_8/minimal_lexical_contrast/seed_83/tokenizer/tokenizer.json","7042","252422b961a449f6f040229a703cf9e6d10e23e7689092c46058e535ce5185dc","https://media.lbsa71.net/LCE/runs/phase26_contrast_coverage_v1/confirmation/variants_8/minimal_lexical_contrast/seed_83/tokenizer/tokenizer.json"
"runs","phase26_contrast_coverage_v1/confirmation/variants_8/minimal_lexical_contrast/seed_89/metrics.json","974","cb18f1be89a5b2060ca90c557f3930f931399b43b616840cac88ef04333b574e","https://media.lbsa71.net/LCE/runs/phase26_contrast_coverage_v1/confirmation/variants_8/minimal_lexical_contrast/seed_89/metrics.json"
"runs","phase26_contrast_coverage_v1/confirmation/variants_8/minimal_lexical_contrast/seed_89/parser_final.pt","1885796","78cbdc7ba8b3816091203c688a0473fd102c71d594fdcf2a6a69aa9b04760481","https://media.lbsa71.net/LCE/runs/phase26_contrast_coverage_v1/confirmation/variants_8/minimal_lexical_contrast/seed_89/parser_final.pt"
"runs","phase26_contrast_coverage_v1/confirmation/variants_8/minimal_lexical_contrast/seed_89/step_metrics.csv","97449","f074f387ff749209f370b1bc01d733206c175f41228d8e0a04729bf50a7c0a4c","https://media.lbsa71.net/LCE/runs/phase26_contrast_coverage_v1/confirmation/variants_8/minimal_lexical_contrast/seed_89/step_metrics.csv"
"runs","phase26_contrast_coverage_v1/confirmation/variants_8/minimal_lexical_contrast/seed_89/tokenizer_corpus.txt","17407","f09022c81d5ad08440c9da26872a906c5ab4a875b4243fb6524314af1c42d89b","https://media.lbsa71.net/LCE/runs/phase26_contrast_coverage_v1/confirmation/variants_8/minimal_lexical_contrast/seed_89/tokenizer_corpus.txt"
"runs","phase26_contrast_coverage_v1/confirmation/variants_8/minimal_lexical_contrast/seed_89/tokenizer/tokenizer.json","7042","252422b961a449f6f040229a703cf9e6d10e23e7689092c46058e535ce5185dc","https://media.lbsa71.net/LCE/runs/phase26_contrast_coverage_v1/confirmation/variants_8/minimal_lexical_contrast/seed_89/tokenizer/tokenizer.json"
"runs","phase26_contrast_coverage_v1/registration.json","1707","db5a86b2ebca5cb4b0da540076137acd5b20f90889f2a05baacd477a0f8213aa","https://media.lbsa71.net/LCE/runs/phase26_contrast_coverage_v1/registration.json"
"runs","phase26_contrast_coverage_v1/screen_analysis.json","7844","9c4933461573b68928a300ecf9b7661f35b1dac20857384492a5d821114879d8","https://media.lbsa71.net/LCE/runs/phase26_contrast_coverage_v1/screen_analysis.json"
"runs","phase26_contrast_coverage_v1/screen_results.json","24678","719a0787e273440c9e4458c931df2aba3d29267cabb693a1691b35228206bb38","https://media.lbsa71.net/LCE/runs/phase26_contrast_coverage_v1/screen_results.json"
"runs","phase26_contrast_coverage_v1/screen/lexical_contrast/seed_17/metrics.json","981","ee31d88a576166bd39e4398d9efee679456215942712cf6f48e9b6d4fd071d76","https://media.lbsa71.net/LCE/runs/phase26_contrast_coverage_v1/screen/lexical_contrast/seed_17/metrics.json"
"runs","phase26_contrast_coverage_v1/screen/lexical_contrast/seed_17/parser_final.pt","1885796","5f465ce86c1abadce035da889c361d7ee195d3ab9f871b0a90b869cf6278a59f","https://media.lbsa71.net/LCE/runs/phase26_contrast_coverage_v1/screen/lexical_contrast/seed_17/parser_final.pt"
"runs","phase26_contrast_coverage_v1/screen/lexical_contrast/seed_17/step_metrics.csv","48425","8e910349d91f1e0141fa0cb3d83910c085fad6867ae0a03b12642b2ba53c85b0","https://media.lbsa71.net/LCE/runs/phase26_contrast_coverage_v1/screen/lexical_contrast/seed_17/step_metrics.csv"
"runs","phase26_contrast_coverage_v1/screen/lexical_contrast/seed_17/tokenizer_corpus.txt","6662","624877d1edc743768ed96adbe48c20bba31c95b5e7ab780cc9a909e34c9faf04","https://media.lbsa71.net/LCE/runs/phase26_contrast_coverage_v1/screen/lexical_contrast/seed_17/tokenizer_corpus.txt"
"runs","phase26_contrast_coverage_v1/screen/lexical_contrast/seed_17/tokenizer/tokenizer.json","7042","252422b961a449f6f040229a703cf9e6d10e23e7689092c46058e535ce5185dc","https://media.lbsa71.net/LCE/runs/phase26_contrast_coverage_v1/screen/lexical_contrast/seed_17/tokenizer/tokenizer.json"
"runs","phase26_contrast_coverage_v1/screen/lexical_contrast/seed_29/metrics.json","985","5869b176945073ddd9d92a69381524fdaaefea57b09e80bb943fc274a2e86955","https://media.lbsa71.net/LCE/runs/phase26_contrast_coverage_v1/screen/lexical_contrast/seed_29/metrics.json"
"runs","phase26_contrast_coverage_v1/screen/lexical_contrast/seed_29/parser_final.pt","1885796","d08eb9a9e15baeb7e2d0bd41c41ff6ab93b65c1107a9c5323e14a64067869473","https://media.lbsa71.net/LCE/runs/phase26_contrast_coverage_v1/screen/lexical_contrast/seed_29/parser_final.pt"
"runs","phase26_contrast_coverage_v1/screen/lexical_contrast/seed_29/step_metrics.csv","48352","b87d3b088866926a7e839c723187ae99cf6543b9fbec0c092bdb5b2d55e364a4","https://media.lbsa71.net/LCE/runs/phase26_contrast_coverage_v1/screen/lexical_contrast/seed_29/step_metrics.csv"
"runs","phase26_contrast_coverage_v1/screen/lexical_contrast/seed_29/tokenizer_corpus.txt","6662","624877d1edc743768ed96adbe48c20bba31c95b5e7ab780cc9a909e34c9faf04","https://media.lbsa71.net/LCE/runs/phase26_contrast_coverage_v1/screen/lexical_contrast/seed_29/tokenizer_corpus.txt"
"runs","phase26_contrast_coverage_v1/screen/lexical_contrast/seed_29/tokenizer/tokenizer.json","7042","252422b961a449f6f040229a703cf9e6d10e23e7689092c46058e535ce5185dc","https://media.lbsa71.net/LCE/runs/phase26_contrast_coverage_v1/screen/lexical_contrast/seed_29/tokenizer/tokenizer.json"
"runs","phase26_contrast_coverage_v1/screen/lexical_contrast/seed_41/metrics.json","983","62cd5c324be070faf0fd7c0fd0ef7bd7b3fa7ce02ac6a6aaef29d1d1dff7cad2","https://media.lbsa71.net/LCE/runs/phase26_contrast_coverage_v1/screen/lexical_contrast/seed_41/metrics.json"
"runs","phase26_contrast_coverage_v1/screen/lexical_contrast/seed_41/parser_final.pt","1885796","08bb2731b496d1277a4f9a8298dd4e570a557a50c0f06593176a0baa85e0472d","https://media.lbsa71.net/LCE/runs/phase26_contrast_coverage_v1/screen/lexical_contrast/seed_41/parser_final.pt"
"runs","phase26_contrast_coverage_v1/screen/lexical_contrast/seed_41/step_metrics.csv","48632","6e5ac843ac4d0ddd525dd607edd1021817488c93acbd198445151daf49e9a07b","https://media.lbsa71.net/LCE/runs/phase26_contrast_coverage_v1/screen/lexical_contrast/seed_41/step_metrics.csv"
"runs","phase26_contrast_coverage_v1/screen/lexical_contrast/seed_41/tokenizer_corpus.txt","6662","624877d1edc743768ed96adbe48c20bba31c95b5e7ab780cc9a909e34c9faf04","https://media.lbsa71.net/LCE/runs/phase26_contrast_coverage_v1/screen/lexical_contrast/seed_41/tokenizer_corpus.txt"
"runs","phase26_contrast_coverage_v1/screen/lexical_contrast/seed_41/tokenizer/tokenizer.json","7042","252422b961a449f6f040229a703cf9e6d10e23e7689092c46058e535ce5185dc","https://media.lbsa71.net/LCE/runs/phase26_contrast_coverage_v1/screen/lexical_contrast/seed_41/tokenizer/tokenizer.json"
"runs","phase26_contrast_coverage_v1/screen/lexical_contrast/seed_53/metrics.json","985","3f83edae1bb6df80efca856b0e032eff14d1e9f4ce3452c2060ac13286221698","https://media.lbsa71.net/LCE/runs/phase26_contrast_coverage_v1/screen/lexical_contrast/seed_53/metrics.json"
"runs","phase26_contrast_coverage_v1/screen/lexical_contrast/seed_53/parser_final.pt","1885796","b6d459cfe4814260acbc6a53b84fe1080689dfa0cac03ba642549c7221d0b599","https://media.lbsa71.net/LCE/runs/phase26_contrast_coverage_v1/screen/lexical_contrast/seed_53/parser_final.pt"
"runs","phase26_contrast_coverage_v1/screen/lexical_contrast/seed_53/step_metrics.csv","48671","a71bd1570b5bf7436efa1af9ded1dbe074b969fbc7be8b513786b6236c061187","https://media.lbsa71.net/LCE/runs/phase26_contrast_coverage_v1/screen/lexical_contrast/seed_53/step_metrics.csv"
"runs","phase26_contrast_coverage_v1/screen/lexical_contrast/seed_53/tokenizer_corpus.txt","6662","624877d1edc743768ed96adbe48c20bba31c95b5e7ab780cc9a909e34c9faf04","https://media.lbsa71.net/LCE/runs/phase26_contrast_coverage_v1/screen/lexical_contrast/seed_53/tokenizer_corpus.txt"
"runs","phase26_contrast_coverage_v1/screen/lexical_contrast/seed_53/tokenizer/tokenizer.json","7042","252422b961a449f6f040229a703cf9e6d10e23e7689092c46058e535ce5185dc","https://media.lbsa71.net/LCE/runs/phase26_contrast_coverage_v1/screen/lexical_contrast/seed_53/tokenizer/tokenizer.json"
"runs","phase26_contrast_coverage_v1/screen/lexical_contrast/seed_67/metrics.json","978","2643179a2614f4bd9c139d42fffda53b08d166c8390dfd29d1aede4de537e8ca","https://media.lbsa71.net/LCE/runs/phase26_contrast_coverage_v1/screen/lexical_contrast/seed_67/metrics.json"
"runs","phase26_contrast_coverage_v1/screen/lexical_contrast/seed_67/parser_final.pt","1885796","9db71cf4268f48436452e99ad23861c405c8169184d3a91f563e94d82c28aecc","https://media.lbsa71.net/LCE/runs/phase26_contrast_coverage_v1/screen/lexical_contrast/seed_67/parser_final.pt"
"runs","phase26_contrast_coverage_v1/screen/lexical_contrast/seed_67/step_metrics.csv","48302","4fe6e6eb1c6984e39dfe2401fe05b7a603efed7f4a6bc0ffc9170abf38d3aa0a","https://media.lbsa71.net/LCE/runs/phase26_contrast_coverage_v1/screen/lexical_contrast/seed_67/step_metrics.csv"
"runs","phase26_contrast_coverage_v1/screen/lexical_contrast/seed_67/tokenizer_corpus.txt","6662","624877d1edc743768ed96adbe48c20bba31c95b5e7ab780cc9a909e34c9faf04","https://media.lbsa71.net/LCE/runs/phase26_contrast_coverage_v1/screen/lexical_contrast/seed_67/tokenizer_corpus.txt"
"runs","phase26_contrast_coverage_v1/screen/lexical_contrast/seed_67/tokenizer/tokenizer.json","7042","252422b961a449f6f040229a703cf9e6d10e23e7689092c46058e535ce5185dc","https://media.lbsa71.net/LCE/runs/phase26_contrast_coverage_v1/screen/lexical_contrast/seed_67/tokenizer/tokenizer.json"
"runs","phase26_contrast_coverage_v1/screen/minimal_lexical_contrast/seed_17/metrics.json","993","0d64f0ee52dbd2715e7a5b2d47ab2c163296732caf9af59132baf3e5a2a84849","https://media.lbsa71.net/LCE/runs/phase26_contrast_coverage_v1/screen/minimal_lexical_contrast/seed_17/metrics.json"
"runs","phase26_contrast_coverage_v1/screen/minimal_lexical_contrast/seed_17/parser_final.pt","1885796","68700c6fcb1173de420412e6797c83dc2e197ea492758a86df0e024b1d86c4c6","https://media.lbsa71.net/LCE/runs/phase26_contrast_coverage_v1/screen/minimal_lexical_contrast/seed_17/parser_final.pt"
"runs","phase26_contrast_coverage_v1/screen/minimal_lexical_contrast/seed_17/step_metrics.csv","48347","06c512350cbdceebf1ee2d1ef23fc4184a394cbff454722dff68c7092f777683","https://media.lbsa71.net/LCE/runs/phase26_contrast_coverage_v1/screen/minimal_lexical_contrast/seed_17/step_metrics.csv"
"runs","phase26_contrast_coverage_v1/screen/minimal_lexical_contrast/seed_17/tokenizer_corpus.txt","7991","f1f669abd3125775510f85ecc35da60ab932a22e0a337200fa5371a8ae50dc4c","https://media.lbsa71.net/LCE/runs/phase26_contrast_coverage_v1/screen/minimal_lexical_contrast/seed_17/tokenizer_corpus.txt"
"runs","phase26_contrast_coverage_v1/screen/minimal_lexical_contrast/seed_17/tokenizer/tokenizer.json","7042","252422b961a449f6f040229a703cf9e6d10e23e7689092c46058e535ce5185dc","https://media.lbsa71.net/LCE/runs/phase26_contrast_coverage_v1/screen/minimal_lexical_contrast/seed_17/tokenizer/tokenizer.json"
"runs","phase26_contrast_coverage_v1/screen/minimal_lexical_contrast/seed_29/metrics.json","991","b14565f83a24b6ea9f95b405f49b5879eaa47732979c17f03200c7f1f7d22d06","https://media.lbsa71.net/LCE/runs/phase26_contrast_coverage_v1/screen/minimal_lexical_contrast/seed_29/metrics.json"
"runs","phase26_contrast_coverage_v1/screen/minimal_lexical_contrast/seed_29/parser_final.pt","1885796","5dc19c5440202cd6c17f0468359536c8b7686fd6268741b5f0448d9768542a67","https://media.lbsa71.net/LCE/runs/phase26_contrast_coverage_v1/screen/minimal_lexical_contrast/seed_29/parser_final.pt"
"runs","phase26_contrast_coverage_v1/screen/minimal_lexical_contrast/seed_29/step_metrics.csv","48529","f8eb9d17315011bf35256be02a0795528f63bba663f0100c0b9434e85994a48a","https://media.lbsa71.net/LCE/runs/phase26_contrast_coverage_v1/screen/minimal_lexical_contrast/seed_29/step_metrics.csv"
"runs","phase26_contrast_coverage_v1/screen/minimal_lexical_contrast/seed_29/tokenizer_corpus.txt","7991","f1f669abd3125775510f85ecc35da60ab932a22e0a337200fa5371a8ae50dc4c","https://media.lbsa71.net/LCE/runs/phase26_contrast_coverage_v1/screen/minimal_lexical_contrast/seed_29/tokenizer_corpus.txt"
"runs","phase26_contrast_coverage_v1/screen/minimal_lexical_contrast/seed_29/tokenizer/tokenizer.json","7042","252422b961a449f6f040229a703cf9e6d10e23e7689092c46058e535ce5185dc","https://media.lbsa71.net/LCE/runs/phase26_contrast_coverage_v1/screen/minimal_lexical_contrast/seed_29/tokenizer/tokenizer.json"
"runs","phase26_contrast_coverage_v1/screen/minimal_lexical_contrast/seed_41/metrics.json","984","0f5f3831272dfc30cff067900f14c54d7a11d057fa5346a8a4dc4a0dcba13c6c","https://media.lbsa71.net/LCE/runs/phase26_contrast_coverage_v1/screen/minimal_lexical_contrast/seed_41/metrics.json"
"runs","phase26_contrast_coverage_v1/screen/minimal_lexical_contrast/seed_41/parser_final.pt","1885796","44953557520639705bc0de8a92ca849379da9b5027e3cdae3997600f414c6288","https://media.lbsa71.net/LCE/runs/phase26_contrast_coverage_v1/screen/minimal_lexical_contrast/seed_41/parser_final.pt"
"runs","phase26_contrast_coverage_v1/screen/minimal_lexical_contrast/seed_41/step_metrics.csv","48638","ab64cf90cc499b7a4c8effa73a6095efbb0c3cc7874b49ab5d6a15b14b6eb069","https://media.lbsa71.net/LCE/runs/phase26_contrast_coverage_v1/screen/minimal_lexical_contrast/seed_41/step_metrics.csv"
"runs","phase26_contrast_coverage_v1/screen/minimal_lexical_contrast/seed_41/tokenizer_corpus.txt","7991","f1f669abd3125775510f85ecc35da60ab932a22e0a337200fa5371a8ae50dc4c","https://media.lbsa71.net/LCE/runs/phase26_contrast_coverage_v1/screen/minimal_lexical_contrast/seed_41/tokenizer_corpus.txt"
"runs","phase26_contrast_coverage_v1/screen/minimal_lexical_contrast/seed_41/tokenizer/tokenizer.json","7042","252422b961a449f6f040229a703cf9e6d10e23e7689092c46058e535ce5185dc","https://media.lbsa71.net/LCE/runs/phase26_contrast_coverage_v1/screen/minimal_lexical_contrast/seed_41/tokenizer/tokenizer.json"
"runs","phase26_contrast_coverage_v1/screen/minimal_lexical_contrast/seed_53/metrics.json","990","d6528a493a7a9533b9a6fbc7f5026a1a650b906a00b5b2c75eebfae223dd6a89","https://media.lbsa71.net/LCE/runs/phase26_contrast_coverage_v1/screen/minimal_lexical_contrast/seed_53/metrics.json"
"runs","phase26_contrast_coverage_v1/screen/minimal_lexical_contrast/seed_53/parser_final.pt","1885796","b9e0e9815c3be911df4c4f707286c354cbe15a46727c7c6b3386bdb56b3126f5","https://media.lbsa71.net/LCE/runs/phase26_contrast_coverage_v1/screen/minimal_lexical_contrast/seed_53/parser_final.pt"
"runs","phase26_contrast_coverage_v1/screen/minimal_lexical_contrast/seed_53/step_metrics.csv","48358","08daeecb089c5b8e54caf159e38fa311480f71abc1e17fba3755ccee326b599e","https://media.lbsa71.net/LCE/runs/phase26_contrast_coverage_v1/screen/minimal_lexical_contrast/seed_53/step_metrics.csv"
"runs","phase26_contrast_coverage_v1/screen/minimal_lexical_contrast/seed_53/tokenizer_corpus.txt","7991","f1f669abd3125775510f85ecc35da60ab932a22e0a337200fa5371a8ae50dc4c","https://media.lbsa71.net/LCE/runs/phase26_contrast_coverage_v1/screen/minimal_lexical_contrast/seed_53/tokenizer_corpus.txt"
"runs","phase26_contrast_coverage_v1/screen/minimal_lexical_contrast/seed_53/tokenizer/tokenizer.json","7042","252422b961a449f6f040229a703cf9e6d10e23e7689092c46058e535ce5185dc","https://media.lbsa71.net/LCE/runs/phase26_contrast_coverage_v1/screen/minimal_lexical_contrast/seed_53/tokenizer/tokenizer.json"
"runs","phase26_contrast_coverage_v1/screen/minimal_lexical_contrast/seed_67/metrics.json","985","f1694e690051dd17b08b832e78713e41aa4e8217a63b3f25389e4b4d24edc4c3","https://media.lbsa71.net/LCE/runs/phase26_contrast_coverage_v1/screen/minimal_lexical_contrast/seed_67/metrics.json"
"runs","phase26_contrast_coverage_v1/screen/minimal_lexical_contrast/seed_67/parser_final.pt","1885796","b347207f81e889edac8c1fe5254c774239ced6581e4a2880ef4124728ecc1d48","https://media.lbsa71.net/LCE/runs/phase26_contrast_coverage_v1/screen/minimal_lexical_contrast/seed_67/parser_final.pt"
"runs","phase26_contrast_coverage_v1/screen/minimal_lexical_contrast/seed_67/step_metrics.csv","48461","87049648a042d4f1222c7b520e183aa033c37340b6eb6df11617d7bb5a661569","https://media.lbsa71.net/LCE/runs/phase26_contrast_coverage_v1/screen/minimal_lexical_contrast/seed_67/step_metrics.csv"
"runs","phase26_contrast_coverage_v1/screen/minimal_lexical_contrast/seed_67/tokenizer_corpus.txt","7991","f1f669abd3125775510f85ecc35da60ab932a22e0a337200fa5371a8ae50dc4c","https://media.lbsa71.net/LCE/runs/phase26_contrast_coverage_v1/screen/minimal_lexical_contrast/seed_67/tokenizer_corpus.txt"
"runs","phase26_contrast_coverage_v1/screen/minimal_lexical_contrast/seed_67/tokenizer/tokenizer.json","7042","252422b961a449f6f040229a703cf9e6d10e23e7689092c46058e535ce5185dc","https://media.lbsa71.net/LCE/runs/phase26_contrast_coverage_v1/screen/minimal_lexical_contrast/seed_67/tokenizer/tokenizer.json"
"runs","phase26_contrast_coverage_v1/split_manifests.json","2409","f681c81292304ac821b5366a3287ab75d006bf2f6f879b5e69c6273bf95e5fc1","https://media.lbsa71.net/LCE/runs/phase26_contrast_coverage_v1/split_manifests.json"
"runs","phase28_counterfactual_discourse_v1/registration.json","672","7c5a14f2a7a6845af2e3599f64da90ff31584f58add4bb53e8e9a003ce3fd865","https://media.lbsa71.net/LCE/runs/phase28_counterfactual_discourse_v1/registration.json"
"runs","phase28_counterfactual_discourse_v1/screen_analysis.json","1699","a36b1c3d301d72a0b7ddc00bb7b54c7aa152a618782aa89e738d24a7dbf32ef2","https://media.lbsa71.net/LCE/runs/phase28_counterfactual_discourse_v1/screen_analysis.json"
"runs","phase28_counterfactual_discourse_v1/screen_results.json","12229","4594aee0d49744c7cad8fc0b247d47166701b0375d68a510a2b8c25202c6d248","https://media.lbsa71.net/LCE/runs/phase28_counterfactual_discourse_v1/screen_results.json"
"runs","phase28_counterfactual_discourse_v1/screen/baseline/seed_101/metrics.json","970","4a21e1fe29d1de18bcbb936993db9db1c0630ef34ceb8acd894d28e032b1b110","https://media.lbsa71.net/LCE/runs/phase28_counterfactual_discourse_v1/screen/baseline/seed_101/metrics.json"
"runs","phase28_counterfactual_discourse_v1/screen/baseline/seed_101/parser_final.pt","1885796","9c08c88ee56f9506986df7e071be37feace47c4cdacf3ac4c394d5305a0d2774","https://media.lbsa71.net/LCE/runs/phase28_counterfactual_discourse_v1/screen/baseline/seed_101/parser_final.pt"
"runs","phase28_counterfactual_discourse_v1/screen/baseline/seed_101/step_metrics.csv","97353","38a779a75c16919ae0f1769d8da13549f5470056c3fdeb95e015d64f79068f30","https://media.lbsa71.net/LCE/runs/phase28_counterfactual_discourse_v1/screen/baseline/seed_101/step_metrics.csv"
"runs","phase28_counterfactual_discourse_v1/screen/baseline/seed_101/tokenizer_corpus.txt","14616","f100990d7d73ffc51c9bfcf62346f65c179fa48b2b12dd2425842963f334b880","https://media.lbsa71.net/LCE/runs/phase28_counterfactual_discourse_v1/screen/baseline/seed_101/tokenizer_corpus.txt"
"runs","phase28_counterfactual_discourse_v1/screen/baseline/seed_101/tokenizer/tokenizer.json","7042","252422b961a449f6f040229a703cf9e6d10e23e7689092c46058e535ce5185dc","https://media.lbsa71.net/LCE/runs/phase28_counterfactual_discourse_v1/screen/baseline/seed_101/tokenizer/tokenizer.json"
"runs","phase28_counterfactual_discourse_v1/screen/baseline/seed_103/metrics.json","978","e472d93933a17f935654af84b8db9c00d28e16066818a00c520ee9d6d70d535f","https://media.lbsa71.net/LCE/runs/phase28_counterfactual_discourse_v1/screen/baseline/seed_103/metrics.json"
"runs","phase28_counterfactual_discourse_v1/screen/baseline/seed_103/parser_final.pt","1885796","738a2a15b0049e608e6d94c990c86db2c274476a77cf3cd892e3f61cc2df0528","https://media.lbsa71.net/LCE/runs/phase28_counterfactual_discourse_v1/screen/baseline/seed_103/parser_final.pt"
"runs","phase28_counterfactual_discourse_v1/screen/baseline/seed_103/step_metrics.csv","97159","95fff67566a12771a8eeb068719e57b824e269d648e5fcfa13f7f27208b41f85","https://media.lbsa71.net/LCE/runs/phase28_counterfactual_discourse_v1/screen/baseline/seed_103/step_metrics.csv"
"runs","phase28_counterfactual_discourse_v1/screen/baseline/seed_103/tokenizer_corpus.txt","14616","f100990d7d73ffc51c9bfcf62346f65c179fa48b2b12dd2425842963f334b880","https://media.lbsa71.net/LCE/runs/phase28_counterfactual_discourse_v1/screen/baseline/seed_103/tokenizer_corpus.txt"
"runs","phase28_counterfactual_discourse_v1/screen/baseline/seed_103/tokenizer/tokenizer.json","7042","252422b961a449f6f040229a703cf9e6d10e23e7689092c46058e535ce5185dc","https://media.lbsa71.net/LCE/runs/phase28_counterfactual_discourse_v1/screen/baseline/seed_103/tokenizer/tokenizer.json"
"runs","phase28_counterfactual_discourse_v1/screen/baseline/seed_107/metrics.json","976","dab4dff8549d5a928584300cb2ce1e36d176eba35d441829c5790e61e8a632d3","https://media.lbsa71.net/LCE/runs/phase28_counterfactual_discourse_v1/screen/baseline/seed_107/metrics.json"
"runs","phase28_counterfactual_discourse_v1/screen/baseline/seed_107/parser_final.pt","1885796","7ca2b7be3109b7c7f84de4828a51950a24fb4f0b490b177a921e8ce2a0eee15e","https://media.lbsa71.net/LCE/runs/phase28_counterfactual_discourse_v1/screen/baseline/seed_107/parser_final.pt"
"runs","phase28_counterfactual_discourse_v1/screen/baseline/seed_107/step_metrics.csv","97344","26631740873eb038f247469fd91eb9e70fb425fe0abc5b5ce73f9c0b7e9380c9","https://media.lbsa71.net/LCE/runs/phase28_counterfactual_discourse_v1/screen/baseline/seed_107/step_metrics.csv"
"runs","phase28_counterfactual_discourse_v1/screen/baseline/seed_107/tokenizer_corpus.txt","14616","f100990d7d73ffc51c9bfcf62346f65c179fa48b2b12dd2425842963f334b880","https://media.lbsa71.net/LCE/runs/phase28_counterfactual_discourse_v1/screen/baseline/seed_107/tokenizer_corpus.txt"
"runs","phase28_counterfactual_discourse_v1/screen/baseline/seed_107/tokenizer/tokenizer.json","7042","252422b961a449f6f040229a703cf9e6d10e23e7689092c46058e535ce5185dc","https://media.lbsa71.net/LCE/runs/phase28_counterfactual_discourse_v1/screen/baseline/seed_107/tokenizer/tokenizer.json"
"runs","phase28_counterfactual_discourse_v1/screen/baseline/seed_109/metrics.json","968","b1bb4dedcd34062e8c6e55fa72c0e2de6beae6544eb65cd090c9397865ad568d","https://media.lbsa71.net/LCE/runs/phase28_counterfactual_discourse_v1/screen/baseline/seed_109/metrics.json"
"runs","phase28_counterfactual_discourse_v1/screen/baseline/seed_109/parser_final.pt","1885796","a6c4022b55f89a4269ddd49c9db26bb0e55a56e6ce1f2e28f16c44afa815f20d","https://media.lbsa71.net/LCE/runs/phase28_counterfactual_discourse_v1/screen/baseline/seed_109/parser_final.pt"
"runs","phase28_counterfactual_discourse_v1/screen/baseline/seed_109/step_metrics.csv","97127","150ce75f5ecce252adadd43a96de986f2c39e8cd0a34c9331007751d71b77a38","https://media.lbsa71.net/LCE/runs/phase28_counterfactual_discourse_v1/screen/baseline/seed_109/step_metrics.csv"
"runs","phase28_counterfactual_discourse_v1/screen/baseline/seed_109/tokenizer_corpus.txt","14616","f100990d7d73ffc51c9bfcf62346f65c179fa48b2b12dd2425842963f334b880","https://media.lbsa71.net/LCE/runs/phase28_counterfactual_discourse_v1/screen/baseline/seed_109/tokenizer_corpus.txt"
"runs","phase28_counterfactual_discourse_v1/screen/baseline/seed_109/tokenizer/tokenizer.json","7042","252422b961a449f6f040229a703cf9e6d10e23e7689092c46058e535ce5185dc","https://media.lbsa71.net/LCE/runs/phase28_counterfactual_discourse_v1/screen/baseline/seed_109/tokenizer/tokenizer.json"
"runs","phase28_counterfactual_discourse_v1/screen/baseline/seed_97/metrics.json","975","2f4848daf4da523cb599c02c583b96e4f83e6edf98b34a29bcd47381022f808f","https://media.lbsa71.net/LCE/runs/phase28_counterfactual_discourse_v1/screen/baseline/seed_97/metrics.json"
"runs","phase28_counterfactual_discourse_v1/screen/baseline/seed_97/parser_final.pt","1885796","1e42adc17d5dd6c773b23bbe7dee6e4af1a1e9ed076f83337f9c9e042109fa6b","https://media.lbsa71.net/LCE/runs/phase28_counterfactual_discourse_v1/screen/baseline/seed_97/parser_final.pt"
"runs","phase28_counterfactual_discourse_v1/screen/baseline/seed_97/step_metrics.csv","97096","933ef60a39c3f060fdc6e3929012bc6a61ccb7c8d1b67ed21b790a7b2586f138","https://media.lbsa71.net/LCE/runs/phase28_counterfactual_discourse_v1/screen/baseline/seed_97/step_metrics.csv"
"runs","phase28_counterfactual_discourse_v1/screen/baseline/seed_97/tokenizer_corpus.txt","14616","f100990d7d73ffc51c9bfcf62346f65c179fa48b2b12dd2425842963f334b880","https://media.lbsa71.net/LCE/runs/phase28_counterfactual_discourse_v1/screen/baseline/seed_97/tokenizer_corpus.txt"
"runs","phase28_counterfactual_discourse_v1/screen/baseline/seed_97/tokenizer/tokenizer.json","7042","252422b961a449f6f040229a703cf9e6d10e23e7689092c46058e535ce5185dc","https://media.lbsa71.net/LCE/runs/phase28_counterfactual_discourse_v1/screen/baseline/seed_97/tokenizer/tokenizer.json"
"runs","phase28_counterfactual_discourse_v1/screen/counterfactual_discourse/seed_101/metrics.json","987","4595916e7d127ca95c0c2b7b5d00c8cbad03b3e45f5f2a5a0ceb2a71b3b8630e","https://media.lbsa71.net/LCE/runs/phase28_counterfactual_discourse_v1/screen/counterfactual_discourse/seed_101/metrics.json"
"runs","phase28_counterfactual_discourse_v1/screen/counterfactual_discourse/seed_101/parser_final.pt","1885796","b1393fa8efa4f36da7e61a66d881ec1eb8fbf99e09606b6799b78ffd0232fd89","https://media.lbsa71.net/LCE/runs/phase28_counterfactual_discourse_v1/screen/counterfactual_discourse/seed_101/parser_final.pt"
"runs","phase28_counterfactual_discourse_v1/screen/counterfactual_discourse/seed_101/step_metrics.csv","97104","e58bd63070fb33e56e0200e6711a52a55cb7ccaa15002e61ae84eb780e3d56b6","https://media.lbsa71.net/LCE/runs/phase28_counterfactual_discourse_v1/screen/counterfactual_discourse/seed_101/step_metrics.csv"
"runs","phase28_counterfactual_discourse_v1/screen/counterfactual_discourse/seed_101/tokenizer_corpus.txt","18210","e011f6d8f0f6dc03d0d8c8d3b25207d71aa4e5ea89e533b646c301a30a748449","https://media.lbsa71.net/LCE/runs/phase28_counterfactual_discourse_v1/screen/counterfactual_discourse/seed_101/tokenizer_corpus.txt"
"runs","phase28_counterfactual_discourse_v1/screen/counterfactual_discourse/seed_101/tokenizer/tokenizer.json","7042","252422b961a449f6f040229a703cf9e6d10e23e7689092c46058e535ce5185dc","https://media.lbsa71.net/LCE/runs/phase28_counterfactual_discourse_v1/screen/counterfactual_discourse/seed_101/tokenizer/tokenizer.json"
"runs","phase28_counterfactual_discourse_v1/screen/counterfactual_discourse/seed_103/metrics.json","983","171ea816c752ce02931404cd5580901c6682c236df49db4a7e58c190e648a1ce","https://media.lbsa71.net/LCE/runs/phase28_counterfactual_discourse_v1/screen/counterfactual_discourse/seed_103/metrics.json"
"runs","phase28_counterfactual_discourse_v1/screen/counterfactual_discourse/seed_103/parser_final.pt","1885796","330f4447667499aa00ec43cca3c96014e7a6567b546f4db96d623a44f6bfecde","https://media.lbsa71.net/LCE/runs/phase28_counterfactual_discourse_v1/screen/counterfactual_discourse/seed_103/parser_final.pt"
"runs","phase28_counterfactual_discourse_v1/screen/counterfactual_discourse/seed_103/step_metrics.csv","97078","f73bf051eb6f1773ca3e75f894f8af4c90bac14929a3136917555f889490ca45","https://media.lbsa71.net/LCE/runs/phase28_counterfactual_discourse_v1/screen/counterfactual_discourse/seed_103/step_metrics.csv"
"runs","phase28_counterfactual_discourse_v1/screen/counterfactual_discourse/seed_103/tokenizer_corpus.txt","18210","e011f6d8f0f6dc03d0d8c8d3b25207d71aa4e5ea89e533b646c301a30a748449","https://media.lbsa71.net/LCE/runs/phase28_counterfactual_discourse_v1/screen/counterfactual_discourse/seed_103/tokenizer_corpus.txt"
"runs","phase28_counterfactual_discourse_v1/screen/counterfactual_discourse/seed_103/tokenizer/tokenizer.json","7042","252422b961a449f6f040229a703cf9e6d10e23e7689092c46058e535ce5185dc","https://media.lbsa71.net/LCE/runs/phase28_counterfactual_discourse_v1/screen/counterfactual_discourse/seed_103/tokenizer/tokenizer.json"
"runs","phase28_counterfactual_discourse_v1/screen/counterfactual_discourse/seed_107/metrics.json","992","5dea6c2608e5cc218557fcbe4898d5003bbc960c0d481da8f14ea2ef67340084","https://media.lbsa71.net/LCE/runs/phase28_counterfactual_discourse_v1/screen/counterfactual_discourse/seed_107/metrics.json"
"runs","phase28_counterfactual_discourse_v1/screen/counterfactual_discourse/seed_107/parser_final.pt","1885796","179ce14eacb19ead9ce7544a3f1500a0c878fee82fad28ff0a64bfd555035e6c","https://media.lbsa71.net/LCE/runs/phase28_counterfactual_discourse_v1/screen/counterfactual_discourse/seed_107/parser_final.pt"
"runs","phase28_counterfactual_discourse_v1/screen/counterfactual_discourse/seed_107/step_metrics.csv","97366","08c5b5569b5f924bfadad2c95b09cb0b0cc343bfec1aee241b420baf4543e57e","https://media.lbsa71.net/LCE/runs/phase28_counterfactual_discourse_v1/screen/counterfactual_discourse/seed_107/step_metrics.csv"
"runs","phase28_counterfactual_discourse_v1/screen/counterfactual_discourse/seed_107/tokenizer_corpus.txt","18210","e011f6d8f0f6dc03d0d8c8d3b25207d71aa4e5ea89e533b646c301a30a748449","https://media.lbsa71.net/LCE/runs/phase28_counterfactual_discourse_v1/screen/counterfactual_discourse/seed_107/tokenizer_corpus.txt"
"runs","phase28_counterfactual_discourse_v1/screen/counterfactual_discourse/seed_107/tokenizer/tokenizer.json","7042","252422b961a449f6f040229a703cf9e6d10e23e7689092c46058e535ce5185dc","https://media.lbsa71.net/LCE/runs/phase28_counterfactual_discourse_v1/screen/counterfactual_discourse/seed_107/tokenizer/tokenizer.json"
"runs","phase28_counterfactual_discourse_v1/screen/counterfactual_discourse/seed_109/metrics.json","988","37cfa7d544ed58f860d0d211d9bae31fdfe882157f64e33b6c469e04132c24cd","https://media.lbsa71.net/LCE/runs/phase28_counterfactual_discourse_v1/screen/counterfactual_discourse/seed_109/metrics.json"
"runs","phase28_counterfactual_discourse_v1/screen/counterfactual_discourse/seed_109/parser_final.pt","1885796","eb6bbe6ea8d963a7da67d6ebb73c51bd057c0526e6ffcf8db36f7c08d9755c0d","https://media.lbsa71.net/LCE/runs/phase28_counterfactual_discourse_v1/screen/counterfactual_discourse/seed_109/parser_final.pt"
"runs","phase28_counterfactual_discourse_v1/screen/counterfactual_discourse/seed_109/step_metrics.csv","97440","a8c01ab7abb9c720cc89491dda88f27fd5af23263ebf272f603fdb53443785ba","https://media.lbsa71.net/LCE/runs/phase28_counterfactual_discourse_v1/screen/counterfactual_discourse/seed_109/step_metrics.csv"
"runs","phase28_counterfactual_discourse_v1/screen/counterfactual_discourse/seed_109/tokenizer_corpus.txt","18210","e011f6d8f0f6dc03d0d8c8d3b25207d71aa4e5ea89e533b646c301a30a748449","https://media.lbsa71.net/LCE/runs/phase28_counterfactual_discourse_v1/screen/counterfactual_discourse/seed_109/tokenizer_corpus.txt"
"runs","phase28_counterfactual_discourse_v1/screen/counterfactual_discourse/seed_109/tokenizer/tokenizer.json","7042","252422b961a449f6f040229a703cf9e6d10e23e7689092c46058e535ce5185dc","https://media.lbsa71.net/LCE/runs/phase28_counterfactual_discourse_v1/screen/counterfactual_discourse/seed_109/tokenizer/tokenizer.json"
"runs","phase28_counterfactual_discourse_v1/screen/counterfactual_discourse/seed_97/metrics.json","991","fe9e49db42261d4701842e78fce5fb23f788a2924036103e85ef18b53e029ac5","https://media.lbsa71.net/LCE/runs/phase28_counterfactual_discourse_v1/screen/counterfactual_discourse/seed_97/metrics.json"
"runs","phase28_counterfactual_discourse_v1/screen/counterfactual_discourse/seed_97/parser_final.pt","1885796","e9c8dcedc88369bcf3fd965d5527c4d5819d54ea01efdbd1584148e56d5019e2","https://media.lbsa71.net/LCE/runs/phase28_counterfactual_discourse_v1/screen/counterfactual_discourse/seed_97/parser_final.pt"
"runs","phase28_counterfactual_discourse_v1/screen/counterfactual_discourse/seed_97/step_metrics.csv","97147","60e874aeaf835864d7c7de23bce6df49ee5419f7602c8b31ea77974ba565f487","https://media.lbsa71.net/LCE/runs/phase28_counterfactual_discourse_v1/screen/counterfactual_discourse/seed_97/step_metrics.csv"
"runs","phase28_counterfactual_discourse_v1/screen/counterfactual_discourse/seed_97/tokenizer_corpus.txt","18210","e011f6d8f0f6dc03d0d8c8d3b25207d71aa4e5ea89e533b646c301a30a748449","https://media.lbsa71.net/LCE/runs/phase28_counterfactual_discourse_v1/screen/counterfactual_discourse/seed_97/tokenizer_corpus.txt"
"runs","phase28_counterfactual_discourse_v1/screen/counterfactual_discourse/seed_97/tokenizer/tokenizer.json","7042","252422b961a449f6f040229a703cf9e6d10e23e7689092c46058e535ce5185dc","https://media.lbsa71.net/LCE/runs/phase28_counterfactual_discourse_v1/screen/counterfactual_discourse/seed_97/tokenizer/tokenizer.json"
"runs","phase28_counterfactual_discourse_v1/split_manifests.json","1244","058b78aaf618aa41e14cb60c7e8439046fa4ee4184b8380a59b784c4160068ba","https://media.lbsa71.net/LCE/runs/phase28_counterfactual_discourse_v1/split_manifests.json"
"runs","phase29_discourse_augmentation_v1/registration.json","1466","f5cffc7518a0f5f16425e370bbe1d04492d282f4d5642312037bacc4987d9d95","https://media.lbsa71.net/LCE/runs/phase29_discourse_augmentation_v1/registration.json"
"runs","phase29_discourse_augmentation_v1/screen_analysis.json","5325","22125ba7d9eaec17e74006b7a638a5fb0bca08cf675391b6345fe0972d53dd79","https://media.lbsa71.net/LCE/runs/phase29_discourse_augmentation_v1/screen_analysis.json"
"runs","phase29_discourse_augmentation_v1/screen_results.json","24625","68db3b958d523f20ed4842548e0ae87bb37b3daa64831580be149e5cb857bb60","https://media.lbsa71.net/LCE/runs/phase29_discourse_augmentation_v1/screen_results.json"
"runs","phase29_discourse_augmentation_v1/screen/augmentation_fixed_updates/seed_101/metrics.json","995","caf7da8d3dc90910ee9084d4e40af4628679564f67b6779b5058c89fc9611b8c","https://media.lbsa71.net/LCE/runs/phase29_discourse_augmentation_v1/screen/augmentation_fixed_updates/seed_101/metrics.json"
"runs","phase29_discourse_augmentation_v1/screen/augmentation_fixed_updates/seed_101/parser_final.pt","1885796","0e758550cd022660bd4303cb7fa917b7ff649d17eeead22f3c8c440c84ce02fa","https://media.lbsa71.net/LCE/runs/phase29_discourse_augmentation_v1/screen/augmentation_fixed_updates/seed_101/parser_final.pt"
"runs","phase29_discourse_augmentation_v1/screen/augmentation_fixed_updates/seed_101/step_metrics.csv","97089","c38439782e7ca5055f93deebc8afad2334587714389ca2827665fbc5f5e4b829","https://media.lbsa71.net/LCE/runs/phase29_discourse_augmentation_v1/screen/augmentation_fixed_updates/seed_101/step_metrics.csv"
"runs","phase29_discourse_augmentation_v1/screen/augmentation_fixed_updates/seed_101/tokenizer_corpus.txt","21864","d0df465592116b9400fd0220796a4b396f5029da2665deb3b9975f2bc7773c2c","https://media.lbsa71.net/LCE/runs/phase29_discourse_augmentation_v1/screen/augmentation_fixed_updates/seed_101/tokenizer_corpus.txt"
"runs","phase29_discourse_augmentation_v1/screen/augmentation_fixed_updates/seed_101/tokenizer/tokenizer.json","7042","252422b961a449f6f040229a703cf9e6d10e23e7689092c46058e535ce5185dc","https://media.lbsa71.net/LCE/runs/phase29_discourse_augmentation_v1/screen/augmentation_fixed_updates/seed_101/tokenizer/tokenizer.json"
"runs","phase29_discourse_augmentation_v1/screen/augmentation_fixed_updates/seed_103/metrics.json","983","faa07873446764814cac1498b2dbe2678d667d13e7c2af6cd34f05352b36095e","https://media.lbsa71.net/LCE/runs/phase29_discourse_augmentation_v1/screen/augmentation_fixed_updates/seed_103/metrics.json"
"runs","phase29_discourse_augmentation_v1/screen/augmentation_fixed_updates/seed_103/parser_final.pt","1885796","4e5f0d54bdaac026fdd1fcf7f3e7829ac7d7a808ddf68562d847d098faf35e6e","https://media.lbsa71.net/LCE/runs/phase29_discourse_augmentation_v1/screen/augmentation_fixed_updates/seed_103/parser_final.pt"
"runs","phase29_discourse_augmentation_v1/screen/augmentation_fixed_updates/seed_103/step_metrics.csv","97107","3e27760205b065a9009700576bfc80cfe621a697a514da4bef898c9670933a00","https://media.lbsa71.net/LCE/runs/phase29_discourse_augmentation_v1/screen/augmentation_fixed_updates/seed_103/step_metrics.csv"
"runs","phase29_discourse_augmentation_v1/screen/augmentation_fixed_updates/seed_103/tokenizer_corpus.txt","21864","d0df465592116b9400fd0220796a4b396f5029da2665deb3b9975f2bc7773c2c","https://media.lbsa71.net/LCE/runs/phase29_discourse_augmentation_v1/screen/augmentation_fixed_updates/seed_103/tokenizer_corpus.txt"
"runs","phase29_discourse_augmentation_v1/screen/augmentation_fixed_updates/seed_103/tokenizer/tokenizer.json","7042","252422b961a449f6f040229a703cf9e6d10e23e7689092c46058e535ce5185dc","https://media.lbsa71.net/LCE/runs/phase29_discourse_augmentation_v1/screen/augmentation_fixed_updates/seed_103/tokenizer/tokenizer.json"
"runs","phase29_discourse_augmentation_v1/screen/augmentation_fixed_updates/seed_107/metrics.json","997","4e3c2ca06f05d3d9186108ee8e6143e961a30f3a2066b18cdc396b16650c2678","https://media.lbsa71.net/LCE/runs/phase29_discourse_augmentation_v1/screen/augmentation_fixed_updates/seed_107/metrics.json"
"runs","phase29_discourse_augmentation_v1/screen/augmentation_fixed_updates/seed_107/parser_final.pt","1885796","838481fe8aefaf0079079cd7113e9ce2529ef89e014b5c64ef7d47002e32c798","https://media.lbsa71.net/LCE/runs/phase29_discourse_augmentation_v1/screen/augmentation_fixed_updates/seed_107/parser_final.pt"
"runs","phase29_discourse_augmentation_v1/screen/augmentation_fixed_updates/seed_107/step_metrics.csv","97385","f2b6e442be58696b7260d86656b57fc9ff01814d35cd852c154758fe99d711f5","https://media.lbsa71.net/LCE/runs/phase29_discourse_augmentation_v1/screen/augmentation_fixed_updates/seed_107/step_metrics.csv"
"runs","phase29_discourse_augmentation_v1/screen/augmentation_fixed_updates/seed_107/tokenizer_corpus.txt","21864","d0df465592116b9400fd0220796a4b396f5029da2665deb3b9975f2bc7773c2c","https://media.lbsa71.net/LCE/runs/phase29_discourse_augmentation_v1/screen/augmentation_fixed_updates/seed_107/tokenizer_corpus.txt"
"runs","phase29_discourse_augmentation_v1/screen/augmentation_fixed_updates/seed_107/tokenizer/tokenizer.json","7042","252422b961a449f6f040229a703cf9e6d10e23e7689092c46058e535ce5185dc","https://media.lbsa71.net/LCE/runs/phase29_discourse_augmentation_v1/screen/augmentation_fixed_updates/seed_107/tokenizer/tokenizer.json"
"runs","phase29_discourse_augmentation_v1/screen/augmentation_fixed_updates/seed_109/metrics.json","994","88ee51b9b8728e541cc393c98c02fcb32586b96d838a37fa312a5aacfa1c37ce","https://media.lbsa71.net/LCE/runs/phase29_discourse_augmentation_v1/screen/augmentation_fixed_updates/seed_109/metrics.json"
"runs","phase29_discourse_augmentation_v1/screen/augmentation_fixed_updates/seed_109/parser_final.pt","1885796","ba9260828fbf4f05eeebc0d55a75b602b3f88d30a9ae7a7190ddea538f6ccee8","https://media.lbsa71.net/LCE/runs/phase29_discourse_augmentation_v1/screen/augmentation_fixed_updates/seed_109/parser_final.pt"
"runs","phase29_discourse_augmentation_v1/screen/augmentation_fixed_updates/seed_109/step_metrics.csv","97119","16d653048729836c0e68c78353c5ed7d91a5f8104b9f81eb5816658f067b2c1c","https://media.lbsa71.net/LCE/runs/phase29_discourse_augmentation_v1/screen/augmentation_fixed_updates/seed_109/step_metrics.csv"
"runs","phase29_discourse_augmentation_v1/screen/augmentation_fixed_updates/seed_109/tokenizer_corpus.txt","21864","d0df465592116b9400fd0220796a4b396f5029da2665deb3b9975f2bc7773c2c","https://media.lbsa71.net/LCE/runs/phase29_discourse_augmentation_v1/screen/augmentation_fixed_updates/seed_109/tokenizer_corpus.txt"
"runs","phase29_discourse_augmentation_v1/screen/augmentation_fixed_updates/seed_109/tokenizer/tokenizer.json","7042","252422b961a449f6f040229a703cf9e6d10e23e7689092c46058e535ce5185dc","https://media.lbsa71.net/LCE/runs/phase29_discourse_augmentation_v1/screen/augmentation_fixed_updates/seed_109/tokenizer/tokenizer.json"
"runs","phase29_discourse_augmentation_v1/screen/augmentation_fixed_updates/seed_97/metrics.json","994","8d1314d6830646cc3d878fd00712b892535121d3734f9f69e7ca83190b0bfa00","https://media.lbsa71.net/LCE/runs/phase29_discourse_augmentation_v1/screen/augmentation_fixed_updates/seed_97/metrics.json"
"runs","phase29_discourse_augmentation_v1/screen/augmentation_fixed_updates/seed_97/parser_final.pt","1885796","32d7d87634942f9abf6a89cc33a35d9bbecb67f74a22827e7b761f67c22360d4","https://media.lbsa71.net/LCE/runs/phase29_discourse_augmentation_v1/screen/augmentation_fixed_updates/seed_97/parser_final.pt"
"runs","phase29_discourse_augmentation_v1/screen/augmentation_fixed_updates/seed_97/step_metrics.csv","97100","ebd9db187163f2b2bc998834bff95b92da969383de38fd9b0b6ac1825a42f839","https://media.lbsa71.net/LCE/runs/phase29_discourse_augmentation_v1/screen/augmentation_fixed_updates/seed_97/step_metrics.csv"
"runs","phase29_discourse_augmentation_v1/screen/augmentation_fixed_updates/seed_97/tokenizer_corpus.txt","21864","d0df465592116b9400fd0220796a4b396f5029da2665deb3b9975f2bc7773c2c","https://media.lbsa71.net/LCE/runs/phase29_discourse_augmentation_v1/screen/augmentation_fixed_updates/seed_97/tokenizer_corpus.txt"
"runs","phase29_discourse_augmentation_v1/screen/augmentation_fixed_updates/seed_97/tokenizer/tokenizer.json","7042","252422b961a449f6f040229a703cf9e6d10e23e7689092c46058e535ce5185dc","https://media.lbsa71.net/LCE/runs/phase29_discourse_augmentation_v1/screen/augmentation_fixed_updates/seed_97/tokenizer/tokenizer.json"
"runs","phase29_discourse_augmentation_v1/screen/augmentation_matched_exposure/seed_101/metrics.json","994","4c9155f068d00f5584c6aa5a30e7c05eea5c58c7a2d1fbb9073cc5414bc585b3","https://media.lbsa71.net/LCE/runs/phase29_discourse_augmentation_v1/screen/augmentation_matched_exposure/seed_101/metrics.json"
"runs","phase29_discourse_augmentation_v1/screen/augmentation_matched_exposure/seed_101/parser_final.pt","1885796","cefd97b73135cc331636cffe22b1df537ab243d0fee8b77a6eee14668e81927d","https://media.lbsa71.net/LCE/runs/phase29_discourse_augmentation_v1/screen/augmentation_matched_exposure/seed_101/parser_final.pt"
"runs","phase29_discourse_augmentation_v1/screen/augmentation_matched_exposure/seed_101/step_metrics.csv","121412","39366658d0d824e395cdcec100811293087b01bda29fbb3ef4fed21585211488","https://media.lbsa71.net/LCE/runs/phase29_discourse_augmentation_v1/screen/augmentation_matched_exposure/seed_101/step_metrics.csv"
"runs","phase29_discourse_augmentation_v1/screen/augmentation_matched_exposure/seed_101/tokenizer_corpus.txt","21864","d0df465592116b9400fd0220796a4b396f5029da2665deb3b9975f2bc7773c2c","https://media.lbsa71.net/LCE/runs/phase29_discourse_augmentation_v1/screen/augmentation_matched_exposure/seed_101/tokenizer_corpus.txt"
"runs","phase29_discourse_augmentation_v1/screen/augmentation_matched_exposure/seed_101/tokenizer/tokenizer.json","7042","252422b961a449f6f040229a703cf9e6d10e23e7689092c46058e535ce5185dc","https://media.lbsa71.net/LCE/runs/phase29_discourse_augmentation_v1/screen/augmentation_matched_exposure/seed_101/tokenizer/tokenizer.json"
"runs","phase29_discourse_augmentation_v1/screen/augmentation_matched_exposure/seed_103/metrics.json","992","408ae83e52bd93761e8397eb1b7ed3203d1c62c0c4876000bc5ad61bad27f5e6","https://media.lbsa71.net/LCE/runs/phase29_discourse_augmentation_v1/screen/augmentation_matched_exposure/seed_103/metrics.json"
"runs","phase29_discourse_augmentation_v1/screen/augmentation_matched_exposure/seed_103/parser_final.pt","1885796","71f84b6f7f6adb78cab33fcba0191a2daddfa15b69ab542895b68fcd05b99895","https://media.lbsa71.net/LCE/runs/phase29_discourse_augmentation_v1/screen/augmentation_matched_exposure/seed_103/parser_final.pt"
"runs","phase29_discourse_augmentation_v1/screen/augmentation_matched_exposure/seed_103/step_metrics.csv","121359","9c5ef000614d9cdaf692fc64d1431a4c65dd15eb43deb6c5450cb3f93412226d","https://media.lbsa71.net/LCE/runs/phase29_discourse_augmentation_v1/screen/augmentation_matched_exposure/seed_103/step_metrics.csv"
"runs","phase29_discourse_augmentation_v1/screen/augmentation_matched_exposure/seed_103/tokenizer_corpus.txt","21864","d0df465592116b9400fd0220796a4b396f5029da2665deb3b9975f2bc7773c2c","https://media.lbsa71.net/LCE/runs/phase29_discourse_augmentation_v1/screen/augmentation_matched_exposure/seed_103/tokenizer_corpus.txt"
"runs","phase29_discourse_augmentation_v1/screen/augmentation_matched_exposure/seed_103/tokenizer/tokenizer.json","7042","252422b961a449f6f040229a703cf9e6d10e23e7689092c46058e535ce5185dc","https://media.lbsa71.net/LCE/runs/phase29_discourse_augmentation_v1/screen/augmentation_matched_exposure/seed_103/tokenizer/tokenizer.json"
"runs","phase29_discourse_augmentation_v1/screen/augmentation_matched_exposure/seed_107/metrics.json","993","2f8e595690e57a6796ac04ac31c583b0e1238a6fb335cf3557bf55c688ee1397","https://media.lbsa71.net/LCE/runs/phase29_discourse_augmentation_v1/screen/augmentation_matched_exposure/seed_107/metrics.json"
"runs","phase29_discourse_augmentation_v1/screen/augmentation_matched_exposure/seed_107/parser_final.pt","1885796","9ee3f59470a5b00610e528daef8da3d031d3b3c7e9b6f1d4a0c3d046aba09a25","https://media.lbsa71.net/LCE/runs/phase29_discourse_augmentation_v1/screen/augmentation_matched_exposure/seed_107/parser_final.pt"
"runs","phase29_discourse_augmentation_v1/screen/augmentation_matched_exposure/seed_107/step_metrics.csv","121386","e9ee9036fe74d3d7b64e0bd7eec7de66630d735329cf5a222383d06a622ea81f","https://media.lbsa71.net/LCE/runs/phase29_discourse_augmentation_v1/screen/augmentation_matched_exposure/seed_107/step_metrics.csv"
"runs","phase29_discourse_augmentation_v1/screen/augmentation_matched_exposure/seed_107/tokenizer_corpus.txt","21864","d0df465592116b9400fd0220796a4b396f5029da2665deb3b9975f2bc7773c2c","https://media.lbsa71.net/LCE/runs/phase29_discourse_augmentation_v1/screen/augmentation_matched_exposure/seed_107/tokenizer_corpus.txt"
"runs","phase29_discourse_augmentation_v1/screen/augmentation_matched_exposure/seed_107/tokenizer/tokenizer.json","7042","252422b961a449f6f040229a703cf9e6d10e23e7689092c46058e535ce5185dc","https://media.lbsa71.net/LCE/runs/phase29_discourse_augmentation_v1/screen/augmentation_matched_exposure/seed_107/tokenizer/tokenizer.json"
"runs","phase29_discourse_augmentation_v1/screen/augmentation_matched_exposure/seed_109/metrics.json","999","17d0f504222c15a0d10883f470d0ae77b8f50bb6285f0b090cbfb5088349ad9a","https://media.lbsa71.net/LCE/runs/phase29_discourse_augmentation_v1/screen/augmentation_matched_exposure/seed_109/metrics.json"
"runs","phase29_discourse_augmentation_v1/screen/augmentation_matched_exposure/seed_109/parser_final.pt","1885796","b1ab93be7a7c26f7fa5deb7b6b2ec2d88ab325252e233da3b173e1461794630c","https://media.lbsa71.net/LCE/runs/phase29_discourse_augmentation_v1/screen/augmentation_matched_exposure/seed_109/parser_final.pt"
"runs","phase29_discourse_augmentation_v1/screen/augmentation_matched_exposure/seed_109/step_metrics.csv","122082","2136044e30f5b28826f46cbb487c34e573f6c577cf25d603b9f32e2f975b6645","https://media.lbsa71.net/LCE/runs/phase29_discourse_augmentation_v1/screen/augmentation_matched_exposure/seed_109/step_metrics.csv"
"runs","phase29_discourse_augmentation_v1/screen/augmentation_matched_exposure/seed_109/tokenizer_corpus.txt","21864","d0df465592116b9400fd0220796a4b396f5029da2665deb3b9975f2bc7773c2c","https://media.lbsa71.net/LCE/runs/phase29_discourse_augmentation_v1/screen/augmentation_matched_exposure/seed_109/tokenizer_corpus.txt"
"runs","phase29_discourse_augmentation_v1/screen/augmentation_matched_exposure/seed_109/tokenizer/tokenizer.json","7042","252422b961a449f6f040229a703cf9e6d10e23e7689092c46058e535ce5185dc","https://media.lbsa71.net/LCE/runs/phase29_discourse_augmentation_v1/screen/augmentation_matched_exposure/seed_109/tokenizer/tokenizer.json"
"runs","phase29_discourse_augmentation_v1/screen/augmentation_matched_exposure/seed_97/metrics.json","992","f51572c78be4a5416451fb29b7047896ebef6f017888dae40121f937f8c46598","https://media.lbsa71.net/LCE/runs/phase29_discourse_augmentation_v1/screen/augmentation_matched_exposure/seed_97/metrics.json"
"runs","phase29_discourse_augmentation_v1/screen/augmentation_matched_exposure/seed_97/parser_final.pt","1885796","f77315417e17350d2dc81987586f672d496e579b69d165d7c215156f26fa9519","https://media.lbsa71.net/LCE/runs/phase29_discourse_augmentation_v1/screen/augmentation_matched_exposure/seed_97/parser_final.pt"
"runs","phase29_discourse_augmentation_v1/screen/augmentation_matched_exposure/seed_97/step_metrics.csv","121400","1808cdc111e4bc18bd5166a3bdd3a5d347c7686547d28ae2ed9fa86e337e0a51","https://media.lbsa71.net/LCE/runs/phase29_discourse_augmentation_v1/screen/augmentation_matched_exposure/seed_97/step_metrics.csv"
"runs","phase29_discourse_augmentation_v1/screen/augmentation_matched_exposure/seed_97/tokenizer_corpus.txt","21864","d0df465592116b9400fd0220796a4b396f5029da2665deb3b9975f2bc7773c2c","https://media.lbsa71.net/LCE/runs/phase29_discourse_augmentation_v1/screen/augmentation_matched_exposure/seed_97/tokenizer_corpus.txt"
"runs","phase29_discourse_augmentation_v1/screen/augmentation_matched_exposure/seed_97/tokenizer/tokenizer.json","7042","252422b961a449f6f040229a703cf9e6d10e23e7689092c46058e535ce5185dc","https://media.lbsa71.net/LCE/runs/phase29_discourse_augmentation_v1/screen/augmentation_matched_exposure/seed_97/tokenizer/tokenizer.json"
"runs","phase29_discourse_augmentation_v1/split_manifests.json","2439","8e8e88d66061fab8745ee467eee3bdabd632f99158f6c47aecff67efff51c105","https://media.lbsa71.net/LCE/runs/phase29_discourse_augmentation_v1/split_manifests.json"
"runs","phase3_scaling_stage_a_r356_v1/analysis.json","2062","da46b48acf2d6097b0ed1ea625212875ded622cf072b67d68290dfe944a7bda5","https://media.lbsa71.net/LCE/runs/phase3_scaling_stage_a_r356_v1/analysis.json"
"runs","phase3_scaling_stage_a_r356_v1/results.json","13947","67cbb296a2578fb30d03a45cd6a93b919c55e9ed795d426e9c0f924fd9e858d1","https://media.lbsa71.net/LCE/runs/phase3_scaling_stage_a_r356_v1/results.json"
"runs","phase3_scaling_stage_a_r356_v1/split_manifests.json","1109","a21ddcb20234817456a15d1d1f6333f3e41c4d36e7670c2b93bd8c1ba223ac38","https://media.lbsa71.net/LCE/runs/phase3_scaling_stage_a_r356_v1/split_manifests.json"
"runs","phase3_scaling_stage_a_r356_v1/variants_1/R356/seed_17/metrics.json","945","094cb07b2cede04a5cd6a72848665b16e4111b960519c6dab826655e833e80f0","https://media.lbsa71.net/LCE/runs/phase3_scaling_stage_a_r356_v1/variants_1/R356/seed_17/metrics.json"
"runs","phase3_scaling_stage_a_r356_v1/variants_1/R356/seed_17/parser_final.pt","1885796","7074f5725c184a530cbce7ef384c7bb6c5e8e999b96f52f56d1ae0326a89581c","https://media.lbsa71.net/LCE/runs/phase3_scaling_stage_a_r356_v1/variants_1/R356/seed_17/parser_final.pt"
"runs","phase3_scaling_stage_a_r356_v1/variants_1/R356/seed_17/step_metrics.csv","48174","32c03784b74b1d9f4c74a8fc6a0f3499d58bf8909150d368c596777a60811112","https://media.lbsa71.net/LCE/runs/phase3_scaling_stage_a_r356_v1/variants_1/R356/seed_17/step_metrics.csv"
"runs","phase3_scaling_stage_a_r356_v1/variants_1/R356/seed_17/tokenizer_corpus.txt","1251","50de68a1ef1db82755e9591d8c06d69b064b682390739692bae1bc87f8c0360e","https://media.lbsa71.net/LCE/runs/phase3_scaling_stage_a_r356_v1/variants_1/R356/seed_17/tokenizer_corpus.txt"
"runs","phase3_scaling_stage_a_r356_v1/variants_1/R356/seed_17/tokenizer/tokenizer.json","7042","252422b961a449f6f040229a703cf9e6d10e23e7689092c46058e535ce5185dc","https://media.lbsa71.net/LCE/runs/phase3_scaling_stage_a_r356_v1/variants_1/R356/seed_17/tokenizer/tokenizer.json"
"runs","phase3_scaling_stage_a_r356_v1/variants_1/R356/seed_29/metrics.json","936","4ba69691511a05ab98cc663fe4e8b892152f40ac800f258109234144c4852532","https://media.lbsa71.net/LCE/runs/phase3_scaling_stage_a_r356_v1/variants_1/R356/seed_29/metrics.json"
"runs","phase3_scaling_stage_a_r356_v1/variants_1/R356/seed_29/parser_final.pt","1885796","7d90a08d83890509d53f4a370dd70b856457fa2f5e90a365ab8d6701975cf1b7","https://media.lbsa71.net/LCE/runs/phase3_scaling_stage_a_r356_v1/variants_1/R356/seed_29/parser_final.pt"
"runs","phase3_scaling_stage_a_r356_v1/variants_1/R356/seed_29/step_metrics.csv","48144","7101991557bb47bb1014b2670e341a041fa5c8043f5ae98d55cba46534bdf763","https://media.lbsa71.net/LCE/runs/phase3_scaling_stage_a_r356_v1/variants_1/R356/seed_29/step_metrics.csv"
"runs","phase3_scaling_stage_a_r356_v1/variants_1/R356/seed_29/tokenizer_corpus.txt","1251","50de68a1ef1db82755e9591d8c06d69b064b682390739692bae1bc87f8c0360e","https://media.lbsa71.net/LCE/runs/phase3_scaling_stage_a_r356_v1/variants_1/R356/seed_29/tokenizer_corpus.txt"
"runs","phase3_scaling_stage_a_r356_v1/variants_1/R356/seed_29/tokenizer/tokenizer.json","7042","252422b961a449f6f040229a703cf9e6d10e23e7689092c46058e535ce5185dc","https://media.lbsa71.net/LCE/runs/phase3_scaling_stage_a_r356_v1/variants_1/R356/seed_29/tokenizer/tokenizer.json"
"runs","phase3_scaling_stage_a_r356_v1/variants_1/R356/seed_41/metrics.json","942","5a5499045bf9f9c9cda00d1195228c4372c27555515756042b6dcf7b52fda68b","https://media.lbsa71.net/LCE/runs/phase3_scaling_stage_a_r356_v1/variants_1/R356/seed_41/metrics.json"
"runs","phase3_scaling_stage_a_r356_v1/variants_1/R356/seed_41/parser_final.pt","1885796","c0950d329298da0b8f0862af0678fbe4a0436945656a8e917aaa74a02424d619","https://media.lbsa71.net/LCE/runs/phase3_scaling_stage_a_r356_v1/variants_1/R356/seed_41/parser_final.pt"
"runs","phase3_scaling_stage_a_r356_v1/variants_1/R356/seed_41/step_metrics.csv","48143","5b2bf74d0dfb0ca1c22aa65f4acd7d24af49491e9a504bbd4533c0c8d1078662","https://media.lbsa71.net/LCE/runs/phase3_scaling_stage_a_r356_v1/variants_1/R356/seed_41/step_metrics.csv"
"runs","phase3_scaling_stage_a_r356_v1/variants_1/R356/seed_41/tokenizer_corpus.txt","1251","50de68a1ef1db82755e9591d8c06d69b064b682390739692bae1bc87f8c0360e","https://media.lbsa71.net/LCE/runs/phase3_scaling_stage_a_r356_v1/variants_1/R356/seed_41/tokenizer_corpus.txt"
"runs","phase3_scaling_stage_a_r356_v1/variants_1/R356/seed_41/tokenizer/tokenizer.json","7042","252422b961a449f6f040229a703cf9e6d10e23e7689092c46058e535ce5185dc","https://media.lbsa71.net/LCE/runs/phase3_scaling_stage_a_r356_v1/variants_1/R356/seed_41/tokenizer/tokenizer.json"
"runs","phase3_scaling_stage_a_r356_v1/variants_1/R356/seed_53/metrics.json","939","ed0a3bbe64573e7fbee9fff2d2cd9dfd2dde57c55b2cd43ace980de9fc073194","https://media.lbsa71.net/LCE/runs/phase3_scaling_stage_a_r356_v1/variants_1/R356/seed_53/metrics.json"
"runs","phase3_scaling_stage_a_r356_v1/variants_1/R356/seed_53/parser_final.pt","1885796","8e70140288797cc5a7227d53dbc16f6bce8057e5736d427a3da06ffb9dcb7a52","https://media.lbsa71.net/LCE/runs/phase3_scaling_stage_a_r356_v1/variants_1/R356/seed_53/parser_final.pt"
"runs","phase3_scaling_stage_a_r356_v1/variants_1/R356/seed_53/step_metrics.csv","48157","fceca41fb7d48c0405956a93f9d055326aa843be4e14b6ff34474f3d50a41a17","https://media.lbsa71.net/LCE/runs/phase3_scaling_stage_a_r356_v1/variants_1/R356/seed_53/step_metrics.csv"
"runs","phase3_scaling_stage_a_r356_v1/variants_1/R356/seed_53/tokenizer_corpus.txt","1251","50de68a1ef1db82755e9591d8c06d69b064b682390739692bae1bc87f8c0360e","https://media.lbsa71.net/LCE/runs/phase3_scaling_stage_a_r356_v1/variants_1/R356/seed_53/tokenizer_corpus.txt"
"runs","phase3_scaling_stage_a_r356_v1/variants_1/R356/seed_53/tokenizer/tokenizer.json","7042","252422b961a449f6f040229a703cf9e6d10e23e7689092c46058e535ce5185dc","https://media.lbsa71.net/LCE/runs/phase3_scaling_stage_a_r356_v1/variants_1/R356/seed_53/tokenizer/tokenizer.json"
"runs","phase3_scaling_stage_a_r356_v1/variants_1/R356/seed_67/metrics.json","943","6c546cbb352bc688da72dca8ffad8958c72d1e187d4915833119c258660f2ec9","https://media.lbsa71.net/LCE/runs/phase3_scaling_stage_a_r356_v1/variants_1/R356/seed_67/metrics.json"
"runs","phase3_scaling_stage_a_r356_v1/variants_1/R356/seed_67/parser_final.pt","1885796","66b9ef354f92515c3c760652ae2eb36ad3b160dcf1fe5b2ee06c0ba3c9c1d002","https://media.lbsa71.net/LCE/runs/phase3_scaling_stage_a_r356_v1/variants_1/R356/seed_67/parser_final.pt"
"runs","phase3_scaling_stage_a_r356_v1/variants_1/R356/seed_67/step_metrics.csv","48177","7a366d5b00f907bf2037e67cf4dc64fb2ec0be829b42b7a6d9b7ebcae4a76715","https://media.lbsa71.net/LCE/runs/phase3_scaling_stage_a_r356_v1/variants_1/R356/seed_67/step_metrics.csv"
"runs","phase3_scaling_stage_a_r356_v1/variants_1/R356/seed_67/tokenizer_corpus.txt","1251","50de68a1ef1db82755e9591d8c06d69b064b682390739692bae1bc87f8c0360e","https://media.lbsa71.net/LCE/runs/phase3_scaling_stage_a_r356_v1/variants_1/R356/seed_67/tokenizer_corpus.txt"
"runs","phase3_scaling_stage_a_r356_v1/variants_1/R356/seed_67/tokenizer/tokenizer.json","7042","252422b961a449f6f040229a703cf9e6d10e23e7689092c46058e535ce5185dc","https://media.lbsa71.net/LCE/runs/phase3_scaling_stage_a_r356_v1/variants_1/R356/seed_67/tokenizer/tokenizer.json"
"runs","phase3_scaling_stage_a_r356_v1/variants_8/R356/seed_17/metrics.json","948","ef6398b51e8cbf17edbdab435a3f2859414b0a924c20adf1a3722222f2b722c6","https://media.lbsa71.net/LCE/runs/phase3_scaling_stage_a_r356_v1/variants_8/R356/seed_17/metrics.json"
"runs","phase3_scaling_stage_a_r356_v1/variants_8/R356/seed_17/parser_final.pt","1885796","0de9987f8ebb0b64b7e08d0e8385ebd2877990cc926a0a654aff8a50cad2ac91","https://media.lbsa71.net/LCE/runs/phase3_scaling_stage_a_r356_v1/variants_8/R356/seed_17/parser_final.pt"
"runs","phase3_scaling_stage_a_r356_v1/variants_8/R356/seed_17/step_metrics.csv","389565","5acb6f6af68cdbe8632ed365a9d513f5b1e1067976c1e7c645ab636227001158","https://media.lbsa71.net/LCE/runs/phase3_scaling_stage_a_r356_v1/variants_8/R356/seed_17/step_metrics.csv"
"runs","phase3_scaling_stage_a_r356_v1/variants_8/R356/seed_17/tokenizer_corpus.txt","14616","f100990d7d73ffc51c9bfcf62346f65c179fa48b2b12dd2425842963f334b880","https://media.lbsa71.net/LCE/runs/phase3_scaling_stage_a_r356_v1/variants_8/R356/seed_17/tokenizer_corpus.txt"
"runs","phase3_scaling_stage_a_r356_v1/variants_8/R356/seed_17/tokenizer/tokenizer.json","7042","252422b961a449f6f040229a703cf9e6d10e23e7689092c46058e535ce5185dc","https://media.lbsa71.net/LCE/runs/phase3_scaling_stage_a_r356_v1/variants_8/R356/seed_17/tokenizer/tokenizer.json"
"runs","phase3_scaling_stage_a_r356_v1/variants_8/R356/seed_29/metrics.json","947","247e15ea9172597d6f9322931c6006d6df4abb0e439fd4d16a8a3a8bb2fe16c2","https://media.lbsa71.net/LCE/runs/phase3_scaling_stage_a_r356_v1/variants_8/R356/seed_29/metrics.json"
"runs","phase3_scaling_stage_a_r356_v1/variants_8/R356/seed_29/parser_final.pt","1885796","9c060fef4e16bf7800458ecee027a53be49d22c962000fcedbb7520e4b585d14","https://media.lbsa71.net/LCE/runs/phase3_scaling_stage_a_r356_v1/variants_8/R356/seed_29/parser_final.pt"
"runs","phase3_scaling_stage_a_r356_v1/variants_8/R356/seed_29/step_metrics.csv","389534","db0967e9eaf5959f9885298e7535a722fbb28984999d2e477ac4013c35425227","https://media.lbsa71.net/LCE/runs/phase3_scaling_stage_a_r356_v1/variants_8/R356/seed_29/step_metrics.csv"
"runs","phase3_scaling_stage_a_r356_v1/variants_8/R356/seed_29/tokenizer_corpus.txt","14616","f100990d7d73ffc51c9bfcf62346f65c179fa48b2b12dd2425842963f334b880","https://media.lbsa71.net/LCE/runs/phase3_scaling_stage_a_r356_v1/variants_8/R356/seed_29/tokenizer_corpus.txt"
"runs","phase3_scaling_stage_a_r356_v1/variants_8/R356/seed_29/tokenizer/tokenizer.json","7042","252422b961a449f6f040229a703cf9e6d10e23e7689092c46058e535ce5185dc","https://media.lbsa71.net/LCE/runs/phase3_scaling_stage_a_r356_v1/variants_8/R356/seed_29/tokenizer/tokenizer.json"
"runs","phase3_scaling_stage_a_r356_v1/variants_8/R356/seed_41/metrics.json","948","a5d7c5c06b65a5240a1b9352403baf30c97b9f5eeb0fe1e5422f57f20547b357","https://media.lbsa71.net/LCE/runs/phase3_scaling_stage_a_r356_v1/variants_8/R356/seed_41/metrics.json"
"runs","phase3_scaling_stage_a_r356_v1/variants_8/R356/seed_41/parser_final.pt","1885796","f5e961c4ee1a140fb99f64f528ac759d45d6140e96063816eb3eae70c59e3245","https://media.lbsa71.net/LCE/runs/phase3_scaling_stage_a_r356_v1/variants_8/R356/seed_41/parser_final.pt"
"runs","phase3_scaling_stage_a_r356_v1/variants_8/R356/seed_41/step_metrics.csv","389687","506cf8d267cb7ae0d08a276a57d03afdd76bd5bb724940a669186cb630e6885c","https://media.lbsa71.net/LCE/runs/phase3_scaling_stage_a_r356_v1/variants_8/R356/seed_41/step_metrics.csv"
"runs","phase3_scaling_stage_a_r356_v1/variants_8/R356/seed_41/tokenizer_corpus.txt","14616","f100990d7d73ffc51c9bfcf62346f65c179fa48b2b12dd2425842963f334b880","https://media.lbsa71.net/LCE/runs/phase3_scaling_stage_a_r356_v1/variants_8/R356/seed_41/tokenizer_corpus.txt"
"runs","phase3_scaling_stage_a_r356_v1/variants_8/R356/seed_41/tokenizer/tokenizer.json","7042","252422b961a449f6f040229a703cf9e6d10e23e7689092c46058e535ce5185dc","https://media.lbsa71.net/LCE/runs/phase3_scaling_stage_a_r356_v1/variants_8/R356/seed_41/tokenizer/tokenizer.json"
"runs","phase3_scaling_stage_a_r356_v1/variants_8/R356/seed_53/metrics.json","942","0a27237e55ec98de74d0ed81f56fe4d63057837ce717961800edcee4b5556bd1","https://media.lbsa71.net/LCE/runs/phase3_scaling_stage_a_r356_v1/variants_8/R356/seed_53/metrics.json"
"runs","phase3_scaling_stage_a_r356_v1/variants_8/R356/seed_53/parser_final.pt","1885796","27e6dcaf2327fef35b5a6ce705a949be3c6d3a65728c9353530503a4c29d104d","https://media.lbsa71.net/LCE/runs/phase3_scaling_stage_a_r356_v1/variants_8/R356/seed_53/parser_final.pt"
"runs","phase3_scaling_stage_a_r356_v1/variants_8/R356/seed_53/step_metrics.csv","389639","b6621652ae25474a5d8a7624c5542c5b2aa5add14a75bb29900bf079c882280f","https://media.lbsa71.net/LCE/runs/phase3_scaling_stage_a_r356_v1/variants_8/R356/seed_53/step_metrics.csv"
"runs","phase3_scaling_stage_a_r356_v1/variants_8/R356/seed_53/tokenizer_corpus.txt","14616","f100990d7d73ffc51c9bfcf62346f65c179fa48b2b12dd2425842963f334b880","https://media.lbsa71.net/LCE/runs/phase3_scaling_stage_a_r356_v1/variants_8/R356/seed_53/tokenizer_corpus.txt"
"runs","phase3_scaling_stage_a_r356_v1/variants_8/R356/seed_53/tokenizer/tokenizer.json","7042","252422b961a449f6f040229a703cf9e6d10e23e7689092c46058e535ce5185dc","https://media.lbsa71.net/LCE/runs/phase3_scaling_stage_a_r356_v1/variants_8/R356/seed_53/tokenizer/tokenizer.json"
"runs","phase3_scaling_stage_a_r356_v1/variants_8/R356/seed_67/metrics.json","947","1aa8d196cc12710f2921fef127a942222ea88427532c24c51d38afd7faf22af3","https://media.lbsa71.net/LCE/runs/phase3_scaling_stage_a_r356_v1/variants_8/R356/seed_67/metrics.json"
"runs","phase3_scaling_stage_a_r356_v1/variants_8/R356/seed_67/parser_final.pt","1885796","873242bf3f0991ab94abf020af81cf965b38ad10880bde5bbcbbc996dc98cd23","https://media.lbsa71.net/LCE/runs/phase3_scaling_stage_a_r356_v1/variants_8/R356/seed_67/parser_final.pt"
"runs","phase3_scaling_stage_a_r356_v1/variants_8/R356/seed_67/step_metrics.csv","389670","185f81725117ec9d4b7261b9d3f8d44ac91826504b709e045684453179b0886b","https://media.lbsa71.net/LCE/runs/phase3_scaling_stage_a_r356_v1/variants_8/R356/seed_67/step_metrics.csv"
"runs","phase3_scaling_stage_a_r356_v1/variants_8/R356/seed_67/tokenizer_corpus.txt","14616","f100990d7d73ffc51c9bfcf62346f65c179fa48b2b12dd2425842963f334b880","https://media.lbsa71.net/LCE/runs/phase3_scaling_stage_a_r356_v1/variants_8/R356/seed_67/tokenizer_corpus.txt"
"runs","phase3_scaling_stage_a_r356_v1/variants_8/R356/seed_67/tokenizer/tokenizer.json","7042","252422b961a449f6f040229a703cf9e6d10e23e7689092c46058e535ce5185dc","https://media.lbsa71.net/LCE/runs/phase3_scaling_stage_a_r356_v1/variants_8/R356/seed_67/tokenizer/tokenizer.json"
"runs","phase3_scaling_stage_b_r889_v1/analysis.json","2066","7dee3a0fa780bb6576576f86a203d77b0f11484a1822dbd7099e0699faa78521","https://media.lbsa71.net/LCE/runs/phase3_scaling_stage_b_r889_v1/analysis.json"
"runs","phase3_scaling_stage_b_r889_v1/full_curve_analysis.json","15403","b7693aa9d663d0fcbcf18fd2b72dab049376676793d9f24161edbf79349e46af","https://media.lbsa71.net/LCE/runs/phase3_scaling_stage_b_r889_v1/full_curve_analysis.json"
"runs","phase3_scaling_stage_b_r889_v1/results.json","13964","dc9107875d803f573f4d8a22fe74da4daea53b4ba777994d632822e2f9cd35a4","https://media.lbsa71.net/LCE/runs/phase3_scaling_stage_b_r889_v1/results.json"
"runs","phase3_scaling_stage_b_r889_v1/runner.stderr.log","0","e3b0c44298fc1c149afbf4c8996fb92427ae41e4649b934ca495991b7852b855","https://media.lbsa71.net/LCE/runs/phase3_scaling_stage_b_r889_v1/runner.stderr.log"
"runs","phase3_scaling_stage_b_r889_v1/runner.stdout.log","71","c2a8da0fe2e238fbc038127762baecf6fd3e98ff866c64f4ae3ea8641facbc98","https://media.lbsa71.net/LCE/runs/phase3_scaling_stage_b_r889_v1/runner.stdout.log"
"runs","phase3_scaling_stage_b_r889_v1/split_manifests.json","1109","82d64ab0dfdab0dd7681130062019c91f84e376ee7fbc0a2a520e76c6dd82da0","https://media.lbsa71.net/LCE/runs/phase3_scaling_stage_b_r889_v1/split_manifests.json"
"runs","phase3_scaling_stage_b_r889_v1/variants_1/R889/seed_17/metrics.json","945","2c4cb71365818a2b1dc1ed241d3e064c45e8fcc501d57da298bfa52f6595fe4b","https://media.lbsa71.net/LCE/runs/phase3_scaling_stage_b_r889_v1/variants_1/R889/seed_17/metrics.json"
"runs","phase3_scaling_stage_b_r889_v1/variants_1/R889/seed_17/parser_final.pt","1885796","169e1caa0fdd78ff1f1bfa0642cfbda9bb4692bf0da41ac2c289742b3dde45e9","https://media.lbsa71.net/LCE/runs/phase3_scaling_stage_b_r889_v1/variants_1/R889/seed_17/parser_final.pt"
"runs","phase3_scaling_stage_b_r889_v1/variants_1/R889/seed_17/step_metrics.csv","121388","8dcfe923137e1928b95367809b2265e5a4b2988f7d4967fb7a2303c42eeb32d3","https://media.lbsa71.net/LCE/runs/phase3_scaling_stage_b_r889_v1/variants_1/R889/seed_17/step_metrics.csv"
"runs","phase3_scaling_stage_b_r889_v1/variants_1/R889/seed_17/tokenizer_corpus.txt","1251","50de68a1ef1db82755e9591d8c06d69b064b682390739692bae1bc87f8c0360e","https://media.lbsa71.net/LCE/runs/phase3_scaling_stage_b_r889_v1/variants_1/R889/seed_17/tokenizer_corpus.txt"
"runs","phase3_scaling_stage_b_r889_v1/variants_1/R889/seed_17/tokenizer/tokenizer.json","7042","252422b961a449f6f040229a703cf9e6d10e23e7689092c46058e535ce5185dc","https://media.lbsa71.net/LCE/runs/phase3_scaling_stage_b_r889_v1/variants_1/R889/seed_17/tokenizer/tokenizer.json"
"runs","phase3_scaling_stage_b_r889_v1/variants_1/R889/seed_29/metrics.json","947","c481102049d3b2db2c1cd2e02010e6c47a66bb78e3235005c53619db7e87335a","https://media.lbsa71.net/LCE/runs/phase3_scaling_stage_b_r889_v1/variants_1/R889/seed_29/metrics.json"
"runs","phase3_scaling_stage_b_r889_v1/variants_1/R889/seed_29/parser_final.pt","1885796","a2b64fcff2ce613bac02ee114b8fb9d8cfe2927723b0bf97e562411779496b48","https://media.lbsa71.net/LCE/runs/phase3_scaling_stage_b_r889_v1/variants_1/R889/seed_29/parser_final.pt"
"runs","phase3_scaling_stage_b_r889_v1/variants_1/R889/seed_29/step_metrics.csv","121354","b59a5d2c7cf60ee76768b8e9b1a35df6f89fcdb4ff6cb4dd417ac08c52519a4f","https://media.lbsa71.net/LCE/runs/phase3_scaling_stage_b_r889_v1/variants_1/R889/seed_29/step_metrics.csv"
"runs","phase3_scaling_stage_b_r889_v1/variants_1/R889/seed_29/tokenizer_corpus.txt","1251","50de68a1ef1db82755e9591d8c06d69b064b682390739692bae1bc87f8c0360e","https://media.lbsa71.net/LCE/runs/phase3_scaling_stage_b_r889_v1/variants_1/R889/seed_29/tokenizer_corpus.txt"
"runs","phase3_scaling_stage_b_r889_v1/variants_1/R889/seed_29/tokenizer/tokenizer.json","7042","252422b961a449f6f040229a703cf9e6d10e23e7689092c46058e535ce5185dc","https://media.lbsa71.net/LCE/runs/phase3_scaling_stage_b_r889_v1/variants_1/R889/seed_29/tokenizer/tokenizer.json"
"runs","phase3_scaling_stage_b_r889_v1/variants_1/R889/seed_41/metrics.json","944","98c2d601525c15e441360b369c0617091122aaf24365b15d81081a9ba5b2c9b2","https://media.lbsa71.net/LCE/runs/phase3_scaling_stage_b_r889_v1/variants_1/R889/seed_41/metrics.json"
"runs","phase3_scaling_stage_b_r889_v1/variants_1/R889/seed_41/parser_final.pt","1885796","e2f1e3475edf10eb46948b97823183929dbe1bccac391f35fe4f4ed0aa06a1f7","https://media.lbsa71.net/LCE/runs/phase3_scaling_stage_b_r889_v1/variants_1/R889/seed_41/parser_final.pt"
"runs","phase3_scaling_stage_b_r889_v1/variants_1/R889/seed_41/step_metrics.csv","121345","03c369e1ccdeb86d60a4e8daaffb30fc4cf8a0fc93fe07be77df457767d1d0eb","https://media.lbsa71.net/LCE/runs/phase3_scaling_stage_b_r889_v1/variants_1/R889/seed_41/step_metrics.csv"
"runs","phase3_scaling_stage_b_r889_v1/variants_1/R889/seed_41/tokenizer_corpus.txt","1251","50de68a1ef1db82755e9591d8c06d69b064b682390739692bae1bc87f8c0360e","https://media.lbsa71.net/LCE/runs/phase3_scaling_stage_b_r889_v1/variants_1/R889/seed_41/tokenizer_corpus.txt"
"runs","phase3_scaling_stage_b_r889_v1/variants_1/R889/seed_41/tokenizer/tokenizer.json","7042","252422b961a449f6f040229a703cf9e6d10e23e7689092c46058e535ce5185dc","https://media.lbsa71.net/LCE/runs/phase3_scaling_stage_b_r889_v1/variants_1/R889/seed_41/tokenizer/tokenizer.json"
"runs","phase3_scaling_stage_b_r889_v1/variants_1/R889/seed_53/metrics.json","938","305ec39369507e29a5991b5e7214d6404119f944c871dc94c71407598029adc1","https://media.lbsa71.net/LCE/runs/phase3_scaling_stage_b_r889_v1/variants_1/R889/seed_53/metrics.json"
"runs","phase3_scaling_stage_b_r889_v1/variants_1/R889/seed_53/parser_final.pt","1885796","1ef27d00aff13bcd8dd0eaf4d2f43b857ff97ee1674017ccadf38c2a0133fd63","https://media.lbsa71.net/LCE/runs/phase3_scaling_stage_b_r889_v1/variants_1/R889/seed_53/parser_final.pt"
"runs","phase3_scaling_stage_b_r889_v1/variants_1/R889/seed_53/step_metrics.csv","121305","a8b81f17afdc5cc8d48ab78f3a2d54654d3fc63296125ca65768e8fa1bf471d0","https://media.lbsa71.net/LCE/runs/phase3_scaling_stage_b_r889_v1/variants_1/R889/seed_53/step_metrics.csv"
"runs","phase3_scaling_stage_b_r889_v1/variants_1/R889/seed_53/tokenizer_corpus.txt","1251","50de68a1ef1db82755e9591d8c06d69b064b682390739692bae1bc87f8c0360e","https://media.lbsa71.net/LCE/runs/phase3_scaling_stage_b_r889_v1/variants_1/R889/seed_53/tokenizer_corpus.txt"
"runs","phase3_scaling_stage_b_r889_v1/variants_1/R889/seed_53/tokenizer/tokenizer.json","7042","252422b961a449f6f040229a703cf9e6d10e23e7689092c46058e535ce5185dc","https://media.lbsa71.net/LCE/runs/phase3_scaling_stage_b_r889_v1/variants_1/R889/seed_53/tokenizer/tokenizer.json"
"runs","phase3_scaling_stage_b_r889_v1/variants_1/R889/seed_67/metrics.json","946","41d9fb5521f3078110c202174667205394dc43fe90d5eca3789e80fbde92a4fb","https://media.lbsa71.net/LCE/runs/phase3_scaling_stage_b_r889_v1/variants_1/R889/seed_67/metrics.json"
"runs","phase3_scaling_stage_b_r889_v1/variants_1/R889/seed_67/parser_final.pt","1885796","b337845f8f548f9d7460bd8f4f75841137f11bbed6cb33db4d9ec0379725ccf9","https://media.lbsa71.net/LCE/runs/phase3_scaling_stage_b_r889_v1/variants_1/R889/seed_67/parser_final.pt"
"runs","phase3_scaling_stage_b_r889_v1/variants_1/R889/seed_67/step_metrics.csv","121348","627a1523021b1ad9386e689e0ff1eb26fbdc2623825012736cf181733d93ea8d","https://media.lbsa71.net/LCE/runs/phase3_scaling_stage_b_r889_v1/variants_1/R889/seed_67/step_metrics.csv"
"runs","phase3_scaling_stage_b_r889_v1/variants_1/R889/seed_67/tokenizer_corpus.txt","1251","50de68a1ef1db82755e9591d8c06d69b064b682390739692bae1bc87f8c0360e","https://media.lbsa71.net/LCE/runs/phase3_scaling_stage_b_r889_v1/variants_1/R889/seed_67/tokenizer_corpus.txt"
"runs","phase3_scaling_stage_b_r889_v1/variants_1/R889/seed_67/tokenizer/tokenizer.json","7042","252422b961a449f6f040229a703cf9e6d10e23e7689092c46058e535ce5185dc","https://media.lbsa71.net/LCE/runs/phase3_scaling_stage_b_r889_v1/variants_1/R889/seed_67/tokenizer/tokenizer.json"
"runs","phase3_scaling_stage_b_r889_v1/variants_8/R889/seed_17/metrics.json","947","7628d32ef23e002a92f8c2c17039797db2d307e25997ca074d6d985237a72c41","https://media.lbsa71.net/LCE/runs/phase3_scaling_stage_b_r889_v1/variants_8/R889/seed_17/metrics.json"
"runs","phase3_scaling_stage_b_r889_v1/variants_8/R889/seed_17/parser_final.pt","1885796","38756ecf69a1a68a213582293e3d6032bb705dfba0d734a1c3ad039c70520665","https://media.lbsa71.net/LCE/runs/phase3_scaling_stage_b_r889_v1/variants_8/R889/seed_17/parser_final.pt"
"runs","phase3_scaling_stage_b_r889_v1/variants_8/R889/seed_17/step_metrics.csv","961025","5b82eb7655367518e153921c439f54de9bcf96ee6b23b3cb77afd144fd811722","https://media.lbsa71.net/LCE/runs/phase3_scaling_stage_b_r889_v1/variants_8/R889/seed_17/step_metrics.csv"
"runs","phase3_scaling_stage_b_r889_v1/variants_8/R889/seed_17/tokenizer_corpus.txt","14616","f100990d7d73ffc51c9bfcf62346f65c179fa48b2b12dd2425842963f334b880","https://media.lbsa71.net/LCE/runs/phase3_scaling_stage_b_r889_v1/variants_8/R889/seed_17/tokenizer_corpus.txt"
"runs","phase3_scaling_stage_b_r889_v1/variants_8/R889/seed_17/tokenizer/tokenizer.json","7042","252422b961a449f6f040229a703cf9e6d10e23e7689092c46058e535ce5185dc","https://media.lbsa71.net/LCE/runs/phase3_scaling_stage_b_r889_v1/variants_8/R889/seed_17/tokenizer/tokenizer.json"
"runs","phase3_scaling_stage_b_r889_v1/variants_8/R889/seed_29/metrics.json","947","65e453dd890830822e288281cea48468f1f566e223a34cb9cd723c8020167f08","https://media.lbsa71.net/LCE/runs/phase3_scaling_stage_b_r889_v1/variants_8/R889/seed_29/metrics.json"
"runs","phase3_scaling_stage_b_r889_v1/variants_8/R889/seed_29/parser_final.pt","1885796","d719537cde1bcfdffaa2934dcf8dd123c49e5fafb54a11e0de5b0fca16749679","https://media.lbsa71.net/LCE/runs/phase3_scaling_stage_b_r889_v1/variants_8/R889/seed_29/parser_final.pt"
"runs","phase3_scaling_stage_b_r889_v1/variants_8/R889/seed_29/step_metrics.csv","961347","fd2f4ba70eb2c57521f15c0a8c44d828fb483bdc80b7356bed27476450e6da65","https://media.lbsa71.net/LCE/runs/phase3_scaling_stage_b_r889_v1/variants_8/R889/seed_29/step_metrics.csv"
"runs","phase3_scaling_stage_b_r889_v1/variants_8/R889/seed_29/tokenizer_corpus.txt","14616","f100990d7d73ffc51c9bfcf62346f65c179fa48b2b12dd2425842963f334b880","https://media.lbsa71.net/LCE/runs/phase3_scaling_stage_b_r889_v1/variants_8/R889/seed_29/tokenizer_corpus.txt"
"runs","phase3_scaling_stage_b_r889_v1/variants_8/R889/seed_29/tokenizer/tokenizer.json","7042","252422b961a449f6f040229a703cf9e6d10e23e7689092c46058e535ce5185dc","https://media.lbsa71.net/LCE/runs/phase3_scaling_stage_b_r889_v1/variants_8/R889/seed_29/tokenizer/tokenizer.json"
"runs","phase3_scaling_stage_b_r889_v1/variants_8/R889/seed_41/metrics.json","950","9cb95186beddbbb79c9e3f415de01f2d66d49291f24b46eb895eb5c92060301c","https://media.lbsa71.net/LCE/runs/phase3_scaling_stage_b_r889_v1/variants_8/R889/seed_41/metrics.json"
"runs","phase3_scaling_stage_b_r889_v1/variants_8/R889/seed_41/parser_final.pt","1885796","7651a800a20eaa743f93b2e5da042438cb80bf9ed75fbd0cfd2d9edd5bfb0f68","https://media.lbsa71.net/LCE/runs/phase3_scaling_stage_b_r889_v1/variants_8/R889/seed_41/parser_final.pt"
"runs","phase3_scaling_stage_b_r889_v1/variants_8/R889/seed_41/step_metrics.csv","961144","cc0bf8cab84c8a22678d519ec63025b88e450671287ceaaa962810f3e067e954","https://media.lbsa71.net/LCE/runs/phase3_scaling_stage_b_r889_v1/variants_8/R889/seed_41/step_metrics.csv"
"runs","phase3_scaling_stage_b_r889_v1/variants_8/R889/seed_41/tokenizer_corpus.txt","14616","f100990d7d73ffc51c9bfcf62346f65c179fa48b2b12dd2425842963f334b880","https://media.lbsa71.net/LCE/runs/phase3_scaling_stage_b_r889_v1/variants_8/R889/seed_41/tokenizer_corpus.txt"
"runs","phase3_scaling_stage_b_r889_v1/variants_8/R889/seed_41/tokenizer/tokenizer.json","7042","252422b961a449f6f040229a703cf9e6d10e23e7689092c46058e535ce5185dc","https://media.lbsa71.net/LCE/runs/phase3_scaling_stage_b_r889_v1/variants_8/R889/seed_41/tokenizer/tokenizer.json"
"runs","phase3_scaling_stage_b_r889_v1/variants_8/R889/seed_53/metrics.json","944","9122bb2f006de084ad9d4019575235b4115177e7d2297b46964920c9ad01ac0e","https://media.lbsa71.net/LCE/runs/phase3_scaling_stage_b_r889_v1/variants_8/R889/seed_53/metrics.json"
"runs","phase3_scaling_stage_b_r889_v1/variants_8/R889/seed_53/parser_final.pt","1885796","c05905bde56f9125ba8eab1f4923405e63aa09b7448d52b7bfed48a4aebf3987","https://media.lbsa71.net/LCE/runs/phase3_scaling_stage_b_r889_v1/variants_8/R889/seed_53/parser_final.pt"
"runs","phase3_scaling_stage_b_r889_v1/variants_8/R889/seed_53/step_metrics.csv","960983","924028c144276c4f3423e5f9225b31499733683f8d1764823fda8fe48d67862b","https://media.lbsa71.net/LCE/runs/phase3_scaling_stage_b_r889_v1/variants_8/R889/seed_53/step_metrics.csv"
"runs","phase3_scaling_stage_b_r889_v1/variants_8/R889/seed_53/tokenizer_corpus.txt","14616","f100990d7d73ffc51c9bfcf62346f65c179fa48b2b12dd2425842963f334b880","https://media.lbsa71.net/LCE/runs/phase3_scaling_stage_b_r889_v1/variants_8/R889/seed_53/tokenizer_corpus.txt"
"runs","phase3_scaling_stage_b_r889_v1/variants_8/R889/seed_53/tokenizer/tokenizer.json","7042","252422b961a449f6f040229a703cf9e6d10e23e7689092c46058e535ce5185dc","https://media.lbsa71.net/LCE/runs/phase3_scaling_stage_b_r889_v1/variants_8/R889/seed_53/tokenizer/tokenizer.json"
"runs","phase3_scaling_stage_b_r889_v1/variants_8/R889/seed_67/metrics.json","946","924e1677db4d7e0f17239e758e561664fd01cbc000053c176207feb9b01b4224","https://media.lbsa71.net/LCE/runs/phase3_scaling_stage_b_r889_v1/variants_8/R889/seed_67/metrics.json"
"runs","phase3_scaling_stage_b_r889_v1/variants_8/R889/seed_67/parser_final.pt","1885796","7bfaecaa4092bd584db4e0f918ab256d614b2ac765d7f8e007738d588d75aab6","https://media.lbsa71.net/LCE/runs/phase3_scaling_stage_b_r889_v1/variants_8/R889/seed_67/parser_final.pt"
"runs","phase3_scaling_stage_b_r889_v1/variants_8/R889/seed_67/step_metrics.csv","961133","1d64c5075a5e74f3535114bc576c0a9cd6cb189ab06a306fc054d3d0d724308b","https://media.lbsa71.net/LCE/runs/phase3_scaling_stage_b_r889_v1/variants_8/R889/seed_67/step_metrics.csv"
"runs","phase3_scaling_stage_b_r889_v1/variants_8/R889/seed_67/tokenizer_corpus.txt","14616","f100990d7d73ffc51c9bfcf62346f65c179fa48b2b12dd2425842963f334b880","https://media.lbsa71.net/LCE/runs/phase3_scaling_stage_b_r889_v1/variants_8/R889/seed_67/tokenizer_corpus.txt"
"runs","phase3_scaling_stage_b_r889_v1/variants_8/R889/seed_67/tokenizer/tokenizer.json","7042","252422b961a449f6f040229a703cf9e6d10e23e7689092c46058e535ce5185dc","https://media.lbsa71.net/LCE/runs/phase3_scaling_stage_b_r889_v1/variants_8/R889/seed_67/tokenizer/tokenizer.json"
"runs","phase4_bottleneck_screen_v1/discriminative_operation_binding/seed_17/bottleneck_final.pt","1890176","e7d5281385bedf8b58607c95e67dfc5262e43f6f486d97bbf51d4c0613ce5622","https://media.lbsa71.net/LCE/runs/phase4_bottleneck_screen_v1/discriminative_operation_binding/seed_17/bottleneck_final.pt"
"runs","phase4_bottleneck_screen_v1/discriminative_operation_binding/seed_17/metrics.json","2313","5b59d464149ac4ac0728a5bfd08fdd92a3ea61e42091159fbe602abdb1d56a03","https://media.lbsa71.net/LCE/runs/phase4_bottleneck_screen_v1/discriminative_operation_binding/seed_17/metrics.json"
"runs","phase4_bottleneck_screen_v1/discriminative_operation_binding/seed_17/step_metrics.csv","195372","b0e8b127297a008cb85bd7ba3ffba0574b35efcd2fb6a9248d769548f5df09db","https://media.lbsa71.net/LCE/runs/phase4_bottleneck_screen_v1/discriminative_operation_binding/seed_17/step_metrics.csv"
"runs","phase4_bottleneck_screen_v1/discriminative_operation_binding/seed_17/tokenizer/tokenizer.json","7042","252422b961a449f6f040229a703cf9e6d10e23e7689092c46058e535ce5185dc","https://media.lbsa71.net/LCE/runs/phase4_bottleneck_screen_v1/discriminative_operation_binding/seed_17/tokenizer/tokenizer.json"
"runs","phase4_bottleneck_screen_v1/discriminative_operation_binding/seed_29/bottleneck_final.pt","1890176","59f3b322de682b7f8bc949a0f9b660f5464ebfc63dd43b300e03e8913ddf77f7","https://media.lbsa71.net/LCE/runs/phase4_bottleneck_screen_v1/discriminative_operation_binding/seed_29/bottleneck_final.pt"
"runs","phase4_bottleneck_screen_v1/discriminative_operation_binding/seed_29/metrics.json","2318","8c0e6b97d390a95550425905de89fec4f3eef3f027f584fb5974b05d81f99d2d","https://media.lbsa71.net/LCE/runs/phase4_bottleneck_screen_v1/discriminative_operation_binding/seed_29/metrics.json"
"runs","phase4_bottleneck_screen_v1/discriminative_operation_binding/seed_29/step_metrics.csv","193861","678ecc65bd4196ee2d03c146ba52c10c69595252829ea30e6111c71e7d61f6a4","https://media.lbsa71.net/LCE/runs/phase4_bottleneck_screen_v1/discriminative_operation_binding/seed_29/step_metrics.csv"
"runs","phase4_bottleneck_screen_v1/discriminative_operation_binding/seed_29/tokenizer/tokenizer.json","7042","252422b961a449f6f040229a703cf9e6d10e23e7689092c46058e535ce5185dc","https://media.lbsa71.net/LCE/runs/phase4_bottleneck_screen_v1/discriminative_operation_binding/seed_29/tokenizer/tokenizer.json"
"runs","phase4_bottleneck_screen_v1/discriminative_operation_binding/seed_41/bottleneck_final.pt","1890176","0a6dcd113b2661f2d540a84bdd977d84127d3eec417881d71978742ec65c0722","https://media.lbsa71.net/LCE/runs/phase4_bottleneck_screen_v1/discriminative_operation_binding/seed_41/bottleneck_final.pt"
"runs","phase4_bottleneck_screen_v1/discriminative_operation_binding/seed_41/metrics.json","2295","e636b4bbef55b0bf3e08b4d5961b2a8949f71a35799ad41305961d40bdeb0358","https://media.lbsa71.net/LCE/runs/phase4_bottleneck_screen_v1/discriminative_operation_binding/seed_41/metrics.json"
"runs","phase4_bottleneck_screen_v1/discriminative_operation_binding/seed_41/step_metrics.csv","195096","79c54fc19cec849e448eab998c314a069088e9d91d54638b71b6877f785e304b","https://media.lbsa71.net/LCE/runs/phase4_bottleneck_screen_v1/discriminative_operation_binding/seed_41/step_metrics.csv"
"runs","phase4_bottleneck_screen_v1/discriminative_operation_binding/seed_41/tokenizer/tokenizer.json","7042","252422b961a449f6f040229a703cf9e6d10e23e7689092c46058e535ce5185dc","https://media.lbsa71.net/LCE/runs/phase4_bottleneck_screen_v1/discriminative_operation_binding/seed_41/tokenizer/tokenizer.json"
"runs","phase4_bottleneck_screen_v1/discriminative_operation_binding/seed_53/bottleneck_final.pt","1890176","cecd07f6dd83e51e727fdbd8c8a1852a3e714580dc87e4b16675623c563d2be4","https://media.lbsa71.net/LCE/runs/phase4_bottleneck_screen_v1/discriminative_operation_binding/seed_53/bottleneck_final.pt"
"runs","phase4_bottleneck_screen_v1/discriminative_operation_binding/seed_53/metrics.json","2308","110f894f8f1754dbde1b60114118c614e86b4488eb2a7d79514596ade30b3e93","https://media.lbsa71.net/LCE/runs/phase4_bottleneck_screen_v1/discriminative_operation_binding/seed_53/metrics.json"
"runs","phase4_bottleneck_screen_v1/discriminative_operation_binding/seed_53/step_metrics.csv","194237","3997d8d63a60ca2ee919836a0bb18b27003b89c5941399159a51b93d87fa7f6b","https://media.lbsa71.net/LCE/runs/phase4_bottleneck_screen_v1/discriminative_operation_binding/seed_53/step_metrics.csv"
"runs","phase4_bottleneck_screen_v1/discriminative_operation_binding/seed_53/tokenizer/tokenizer.json","7042","252422b961a449f6f040229a703cf9e6d10e23e7689092c46058e535ce5185dc","https://media.lbsa71.net/LCE/runs/phase4_bottleneck_screen_v1/discriminative_operation_binding/seed_53/tokenizer/tokenizer.json"
"runs","phase4_bottleneck_screen_v1/discriminative_operation_binding/seed_67/bottleneck_final.pt","1890176","4f409360cb83ed24a0f059e5f37d8d8e95a52a260f3ad67216eb96b9e8b15c9d","https://media.lbsa71.net/LCE/runs/phase4_bottleneck_screen_v1/discriminative_operation_binding/seed_67/bottleneck_final.pt"
"runs","phase4_bottleneck_screen_v1/discriminative_operation_binding/seed_67/metrics.json","2302","fe515a4bfa838f252cec4d8aaa3150cfb914d5e2e5b7827931b51287de9cee36","https://media.lbsa71.net/LCE/runs/phase4_bottleneck_screen_v1/discriminative_operation_binding/seed_67/metrics.json"
"runs","phase4_bottleneck_screen_v1/discriminative_operation_binding/seed_67/step_metrics.csv","194637","963ba4dab90c31a375d4915749190d4e3e7850030ae574151181b0839c29b431","https://media.lbsa71.net/LCE/runs/phase4_bottleneck_screen_v1/discriminative_operation_binding/seed_67/step_metrics.csv"
"runs","phase4_bottleneck_screen_v1/discriminative_operation_binding/seed_67/tokenizer/tokenizer.json","7042","252422b961a449f6f040229a703cf9e6d10e23e7689092c46058e535ce5185dc","https://media.lbsa71.net/LCE/runs/phase4_bottleneck_screen_v1/discriminative_operation_binding/seed_67/tokenizer/tokenizer.json"
"runs","phase4_bottleneck_screen_v1/discriminative_operation/seed_17/bottleneck_final.pt","1890176","912e24346ebc2774ab8bb925e7dd9749ca092db53326ac1e1097bb45040182a0","https://media.lbsa71.net/LCE/runs/phase4_bottleneck_screen_v1/discriminative_operation/seed_17/bottleneck_final.pt"
"runs","phase4_bottleneck_screen_v1/discriminative_operation/seed_17/metrics.json","2310","22aad280ee546feddfb35b3ac9d1e29ef4f7ef48721d4dc9d624257b45093c8d","https://media.lbsa71.net/LCE/runs/phase4_bottleneck_screen_v1/discriminative_operation/seed_17/metrics.json"
"runs","phase4_bottleneck_screen_v1/discriminative_operation/seed_17/step_metrics.csv","193161","07409ad909dca7bcba8cc330ea4bea1716d311fb6f0f0e2d437fe5955e80c719","https://media.lbsa71.net/LCE/runs/phase4_bottleneck_screen_v1/discriminative_operation/seed_17/step_metrics.csv"
"runs","phase4_bottleneck_screen_v1/discriminative_operation/seed_17/tokenizer/tokenizer.json","7042","252422b961a449f6f040229a703cf9e6d10e23e7689092c46058e535ce5185dc","https://media.lbsa71.net/LCE/runs/phase4_bottleneck_screen_v1/discriminative_operation/seed_17/tokenizer/tokenizer.json"
"runs","phase4_bottleneck_screen_v1/discriminative_operation/seed_29/bottleneck_final.pt","1890176","a77a2c115b83caa427274efd3a16bbb58502461d30e5eb3c9afc8f8b1ef5a027","https://media.lbsa71.net/LCE/runs/phase4_bottleneck_screen_v1/discriminative_operation/seed_29/bottleneck_final.pt"
"runs","phase4_bottleneck_screen_v1/discriminative_operation/seed_29/metrics.json","2295","b6e5a9105f92c3974c43ce198bc2190cad0a06a64a78cf931f1db9b32cfe05b6","https://media.lbsa71.net/LCE/runs/phase4_bottleneck_screen_v1/discriminative_operation/seed_29/metrics.json"
"runs","phase4_bottleneck_screen_v1/discriminative_operation/seed_29/step_metrics.csv","193491","4d53b4815c4a0df5851a407adbe399081eb7fbc46dcfe4f088d407cb241af35e","https://media.lbsa71.net/LCE/runs/phase4_bottleneck_screen_v1/discriminative_operation/seed_29/step_metrics.csv"
"runs","phase4_bottleneck_screen_v1/discriminative_operation/seed_29/tokenizer/tokenizer.json","7042","252422b961a449f6f040229a703cf9e6d10e23e7689092c46058e535ce5185dc","https://media.lbsa71.net/LCE/runs/phase4_bottleneck_screen_v1/discriminative_operation/seed_29/tokenizer/tokenizer.json"
"runs","phase4_bottleneck_screen_v1/discriminative_operation/seed_41/bottleneck_final.pt","1890176","9ba35f4f2156f3a3232b6dcbc2e67f61204a2dad7d9750a14155bda8e04bcac0","https://media.lbsa71.net/LCE/runs/phase4_bottleneck_screen_v1/discriminative_operation/seed_41/bottleneck_final.pt"
"runs","phase4_bottleneck_screen_v1/discriminative_operation/seed_41/metrics.json","2295","eeb69afa2af22572ff9843726e2df0fd84d81cf2991ba6523d434ecf497ec15d","https://media.lbsa71.net/LCE/runs/phase4_bottleneck_screen_v1/discriminative_operation/seed_41/metrics.json"
"runs","phase4_bottleneck_screen_v1/discriminative_operation/seed_41/step_metrics.csv","193714","555a4d7796f99502a7471c29b9da7f1ec0cbacc2b27a0598de62880f0bba0ffc","https://media.lbsa71.net/LCE/runs/phase4_bottleneck_screen_v1/discriminative_operation/seed_41/step_metrics.csv"
"runs","phase4_bottleneck_screen_v1/discriminative_operation/seed_41/tokenizer/tokenizer.json","7042","252422b961a449f6f040229a703cf9e6d10e23e7689092c46058e535ce5185dc","https://media.lbsa71.net/LCE/runs/phase4_bottleneck_screen_v1/discriminative_operation/seed_41/tokenizer/tokenizer.json"
"runs","phase4_bottleneck_screen_v1/discriminative_operation/seed_53/bottleneck_final.pt","1890176","363d7a0a88fb37e773ebef1dc166666de0916da1d4b5040f6080ad1685bc3cb8","https://media.lbsa71.net/LCE/runs/phase4_bottleneck_screen_v1/discriminative_operation/seed_53/bottleneck_final.pt"
"runs","phase4_bottleneck_screen_v1/discriminative_operation/seed_53/metrics.json","2315","b4b285ff1d84f9e8d047bdeb6d648db6f01701e42158cf094f9ae4de648b9d07","https://media.lbsa71.net/LCE/runs/phase4_bottleneck_screen_v1/discriminative_operation/seed_53/metrics.json"
"runs","phase4_bottleneck_screen_v1/discriminative_operation/seed_53/step_metrics.csv","193285","3f4f171127a287e836e18ebf84edfbf49f9a25d3f071bf6d1a510c1b0bd8a07e","https://media.lbsa71.net/LCE/runs/phase4_bottleneck_screen_v1/discriminative_operation/seed_53/step_metrics.csv"
"runs","phase4_bottleneck_screen_v1/discriminative_operation/seed_53/tokenizer/tokenizer.json","7042","252422b961a449f6f040229a703cf9e6d10e23e7689092c46058e535ce5185dc","https://media.lbsa71.net/LCE/runs/phase4_bottleneck_screen_v1/discriminative_operation/seed_53/tokenizer/tokenizer.json"
"runs","phase4_bottleneck_screen_v1/discriminative_operation/seed_67/bottleneck_final.pt","1890176","3ccdb53884543465079c4d7ae6c32fe728e7cfba0f8fffeda3bbb35daafcddac","https://media.lbsa71.net/LCE/runs/phase4_bottleneck_screen_v1/discriminative_operation/seed_67/bottleneck_final.pt"
"runs","phase4_bottleneck_screen_v1/discriminative_operation/seed_67/metrics.json","2292","756374c23416e4691f089f2ba3c2e99950c52a6168657d23fdb47e7a7138ea75","https://media.lbsa71.net/LCE/runs/phase4_bottleneck_screen_v1/discriminative_operation/seed_67/metrics.json"
"runs","phase4_bottleneck_screen_v1/discriminative_operation/seed_67/step_metrics.csv","194403","6448712e87e863cd70f59ad7a76ef4d18009ad9002d42e42db5eb7dde218cb17","https://media.lbsa71.net/LCE/runs/phase4_bottleneck_screen_v1/discriminative_operation/seed_67/step_metrics.csv"
"runs","phase4_bottleneck_screen_v1/discriminative_operation/seed_67/tokenizer/tokenizer.json","7042","252422b961a449f6f040229a703cf9e6d10e23e7689092c46058e535ce5185dc","https://media.lbsa71.net/LCE/runs/phase4_bottleneck_screen_v1/discriminative_operation/seed_67/tokenizer/tokenizer.json"
"runs","phase4_bottleneck_screen_v1/failure_audit_records.json","301029","03749a68854e345077e76c87883e53883bf36622abf31078adcebc92130204a7","https://media.lbsa71.net/LCE/runs/phase4_bottleneck_screen_v1/failure_audit_records.json"
"runs","phase4_bottleneck_screen_v1/failure_audit.json","119913","1d5c900f26aa7c82196e275d3d94d90a5097573cbccc40654b681d6b260602d4","https://media.lbsa71.net/LCE/runs/phase4_bottleneck_screen_v1/failure_audit.json"
"runs","phase4_bottleneck_screen_v1/matched_generative_baseline/seed_17/metrics.json","1033","32ed33689c494641866ade8f32d116035f7f652afecdfb38afb36e18731ac2f5","https://media.lbsa71.net/LCE/runs/phase4_bottleneck_screen_v1/matched_generative_baseline/seed_17/metrics.json"
"runs","phase4_bottleneck_screen_v1/matched_generative_baseline/seed_17/parser_final.pt","1885796","b4afa4355dbdc381f69d7c3ccd0963a835411909dd085128c5bd946c6b41c7ca","https://media.lbsa71.net/LCE/runs/phase4_bottleneck_screen_v1/matched_generative_baseline/seed_17/parser_final.pt"
"runs","phase4_bottleneck_screen_v1/matched_generative_baseline/seed_17/step_metrics.csv","195462","d8620097de3dc09f2f4be1dd7402f845bb71a11dea359d54dba4629d9d6ac630","https://media.lbsa71.net/LCE/runs/phase4_bottleneck_screen_v1/matched_generative_baseline/seed_17/step_metrics.csv"
"runs","phase4_bottleneck_screen_v1/matched_generative_baseline/seed_17/tokenizer_corpus.txt","15192","699d918adcda190043380135f1b639cec0bfb8c50fdc366696b91c398a163a01","https://media.lbsa71.net/LCE/runs/phase4_bottleneck_screen_v1/matched_generative_baseline/seed_17/tokenizer_corpus.txt"
"runs","phase4_bottleneck_screen_v1/matched_generative_baseline/seed_17/tokenizer/tokenizer.json","7042","252422b961a449f6f040229a703cf9e6d10e23e7689092c46058e535ce5185dc","https://media.lbsa71.net/LCE/runs/phase4_bottleneck_screen_v1/matched_generative_baseline/seed_17/tokenizer/tokenizer.json"
"runs","phase4_bottleneck_screen_v1/matched_generative_baseline/seed_29/metrics.json","1027","fea2596bf68fbe2054588fe7e1cebf889ef8a0e9224c02dd5d4fe235b83b2cde","https://media.lbsa71.net/LCE/runs/phase4_bottleneck_screen_v1/matched_generative_baseline/seed_29/metrics.json"
"runs","phase4_bottleneck_screen_v1/matched_generative_baseline/seed_29/parser_final.pt","1885796","2b87f4594a779e967ef02cb4e6492d2bd4232da0c30b945d4fe8bfc6e2a247f4","https://media.lbsa71.net/LCE/runs/phase4_bottleneck_screen_v1/matched_generative_baseline/seed_29/parser_final.pt"
"runs","phase4_bottleneck_screen_v1/matched_generative_baseline/seed_29/step_metrics.csv","195673","6896701ce3e4d391db927649e982203c84759e6581df49759712b457c67897cf","https://media.lbsa71.net/LCE/runs/phase4_bottleneck_screen_v1/matched_generative_baseline/seed_29/step_metrics.csv"
"runs","phase4_bottleneck_screen_v1/matched_generative_baseline/seed_29/tokenizer_corpus.txt","15192","699d918adcda190043380135f1b639cec0bfb8c50fdc366696b91c398a163a01","https://media.lbsa71.net/LCE/runs/phase4_bottleneck_screen_v1/matched_generative_baseline/seed_29/tokenizer_corpus.txt"
"runs","phase4_bottleneck_screen_v1/matched_generative_baseline/seed_29/tokenizer/tokenizer.json","7042","252422b961a449f6f040229a703cf9e6d10e23e7689092c46058e535ce5185dc","https://media.lbsa71.net/LCE/runs/phase4_bottleneck_screen_v1/matched_generative_baseline/seed_29/tokenizer/tokenizer.json"
"runs","phase4_bottleneck_screen_v1/matched_generative_baseline/seed_41/metrics.json","1023","838542eb10e033fd232e6e4ad04b1cff763bf77b27c6960aeb1a712f36f8cc92","https://media.lbsa71.net/LCE/runs/phase4_bottleneck_screen_v1/matched_generative_baseline/seed_41/metrics.json"
"runs","phase4_bottleneck_screen_v1/matched_generative_baseline/seed_41/parser_final.pt","1885796","3d1c1dbdc7e9afa70c9382468d58b701e0847570839184f8eb3d71c09597b900","https://media.lbsa71.net/LCE/runs/phase4_bottleneck_screen_v1/matched_generative_baseline/seed_41/parser_final.pt"
"runs","phase4_bottleneck_screen_v1/matched_generative_baseline/seed_41/step_metrics.csv","195570","a459dce89dbdb52a2c3c9cb3e8c986ca5ea28e34ed02bc9dfbaa2c95ad0c386d","https://media.lbsa71.net/LCE/runs/phase4_bottleneck_screen_v1/matched_generative_baseline/seed_41/step_metrics.csv"
"runs","phase4_bottleneck_screen_v1/matched_generative_baseline/seed_41/tokenizer_corpus.txt","15192","699d918adcda190043380135f1b639cec0bfb8c50fdc366696b91c398a163a01","https://media.lbsa71.net/LCE/runs/phase4_bottleneck_screen_v1/matched_generative_baseline/seed_41/tokenizer_corpus.txt"
"runs","phase4_bottleneck_screen_v1/matched_generative_baseline/seed_41/tokenizer/tokenizer.json","7042","252422b961a449f6f040229a703cf9e6d10e23e7689092c46058e535ce5185dc","https://media.lbsa71.net/LCE/runs/phase4_bottleneck_screen_v1/matched_generative_baseline/seed_41/tokenizer/tokenizer.json"
"runs","phase4_bottleneck_screen_v1/matched_generative_baseline/seed_53/metrics.json","1025","7618028dde8fc102f66dd83e16b00a6a1deecfba197cb737488fa1d318b9b940","https://media.lbsa71.net/LCE/runs/phase4_bottleneck_screen_v1/matched_generative_baseline/seed_53/metrics.json"
"runs","phase4_bottleneck_screen_v1/matched_generative_baseline/seed_53/parser_final.pt","1885796","79ef6292f6390f1cc708b0a9c07e53694074a5e8415ef1e430cbfe16df76a37a","https://media.lbsa71.net/LCE/runs/phase4_bottleneck_screen_v1/matched_generative_baseline/seed_53/parser_final.pt"
"runs","phase4_bottleneck_screen_v1/matched_generative_baseline/seed_53/step_metrics.csv","195617","8335163038788d805e29440eed08186b50181d64d0a8f123d09ce715fd96dde7","https://media.lbsa71.net/LCE/runs/phase4_bottleneck_screen_v1/matched_generative_baseline/seed_53/step_metrics.csv"
"runs","phase4_bottleneck_screen_v1/matched_generative_baseline/seed_53/tokenizer_corpus.txt","15192","699d918adcda190043380135f1b639cec0bfb8c50fdc366696b91c398a163a01","https://media.lbsa71.net/LCE/runs/phase4_bottleneck_screen_v1/matched_generative_baseline/seed_53/tokenizer_corpus.txt"
"runs","phase4_bottleneck_screen_v1/matched_generative_baseline/seed_53/tokenizer/tokenizer.json","7042","252422b961a449f6f040229a703cf9e6d10e23e7689092c46058e535ce5185dc","https://media.lbsa71.net/LCE/runs/phase4_bottleneck_screen_v1/matched_generative_baseline/seed_53/tokenizer/tokenizer.json"
"runs","phase4_bottleneck_screen_v1/matched_generative_baseline/seed_67/metrics.json","1025","812e72ccd0989440093799b7b8f5acedf1aadbea8b25dc68f86d563b00ff8362","https://media.lbsa71.net/LCE/runs/phase4_bottleneck_screen_v1/matched_generative_baseline/seed_67/metrics.json"
"runs","phase4_bottleneck_screen_v1/matched_generative_baseline/seed_67/parser_final.pt","1885796","c82f80ea5982bc7c752c42b36b5ded0ac7f0f7c4f52b0c274bc06a9d3b06a171","https://media.lbsa71.net/LCE/runs/phase4_bottleneck_screen_v1/matched_generative_baseline/seed_67/parser_final.pt"
"runs","phase4_bottleneck_screen_v1/matched_generative_baseline/seed_67/step_metrics.csv","195497","e11e62df2a5429a1c65a30060269d4e8d40078f77aca11fb89a94f3d861824ea","https://media.lbsa71.net/LCE/runs/phase4_bottleneck_screen_v1/matched_generative_baseline/seed_67/step_metrics.csv"
"runs","phase4_bottleneck_screen_v1/matched_generative_baseline/seed_67/tokenizer_corpus.txt","15192","699d918adcda190043380135f1b639cec0bfb8c50fdc366696b91c398a163a01","https://media.lbsa71.net/LCE/runs/phase4_bottleneck_screen_v1/matched_generative_baseline/seed_67/tokenizer_corpus.txt"
"runs","phase4_bottleneck_screen_v1/matched_generative_baseline/seed_67/tokenizer/tokenizer.json","7042","252422b961a449f6f040229a703cf9e6d10e23e7689092c46058e535ce5185dc","https://media.lbsa71.net/LCE/runs/phase4_bottleneck_screen_v1/matched_generative_baseline/seed_67/tokenizer/tokenizer.json"
"runs","phase4_bottleneck_screen_v1/registration.json","979","2211cdd6453df1993b1a7d06f00b0ee0a1a8c55b36965cfe0c1b3114fe388c16","https://media.lbsa71.net/LCE/runs/phase4_bottleneck_screen_v1/registration.json"
"runs","phase4_bottleneck_screen_v1/runner.stderr.log","0","e3b0c44298fc1c149afbf4c8996fb92427ae41e4649b934ca495991b7852b855","https://media.lbsa71.net/LCE/runs/phase4_bottleneck_screen_v1/runner.stderr.log"
"runs","phase4_bottleneck_screen_v1/runner.stdout.log","4698","ec3ae170bbaa48cca7299aeccfb55967f683e259ede0dbb186f4c30ea55ca29f","https://media.lbsa71.net/LCE/runs/phase4_bottleneck_screen_v1/runner.stdout.log"
"runs","phase4_bottleneck_screen_v1/screen_analysis.json","4696","7be5d744916395d8fcfe944b05000a9e7c04475ad991b4760746e4e7b1f98f82","https://media.lbsa71.net/LCE/runs/phase4_bottleneck_screen_v1/screen_analysis.json"
"runs","phase4_bottleneck_screen_v1/screen_results.json","41210","eb155c620947ca3adbcc26c2b8b7413a254ed1898c98bf8d4d30733e4e6fd284","https://media.lbsa71.net/LCE/runs/phase4_bottleneck_screen_v1/screen_results.json"
"runs","phase4_bottleneck_screen_v1/split_manifest.json","465","9023350327cfe09be685a7c59f1f808b936c79d5f18e68cc03355f929270dd8b","https://media.lbsa71.net/LCE/runs/phase4_bottleneck_screen_v1/split_manifest.json"
"runs","phase4_stageb_factorial_v1/case_predictions.json","966129","21b91032e60ba01d06d012153050368b9faef9de09d61ab6a6a33cfa9a0510c0","https://media.lbsa71.net/LCE/runs/phase4_stageb_factorial_v1/case_predictions.json"
"runs","phase4_stageb_factorial_v1/development_suite.json","22712","3b3f7492b5f3aad6e83753150f86911207519eee5b99d566cf9f71d778f863d2","https://media.lbsa71.net/LCE/runs/phase4_stageb_factorial_v1/development_suite.json"
"runs","phase4_stageb_factorial_v1/frozen_probe_audit.json","15001","e8eb7a9da8ed5475c500ce040398e2856cb607569a2822802a5821c0a1ec2e36","https://media.lbsa71.net/LCE/runs/phase4_stageb_factorial_v1/frozen_probe_audit.json"
"runs","phase4_stageb_factorial_v1/frozen_probe_records.json","871774","31acc19af0745bf3402d05b29a6c530419508b9c24c60ef372e46a2d444f383f","https://media.lbsa71.net/LCE/runs/phase4_stageb_factorial_v1/frozen_probe_records.json"
"runs","phase4_stageb_factorial_v1/registration.json","1916","06ca79c9a281714e31fc64b49ba9df9bbdc4eaa33dcaaf3487a57312b031df98","https://media.lbsa71.net/LCE/runs/phase4_stageb_factorial_v1/registration.json"
"runs","phase4_stageb_factorial_v1/screen_analysis.json","10597","054127771c1a6e113a4ffc72ba20161b12f4864f61d5f0dcfa4d9fe088f997e9","https://media.lbsa71.net/LCE/runs/phase4_stageb_factorial_v1/screen_analysis.json"
"runs","phase4_stageb_factorial_v1/screen_results.json","55787","8493c32940f7412f56b1c873785b42bafee956077d04fb9769215dde49e8d836","https://media.lbsa71.net/LCE/runs/phase4_stageb_factorial_v1/screen_results.json"
"runs","phase4_stageb_factorial_v1/screen_stderr.log","0","e3b0c44298fc1c149afbf4c8996fb92427ae41e4649b934ca495991b7852b855","https://media.lbsa71.net/LCE/runs/phase4_stageb_factorial_v1/screen_stderr.log"
"runs","phase4_stageb_factorial_v1/screen_stdout.log","10599","4383f1ab0fad19ea4ebcf08e821483dfac5b25ed2ce5b36def8cb3045527dbe0","https://media.lbsa71.net/LCE/runs/phase4_stageb_factorial_v1/screen_stdout.log"
"runs","phase4_stageb_factorial_v1/split_manifests.json","1101","4f573cd8df8c940f5691a2adfbe061bf53a9fd3dc4d8b505ad75fac541562596","https://media.lbsa71.net/LCE/runs/phase4_stageb_factorial_v1/split_manifests.json"
"runs","phase4_stageb_factorial_v1/weight_025_scaffold/seed_17/bottleneck_final.pt","1890176","845279103001f845b9d5d249e2057c18ae8de6405fc36966754b4f562ebb57e8","https://media.lbsa71.net/LCE/runs/phase4_stageb_factorial_v1/weight_025_scaffold/seed_17/bottleneck_final.pt"
"runs","phase4_stageb_factorial_v1/weight_025_scaffold/seed_17/metrics.json","2306","4b2627418904e24ace25c2ae984ca85d663cde45b5c9c40a9c124c269e051bbf","https://media.lbsa71.net/LCE/runs/phase4_stageb_factorial_v1/weight_025_scaffold/seed_17/metrics.json"
"runs","phase4_stageb_factorial_v1/weight_025_scaffold/seed_17/step_metrics.csv","194303","714c9680cd820ffc80505fa5a9f106d7e7f397330983295cd6a7c9ae07a99bf5","https://media.lbsa71.net/LCE/runs/phase4_stageb_factorial_v1/weight_025_scaffold/seed_17/step_metrics.csv"
"runs","phase4_stageb_factorial_v1/weight_025_scaffold/seed_17/tokenizer/tokenizer.json","7042","252422b961a449f6f040229a703cf9e6d10e23e7689092c46058e535ce5185dc","https://media.lbsa71.net/LCE/runs/phase4_stageb_factorial_v1/weight_025_scaffold/seed_17/tokenizer/tokenizer.json"
"runs","phase4_stageb_factorial_v1/weight_025_scaffold/seed_29/bottleneck_final.pt","1890176","e91d0417a0345f99a5754c777161f4cd504654928ec478323a56f7ee8e6889c0","https://media.lbsa71.net/LCE/runs/phase4_stageb_factorial_v1/weight_025_scaffold/seed_29/bottleneck_final.pt"
"runs","phase4_stageb_factorial_v1/weight_025_scaffold/seed_29/metrics.json","2319","85e41fdfd89d45d7b17df3716009b4c48e47b928282219a35a0244dc3c740698","https://media.lbsa71.net/LCE/runs/phase4_stageb_factorial_v1/weight_025_scaffold/seed_29/metrics.json"
"runs","phase4_stageb_factorial_v1/weight_025_scaffold/seed_29/step_metrics.csv","194003","4f626ce57e8d9fd3a09c599eb4e3a3f59d5e06e36a0d6406f4fced07b8beaca3","https://media.lbsa71.net/LCE/runs/phase4_stageb_factorial_v1/weight_025_scaffold/seed_29/step_metrics.csv"
"runs","phase4_stageb_factorial_v1/weight_025_scaffold/seed_29/tokenizer/tokenizer.json","7042","252422b961a449f6f040229a703cf9e6d10e23e7689092c46058e535ce5185dc","https://media.lbsa71.net/LCE/runs/phase4_stageb_factorial_v1/weight_025_scaffold/seed_29/tokenizer/tokenizer.json"
"runs","phase4_stageb_factorial_v1/weight_025_scaffold/seed_41/bottleneck_final.pt","1890176","3741e7d86f829737d4bbf2d956c3a4c930c0b61af7ec82bc7c866f0ef39854ae","https://media.lbsa71.net/LCE/runs/phase4_stageb_factorial_v1/weight_025_scaffold/seed_41/bottleneck_final.pt"
"runs","phase4_stageb_factorial_v1/weight_025_scaffold/seed_41/metrics.json","2309","e0906ecbc317636d0c7cc17c3e836b68555ee81d33fa1daabc9138f63b784094","https://media.lbsa71.net/LCE/runs/phase4_stageb_factorial_v1/weight_025_scaffold/seed_41/metrics.json"
"runs","phase4_stageb_factorial_v1/weight_025_scaffold/seed_41/step_metrics.csv","194196","8d1b16beb54a6fc5044524d2ebe5ea46bbb54a1f5e0eca6632aca603488b7255","https://media.lbsa71.net/LCE/runs/phase4_stageb_factorial_v1/weight_025_scaffold/seed_41/step_metrics.csv"
"runs","phase4_stageb_factorial_v1/weight_025_scaffold/seed_41/tokenizer/tokenizer.json","7042","252422b961a449f6f040229a703cf9e6d10e23e7689092c46058e535ce5185dc","https://media.lbsa71.net/LCE/runs/phase4_stageb_factorial_v1/weight_025_scaffold/seed_41/tokenizer/tokenizer.json"
"runs","phase4_stageb_factorial_v1/weight_025_scaffold/seed_53/bottleneck_final.pt","1890176","e6921f8f651077061db4e1f1706f07d7bf76a1398d2b7cc6850371e5e844ecca","https://media.lbsa71.net/LCE/runs/phase4_stageb_factorial_v1/weight_025_scaffold/seed_53/bottleneck_final.pt"
"runs","phase4_stageb_factorial_v1/weight_025_scaffold/seed_53/metrics.json","2322","b90d32fa05efc8a8e3b8c217667a85a78f86d4e353e3d3975773e127a68e069f","https://media.lbsa71.net/LCE/runs/phase4_stageb_factorial_v1/weight_025_scaffold/seed_53/metrics.json"
"runs","phase4_stageb_factorial_v1/weight_025_scaffold/seed_53/step_metrics.csv","194212","d033eb7e67afc6b2f32787dd4f458e59d50820067fabf1f030f90387712ddc78","https://media.lbsa71.net/LCE/runs/phase4_stageb_factorial_v1/weight_025_scaffold/seed_53/step_metrics.csv"
"runs","phase4_stageb_factorial_v1/weight_025_scaffold/seed_53/tokenizer/tokenizer.json","7042","252422b961a449f6f040229a703cf9e6d10e23e7689092c46058e535ce5185dc","https://media.lbsa71.net/LCE/runs/phase4_stageb_factorial_v1/weight_025_scaffold/seed_53/tokenizer/tokenizer.json"
"runs","phase4_stageb_factorial_v1/weight_025_scaffold/seed_67/bottleneck_final.pt","1890176","54ba839411f3287e28b106d84fb63e616b20f82366991795f6640b97e922e46a","https://media.lbsa71.net/LCE/runs/phase4_stageb_factorial_v1/weight_025_scaffold/seed_67/bottleneck_final.pt"
"runs","phase4_stageb_factorial_v1/weight_025_scaffold/seed_67/metrics.json","2313","80c1374bfac7c3d708d68736d98e73d013bba09d0b73afc613afec80c44bfe0b","https://media.lbsa71.net/LCE/runs/phase4_stageb_factorial_v1/weight_025_scaffold/seed_67/metrics.json"
"runs","phase4_stageb_factorial_v1/weight_025_scaffold/seed_67/step_metrics.csv","194004","e35da787bb188c98a20d02c211ab21dc855623a03b1cfffdb66b12f054e079b3","https://media.lbsa71.net/LCE/runs/phase4_stageb_factorial_v1/weight_025_scaffold/seed_67/step_metrics.csv"
"runs","phase4_stageb_factorial_v1/weight_025_scaffold/seed_67/tokenizer/tokenizer.json","7042","252422b961a449f6f040229a703cf9e6d10e23e7689092c46058e535ce5185dc","https://media.lbsa71.net/LCE/runs/phase4_stageb_factorial_v1/weight_025_scaffold/seed_67/tokenizer/tokenizer.json"
"runs","phase4_stageb_factorial_v1/weight_025_standard/seed_17/bottleneck_final.pt","1890176","7178c651b1011c0988f5339684a8205cde2d71c43e561fd71f4bac1f950727b0","https://media.lbsa71.net/LCE/runs/phase4_stageb_factorial_v1/weight_025_standard/seed_17/bottleneck_final.pt"
"runs","phase4_stageb_factorial_v1/weight_025_standard/seed_17/metrics.json","2315","fd150f885012500afc952c8f8dd59051141bf0c08d855e4f539baeb0f5699a79","https://media.lbsa71.net/LCE/runs/phase4_stageb_factorial_v1/weight_025_standard/seed_17/metrics.json"
"runs","phase4_stageb_factorial_v1/weight_025_standard/seed_17/step_metrics.csv","193994","7d292c95519d42537419ff309f12314a6bfabfe6eb3dade7932983683ffe5d34","https://media.lbsa71.net/LCE/runs/phase4_stageb_factorial_v1/weight_025_standard/seed_17/step_metrics.csv"
"runs","phase4_stageb_factorial_v1/weight_025_standard/seed_17/tokenizer/tokenizer.json","7042","252422b961a449f6f040229a703cf9e6d10e23e7689092c46058e535ce5185dc","https://media.lbsa71.net/LCE/runs/phase4_stageb_factorial_v1/weight_025_standard/seed_17/tokenizer/tokenizer.json"
"runs","phase4_stageb_factorial_v1/weight_025_standard/seed_29/bottleneck_final.pt","1890176","e0e176467a227c5b12f9bc3162bd3aacae8cf36621d71635f77305020c2f0f86","https://media.lbsa71.net/LCE/runs/phase4_stageb_factorial_v1/weight_025_standard/seed_29/bottleneck_final.pt"
"runs","phase4_stageb_factorial_v1/weight_025_standard/seed_29/metrics.json","2312","5151a10b01eff0e67320764cdec9e8a83404aab78c271d9f02199c2174178474","https://media.lbsa71.net/LCE/runs/phase4_stageb_factorial_v1/weight_025_standard/seed_29/metrics.json"
"runs","phase4_stageb_factorial_v1/weight_025_standard/seed_29/step_metrics.csv","194941","d0c1f62d91ef4e5e206c4adadbc607b04cc6b49724ea0d925679dfe083c8311a","https://media.lbsa71.net/LCE/runs/phase4_stageb_factorial_v1/weight_025_standard/seed_29/step_metrics.csv"
"runs","phase4_stageb_factorial_v1/weight_025_standard/seed_29/tokenizer/tokenizer.json","7042","252422b961a449f6f040229a703cf9e6d10e23e7689092c46058e535ce5185dc","https://media.lbsa71.net/LCE/runs/phase4_stageb_factorial_v1/weight_025_standard/seed_29/tokenizer/tokenizer.json"
"runs","phase4_stageb_factorial_v1/weight_025_standard/seed_41/bottleneck_final.pt","1890176","5c53cfcf4f6ca366a719227e19c6043cda1c0b9efb936f248a4618dc426756a8","https://media.lbsa71.net/LCE/runs/phase4_stageb_factorial_v1/weight_025_standard/seed_41/bottleneck_final.pt"
"runs","phase4_stageb_factorial_v1/weight_025_standard/seed_41/metrics.json","2323","8be68cf6cdcc96ecf99e9265c83baf53efd611128514a4023cf9b94cb2119395","https://media.lbsa71.net/LCE/runs/phase4_stageb_factorial_v1/weight_025_standard/seed_41/metrics.json"
"runs","phase4_stageb_factorial_v1/weight_025_standard/seed_41/step_metrics.csv","195402","07d2fc594f39556993892111d601d70ea8ed8b5be786d6188918b283ae60a992","https://media.lbsa71.net/LCE/runs/phase4_stageb_factorial_v1/weight_025_standard/seed_41/step_metrics.csv"
"runs","phase4_stageb_factorial_v1/weight_025_standard/seed_41/tokenizer/tokenizer.json","7042","252422b961a449f6f040229a703cf9e6d10e23e7689092c46058e535ce5185dc","https://media.lbsa71.net/LCE/runs/phase4_stageb_factorial_v1/weight_025_standard/seed_41/tokenizer/tokenizer.json"
"runs","phase4_stageb_factorial_v1/weight_025_standard/seed_53/bottleneck_final.pt","1890176","716753ed9e5cb177f8913ba33ff226ef59f90011220456006a193fbdaecb69c1","https://media.lbsa71.net/LCE/runs/phase4_stageb_factorial_v1/weight_025_standard/seed_53/bottleneck_final.pt"
"runs","phase4_stageb_factorial_v1/weight_025_standard/seed_53/metrics.json","2307","6cb1e9a405152855f776e065f6d6fe84c5b2cd8f3d67d720548d0d771c76dfcd","https://media.lbsa71.net/LCE/runs/phase4_stageb_factorial_v1/weight_025_standard/seed_53/metrics.json"
"runs","phase4_stageb_factorial_v1/weight_025_standard/seed_53/step_metrics.csv","194415","8c486e8333e52619a3dc3c7a0fe17303c085673c3f3c47a52f2d85b2cd9ed0e3","https://media.lbsa71.net/LCE/runs/phase4_stageb_factorial_v1/weight_025_standard/seed_53/step_metrics.csv"
"runs","phase4_stageb_factorial_v1/weight_025_standard/seed_53/tokenizer/tokenizer.json","7042","252422b961a449f6f040229a703cf9e6d10e23e7689092c46058e535ce5185dc","https://media.lbsa71.net/LCE/runs/phase4_stageb_factorial_v1/weight_025_standard/seed_53/tokenizer/tokenizer.json"
"runs","phase4_stageb_factorial_v1/weight_025_standard/seed_67/bottleneck_final.pt","1890176","352393ac5769d41cb285f05f6810d703479e5cb3c65c4cd7caad0ce50dd01ae5","https://media.lbsa71.net/LCE/runs/phase4_stageb_factorial_v1/weight_025_standard/seed_67/bottleneck_final.pt"
"runs","phase4_stageb_factorial_v1/weight_025_standard/seed_67/metrics.json","2310","4c6b46e8ec7cf19f97e888a4d056789cefadfd863a17670c7d402c1a41aaa347","https://media.lbsa71.net/LCE/runs/phase4_stageb_factorial_v1/weight_025_standard/seed_67/metrics.json"
"runs","phase4_stageb_factorial_v1/weight_025_standard/seed_67/step_metrics.csv","194964","81e87af5613d28fddd1b47c166f89dadf770e6aca9a0e83b2a7ea297f3c40e6d","https://media.lbsa71.net/LCE/runs/phase4_stageb_factorial_v1/weight_025_standard/seed_67/step_metrics.csv"
"runs","phase4_stageb_factorial_v1/weight_025_standard/seed_67/tokenizer/tokenizer.json","7042","252422b961a449f6f040229a703cf9e6d10e23e7689092c46058e535ce5185dc","https://media.lbsa71.net/LCE/runs/phase4_stageb_factorial_v1/weight_025_standard/seed_67/tokenizer/tokenizer.json"
"runs","phase4_stageb_factorial_v1/weight_1_scaffold/seed_17/bottleneck_final.pt","1890176","dddc769036effaf89a072b7dac6199c793c8945890f18a6ed1a0ef13041f617d","https://media.lbsa71.net/LCE/runs/phase4_stageb_factorial_v1/weight_1_scaffold/seed_17/bottleneck_final.pt"
"runs","phase4_stageb_factorial_v1/weight_1_scaffold/seed_17/metrics.json","2328","0c0ee23911bb2a3a19a433e8f1c24cf5d0c59fb6bb5a96f73cd6db7688866b1f","https://media.lbsa71.net/LCE/runs/phase4_stageb_factorial_v1/weight_1_scaffold/seed_17/metrics.json"
"runs","phase4_stageb_factorial_v1/weight_1_scaffold/seed_17/step_metrics.csv","193450","cbc52c71ad2757efeb5df885566aa43644997378e916e3dc03d21583f30b4060","https://media.lbsa71.net/LCE/runs/phase4_stageb_factorial_v1/weight_1_scaffold/seed_17/step_metrics.csv"
"runs","phase4_stageb_factorial_v1/weight_1_scaffold/seed_17/tokenizer/tokenizer.json","7042","252422b961a449f6f040229a703cf9e6d10e23e7689092c46058e535ce5185dc","https://media.lbsa71.net/LCE/runs/phase4_stageb_factorial_v1/weight_1_scaffold/seed_17/tokenizer/tokenizer.json"
"runs","phase4_stageb_factorial_v1/weight_1_scaffold/seed_29/bottleneck_final.pt","1890176","6d56359edce4c53ba885aaf28fbbceca718de4508d86cf3583eae943cd1f199d","https://media.lbsa71.net/LCE/runs/phase4_stageb_factorial_v1/weight_1_scaffold/seed_29/bottleneck_final.pt"
"runs","phase4_stageb_factorial_v1/weight_1_scaffold/seed_29/metrics.json","2302","7e3e83fa192af785f829bc36280c466b7dc53dbde3a17911dcaabf713f226ca3","https://media.lbsa71.net/LCE/runs/phase4_stageb_factorial_v1/weight_1_scaffold/seed_29/metrics.json"
"runs","phase4_stageb_factorial_v1/weight_1_scaffold/seed_29/step_metrics.csv","193436","1de10d5dd14eb3aec5b59036b2179b598b43206b367760431ddcf815eed2ca13","https://media.lbsa71.net/LCE/runs/phase4_stageb_factorial_v1/weight_1_scaffold/seed_29/step_metrics.csv"
"runs","phase4_stageb_factorial_v1/weight_1_scaffold/seed_29/tokenizer/tokenizer.json","7042","252422b961a449f6f040229a703cf9e6d10e23e7689092c46058e535ce5185dc","https://media.lbsa71.net/LCE/runs/phase4_stageb_factorial_v1/weight_1_scaffold/seed_29/tokenizer/tokenizer.json"
"runs","phase4_stageb_factorial_v1/weight_1_scaffold/seed_41/bottleneck_final.pt","1890176","dd7e0f3f7f4fc5ae0912900f3451f40369fa4337353e4d8ff4c526bd46377e2d","https://media.lbsa71.net/LCE/runs/phase4_stageb_factorial_v1/weight_1_scaffold/seed_41/bottleneck_final.pt"
"runs","phase4_stageb_factorial_v1/weight_1_scaffold/seed_41/metrics.json","2306","3a13d0ef7090623127bbef991c1c393a34aa67a2cba7e7dec84cd919e403c168","https://media.lbsa71.net/LCE/runs/phase4_stageb_factorial_v1/weight_1_scaffold/seed_41/metrics.json"
"runs","phase4_stageb_factorial_v1/weight_1_scaffold/seed_41/step_metrics.csv","193849","a166e21b580fd77a82e49dfc6e5a0712f3ac13404826e14befd1f56984592bb6","https://media.lbsa71.net/LCE/runs/phase4_stageb_factorial_v1/weight_1_scaffold/seed_41/step_metrics.csv"
"runs","phase4_stageb_factorial_v1/weight_1_scaffold/seed_41/tokenizer/tokenizer.json","7042","252422b961a449f6f040229a703cf9e6d10e23e7689092c46058e535ce5185dc","https://media.lbsa71.net/LCE/runs/phase4_stageb_factorial_v1/weight_1_scaffold/seed_41/tokenizer/tokenizer.json"
"runs","phase4_stageb_factorial_v1/weight_1_scaffold/seed_53/bottleneck_final.pt","1890176","393a8bbe0633dcc2c00e493c6d156cb8e9a34550bdde0bbc148a3dc70b45b55e","https://media.lbsa71.net/LCE/runs/phase4_stageb_factorial_v1/weight_1_scaffold/seed_53/bottleneck_final.pt"
"runs","phase4_stageb_factorial_v1/weight_1_scaffold/seed_53/metrics.json","2313","174cb488b483eae18af1cce3cab9435dbfab88a05d317cebba2d6257d7584bc1","https://media.lbsa71.net/LCE/runs/phase4_stageb_factorial_v1/weight_1_scaffold/seed_53/metrics.json"
"runs","phase4_stageb_factorial_v1/weight_1_scaffold/seed_53/step_metrics.csv","193329","f02792e7ef9aef3257a38c5114995ce5b098276296cf09b84cad8a01340a18d5","https://media.lbsa71.net/LCE/runs/phase4_stageb_factorial_v1/weight_1_scaffold/seed_53/step_metrics.csv"
"runs","phase4_stageb_factorial_v1/weight_1_scaffold/seed_53/tokenizer/tokenizer.json","7042","252422b961a449f6f040229a703cf9e6d10e23e7689092c46058e535ce5185dc","https://media.lbsa71.net/LCE/runs/phase4_stageb_factorial_v1/weight_1_scaffold/seed_53/tokenizer/tokenizer.json"
"runs","phase4_stageb_factorial_v1/weight_1_scaffold/seed_67/bottleneck_final.pt","1890176","7e5a9bb6343876fa00d982333badec4cfb631ae0c7a63039d7222e155aed8422","https://media.lbsa71.net/LCE/runs/phase4_stageb_factorial_v1/weight_1_scaffold/seed_67/bottleneck_final.pt"
"runs","phase4_stageb_factorial_v1/weight_1_scaffold/seed_67/metrics.json","2318","6e0254b66831fc9cf32d928d37adac0841bddf8951350acf2621b9b087a39ef3","https://media.lbsa71.net/LCE/runs/phase4_stageb_factorial_v1/weight_1_scaffold/seed_67/metrics.json"
"runs","phase4_stageb_factorial_v1/weight_1_scaffold/seed_67/step_metrics.csv","193410","4ea009182d682886abbcbfaf5ee1dbc5e1bc71d2fb73e7fed600cd40268380a0","https://media.lbsa71.net/LCE/runs/phase4_stageb_factorial_v1/weight_1_scaffold/seed_67/step_metrics.csv"
"runs","phase4_stageb_factorial_v1/weight_1_scaffold/seed_67/tokenizer/tokenizer.json","7042","252422b961a449f6f040229a703cf9e6d10e23e7689092c46058e535ce5185dc","https://media.lbsa71.net/LCE/runs/phase4_stageb_factorial_v1/weight_1_scaffold/seed_67/tokenizer/tokenizer.json"
"runs","phase4_stagec_invariance_v1/case_predictions.json","779112","73b2e3536a00ffd906d1e4522b8c3f94b2896f4fddfe66b73d604b130a8918ab","https://media.lbsa71.net/LCE/runs/phase4_stagec_invariance_v1/case_predictions.json"
"runs","phase4_stagec_invariance_v1/consistency_025/seed_17/bottleneck_final.pt","1890176","05296e53dae4f52c90464c198cee1633adecdd743594488780c0354a8ed83ce0","https://media.lbsa71.net/LCE/runs/phase4_stagec_invariance_v1/consistency_025/seed_17/bottleneck_final.pt"
"runs","phase4_stagec_invariance_v1/consistency_025/seed_17/metrics.json","2455","34727d5fd4d2d9250a131c38434a737bd1a455992d31a5c7553776cc92de3b06","https://media.lbsa71.net/LCE/runs/phase4_stagec_invariance_v1/consistency_025/seed_17/metrics.json"
"runs","phase4_stagec_invariance_v1/consistency_025/seed_17/step_metrics.csv","198274","874bfffb1f26325b37ecc31b7751ede7a6e0ab211efed2a75d545984cd34db5a","https://media.lbsa71.net/LCE/runs/phase4_stagec_invariance_v1/consistency_025/seed_17/step_metrics.csv"
"runs","phase4_stagec_invariance_v1/consistency_025/seed_17/tokenizer/tokenizer.json","7042","252422b961a449f6f040229a703cf9e6d10e23e7689092c46058e535ce5185dc","https://media.lbsa71.net/LCE/runs/phase4_stagec_invariance_v1/consistency_025/seed_17/tokenizer/tokenizer.json"
"runs","phase4_stagec_invariance_v1/consistency_025/seed_29/bottleneck_final.pt","1890176","13db97a63574a4b772d47915f5f1fdb4fd563502ab1cee1f6de0f84fd38c9204","https://media.lbsa71.net/LCE/runs/phase4_stagec_invariance_v1/consistency_025/seed_29/bottleneck_final.pt"
"runs","phase4_stagec_invariance_v1/consistency_025/seed_29/metrics.json","2455","5b9025ff127e616f388fb468dbb7393a2bcc656814f0264d56f5bea1e28506b3","https://media.lbsa71.net/LCE/runs/phase4_stagec_invariance_v1/consistency_025/seed_29/metrics.json"
"runs","phase4_stagec_invariance_v1/consistency_025/seed_29/step_metrics.csv","197267","d92e6958c0fd6cf27106e9a72217ad5e64edf0801f5a305b738d231d2a6642ba","https://media.lbsa71.net/LCE/runs/phase4_stagec_invariance_v1/consistency_025/seed_29/step_metrics.csv"
"runs","phase4_stagec_invariance_v1/consistency_025/seed_29/tokenizer/tokenizer.json","7042","252422b961a449f6f040229a703cf9e6d10e23e7689092c46058e535ce5185dc","https://media.lbsa71.net/LCE/runs/phase4_stagec_invariance_v1/consistency_025/seed_29/tokenizer/tokenizer.json"
"runs","phase4_stagec_invariance_v1/consistency_025/seed_41/bottleneck_final.pt","1890176","47d2d41da7f1122b65f2c907992783b49bf281951b6f6c3f28d494364268602f","https://media.lbsa71.net/LCE/runs/phase4_stagec_invariance_v1/consistency_025/seed_41/bottleneck_final.pt"
"runs","phase4_stagec_invariance_v1/consistency_025/seed_41/metrics.json","2444","c6dbaad794386d384262a24c9fe655d57ea5907dc0a46149c63e28006b7c9a68","https://media.lbsa71.net/LCE/runs/phase4_stagec_invariance_v1/consistency_025/seed_41/metrics.json"
"runs","phase4_stagec_invariance_v1/consistency_025/seed_41/step_metrics.csv","197875","cd614fcfa1cd338e73465fcb2fe141bf5bebb1537d5b3b30cfbd9280b588b4a7","https://media.lbsa71.net/LCE/runs/phase4_stagec_invariance_v1/consistency_025/seed_41/step_metrics.csv"
"runs","phase4_stagec_invariance_v1/consistency_025/seed_41/tokenizer/tokenizer.json","7042","252422b961a449f6f040229a703cf9e6d10e23e7689092c46058e535ce5185dc","https://media.lbsa71.net/LCE/runs/phase4_stagec_invariance_v1/consistency_025/seed_41/tokenizer/tokenizer.json"
"runs","phase4_stagec_invariance_v1/consistency_025/seed_53/bottleneck_final.pt","1890176","dd894fb3e1f63a556f25db671e3d8e4cbc2a4b1fb1b933183544bedc3167a176","https://media.lbsa71.net/LCE/runs/phase4_stagec_invariance_v1/consistency_025/seed_53/bottleneck_final.pt"
"runs","phase4_stagec_invariance_v1/consistency_025/seed_53/metrics.json","2448","5e9d01d6e27c95a02e411622ede5fda49cb22ee1cc50fab7d3076ee5bc8e5ed1","https://media.lbsa71.net/LCE/runs/phase4_stagec_invariance_v1/consistency_025/seed_53/metrics.json"
"runs","phase4_stagec_invariance_v1/consistency_025/seed_53/step_metrics.csv","197115","4a9915c485b5a4283b8496dd6f20e02b9500b39371c59a0655ed6f148de52f9f","https://media.lbsa71.net/LCE/runs/phase4_stagec_invariance_v1/consistency_025/seed_53/step_metrics.csv"
"runs","phase4_stagec_invariance_v1/consistency_025/seed_53/tokenizer/tokenizer.json","7042","252422b961a449f6f040229a703cf9e6d10e23e7689092c46058e535ce5185dc","https://media.lbsa71.net/LCE/runs/phase4_stagec_invariance_v1/consistency_025/seed_53/tokenizer/tokenizer.json"
"runs","phase4_stagec_invariance_v1/consistency_025/seed_67/bottleneck_final.pt","1890176","77fb1279768771374feacc9a37de199f0c72fef7b627abbafb81968e2d999186","https://media.lbsa71.net/LCE/runs/phase4_stagec_invariance_v1/consistency_025/seed_67/bottleneck_final.pt"
"runs","phase4_stagec_invariance_v1/consistency_025/seed_67/metrics.json","2461","04157912f2ff9c2ad46f196f7b1cdfe3cef2dcc8bf361695fa7cadb58f93dbf7","https://media.lbsa71.net/LCE/runs/phase4_stagec_invariance_v1/consistency_025/seed_67/metrics.json"
"runs","phase4_stagec_invariance_v1/consistency_025/seed_67/step_metrics.csv","196973","e66449044c07920de867b05b9d98a85d9d7ed7d15ae8d3c70966d30a404beeb2","https://media.lbsa71.net/LCE/runs/phase4_stagec_invariance_v1/consistency_025/seed_67/step_metrics.csv"
"runs","phase4_stagec_invariance_v1/consistency_025/seed_67/tokenizer/tokenizer.json","7042","252422b961a449f6f040229a703cf9e6d10e23e7689092c46058e535ce5185dc","https://media.lbsa71.net/LCE/runs/phase4_stagec_invariance_v1/consistency_025/seed_67/tokenizer/tokenizer.json"
"runs","phase4_stagec_invariance_v1/consistency_1/seed_17/bottleneck_final.pt","1890176","6f44bd34fa226421c88b0a5ae1c23a796accd6251f9977d4f753cb74f037746b","https://media.lbsa71.net/LCE/runs/phase4_stagec_invariance_v1/consistency_1/seed_17/bottleneck_final.pt"
"runs","phase4_stagec_invariance_v1/consistency_1/seed_17/metrics.json","2452","9b1e965d4e2622d714d6611e4719cd44b7b0534f2d6409f7e38381bf08a8ae8d","https://media.lbsa71.net/LCE/runs/phase4_stagec_invariance_v1/consistency_1/seed_17/metrics.json"
"runs","phase4_stagec_invariance_v1/consistency_1/seed_17/step_metrics.csv","198006","164a0f8956dff1fe69844a46f80017d6d1d1936bfc688b98999115b6666e5cd4","https://media.lbsa71.net/LCE/runs/phase4_stagec_invariance_v1/consistency_1/seed_17/step_metrics.csv"
"runs","phase4_stagec_invariance_v1/consistency_1/seed_17/tokenizer/tokenizer.json","7042","252422b961a449f6f040229a703cf9e6d10e23e7689092c46058e535ce5185dc","https://media.lbsa71.net/LCE/runs/phase4_stagec_invariance_v1/consistency_1/seed_17/tokenizer/tokenizer.json"
"runs","phase4_stagec_invariance_v1/consistency_1/seed_29/bottleneck_final.pt","1890176","7cc5d8738a4de95f61d935871df69ce6c811326aac82360c081dfd341e08b841","https://media.lbsa71.net/LCE/runs/phase4_stagec_invariance_v1/consistency_1/seed_29/bottleneck_final.pt"
"runs","phase4_stagec_invariance_v1/consistency_1/seed_29/metrics.json","2454","1f1b17e46980ceb9a355b296330e4a9e71729ade80a653cb642027f167355302","https://media.lbsa71.net/LCE/runs/phase4_stagec_invariance_v1/consistency_1/seed_29/metrics.json"
"runs","phase4_stagec_invariance_v1/consistency_1/seed_29/step_metrics.csv","198170","fcb6fb271096634a0690eac6a788b18226dfbf6e62c481461065578d88250d18","https://media.lbsa71.net/LCE/runs/phase4_stagec_invariance_v1/consistency_1/seed_29/step_metrics.csv"
"runs","phase4_stagec_invariance_v1/consistency_1/seed_29/tokenizer/tokenizer.json","7042","252422b961a449f6f040229a703cf9e6d10e23e7689092c46058e535ce5185dc","https://media.lbsa71.net/LCE/runs/phase4_stagec_invariance_v1/consistency_1/seed_29/tokenizer/tokenizer.json"
"runs","phase4_stagec_invariance_v1/consistency_1/seed_41/bottleneck_final.pt","1890176","71e85a68b83a895ba29fbd256a663f094779c16c417341a276f789b29fca4fb7","https://media.lbsa71.net/LCE/runs/phase4_stagec_invariance_v1/consistency_1/seed_41/bottleneck_final.pt"
"runs","phase4_stagec_invariance_v1/consistency_1/seed_41/metrics.json","2446","43c71ef3042340a7d4fe59dd5a6a1c1515a2b10873d8497c50290f62e17493dd","https://media.lbsa71.net/LCE/runs/phase4_stagec_invariance_v1/consistency_1/seed_41/metrics.json"
"runs","phase4_stagec_invariance_v1/consistency_1/seed_41/step_metrics.csv","198213","db84d8a345eb1d4cf86197cbe341c90f35f2b205e6bf4a5445cbbc47262955e8","https://media.lbsa71.net/LCE/runs/phase4_stagec_invariance_v1/consistency_1/seed_41/step_metrics.csv"
"runs","phase4_stagec_invariance_v1/consistency_1/seed_41/tokenizer/tokenizer.json","7042","252422b961a449f6f040229a703cf9e6d10e23e7689092c46058e535ce5185dc","https://media.lbsa71.net/LCE/runs/phase4_stagec_invariance_v1/consistency_1/seed_41/tokenizer/tokenizer.json"
"runs","phase4_stagec_invariance_v1/consistency_1/seed_53/bottleneck_final.pt","1890176","4487194a9e53ba099b1660a6e0d3d9bb17b7af2d5e5de55aef658c3bdcbdeceb","https://media.lbsa71.net/LCE/runs/phase4_stagec_invariance_v1/consistency_1/seed_53/bottleneck_final.pt"
"runs","phase4_stagec_invariance_v1/consistency_1/seed_53/metrics.json","2452","5ea8e02420deac36d30859a3c937396ec3cfc68775a543f77aa1f999666027ad","https://media.lbsa71.net/LCE/runs/phase4_stagec_invariance_v1/consistency_1/seed_53/metrics.json"
"runs","phase4_stagec_invariance_v1/consistency_1/seed_53/step_metrics.csv","198140","81581c7a69fade8d5b661a1a7130ddbd48ce73588945788d0d00e8fd7924f01e","https://media.lbsa71.net/LCE/runs/phase4_stagec_invariance_v1/consistency_1/seed_53/step_metrics.csv"
"runs","phase4_stagec_invariance_v1/consistency_1/seed_53/tokenizer/tokenizer.json","7042","252422b961a449f6f040229a703cf9e6d10e23e7689092c46058e535ce5185dc","https://media.lbsa71.net/LCE/runs/phase4_stagec_invariance_v1/consistency_1/seed_53/tokenizer/tokenizer.json"
"runs","phase4_stagec_invariance_v1/consistency_1/seed_67/bottleneck_final.pt","1890176","bf1af098c624b9e9b73e5131d90a1e04d838f522a23a87e4af8bf2766517c967","https://media.lbsa71.net/LCE/runs/phase4_stagec_invariance_v1/consistency_1/seed_67/bottleneck_final.pt"
"runs","phase4_stagec_invariance_v1/consistency_1/seed_67/metrics.json","2465","ce4c8a6e80004c197626476b8dd882fec96afd719bdfbbbf9d5beefe95d145a8","https://media.lbsa71.net/LCE/runs/phase4_stagec_invariance_v1/consistency_1/seed_67/metrics.json"
"runs","phase4_stagec_invariance_v1/consistency_1/seed_67/step_metrics.csv","198031","8b7bdd58a1c57a0ca0dbe50e2f2621c985192f726bf7a9d7accf257f4cf12cf5","https://media.lbsa71.net/LCE/runs/phase4_stagec_invariance_v1/consistency_1/seed_67/step_metrics.csv"
"runs","phase4_stagec_invariance_v1/consistency_1/seed_67/tokenizer/tokenizer.json","7042","252422b961a449f6f040229a703cf9e6d10e23e7689092c46058e535ce5185dc","https://media.lbsa71.net/LCE/runs/phase4_stagec_invariance_v1/consistency_1/seed_67/tokenizer/tokenizer.json"
"runs","phase4_stagec_invariance_v1/development_suite.json","23105","4b0596cff25e8e0e899e568d3280baf7b751e26d3ecab5ee0cc3775c239d71a7","https://media.lbsa71.net/LCE/runs/phase4_stagec_invariance_v1/development_suite.json"
"runs","phase4_stagec_invariance_v1/pair_manifest.json","64398","2e203d907534c21d677ff8a398bc9d7d28c25b3919f2ad8bf32bb0c7a1cb4bee","https://media.lbsa71.net/LCE/runs/phase4_stagec_invariance_v1/pair_manifest.json"
"runs","phase4_stagec_invariance_v1/registration.json","1146","b0305c23e9704e50ffde126389fe279d5fce0585e51e1534dbea5a4a1185213c","https://media.lbsa71.net/LCE/runs/phase4_stagec_invariance_v1/registration.json"
"runs","phase4_stagec_invariance_v1/screen_analysis.json","7404","d0cb12f2764b8e6faa2e73fdfcadd8920a5bb00962d6e5b42322c63091814600","https://media.lbsa71.net/LCE/runs/phase4_stagec_invariance_v1/screen_analysis.json"
"runs","phase4_stagec_invariance_v1/screen_results.json","42499","d0fee60d9b5725d448a77bfa8f8d9a6eb0ac8a31cc184387df7c258ebe4e1220","https://media.lbsa71.net/LCE/runs/phase4_stagec_invariance_v1/screen_results.json"
"runs","phase4_stagec_invariance_v1/screen_resume_stderr.log","0","e3b0c44298fc1c149afbf4c8996fb92427ae41e4649b934ca495991b7852b855","https://media.lbsa71.net/LCE/runs/phase4_stagec_invariance_v1/screen_resume_stderr.log"
"runs","phase4_stagec_invariance_v1/screen_resume_stdout.log","7406","4f37af44583673c606ad43bb64091e4032e7b771217297a847182b06ce1bcfbd","https://media.lbsa71.net/LCE/runs/phase4_stagec_invariance_v1/screen_resume_stdout.log"
"runs","phase4_stagec_invariance_v1/screen_stderr.log","0","e3b0c44298fc1c149afbf4c8996fb92427ae41e4649b934ca495991b7852b855","https://media.lbsa71.net/LCE/runs/phase4_stagec_invariance_v1/screen_stderr.log"
"runs","phase4_stagec_invariance_v1/screen_stdout.log","0","e3b0c44298fc1c149afbf4c8996fb92427ae41e4649b934ca495991b7852b855","https://media.lbsa71.net/LCE/runs/phase4_stagec_invariance_v1/screen_stdout.log"
"runs","phase4_stagec_invariance_v1/sealed_confirmation/analysis.json","5165","48a564b9990fe0946f3d052115b1644fd5972583e962340ee996bfbec1e66b47","https://media.lbsa71.net/LCE/runs/phase4_stagec_invariance_v1/sealed_confirmation/analysis.json"
"runs","phase4_stagec_invariance_v1/sealed_confirmation/case_predictions.json","1200863","324300aeac007fa659e50db1e14fe4cce6b02298d759c29c78e01704e97d96ab","https://media.lbsa71.net/LCE/runs/phase4_stagec_invariance_v1/sealed_confirmation/case_predictions.json"
"runs","phase4_stagec_invariance_v1/sealed_confirmation/eval_metrics.json","2792","0f83f51c9af2c93f674cd8a98248a7d2bd8a2f7aafec1958f6109b093dcada96","https://media.lbsa71.net/LCE/runs/phase4_stagec_invariance_v1/sealed_confirmation/eval_metrics.json"
"runs","phase4_stagec_invariance_v1/sealed_confirmation/registration.json","1502","1980f3a88bd2f1d30b041eac68cc889abd31c9186fd27251c4e3be45930435f0","https://media.lbsa71.net/LCE/runs/phase4_stagec_invariance_v1/sealed_confirmation/registration.json"
"runs","phase4_stagec_invariance_v1/sealed_confirmation/results.json","21196","c29eb143a2f37ea87ab0b119f533476869b373de1c9df785aa12e5238e962dfb","https://media.lbsa71.net/LCE/runs/phase4_stagec_invariance_v1/sealed_confirmation/results.json"
"runs","phase4_stagec_invariance_v1/sealed_confirmation/split_manifest.json","512","c8c54666e873290ff75f2a5e8af82047b176a159d83f5e7255de288195130d8a","https://media.lbsa71.net/LCE/runs/phase4_stagec_invariance_v1/sealed_confirmation/split_manifest.json"
"runs","phase4_stagec_invariance_v1/sealed_confirmation/suite.json","47732","9117f8b765a517b68432b0edf6f2b0d5cab3edce6aac2ee999b470eaa2fbce14","https://media.lbsa71.net/LCE/runs/phase4_stagec_invariance_v1/sealed_confirmation/suite.json"
"runs","phase4_stagec_invariance_v1/split_manifest.json","510","ceedc67f530aa1d25485550a77a21f726ca92efa4ad8a314f6525acd36cde8d7","https://media.lbsa71.net/LCE/runs/phase4_stagec_invariance_v1/split_manifest.json"
"runs","phase5_capacity_comparison_legacy.json","9684","5739d41218338757d40ba386f171c2b4bdcfa6718414105778238e144d2d9726","https://media.lbsa71.net/LCE/runs/phase5_capacity_comparison_legacy.json"
"runs","phase5_capacity_comparison_repaired.json","10546","cd6c29635beb8e7d3b2229dd1d30751bc94051042d4f17551b6763b43f9686b7","https://media.lbsa71.net/LCE/runs/phase5_capacity_comparison_repaired.json"
"runs","phase5_grounding_value_swap_v1/data/eval_tasks.json","14381","e74e9c99f68eae277cec940135f5e02b6e3542dcd2febc9d3e86d551759b4f3f","https://media.lbsa71.net/LCE/runs/phase5_grounding_value_swap_v1/data/eval_tasks.json"
"runs","phase5_grounding_value_swap_v1/data/eval_worlds.json","351721","366cc76a5806efdaf083d0ddf6c8fa0504f1d017a1a92fe0080d8a66fe4e6551","https://media.lbsa71.net/LCE/runs/phase5_grounding_value_swap_v1/data/eval_worlds.json"
"runs","phase5_grounding_value_swap_v1/registration.json","630","0e2b1a2f77aede81898557ad114111b3c4942680b253dbf8dcaa6e47370a8945","https://media.lbsa71.net/LCE/runs/phase5_grounding_value_swap_v1/registration.json"
"runs","phase5_grounding_value_swap_v1/smollm2_135m_agent.yaml","1048","75434fcec1a5409443a49dec9f0df25c9bae0cc40f4ec580acf7e9de10a84cc2","https://media.lbsa71.net/LCE/runs/phase5_grounding_value_swap_v1/smollm2_135m_agent.yaml"
"runs","phase5_grounding_value_swap_v1/smollm2_135m_agent/paired_probe_analysis.json","4267","a64cb9de121981d0062722c777ea1113c5b94fc317b10242d680e57bf25bfb91","https://media.lbsa71.net/LCE/runs/phase5_grounding_value_swap_v1/smollm2_135m_agent/paired_probe_analysis.json"
"runs","phase5_grounding_value_swap_v1/smollm2_135m_agent/selected_tasks.json","14381","e74e9c99f68eae277cec940135f5e02b6e3542dcd2febc9d3e86d551759b4f3f","https://media.lbsa71.net/LCE/runs/phase5_grounding_value_swap_v1/smollm2_135m_agent/selected_tasks.json"
"runs","phase5_grounding_value_swap_v1/smollm2_135m_agent/step_3000/case_predictions.jsonl","32724","5e8446ec62c1ef3e06cf1581a585d176e6043a14ffcd5084b0d048311856a1be","https://media.lbsa71.net/LCE/runs/phase5_grounding_value_swap_v1/smollm2_135m_agent/step_3000/case_predictions.jsonl"
"runs","phase5_grounding_value_swap_v1/smollm2_135m_agent/step_3000/eval_metrics.json","773","bfe5d37047338d914dc209847a2b35624b709ba3eef4a3150a900935b341e992","https://media.lbsa71.net/LCE/runs/phase5_grounding_value_swap_v1/smollm2_135m_agent/step_3000/eval_metrics.json"
"runs","phase5_grounding_value_swap_v1/smollm2_135m_agent/step_3000/manifest.json","4958","7d6fb698e58ec9033281f031bd84fc588642d8e7a3ced869829e8c3c7f7ddd77","https://media.lbsa71.net/LCE/runs/phase5_grounding_value_swap_v1/smollm2_135m_agent/step_3000/manifest.json"
"runs","phase5_grounding_value_swap_v1/smollm2_360m_capacity.yaml","1054","6fbde874a17d714ef01653d52d2da9a60b6eab87e06d4b688b28367c2716616e","https://media.lbsa71.net/LCE/runs/phase5_grounding_value_swap_v1/smollm2_360m_capacity.yaml"
"runs","phase5_grounding_value_swap_v1/smollm2_360m_capacity/paired_probe_analysis.json","4267","7c9987d71898dde99a4a369451cded87b72e85783c0fa3cf5509e7dffcdaa5f0","https://media.lbsa71.net/LCE/runs/phase5_grounding_value_swap_v1/smollm2_360m_capacity/paired_probe_analysis.json"
"runs","phase5_grounding_value_swap_v1/smollm2_360m_capacity/selected_tasks.json","14381","e74e9c99f68eae277cec940135f5e02b6e3542dcd2febc9d3e86d551759b4f3f","https://media.lbsa71.net/LCE/runs/phase5_grounding_value_swap_v1/smollm2_360m_capacity/selected_tasks.json"
"runs","phase5_grounding_value_swap_v1/smollm2_360m_capacity/step_3000/case_predictions.jsonl","32701","0d478ba9b1d055fb3f94ea3a476d4b2d00a8b2af9f7e3f0cffdd562c792d7b06","https://media.lbsa71.net/LCE/runs/phase5_grounding_value_swap_v1/smollm2_360m_capacity/step_3000/case_predictions.jsonl"
"runs","phase5_grounding_value_swap_v1/smollm2_360m_capacity/step_3000/eval_metrics.json","724","2e13feab61243a1ba3c71c94663160879f372c0baeb2222a71079c8cd8b98f62","https://media.lbsa71.net/LCE/runs/phase5_grounding_value_swap_v1/smollm2_360m_capacity/step_3000/eval_metrics.json"
"runs","phase5_grounding_value_swap_v1/smollm2_360m_capacity/step_3000/manifest.json","4958","43b812cd1d92c3825ea53bac7cdb1cf09dc757e10ba35d146d96bf9ca41cb956","https://media.lbsa71.net/LCE/runs/phase5_grounding_value_swap_v1/smollm2_360m_capacity/step_3000/manifest.json"
"runs","phase5_legacy_source_20260827/agent/__init__.py","66","915697031978d4e54e47250ccfe9425fec5caede31a9b23ebbc1789f8eb8918b","https://media.lbsa71.net/LCE/runs/phase5_legacy_source_20260827/agent/__init__.py"
"runs","phase5_legacy_source_20260827/agent/adapters/__init__.py","502","e9b521198c744f0297e855ae732342fbafe004f8d661e3984ce6f4a10cc7fe04","https://media.lbsa71.net/LCE/runs/phase5_legacy_source_20260827/agent/adapters/__init__.py"
"runs","phase5_legacy_source_20260827/agent/adapters/base.py","1570","5e8c87fad6e5a92d6138afdf5941e3393f8602c48f7eb2dc7c1614308a30ce4e","https://media.lbsa71.net/LCE/runs/phase5_legacy_source_20260827/agent/adapters/base.py"
"runs","phase5_legacy_source_20260827/agent/adapters/document.py","2635","7ddeda7121575c509d8aa7d1befe85779228120ce7b221a9170e51d5c4685528","https://media.lbsa71.net/LCE/runs/phase5_legacy_source_20260827/agent/adapters/document.py"
"runs","phase5_legacy_source_20260827/agent/adapters/registry.py","1115","870c665efd213f12376cad2f5881dd77950ea61754565bf83a9d848c5326d7a2","https://media.lbsa71.net/LCE/runs/phase5_legacy_source_20260827/agent/adapters/registry.py"
"runs","phase5_legacy_source_20260827/agent/adapters/tabular.py","1699","c636b5150f9d1e5ccc2ab76d162cadb8e28f0a4e2b8ce460b81d7eb58dc5c945","https://media.lbsa71.net/LCE/runs/phase5_legacy_source_20260827/agent/adapters/tabular.py"
"runs","phase5_legacy_source_20260827/agent/adapters/vector.py","1792","e9faa09ff9a4aee7ffee595a41a782ff5787941df306ba87bd2c58c77797b607","https://media.lbsa71.net/LCE/runs/phase5_legacy_source_20260827/agent/adapters/vector.py"
"runs","phase5_legacy_source_20260827/agent/interpreter.py","6841","36b7572b5c948895aa46103210028d7fb22f2a2f3bd5c775b556fc8cfee855f1","https://media.lbsa71.net/LCE/runs/phase5_legacy_source_20260827/agent/interpreter.py"
"runs","phase5_legacy_source_20260827/agent/protocol.py","12630","f5eb1a555cd0e2632e1d5c529dca89b6e4c5a098dea25b5e550ac923cb7e8ca2","https://media.lbsa71.net/LCE/runs/phase5_legacy_source_20260827/agent/protocol.py"
"runs","phase5_legacy_source_20260827/agent/providers/__init__.py","636","686874e4d50d33af85d58f204de81aa00165e784ff71e8f91f7a9d00cd4c1d1b","https://media.lbsa71.net/LCE/runs/phase5_legacy_source_20260827/agent/providers/__init__.py"
"runs","phase5_legacy_source_20260827/agent/providers/concrete_provider.py","3469","f699e824a0a87487ba8ef9534f5d7999501dc809ffed7d5dac7d8673adbe0a3b","https://media.lbsa71.net/LCE/runs/phase5_legacy_source_20260827/agent/providers/concrete_provider.py"
"runs","phase5_legacy_source_20260827/agent/providers/mock_provider.py","3711","85d98a7d20f29a76591470505ac758c66690899625086347a73fa5baae73edea","https://media.lbsa71.net/LCE/runs/phase5_legacy_source_20260827/agent/providers/mock_provider.py"
"runs","phase5_legacy_source_20260827/agent/server.py","13310","d1d516839500684097d090da7d465a6834c3bd830e31b4f3e4aa9b5deab4066b","https://media.lbsa71.net/LCE/runs/phase5_legacy_source_20260827/agent/server.py"
"runs","phase5_legacy_source_20260827/agent/shell.py","11989","70f01c8aab5887794392823866f422b1e95a052faf73fb42b9009af668af6e76","https://media.lbsa71.net/LCE/runs/phase5_legacy_source_20260827/agent/shell.py"
"runs","phase5_legacy_source_20260827/agent/state.py","1905","448e6022f98fbb305044091925f24ea88daa918df05692cee5ac955c2d5367f8","https://media.lbsa71.net/LCE/runs/phase5_legacy_source_20260827/agent/state.py"
"runs","phase5_legacy_source_20260827/agent/tools/__init__.py","48","7cafb1e1b98dca6960fcc718ee977e70da54ffde6aefe9bc702ee36aa816cdd4","https://media.lbsa71.net/LCE/runs/phase5_legacy_source_20260827/agent/tools/__init__.py"
"runs","phase5_legacy_source_20260827/agent/tools/exec.py","12117","52b99504c8e2afef4a083d31e8638e737d175c2698c6117d8b09cd3fe03ad953","https://media.lbsa71.net/LCE/runs/phase5_legacy_source_20260827/agent/tools/exec.py"
"runs","phase5_legacy_source_20260827/agent/tools/read.py","883","0754fe51ed1e5804279f44c948452b57c15cf35c53c65cf5fa3924a1155cb1ed","https://media.lbsa71.net/LCE/runs/phase5_legacy_source_20260827/agent/tools/read.py"
"runs","phase5_legacy_source_20260827/agent/tools/search.py","3064","37d7f727d802d5eaa8525c030609e0dff6ed6179d3fba9e84a220c0ae1e153d7","https://media.lbsa71.net/LCE/runs/phase5_legacy_source_20260827/agent/tools/search.py"
"runs","phase5_legacy_source_20260827/eval/eval_milestones.py","15082","ed4d4abe0755abf596901ae2aa18651d3ee257f83f4fe0c8645fa55b6a420ef6","https://media.lbsa71.net/LCE/runs/phase5_legacy_source_20260827/eval/eval_milestones.py"
"runs","phase5_legacy_source_20260827/eval/frozen_checkpoint_audit.py","10661","25c905e709c40bb4c3b28430f8fb65d7529d70ec26e461cee47969d47d110143","https://media.lbsa71.net/LCE/runs/phase5_legacy_source_20260827/eval/frozen_checkpoint_audit.py"
"runs","phase5_legacy_source_20260827/eval/metrics.py","5763","af1a6e2b84de67b1d5ad4caed8357b16936928957298ecb1c99fbc71a178c25b","https://media.lbsa71.net/LCE/runs/phase5_legacy_source_20260827/eval/metrics.py"
"runs","phase5_legacy_source_20260827/provenance_amendment.json","844","7cbc25b0df383b56eccccf4958a0ba8026eeeb7438211caaf93fdcbb6f567900","https://media.lbsa71.net/LCE/runs/phase5_legacy_source_20260827/provenance_amendment.json"
"runs","phase5_legacy_source_20260827/synth/ontology.py","4401","fa3dd58c5176d24180efb919eae33d71f3ba81e0bffbf6bfd68cbf095cf45877","https://media.lbsa71.net/LCE/runs/phase5_legacy_source_20260827/synth/ontology.py"
"runs","phase5_legacy_source_20260827/training/model_loader.py","4648","dc67e0bb9095cada6e8c1ca867d374ca4f8720ec783d4e106ebd2bc464f90593","https://media.lbsa71.net/LCE/runs/phase5_legacy_source_20260827/training/model_loader.py"
"runs","phase5_repaired_source_20260827/agent/__init__.py","66","915697031978d4e54e47250ccfe9425fec5caede31a9b23ebbc1789f8eb8918b","https://media.lbsa71.net/LCE/runs/phase5_repaired_source_20260827/agent/__init__.py"
"runs","phase5_repaired_source_20260827/agent/adapters/__init__.py","502","e9b521198c744f0297e855ae732342fbafe004f8d661e3984ce6f4a10cc7fe04","https://media.lbsa71.net/LCE/runs/phase5_repaired_source_20260827/agent/adapters/__init__.py"
"runs","phase5_repaired_source_20260827/agent/adapters/base.py","1570","5e8c87fad6e5a92d6138afdf5941e3393f8602c48f7eb2dc7c1614308a30ce4e","https://media.lbsa71.net/LCE/runs/phase5_repaired_source_20260827/agent/adapters/base.py"
"runs","phase5_repaired_source_20260827/agent/adapters/document.py","2635","7ddeda7121575c509d8aa7d1befe85779228120ce7b221a9170e51d5c4685528","https://media.lbsa71.net/LCE/runs/phase5_repaired_source_20260827/agent/adapters/document.py"
"runs","phase5_repaired_source_20260827/agent/adapters/registry.py","1115","870c665efd213f12376cad2f5881dd77950ea61754565bf83a9d848c5326d7a2","https://media.lbsa71.net/LCE/runs/phase5_repaired_source_20260827/agent/adapters/registry.py"
"runs","phase5_repaired_source_20260827/agent/adapters/tabular.py","1699","c636b5150f9d1e5ccc2ab76d162cadb8e28f0a4e2b8ce460b81d7eb58dc5c945","https://media.lbsa71.net/LCE/runs/phase5_repaired_source_20260827/agent/adapters/tabular.py"
"runs","phase5_repaired_source_20260827/agent/adapters/vector.py","1792","e9faa09ff9a4aee7ffee595a41a782ff5787941df306ba87bd2c58c77797b607","https://media.lbsa71.net/LCE/runs/phase5_repaired_source_20260827/agent/adapters/vector.py"
"runs","phase5_repaired_source_20260827/agent/interpreter.py","6841","36b7572b5c948895aa46103210028d7fb22f2a2f3bd5c775b556fc8cfee855f1","https://media.lbsa71.net/LCE/runs/phase5_repaired_source_20260827/agent/interpreter.py"
"runs","phase5_repaired_source_20260827/agent/protocol.py","12630","f5eb1a555cd0e2632e1d5c529dca89b6e4c5a098dea25b5e550ac923cb7e8ca2","https://media.lbsa71.net/LCE/runs/phase5_repaired_source_20260827/agent/protocol.py"
"runs","phase5_repaired_source_20260827/agent/providers/__init__.py","636","686874e4d50d33af85d58f204de81aa00165e784ff71e8f91f7a9d00cd4c1d1b","https://media.lbsa71.net/LCE/runs/phase5_repaired_source_20260827/agent/providers/__init__.py"
"runs","phase5_repaired_source_20260827/agent/providers/concrete_provider.py","3469","f699e824a0a87487ba8ef9534f5d7999501dc809ffed7d5dac7d8673adbe0a3b","https://media.lbsa71.net/LCE/runs/phase5_repaired_source_20260827/agent/providers/concrete_provider.py"
"runs","phase5_repaired_source_20260827/agent/providers/mock_provider.py","3711","85d98a7d20f29a76591470505ac758c66690899625086347a73fa5baae73edea","https://media.lbsa71.net/LCE/runs/phase5_repaired_source_20260827/agent/providers/mock_provider.py"
"runs","phase5_repaired_source_20260827/agent/server.py","13310","d1d516839500684097d090da7d465a6834c3bd830e31b4f3e4aa9b5deab4066b","https://media.lbsa71.net/LCE/runs/phase5_repaired_source_20260827/agent/server.py"
"runs","phase5_repaired_source_20260827/agent/shell.py","11989","70f01c8aab5887794392823866f422b1e95a052faf73fb42b9009af668af6e76","https://media.lbsa71.net/LCE/runs/phase5_repaired_source_20260827/agent/shell.py"
"runs","phase5_repaired_source_20260827/agent/state.py","1905","448e6022f98fbb305044091925f24ea88daa918df05692cee5ac955c2d5367f8","https://media.lbsa71.net/LCE/runs/phase5_repaired_source_20260827/agent/state.py"
"runs","phase5_repaired_source_20260827/agent/tools/__init__.py","48","7cafb1e1b98dca6960fcc718ee977e70da54ffde6aefe9bc702ee36aa816cdd4","https://media.lbsa71.net/LCE/runs/phase5_repaired_source_20260827/agent/tools/__init__.py"
"runs","phase5_repaired_source_20260827/agent/tools/exec.py","12117","52b99504c8e2afef4a083d31e8638e737d175c2698c6117d8b09cd3fe03ad953","https://media.lbsa71.net/LCE/runs/phase5_repaired_source_20260827/agent/tools/exec.py"
"runs","phase5_repaired_source_20260827/agent/tools/read.py","883","0754fe51ed1e5804279f44c948452b57c15cf35c53c65cf5fa3924a1155cb1ed","https://media.lbsa71.net/LCE/runs/phase5_repaired_source_20260827/agent/tools/read.py"
"runs","phase5_repaired_source_20260827/agent/tools/search.py","3064","37d7f727d802d5eaa8525c030609e0dff6ed6179d3fba9e84a220c0ae1e153d7","https://media.lbsa71.net/LCE/runs/phase5_repaired_source_20260827/agent/tools/search.py"
"runs","phase5_repaired_source_20260827/eval/compare_frozen_runs.py","3517","ace303796d9baefef686c548c95a93b78b510e7f7445bc965457366349c5d9d3","https://media.lbsa71.net/LCE/runs/phase5_repaired_source_20260827/eval/compare_frozen_runs.py"
"runs","phase5_repaired_source_20260827/eval/eval_milestones.py","15082","ed4d4abe0755abf596901ae2aa18651d3ee257f83f4fe0c8645fa55b6a420ef6","https://media.lbsa71.net/LCE/runs/phase5_repaired_source_20260827/eval/eval_milestones.py"
"runs","phase5_repaired_source_20260827/eval/feasibility_audit.py","7045","b74bc6bc145d2cc03bc6e75d9674dbb23da7b1e850080e91577984a4eac357ae","https://media.lbsa71.net/LCE/runs/phase5_repaired_source_20260827/eval/feasibility_audit.py"
"runs","phase5_repaired_source_20260827/eval/frozen_checkpoint_audit.py","13937","52e7d2a9d8a9074c86f1f71a6e3e3e04cdc99be3f23af8652b5f745c58c4c149","https://media.lbsa71.net/LCE/runs/phase5_repaired_source_20260827/eval/frozen_checkpoint_audit.py"
"runs","phase5_repaired_source_20260827/eval/grounding_value_swap.py","8159","d9cb65b96b4372dbb84c63eb749203513e7d6359a8103d464c30c446fe974ecd","https://media.lbsa71.net/LCE/runs/phase5_repaired_source_20260827/eval/grounding_value_swap.py"
"runs","phase5_repaired_source_20260827/eval/metrics.py","5763","af1a6e2b84de67b1d5ad4caed8357b16936928957298ecb1c99fbc71a178c25b","https://media.lbsa71.net/LCE/runs/phase5_repaired_source_20260827/eval/metrics.py"
"runs","phase5_repaired_source_20260827/synth/evidence.py","700","380d0195f43eb95e7b67770f21ee8cc4f1abadcc1536aeb7c19320101d0b0cea","https://media.lbsa71.net/LCE/runs/phase5_repaired_source_20260827/synth/evidence.py"
"runs","phase5_repaired_source_20260827/synth/ontology.py","4401","fa3dd58c5176d24180efb919eae33d71f3ba81e0bffbf6bfd68cbf095cf45877","https://media.lbsa71.net/LCE/runs/phase5_repaired_source_20260827/synth/ontology.py"
"runs","phase5_repaired_source_20260827/training/model_loader.py","4648","dc67e0bb9095cada6e8c1ca867d374ca4f8720ec783d4e106ebd2bc464f90593","https://media.lbsa71.net/LCE/runs/phase5_repaired_source_20260827/training/model_loader.py"
"runs","phase5_validity_replay/corpus_audit.json","2934","70442ff9e3db36b5c9f04ca146d435fd46af081a571f63c0293dbb956484fe58","https://media.lbsa71.net/LCE/runs/phase5_validity_replay/corpus_audit.json"
"runs","phase5_validity_replay/corpus_manifest.json","1067","476849a3e0951e78a3f6e5d6aa3a49fd1b4cbea5d17567b6c8a0188df421d3fe","https://media.lbsa71.net/LCE/runs/phase5_validity_replay/corpus_manifest.json"
"runs","phase5_validity_replay/data/agent_sft_train.jsonl","0","e3b0c44298fc1c149afbf4c8996fb92427ae41e4649b934ca495991b7852b855","https://media.lbsa71.net/LCE/runs/phase5_validity_replay/data/agent_sft_train.jsonl"
"runs","phase5_validity_replay/data/eval_tasks.json","245452","a88a3ee0ea790b9de5afbd7c7bb489f48030055677f8eb9a5d4ffd7923fbabff","https://media.lbsa71.net/LCE/runs/phase5_validity_replay/data/eval_tasks.json"
"runs","phase5_validity_replay/data/eval_worlds.json","350907","a3fe05b6f8ee0b5dbfb49abd06de1046a4200164802317ed2adb7b147dfde17e","https://media.lbsa71.net/LCE/runs/phase5_validity_replay/data/eval_worlds.json"
"runs","phase5_validity_replay/data/pretrain_train.txt","2","7eb70257593da06f682a3ddda54a9d260d4fc514f645237f5ca74b08f8da61a6","https://media.lbsa71.net/LCE/runs/phase5_validity_replay/data/pretrain_train.txt"
"runs","phase5_validity_replay/data/pretrain_val.txt","2","7eb70257593da06f682a3ddda54a9d260d4fc514f645237f5ca74b08f8da61a6","https://media.lbsa71.net/LCE/runs/phase5_validity_replay/data/pretrain_val.txt"
"runs","scaled_cot_300m/agent_model/agent_final.pt","1241727626","0be35f60ea1b5a92c1ed7a5e3463bc6a5afb65f3e811ee35be56e19017b3e54d","https://media.lbsa71.net/LCE/runs/scaled_cot_300m/agent_model/agent_final.pt"
"runs","scaled_cot_300m/agent_model/agent_step_1000.pt","1241728298","1751c7781f8223798ab1e1902f82200e70423b7db46711f954e6e52b397e4e1e","https://media.lbsa71.net/LCE/runs/scaled_cot_300m/agent_model/agent_step_1000.pt"
"runs","scaled_cot_300m/agent_model/agent_step_2500.pt","1241728298","b88fe0776f48650c2c0111558b0ffda0d5e0f843675dd8704c2249eeb4705144","https://media.lbsa71.net/LCE/runs/scaled_cot_300m/agent_model/agent_step_2500.pt"
"runs","scaled_cot_300m/agent_model/agent_step_4500.pt","1241728298","2116792ac357de9957647df633a36dfc70eeab72e3c08de186926048bc66d515","https://media.lbsa71.net/LCE/runs/scaled_cot_300m/agent_model/agent_step_4500.pt"
"runs","scaled_cot_300m/agent_model/agent_step_6000.pt","1241728298","604d8cea4871b8c4bd9da37856d3a6e7c57947608f06654ace3b1809b8018f04","https://media.lbsa71.net/LCE/runs/scaled_cot_300m/agent_model/agent_step_6000.pt"
"runs","scaled_cot_300m/agent_model/step_metrics.csv","370131","e02a694dd4d7c94978b69fefaa7dedf94246385fbc3aa5c9db322689bf0d293a","https://media.lbsa71.net/LCE/runs/scaled_cot_300m/agent_model/step_metrics.csv"
"runs","scaled_cot_300m/agent_model/training_metrics.json","526","6d78168815a8d9b77068b092fa4d79c60aa770ff012bdbc9987fa94b3aab6667","https://media.lbsa71.net/LCE/runs/scaled_cot_300m/agent_model/training_metrics.json"
"runs","scaled_cot_300m/base_model/base_final.pt","1241727458","76b297c81cfdfa7c78238d47ffd134137fc9efaad807a65a662b4f56439a2c2c","https://media.lbsa71.net/LCE/runs/scaled_cot_300m/base_model/base_final.pt"
"runs","scaled_cot_300m/base_model/base_step_10000.pt","1241728298","b67fe13579917e10907b62492f3495d7f9d32c251d8546ec678b8ccf381a014e","https://media.lbsa71.net/LCE/runs/scaled_cot_300m/base_model/base_step_10000.pt"
"runs","scaled_cot_300m/base_model/base_step_2500.pt","1241728130","55fb84c88d93b58ed8552e74abe67db5b0ea6740d95252d97f9530cdb534d802","https://media.lbsa71.net/LCE/runs/scaled_cot_300m/base_model/base_step_2500.pt"
"runs","scaled_cot_300m/base_model/base_step_5000.pt","1241728130","4e14abff81434ffab024b77e0fc30d6f08d14a479ee31e1ceefa843cc1dea9e3","https://media.lbsa71.net/LCE/runs/scaled_cot_300m/base_model/base_step_5000.pt"
"runs","scaled_cot_300m/base_model/base_step_7500.pt","1241728130","378c46316d9d8458e0619244ab64871dfedb02ddf13c0d4872bbb1a3a165deac","https://media.lbsa71.net/LCE/runs/scaled_cot_300m/base_model/base_step_7500.pt"
"runs","scaled_cot_300m/base_model/config.json","324","16dbc4e239b970586ddb8af7d5ba4272419947e8a693b9c48f7c97b37ba70086","https://media.lbsa71.net/LCE/runs/scaled_cot_300m/base_model/config.json"
"runs","scaled_cot_300m/base_model/step_metrics.csv","613929","fc875af8209651ebd2886c85a9898249bec0731cb7c9432ef662d3ee5d6e9a5d","https://media.lbsa71.net/LCE/runs/scaled_cot_300m/base_model/step_metrics.csv"
"runs","scaled_cot_300m/base_model/training_metrics.json","397","1d38828fa09c7855fe8cc70e4e0d5cfc95ee8c95b6a84539b415c0eacae76b4d","https://media.lbsa71.net/LCE/runs/scaled_cot_300m/base_model/training_metrics.json"
"runs","scaled_cot_300m/corpus_manifest.json","3005","878cab82d294e56a51bc07490820e49c6afba310dbc38f3752a182b39f62005b","https://media.lbsa71.net/LCE/runs/scaled_cot_300m/corpus_manifest.json"
"runs","scaled_cot_300m/data/agent_sft_train.jsonl","118533041","2d3b358ed6aec015b3f5c11224d3235941ff715498f30ee113dd2b4106a9519a","https://media.lbsa71.net/LCE/runs/scaled_cot_300m/data/agent_sft_train.jsonl"
"runs","scaled_cot_300m/data/eval_tasks.json","4157735","710b86b7f523bc49a712d8f2eea36b054e5619d731f42fcd8666fab145706f02","https://media.lbsa71.net/LCE/runs/scaled_cot_300m/data/eval_tasks.json"
"runs","scaled_cot_300m/data/eval_worlds.json","6267265","047869e0ce8e323133ce386b111caa1b2afedcbf1ccd2e32d35f854efa88b10b","https://media.lbsa71.net/LCE/runs/scaled_cot_300m/data/eval_worlds.json"
"runs","scaled_cot_300m/data/pretrain_train.txt","47443599","0b3ca41de41221ba95b47c719293d17ebe20769ada0ec54cbfa69a2fb05b39cb","https://media.lbsa71.net/LCE/runs/scaled_cot_300m/data/pretrain_train.txt"
"runs","scaled_cot_300m/data/pretrain_val.txt","770013","4d5a166dab7b566881bec032a1057a36d4ec67923ca643d2e4e084f521dcf9b3","https://media.lbsa71.net/LCE/runs/scaled_cot_300m/data/pretrain_val.txt"
"runs","scaled_cot_300m/eval/milestone_scaling_results.json","9136","cc7b7d09453a5df43d7050e159f329fe2e5f25416f2d4ddb89b45b620c2ae0ae","https://media.lbsa71.net/LCE/runs/scaled_cot_300m/eval/milestone_scaling_results.json"
"runs","scaled_cot_300m/tokenizer/tokenizer_config.json","352","0489eeeaae22ca9fec765cc71ab5e6d0619cee9ae0fbfe71c7c8c59f24f64e4c","https://media.lbsa71.net/LCE/runs/scaled_cot_300m/tokenizer/tokenizer_config.json"
"runs","scaled_cot_300m/tokenizer/tokenizer.json","568753","e334c0300145a8c8234e76780809e3cf7083c6c06b829bc7026785ed7cd6882a","https://media.lbsa71.net/LCE/runs/scaled_cot_300m/tokenizer/tokenizer.json"
"runs","scaled_hybrid_300m/agent_model/agent_final.pt","1241727626","5b66cbf0c401f91238068c12c55d700f554093445411d2c4a67e159f9f3a60e8","https://media.lbsa71.net/LCE/runs/scaled_hybrid_300m/agent_model/agent_final.pt"
"runs","scaled_hybrid_300m/agent_model/agent_step_1000.pt","1241728298","3fa0ef2b0f06eeeac05768b21480b301375928bf9e10173727368623e18bfe3d","https://media.lbsa71.net/LCE/runs/scaled_hybrid_300m/agent_model/agent_step_1000.pt"
"runs","scaled_hybrid_300m/agent_model/agent_step_2500.pt","1241728298","8231e31be432b76b6d6f5fbbec635f6a2d7ec35dad7dabc7570aec07364863ba","https://media.lbsa71.net/LCE/runs/scaled_hybrid_300m/agent_model/agent_step_2500.pt"
"runs","scaled_hybrid_300m/agent_model/agent_step_4500.pt","1241728298","2dd84c1d04759f355b17b643c462d4eefbc073a97f929864f95e1db47380d1c7","https://media.lbsa71.net/LCE/runs/scaled_hybrid_300m/agent_model/agent_step_4500.pt"
"runs","scaled_hybrid_300m/agent_model/agent_step_6000.pt","1241728298","be7e5eba6a1de9e85f6b4885719f73930e7083790f141e5b55281852407292f0","https://media.lbsa71.net/LCE/runs/scaled_hybrid_300m/agent_model/agent_step_6000.pt"
"runs","scaled_hybrid_300m/agent_model/step_metrics.csv","370133","885aca84709cf3ce28b5615dbc80af3367e1a6ec07c88610a0af472ca58fa4d2","https://media.lbsa71.net/LCE/runs/scaled_hybrid_300m/agent_model/step_metrics.csv"
"runs","scaled_hybrid_300m/agent_model/training_metrics.json","529","cb5eab68d6390bb8d4f85352837b3e6ec19be705641c9e6391986f036f0c1c1b","https://media.lbsa71.net/LCE/runs/scaled_hybrid_300m/agent_model/training_metrics.json"
"runs","scaled_hybrid_300m/base_model/base_final.pt","1241727458","6bf3ff5b81a2f1f635a926300049e85ba0a40e97f31d1ac11db67756233ef899","https://media.lbsa71.net/LCE/runs/scaled_hybrid_300m/base_model/base_final.pt"
"runs","scaled_hybrid_300m/base_model/base_step_10000.pt","1241728298","721c30122dd73d4355d0e58818e5ee84e73285d6718ed22e3ab2257fe16eccc2","https://media.lbsa71.net/LCE/runs/scaled_hybrid_300m/base_model/base_step_10000.pt"
"runs","scaled_hybrid_300m/base_model/base_step_2500.pt","1241728130","7c338f3c2861f9bb53fd87efaebdd2c8ebb340bf5ff3bf18ab130bbc69d63b7d","https://media.lbsa71.net/LCE/runs/scaled_hybrid_300m/base_model/base_step_2500.pt"
"runs","scaled_hybrid_300m/base_model/base_step_5000.pt","1241728130","2a7127d2e67b02c977b996480d200a16f4cf728241a4135ff69bc5bb07edb834","https://media.lbsa71.net/LCE/runs/scaled_hybrid_300m/base_model/base_step_5000.pt"
"runs","scaled_hybrid_300m/base_model/base_step_7500.pt","1241728130","e693c5a23ae2ba5647f097e19e2b0e0a60160a022b755c5fc69de051981b242d","https://media.lbsa71.net/LCE/runs/scaled_hybrid_300m/base_model/base_step_7500.pt"
"runs","scaled_hybrid_300m/base_model/config.json","324","16dbc4e239b970586ddb8af7d5ba4272419947e8a693b9c48f7c97b37ba70086","https://media.lbsa71.net/LCE/runs/scaled_hybrid_300m/base_model/config.json"
"runs","scaled_hybrid_300m/base_model/step_metrics.csv","613925","e49f38b8aa137d9dfbcb8e8db8afe164522865e134a87ace18614e34994e4eb6","https://media.lbsa71.net/LCE/runs/scaled_hybrid_300m/base_model/step_metrics.csv"
"runs","scaled_hybrid_300m/base_model/training_metrics.json","397","59ce0eb9bccaef1a946aedc4014b5ecc182eac07c229c52086ff26c206e66ed5","https://media.lbsa71.net/LCE/runs/scaled_hybrid_300m/base_model/training_metrics.json"
"runs","scaled_hybrid_300m/corpus_manifest.json","1300","2494b557a815153f2fb92ccc5391c7bf0d0f51b61f6e5e41b833ef91e838d3b0","https://media.lbsa71.net/LCE/runs/scaled_hybrid_300m/corpus_manifest.json"
"runs","scaled_hybrid_300m/data/agent_sft_train.jsonl","82798588","075ebcccf1eeb5a9e868b0510a36ed67d43009e3b01989fcd819aadee3075044","https://media.lbsa71.net/LCE/runs/scaled_hybrid_300m/data/agent_sft_train.jsonl"
"runs","scaled_hybrid_300m/data/eval_tasks.json","4157710","32dfa2b0252629189fa0ebd795935e655353c62aa55258d82f7aa72dfa25ab3f","https://media.lbsa71.net/LCE/runs/scaled_hybrid_300m/data/eval_tasks.json"
"runs","scaled_hybrid_300m/data/eval_worlds.json","6267279","8c555d5d295d57ec7dd1a33f95a06add9c8a244f708866c6c6e18245f00b5177","https://media.lbsa71.net/LCE/runs/scaled_hybrid_300m/data/eval_worlds.json"
"runs","scaled_hybrid_300m/data/pretrain_train.txt","47442927","019da7b54f806e64f2eefe8ce90c398c794b8e38a2379a46907df9c3ae2c08f0","https://media.lbsa71.net/LCE/runs/scaled_hybrid_300m/data/pretrain_train.txt"
"runs","scaled_hybrid_300m/data/pretrain_val.txt","769952","540cc50231bd5e90b4e15609cf3fd58d6708e4bb193dc791be549ce9fe69d75e","https://media.lbsa71.net/LCE/runs/scaled_hybrid_300m/data/pretrain_val.txt"
"runs","scaled_hybrid_300m/eval/milestone_scaling_results.json","9124","876c506d43a334e04a61db17b8279c5bf06f9c721998c88996d44cd6bf8948f9","https://media.lbsa71.net/LCE/runs/scaled_hybrid_300m/eval/milestone_scaling_results.json"
"runs","scaled_hybrid_300m/tokenizer/tokenizer_config.json","352","0489eeeaae22ca9fec765cc71ab5e6d0619cee9ae0fbfe71c7c8c59f24f64e4c","https://media.lbsa71.net/LCE/runs/scaled_hybrid_300m/tokenizer/tokenizer_config.json"
"runs","scaled_hybrid_300m/tokenizer/tokenizer.json","568713","540dcc899670975ab5dffbc80e34e74cede4c65e336e67324540d5e8d3a27e54","https://media.lbsa71.net/LCE/runs/scaled_hybrid_300m/tokenizer/tokenizer.json"
"runs","scaled_overnight_100m/agent_model/agent_final.pt","478269086","aab7d1c0975bdac6cc3fd8bb41740e6734eb5bb9aa5faa858883b9c2aae16fce","https://media.lbsa71.net/LCE/runs/scaled_overnight_100m/agent_model/agent_final.pt"
"runs","scaled_overnight_100m/agent_model/agent_step_1500.pt","478269542","4e1f8a3138895da6c0d7e1a4f33df04ec093fe5d85ed2d41145c1c1c781657a0","https://media.lbsa71.net/LCE/runs/scaled_overnight_100m/agent_model/agent_step_1500.pt"
"runs","scaled_overnight_100m/agent_model/agent_step_2500.pt","478269542","5a11dc05b538ae74e5f40b9540f10f8d638248dda3f3afa8c9fc4341a68879f8","https://media.lbsa71.net/LCE/runs/scaled_overnight_100m/agent_model/agent_step_2500.pt"
"runs","scaled_overnight_100m/agent_model/agent_step_3500.pt","478269542","619059c55bcbdc2d8983add7eb82a2eeae8b2ffa5fa742a7ded9889b5d9e7930","https://media.lbsa71.net/LCE/runs/scaled_overnight_100m/agent_model/agent_step_3500.pt"
"runs","scaled_overnight_100m/agent_model/agent_step_500.pt","478269428","880267588473ea88ad1775f21c6d3a9165fc09a4ecaf4d1d5beb52a4b3febe71","https://media.lbsa71.net/LCE/runs/scaled_overnight_100m/agent_model/agent_step_500.pt"
"runs","scaled_overnight_100m/agent_model/training_metrics.json","482","dc2552cd5cd27c82c4d02f4b491c0947fb6d4322e8d5820a5e7ea6098676adce","https://media.lbsa71.net/LCE/runs/scaled_overnight_100m/agent_model/training_metrics.json"
"runs","scaled_overnight_100m/base_model/base_final.pt","478268972","927babc99a177d1f4eaf0567e187cbf3b0b6926c25a2804b1c8815e81724a5d3","https://media.lbsa71.net/LCE/runs/scaled_overnight_100m/base_model/base_final.pt"
"runs","scaled_overnight_100m/base_model/base_step_1500.pt","478269428","36183a23c3ec8cd82bc33a888efbc897f0bdcbd6956577319a12bb82761c02bc","https://media.lbsa71.net/LCE/runs/scaled_overnight_100m/base_model/base_step_1500.pt"
"runs","scaled_overnight_100m/base_model/base_step_3000.pt","478269428","af7c064b78b7cd7c6e9eb3698a5f0013ce16a7ffd1822e072cb9d7dff5925cb6","https://media.lbsa71.net/LCE/runs/scaled_overnight_100m/base_model/base_step_3000.pt"
"runs","scaled_overnight_100m/base_model/base_step_4500.pt","478269428","786777c514adba612e0200f6c939057773df804a3adbc8bdc805b8d892f9540a","https://media.lbsa71.net/LCE/runs/scaled_overnight_100m/base_model/base_step_4500.pt"
"runs","scaled_overnight_100m/base_model/base_step_6000.pt","478269428","f86861648019cc4bbe95a53e9ae4967ff059c5d9f9d952930e43dcf2368867be","https://media.lbsa71.net/LCE/runs/scaled_overnight_100m/base_model/base_step_6000.pt"
"runs","scaled_overnight_100m/base_model/config.json","323","61bbe0b49ba027a4ffaa9feedefccedb6622580e2733dabbf998c675347be1a4","https://media.lbsa71.net/LCE/runs/scaled_overnight_100m/base_model/config.json"
"runs","scaled_overnight_100m/base_model/training_metrics.json","358","3cad6614a80ba4f192c25595bbf17128780b478959738ec19d24392289c6400d","https://media.lbsa71.net/LCE/runs/scaled_overnight_100m/base_model/training_metrics.json"
"runs","scaled_overnight_100m/corpus_manifest.json","45150","476da63a28b7c0aff71f11a45a1a8715d7620a5434b2392af9023d665f9d5a8b","https://media.lbsa71.net/LCE/runs/scaled_overnight_100m/corpus_manifest.json"
"runs","scaled_overnight_100m/data/agent_sft_train.jsonl","41372390","4bb42e1c8f06d497dd16454b04503a7f3cddff616dd913d9a98ea99c1800d846","https://media.lbsa71.net/LCE/runs/scaled_overnight_100m/data/agent_sft_train.jsonl"
"runs","scaled_overnight_100m/data/eval_tasks.json","2066662","8ba4fdb9a39f87e3bca47c198a172d5ec22c576a6a76ff0611397214db315b93","https://media.lbsa71.net/LCE/runs/scaled_overnight_100m/data/eval_tasks.json"
"runs","scaled_overnight_100m/data/eval_worlds.json","3132346","61a779b5aee9c6802101ceed82e613a3003d0c450864643485d8799c3bbdade2","https://media.lbsa71.net/LCE/runs/scaled_overnight_100m/data/eval_worlds.json"
"runs","scaled_overnight_100m/data/pretrain_train.txt","23722084","c91e94a78258ba4d7e4fa32cd5ce71e74395dce9269bc9ac1d816e900fe72000","https://media.lbsa71.net/LCE/runs/scaled_overnight_100m/data/pretrain_train.txt"
"runs","scaled_overnight_100m/data/pretrain_val.txt","384387","65d6709fefa3f4eeaa9bc726fb78aab098d28b447658f721f530329c1f6ade8b","https://media.lbsa71.net/LCE/runs/scaled_overnight_100m/data/pretrain_val.txt"
"runs","scaled_overnight_100m/eval/milestone_scaling_results.json","9070","f72c62b385228bca419485df96d7f79d936e88749e62d1f4e9a691a73d88c30d","https://media.lbsa71.net/LCE/runs/scaled_overnight_100m/eval/milestone_scaling_results.json"
"runs","scaled_overnight_100m/tokenizer/tokenizer_config.json","352","0489eeeaae22ca9fec765cc71ab5e6d0619cee9ae0fbfe71c7c8c59f24f64e4c","https://media.lbsa71.net/LCE/runs/scaled_overnight_100m/tokenizer/tokenizer_config.json"
"runs","scaled_overnight_100m/tokenizer/tokenizer.json","568795","e83cdc5a19430495b046bcc16aeb1514100ca79b99b5d2f6150abd3ac475eaf7","https://media.lbsa71.net/LCE/runs/scaled_overnight_100m/tokenizer/tokenizer.json"
"runs","scaled_overnight_300m/agent_model/agent_final.pt","1241727626","842ae4bf4f711441dd25b309a0d96cae21a4f066f6bb4712c0a24bee4e8e9e11","https://media.lbsa71.net/LCE/runs/scaled_overnight_300m/agent_model/agent_final.pt"
"runs","scaled_overnight_300m/agent_model/agent_step_1500.pt","1241728298","c099a8f60b86d569808330face0ac5004b5f1588d9f9ee1619044806e2c553eb","https://media.lbsa71.net/LCE/runs/scaled_overnight_300m/agent_model/agent_step_1500.pt"
"runs","scaled_overnight_300m/agent_model/agent_step_2500.pt","1241728298","bb286373901175b47229f9a6d28e3ea0861c120d05c888c2d759250e26d9d1be","https://media.lbsa71.net/LCE/runs/scaled_overnight_300m/agent_model/agent_step_2500.pt"
"runs","scaled_overnight_300m/agent_model/agent_step_3500.pt","1241728298","ced8542c17fb338119072fc8ff15b6546841828f20ca347729c00811a0d34ae7","https://media.lbsa71.net/LCE/runs/scaled_overnight_300m/agent_model/agent_step_3500.pt"
"runs","scaled_overnight_300m/agent_model/agent_step_500.pt","1241728130","37eac6f0093500c0b827a70f05a24b15594109e7f6ddbc285a11ff301e37d17d","https://media.lbsa71.net/LCE/runs/scaled_overnight_300m/agent_model/agent_step_500.pt"
"runs","scaled_overnight_300m/agent_model/step_metrics.csv","213084","8268d5d774d240d9696e9f3364e783ede68ca262c4a3a1813b6b03a94f5f89f8","https://media.lbsa71.net/LCE/runs/scaled_overnight_300m/agent_model/step_metrics.csv"
"runs","scaled_overnight_300m/agent_model/training_metrics.json","529","27f60e682fdab11def3e74e087b1746f6a12c523932d6ccc0c694baf5ec628a5","https://media.lbsa71.net/LCE/runs/scaled_overnight_300m/agent_model/training_metrics.json"
"runs","scaled_overnight_300m/base_model/base_final.pt","1241727458","78bec34aa93f42fa673b503d37facce176d2bb79cd7721b7e33cb9db6da3d777","https://media.lbsa71.net/LCE/runs/scaled_overnight_300m/base_model/base_final.pt"
"runs","scaled_overnight_300m/base_model/base_step_1500.pt","1241728130","7a9e5213ad087b56dd6017478106b13b8ac6b7ebb866bf8f432b72c7ef636176","https://media.lbsa71.net/LCE/runs/scaled_overnight_300m/base_model/base_step_1500.pt"
"runs","scaled_overnight_300m/base_model/base_step_3000.pt","1241728130","cda0012dc1c3c24b2f2677102e5860497ef9715454651aacdf694beb36b82b8c","https://media.lbsa71.net/LCE/runs/scaled_overnight_300m/base_model/base_step_3000.pt"
"runs","scaled_overnight_300m/base_model/base_step_4500.pt","1241728130","ebe77772e31a5e3bacc001fd47a96187ad7ac9d8b70530dde090a7c2baa45159","https://media.lbsa71.net/LCE/runs/scaled_overnight_300m/base_model/base_step_4500.pt"
"runs","scaled_overnight_300m/base_model/base_step_6000.pt","1241728130","d3f83f2b4bcfd4ff45b5c9bec6c2600d55801bedd8dd9dfdc0e8d95083f24f5d","https://media.lbsa71.net/LCE/runs/scaled_overnight_300m/base_model/base_step_6000.pt"
"runs","scaled_overnight_300m/base_model/config.json","324","16dbc4e239b970586ddb8af7d5ba4272419947e8a693b9c48f7c97b37ba70086","https://media.lbsa71.net/LCE/runs/scaled_overnight_300m/base_model/config.json"
"runs","scaled_overnight_300m/base_model/step_metrics.csv","361991","1d8c935102090d1d9bf23dc528b7fba4d641d99df61bc12b17effbfda457b6b5","https://media.lbsa71.net/LCE/runs/scaled_overnight_300m/base_model/step_metrics.csv"
"runs","scaled_overnight_300m/base_model/training_metrics.json","401","2295440b286d025ef5b8c426b8e9ab549667b4ed339f548c0bfefdc637acba01","https://media.lbsa71.net/LCE/runs/scaled_overnight_300m/base_model/training_metrics.json"
"runs","scaled_overnight_300m/corpus_manifest.json","560014","72ebe8c211c7e0e2e17329428daf79000ed41f32ae25f70096f74bebe29a26fa","https://media.lbsa71.net/LCE/runs/scaled_overnight_300m/corpus_manifest.json"
"runs","scaled_overnight_300m/data/agent_sft_train.jsonl","51235233","20ea302a2ec14e2f2ace47ce409ec810e7b12044dacea6b679c0c8291f48d3f9","https://media.lbsa71.net/LCE/runs/scaled_overnight_300m/data/agent_sft_train.jsonl"
"runs","scaled_overnight_300m/data/eval_tasks.json","2234774","8611fa4658d77c6634fc869e95ba146f1d78d8ce6d0180aac99b5e520fcc970b","https://media.lbsa71.net/LCE/runs/scaled_overnight_300m/data/eval_tasks.json"
"runs","scaled_overnight_300m/data/eval_worlds.json","3133630","aa13d000c12ee807518dfae3067d67e041f7d670e2b58286409097ee3cfda6be","https://media.lbsa71.net/LCE/runs/scaled_overnight_300m/data/eval_worlds.json"
"runs","scaled_overnight_300m/data/pretrain_train.txt","25223722","560a0cd0a1021c07d3231733c1271524480a04afaeb91cbd5c43efd4f2cb1343","https://media.lbsa71.net/LCE/runs/scaled_overnight_300m/data/pretrain_train.txt"
"runs","scaled_overnight_300m/data/pretrain_val.txt","385439","f0c2ca06c11d7dd98b8b1ef05137923efedf849224093e713fd6017c971c2994","https://media.lbsa71.net/LCE/runs/scaled_overnight_300m/data/pretrain_val.txt"
"runs","scaled_overnight_300m/eval/milestone_scaling_results.json","9133","e8802ccf3756b8c24a9d7b693e8030306bd6669449e16223ef9ad9591b2e550d","https://media.lbsa71.net/LCE/runs/scaled_overnight_300m/eval/milestone_scaling_results.json"
"runs","scaled_overnight_300m/pipeline_20260825_0935.stderr.log","0","e3b0c44298fc1c149afbf4c8996fb92427ae41e4649b934ca495991b7852b855","https://media.lbsa71.net/LCE/runs/scaled_overnight_300m/pipeline_20260825_0935.stderr.log"
"runs","scaled_overnight_300m/pipeline_20260825_0935.stdout.log","530197","a20a52211eb6bd8ef254f7a48186201511f91c128227cc1540c5afa0f8d34f92","https://media.lbsa71.net/LCE/runs/scaled_overnight_300m/pipeline_20260825_0935.stdout.log"
"runs","scaled_overnight_300m/pipeline_20260825_0954.stderr.log","0","e3b0c44298fc1c149afbf4c8996fb92427ae41e4649b934ca495991b7852b855","https://media.lbsa71.net/LCE/runs/scaled_overnight_300m/pipeline_20260825_0954.stderr.log"
"runs","scaled_overnight_300m/pipeline_20260825_0954.stdout.log","522767","1518e65986d32137b56806a44f8b66459995acd027cba08fb37698b26693b8af","https://media.lbsa71.net/LCE/runs/scaled_overnight_300m/pipeline_20260825_0954.stdout.log"
"runs","scaled_overnight_300m/tokenizer/tokenizer_config.json","352","0489eeeaae22ca9fec765cc71ab5e6d0619cee9ae0fbfe71c7c8c59f24f64e4c","https://media.lbsa71.net/LCE/runs/scaled_overnight_300m/tokenizer/tokenizer_config.json"
"runs","scaled_overnight_300m/tokenizer/tokenizer.json","568485","f3f404c56a2d2317d93f4c7109898ec033ef910ff2eee59f6d1d7cd34f7dd996","https://media.lbsa71.net/LCE/runs/scaled_overnight_300m/tokenizer/tokenizer.json"
"runs","small_v2/agent_model/agent_final.pt","143716072","9b491db488bb729a950afefab7241ffe4459d135381121a54f7e426486095882","https://media.lbsa71.net/LCE/runs/small_v2/agent_model/agent_final.pt"
"runs","small_v2/agent_model/agent_step_1000.pt","143716072","9b491db488bb729a950afefab7241ffe4459d135381121a54f7e426486095882","https://media.lbsa71.net/LCE/runs/small_v2/agent_model/agent_step_1000.pt"
"runs","small_v2/agent_model/agent_step_250.pt","143715994","940779bb1df35d0a3b4061485aa0d7ae90e91b314b1965aa78284ff1fb245d61","https://media.lbsa71.net/LCE/runs/small_v2/agent_model/agent_step_250.pt"
"runs","small_v2/agent_model/agent_step_500.pt","143715994","3546949e48d76b3bda9a53030aeb27c38189d364c67a9efd76cbbf5e1961082c","https://media.lbsa71.net/LCE/runs/small_v2/agent_model/agent_step_500.pt"
"runs","small_v2/agent_model/agent_step_750.pt","143715994","b6eeac1be39b35dad8b3bb9bdd2ffb23c4ec99694e45f0ec8092b12035af77cb","https://media.lbsa71.net/LCE/runs/small_v2/agent_model/agent_step_750.pt"
"runs","small_v2/agent_model/training_metrics.json","441","2f0fb38314d49703a738c7c8b86f4a9a3439467cc390a7b3b243b6dc5aabcd81","https://media.lbsa71.net/LCE/runs/small_v2/agent_model/training_metrics.json"
"runs","small_v2/base_model/base_final.pt","143715682","5f9c2be4d26054a1b9e0040348b2ff50e4550ddf5f061c6abf7908677083a223","https://media.lbsa71.net/LCE/runs/small_v2/base_model/base_final.pt"
"runs","small_v2/base_model/base_step_1000.pt","143715994","83fd99a8ff4134e9f1f14f3a49bc3eb10fb246739843fecca48e19b57c39d55b","https://media.lbsa71.net/LCE/runs/small_v2/base_model/base_step_1000.pt"
"runs","small_v2/base_model/base_step_1500.pt","143715994","28bcda150635d6c8c77c5f1fd6fed64eee6030c37cfbe7925efddde7d714c5ef","https://media.lbsa71.net/LCE/runs/small_v2/base_model/base_step_1500.pt"
"runs","small_v2/base_model/base_step_2000.pt","143715994","cbfb505e29eab96e9a92083a47887c35acfe3eb3e9d828ee7560bf2a06af558c","https://media.lbsa71.net/LCE/runs/small_v2/base_model/base_step_2000.pt"
"runs","small_v2/base_model/base_step_500.pt","143715916","a9ff727046a2c5281a715a67758749030dec41e4ade575d44d297c741825379d","https://media.lbsa71.net/LCE/runs/small_v2/base_model/base_step_500.pt"
"runs","small_v2/base_model/config.json","321","6c09908f36718075d1c172dfa830a88ca90b204868c657de2d97a88a11f8c7c3","https://media.lbsa71.net/LCE/runs/small_v2/base_model/config.json"
"runs","small_v2/base_model/training_metrics.json","345","cdb4bb3eb01c8797bb5237ece1b472543f176768eb7d6fc16bad6b96eee83b31","https://media.lbsa71.net/LCE/runs/small_v2/base_model/training_metrics.json"
"runs","small_v2/corpus_manifest.json","160483","a3864b425610bd0b3a5162563bdcd25d04b80b53635c2da412a6a7b6e02e0322","https://media.lbsa71.net/LCE/runs/small_v2/corpus_manifest.json"
"runs","small_v2/data/agent_sft_train.jsonl","10106002","f303edff044c18706c064c9c8963655e10cd78287d8ae7403f784570e0aa23ed","https://media.lbsa71.net/LCE/runs/small_v2/data/agent_sft_train.jsonl"
"runs","small_v2/data/eval_tasks.json","1027640","aa91fc6b72bca309d08c5a5d014656e7db48e30de6020f371e7bcf90c24990ae","https://media.lbsa71.net/LCE/runs/small_v2/data/eval_tasks.json"
"runs","small_v2/data/eval_worlds.json","1557042","68c6c24cb8c5c789b262b2aa7c38f1591a1ba79bc0fbb661c4e341da144995b6","https://media.lbsa71.net/LCE/runs/small_v2/data/eval_worlds.json"
"runs","small_v2/data/pretrain_train.txt","1742701","f1c575c1c12888b2dca5b2b12923d48dbffcf5dfbf3b5bdbca3dccce0e2991da","https://media.lbsa71.net/LCE/runs/small_v2/data/pretrain_train.txt"
"runs","small_v2/data/pretrain_val.txt","92673","761bd84bae7bec3e84a8e75e0dffa744a384725012425299b1c1d873fb41f587","https://media.lbsa71.net/LCE/runs/small_v2/data/pretrain_val.txt"
"runs","small_v2/eval/milestone_scaling_results.json","7235","f66266eadc1ecd928d2defae44f43978465e84939a348496340445cd9ab02335","https://media.lbsa71.net/LCE/runs/small_v2/eval/milestone_scaling_results.json"
"runs","small_v2/tokenizer/tokenizer_config.json","352","90a025b71a40541ec8eb21a34f9f8894ec7f40a675cdd38980bc03b34a2decd2","https://media.lbsa71.net/LCE/runs/small_v2/tokenizer/tokenizer_config.json"
"runs","small_v2/tokenizer/tokenizer.json","297941","8d5d9e4ba19520dcac9f4a3afbd3218dc2a05abad62d5a7b7a61d539bc8f221f","https://media.lbsa71.net/LCE/runs/small_v2/tokenizer/tokenizer.json"
"runs","small_v3/agent_model/agent_final.pt","143719856","29b1a694f50bd351b2e0e46ace6721e39abf016d1e2b4bdaf46e8f01582aa023","https://media.lbsa71.net/LCE/runs/small_v3/agent_model/agent_final.pt"
"runs","small_v3/agent_model/agent_step_1000.pt","143720168","d36470a553edece47dfc448a82fdf72da8f5c195352ef94dac8d62ade6658dc9","https://media.lbsa71.net/LCE/runs/small_v3/agent_model/agent_step_1000.pt"
"runs","small_v3/agent_model/agent_step_250.pt","143720090","d063310a94dfce532dbeb8cf09955db40c6c3738fb86d7ec7773d09881209e84","https://media.lbsa71.net/LCE/runs/small_v3/agent_model/agent_step_250.pt"
"runs","small_v3/agent_model/agent_step_500.pt","143720090","c7e08bdbf982283a52cf2e90be63ddc79772764af446f152fc206dc86a4017c0","https://media.lbsa71.net/LCE/runs/small_v3/agent_model/agent_step_500.pt"
"runs","small_v3/agent_model/agent_step_750.pt","143720090","dec0da068a332fc8fdccad41d951ad2eba271e92290c3034bc524de4c486a207","https://media.lbsa71.net/LCE/runs/small_v3/agent_model/agent_step_750.pt"
"runs","small_v3/agent_model/training_metrics.json","466","a525d98585b6cf75896f58f85155479d101b865ec4c4b4d364dc7ce09b8ba180","https://media.lbsa71.net/LCE/runs/small_v3/agent_model/training_metrics.json"
"runs","small_v3/base_model/base_final.pt","143719778","d12a47075c593fd9d40aa2954f0e603d366de82f747575bd58ff9a763d4815a6","https://media.lbsa71.net/LCE/runs/small_v3/base_model/base_final.pt"
"runs","small_v3/base_model/base_step_1000.pt","143720090","232418e5753475af6e533efcdf0b4f66b9879b8186a848ffc62ffac143572b1a","https://media.lbsa71.net/LCE/runs/small_v3/base_model/base_step_1000.pt"
"runs","small_v3/base_model/base_step_1500.pt","143720090","7288ee7fe96ba3dce272e071d4569866a74e2dbeafc611eef23b9f99fdd352b0","https://media.lbsa71.net/LCE/runs/small_v3/base_model/base_step_1500.pt"
"runs","small_v3/base_model/base_step_2000.pt","143720090","81e5a0ace8b16d82d20bc3e1f2c0d63829c4ff6dc16537cc8ca1d20147e4ec8f","https://media.lbsa71.net/LCE/runs/small_v3/base_model/base_step_2000.pt"
"runs","small_v3/base_model/base_step_500.pt","143720012","fef4a452a3e177b6cd81ea69a3f297ad2fe1d7cbcda25155d65316d738650bb5","https://media.lbsa71.net/LCE/runs/small_v3/base_model/base_step_500.pt"
"runs","small_v3/base_model/config.json","321","894f1d50fdceb79703d1c178f3ba2da0d2870c02a6e3e5415583d93d4e9df16c","https://media.lbsa71.net/LCE/runs/small_v3/base_model/config.json"
"runs","small_v3/base_model/training_metrics.json","345","8f13b4b8781f86481ef770c49f4f4048d76aa6da387c5dc0c0c679602126183c","https://media.lbsa71.net/LCE/runs/small_v3/base_model/training_metrics.json"
"runs","small_v3/corpus_manifest.json","160483","80fa0b663522d948a084a4ffa71d68c0b29ea98883ae74d701b7ff9acf4e039c","https://media.lbsa71.net/LCE/runs/small_v3/corpus_manifest.json"
"runs","small_v3/data/agent_sft_train.jsonl","8447976","e9118f95c1068d562ac2fd8250214e1f4c6e2a3d20c500647705828339775bed","https://media.lbsa71.net/LCE/runs/small_v3/data/agent_sft_train.jsonl"
"runs","small_v3/data/eval_tasks.json","1027637","1e30be00d020e9414e632aa1fc33badae5de45e51e79c6db5ca980a76088e891","https://media.lbsa71.net/LCE/runs/small_v3/data/eval_tasks.json"
"runs","small_v3/data/eval_worlds.json","1556963","479e785e647f3264c0be1f3c51ab54e558aa9460a83e3506f85b054d0d4b4a34","https://media.lbsa71.net/LCE/runs/small_v3/data/eval_worlds.json"
"runs","small_v3/data/pretrain_train.txt","1742500","032340c9727d2df11aa1b9161e946f3c93cdd21262e42141bf214aa1589c84ec","https://media.lbsa71.net/LCE/runs/small_v3/data/pretrain_train.txt"
"runs","small_v3/data/pretrain_val.txt","92639","ed8f24fdc257eea4dfc1848c8484dd8176de3db817acfcab850610f132c9499d","https://media.lbsa71.net/LCE/runs/small_v3/data/pretrain_val.txt"
"runs","small_v3/eval/milestone_scaling_results.json","7259","ac47f98529f4199a9ca2873a96c32c1c39728754ce49a4eb036df5877992bf40","https://media.lbsa71.net/LCE/runs/small_v3/eval/milestone_scaling_results.json"
"runs","small_v3/tokenizer/tokenizer_config.json","352","db505d2c1de2c6e857eeeef91075aa1bc69456270e7018f09ed17578201e46a8","https://media.lbsa71.net/LCE/runs/small_v3/tokenizer/tokenizer_config.json"
"runs","small_v3/tokenizer/tokenizer.json","298095","b6930864bbbf56bdf3fbcc8b85627b22ece12e36be8b014c63095f3ca3e13528","https://media.lbsa71.net/LCE/runs/small_v3/tokenizer/tokenizer.json"
"runs","small/agent_model/agent_final.pt","63728478","17c95d179604f154f9ce068d3379975a6aaca885b1bf332937723af9c6f8ff5c","https://media.lbsa71.net/LCE/runs/small/agent_model/agent_final.pt"
"runs","small/agent_model/agent_step_1000.pt","63728718","1eb14a2d392c330e1db38695195fa689fada8d4f3c94bdc481b02a1563c1c8cf","https://media.lbsa71.net/LCE/runs/small/agent_model/agent_step_1000.pt"
"runs","small/agent_model/agent_step_250.pt","63728658","fe6f8680a766ce8241ecb5630fbfe2df81d0dc8ebc4f5ae49a2f38db12877799","https://media.lbsa71.net/LCE/runs/small/agent_model/agent_step_250.pt"
"runs","small/agent_model/agent_step_500.pt","63728658","9d8005691ee0f76fd0f736736b0f50a3bf98f9ed37305f3e1836e53c6522f84d","https://media.lbsa71.net/LCE/runs/small/agent_model/agent_step_500.pt"
"runs","small/agent_model/agent_step_750.pt","63728658","092e05effbc1004fef7933b09865ce7933fba2c2a11c180b0f868bbdebb63794","https://media.lbsa71.net/LCE/runs/small/agent_model/agent_step_750.pt"
"runs","small/base_model/base_final.pt","63728418","9a5a795c51e9214140637a60eea4bc8562572cc46b7df91032f9bd018611c8b5","https://media.lbsa71.net/LCE/runs/small/base_model/base_final.pt"
"runs","small/base_model/base_step_1000.pt","63728658","f4de03d13330804adbc4f412fdbca39d64736b31c2b44e6a1b875a591669f699","https://media.lbsa71.net/LCE/runs/small/base_model/base_step_1000.pt"
"runs","small/base_model/base_step_1500.pt","63728658","059dc3becd8c6840e909e6269b89bf8c3639fd2c15f65ba752ac9eedb458357d","https://media.lbsa71.net/LCE/runs/small/base_model/base_step_1500.pt"
"runs","small/base_model/base_step_2000.pt","63728658","cc398c8666ff59663ad743fac6eccf7402248dc09102510ae31d65ee11996c9b","https://media.lbsa71.net/LCE/runs/small/base_model/base_step_2000.pt"
"runs","small/base_model/base_step_500.pt","63728598","c81711df6790aa15f0ababc841c7b72714ec1a049813446b633c983b69a01447","https://media.lbsa71.net/LCE/runs/small/base_model/base_step_500.pt"
"runs","small/base_model/config.json","321","a726457616fa446d6245d75ab8d8ab1f68c30ee1dbc4c3c73d49e0512e76be87","https://media.lbsa71.net/LCE/runs/small/base_model/config.json"
"runs","small/corpus_manifest.json","160480","31422bd68c82d73a39612b6d7052ccff75578ff3640aacaa2d9b3b964c3de3b0","https://media.lbsa71.net/LCE/runs/small/corpus_manifest.json"
"runs","small/data/agent_sft_train.jsonl","9074399","653f1402204e2ee752fb95fd54f427777e4726b2c57ef3109aaa0074b3f3a978","https://media.lbsa71.net/LCE/runs/small/data/agent_sft_train.jsonl"
"runs","small/data/eval_tasks.json","1027672","69c0470a5c63e23e3fad90ace1d20727e496ec5ce285cac2a10154a44bae9936","https://media.lbsa71.net/LCE/runs/small/data/eval_tasks.json"
"runs","small/data/eval_worlds.json","1557035","f913573701015804f94a34cb2824d92a486595c5eb674e967280a1009d69add3","https://media.lbsa71.net/LCE/runs/small/data/eval_worlds.json"
"runs","small/data/pretrain_train.txt","1742716","7e9f15414d3d7262ba4fb9cca7cb96722ccfdf9dce5bcb478b85ada093303b40","https://media.lbsa71.net/LCE/runs/small/data/pretrain_train.txt"
"runs","small/data/pretrain_val.txt","92672","173bde3683ebe116fbfd7d3e1161fddfb57efecd94363481f1968c05c9f162f0","https://media.lbsa71.net/LCE/runs/small/data/pretrain_val.txt"
"runs","small/eval/milestone_scaling_results.json","7043","62b8430aa1b4a849d4032367fd448780b33904503748847412746ca2b9aa0aa5","https://media.lbsa71.net/LCE/runs/small/eval/milestone_scaling_results.json"
"runs","small/eval/report_test.html","4766","cfbc9bb1aebf5d1da86e9e5de980f8215e02f85643c02b2a16865655ad3fecab","https://media.lbsa71.net/LCE/runs/small/eval/report_test.html"
"runs","small/eval/results_test.csv","1632","4645e065b595d6f386d8454abfbd0faaa538458bb236f33739501abec750bcbf","https://media.lbsa71.net/LCE/runs/small/eval/results_test.csv"
"runs","small/eval/results_test.json","6484","dd9dbee9f7775b154f7deb35777b67d0087d71640ae611bb109bc22ebecd6ca5","https://media.lbsa71.net/LCE/runs/small/eval/results_test.json"
"runs","small/eval/traces_test.jsonl","122067","cbeafaa755e57ed60eb6ff79a3a03a1f8dc132fedc7c80382ca1ddf12dcba182","https://media.lbsa71.net/LCE/runs/small/eval/traces_test.jsonl"
"runs","small/tokenizer/tokenizer_config.json","352","2f5147e2dc334b92a70b21fc245c8b714a10cf87c4b8f496931bd564b318bdc0","https://media.lbsa71.net/LCE/runs/small/tokenizer/tokenizer_config.json"
"runs","small/tokenizer/tokenizer.json","297391","82f773a3416ce4384aaf435d3788a0b014d015dbeadc529fbd34556e070bd467","https://media.lbsa71.net/LCE/runs/small/tokenizer/tokenizer.json"
"runs","smoke/agent_model/agent_final.pt","5167244","4d98eff9b17e9810925aeba5d572334b3d10496398fd3860c52774c1a2f9d2ec","https://media.lbsa71.net/LCE/runs/smoke/agent_model/agent_final.pt"
"runs","smoke/base_model/base_final.pt","5167202","3a5c31419405082e4df1cf72ba41afecc51b4dec536ec4d37be6a12715c1142a","https://media.lbsa71.net/LCE/runs/smoke/base_model/base_final.pt"
"runs","smoke/base_model/config.json","319","8a21c148e841efc2e608da3b3bf03a150a13efb4df3a39354398c82bca27fe9d","https://media.lbsa71.net/LCE/runs/smoke/base_model/config.json"
"runs","smoke/corpus_manifest.json","19150","1a3089c221e589b280754cdeb277817f22f6ca4d2f55bdb2d02c0b0f09dc0120","https://media.lbsa71.net/LCE/runs/smoke/corpus_manifest.json"
"runs","smoke/data/agent_sft_train.jsonl","911790","45435b65043df6c1e471105edfaf7f9e37853ed783fe9ba5b1e1e764d9d8e546","https://media.lbsa71.net/LCE/runs/smoke/data/agent_sft_train.jsonl"
"runs","smoke/data/eval_tasks.json","205702","cf39c5089e6d266ec881a83c0c27c22669faacbd275b55cf27d6f8273f48465d","https://media.lbsa71.net/LCE/runs/smoke/data/eval_tasks.json"
"runs","smoke/data/eval_worlds.json","311404","581e290984923032289cd7bd67715910355caf4eee6333a58e46b4c0e97498c5","https://media.lbsa71.net/LCE/runs/smoke/data/eval_worlds.json"
"runs","smoke/data/pretrain_train.txt","174819","bcd5aec478be184e7cd9fab1d34f1df3862cf19734aed4730fac59ef72c01622","https://media.lbsa71.net/LCE/runs/smoke/data/pretrain_train.txt"
"runs","smoke/data/pretrain_val.txt","18541","7c67c4ede71a6f06dcd47a0e8ee6f662953e6d97d1f3e3b632be83de1c1575a7","https://media.lbsa71.net/LCE/runs/smoke/data/pretrain_val.txt"
"runs","smoke/eval/report.html","4893","7470f5fbbde04b80f939b95e177eb2657f52609d706b396c83726e66f8d7907e","https://media.lbsa71.net/LCE/runs/smoke/eval/report.html"
"runs","smoke/eval/results.csv","31300","4a78f79bb591519ecd3ab9964d24aa140edbd11860bd0c185d3dda70140ce927","https://media.lbsa71.net/LCE/runs/smoke/eval/results.csv"
"runs","smoke/eval/results.json","6626","24dd0d41aa78f45342b1f81076e8d3a869c489790990f037bf31e64a26c8eaeb","https://media.lbsa71.net/LCE/runs/smoke/eval/results.json"
"runs","smoke/eval/traces.jsonl","985990","2fa268979fb5cfbc21c91f7661a2b15dc7385521688e2a56cfa4b8c80f8d285a","https://media.lbsa71.net/LCE/runs/smoke/eval/traces.jsonl"
"runs","smoke/tokenizer/tokenizer_config.json","352","7fa64dd2ce61f02654c8d2ce69164318245c47e54eb28624bb9e9a5a99d0e552","https://media.lbsa71.net/LCE/runs/smoke/tokenizer/tokenizer_config.json"
"runs","smoke/tokenizer/tokenizer.json","113317","5be9db6e607d83f2e60c0b5067edfa27609a817c06ae5fa7084643b936014230","https://media.lbsa71.net/LCE/runs/smoke/tokenizer/tokenizer.json"
"runs","smollm2_135m_agent/agent_model/agent_step_1000/config.json","828","0202d2d143810efaf10e2014a769f70cde922ba01e77d99e13e2e8b70b922d09","https://media.lbsa71.net/LCE/runs/smollm2_135m_agent/agent_model/agent_step_1000/config.json"
"runs","smollm2_135m_agent/agent_model/agent_step_1000/generation_config.json","117","4fdd241c7ccb8d3ab718cc714034815c64249d62500ae44dc239b88099f48fa6","https://media.lbsa71.net/LCE/runs/smollm2_135m_agent/agent_model/agent_step_1000/generation_config.json"
"runs","smollm2_135m_agent/agent_model/agent_step_1000/model.safetensors","269073224","fdb937cce9fdb0732edc62df8b3afcb50645009ffe3bf9ea01f3911c0b36e3c4","https://media.lbsa71.net/LCE/runs/smollm2_135m_agent/agent_model/agent_step_1000/model.safetensors"
"runs","smollm2_135m_agent/agent_model/agent_step_1000/tokenizer_config.json","607","a41a89a18ae7ded6b99f6d6170bc5f5e16e07303e675574d01e48147aab43ee2","https://media.lbsa71.net/LCE/runs/smollm2_135m_agent/agent_model/agent_step_1000/tokenizer_config.json"
"runs","smollm2_135m_agent/agent_model/agent_step_1000/tokenizer.json","3524884","37bd8cedc4656096c2c75fa7b185c3ff6f037f4f58687145fde6a58ceef6d585","https://media.lbsa71.net/LCE/runs/smollm2_135m_agent/agent_model/agent_step_1000/tokenizer.json"
"runs","smollm2_135m_agent/agent_model/agent_step_2000/config.json","828","0202d2d143810efaf10e2014a769f70cde922ba01e77d99e13e2e8b70b922d09","https://media.lbsa71.net/LCE/runs/smollm2_135m_agent/agent_model/agent_step_2000/config.json"
"runs","smollm2_135m_agent/agent_model/agent_step_2000/generation_config.json","117","4fdd241c7ccb8d3ab718cc714034815c64249d62500ae44dc239b88099f48fa6","https://media.lbsa71.net/LCE/runs/smollm2_135m_agent/agent_model/agent_step_2000/generation_config.json"
"runs","smollm2_135m_agent/agent_model/agent_step_2000/model.safetensors","269073224","95be07345fd2bfcb492c71f9719aaab28ed0b678fd8bdb3f629545eaa4b9178a","https://media.lbsa71.net/LCE/runs/smollm2_135m_agent/agent_model/agent_step_2000/model.safetensors"
"runs","smollm2_135m_agent/agent_model/agent_step_2000/tokenizer_config.json","607","a41a89a18ae7ded6b99f6d6170bc5f5e16e07303e675574d01e48147aab43ee2","https://media.lbsa71.net/LCE/runs/smollm2_135m_agent/agent_model/agent_step_2000/tokenizer_config.json"
"runs","smollm2_135m_agent/agent_model/agent_step_2000/tokenizer.json","3524884","37bd8cedc4656096c2c75fa7b185c3ff6f037f4f58687145fde6a58ceef6d585","https://media.lbsa71.net/LCE/runs/smollm2_135m_agent/agent_model/agent_step_2000/tokenizer.json"
"runs","smollm2_135m_agent/agent_model/agent_step_3000/config.json","828","0202d2d143810efaf10e2014a769f70cde922ba01e77d99e13e2e8b70b922d09","https://media.lbsa71.net/LCE/runs/smollm2_135m_agent/agent_model/agent_step_3000/config.json"
"runs","smollm2_135m_agent/agent_model/agent_step_3000/generation_config.json","117","4fdd241c7ccb8d3ab718cc714034815c64249d62500ae44dc239b88099f48fa6","https://media.lbsa71.net/LCE/runs/smollm2_135m_agent/agent_model/agent_step_3000/generation_config.json"
"runs","smollm2_135m_agent/agent_model/agent_step_3000/model.safetensors","269073224","4be4b5ded774ee074ca6a82708dd99b382854ee5d120aef1315532bfe309876d","https://media.lbsa71.net/LCE/runs/smollm2_135m_agent/agent_model/agent_step_3000/model.safetensors"
"runs","smollm2_135m_agent/agent_model/agent_step_3000/tokenizer_config.json","607","a41a89a18ae7ded6b99f6d6170bc5f5e16e07303e675574d01e48147aab43ee2","https://media.lbsa71.net/LCE/runs/smollm2_135m_agent/agent_model/agent_step_3000/tokenizer_config.json"
"runs","smollm2_135m_agent/agent_model/agent_step_3000/tokenizer.json","3524884","37bd8cedc4656096c2c75fa7b185c3ff6f037f4f58687145fde6a58ceef6d585","https://media.lbsa71.net/LCE/runs/smollm2_135m_agent/agent_model/agent_step_3000/tokenizer.json"
"runs","smollm2_135m_agent/agent_model/config.json","828","0202d2d143810efaf10e2014a769f70cde922ba01e77d99e13e2e8b70b922d09","https://media.lbsa71.net/LCE/runs/smollm2_135m_agent/agent_model/config.json"
"runs","smollm2_135m_agent/agent_model/generation_config.json","117","4fdd241c7ccb8d3ab718cc714034815c64249d62500ae44dc239b88099f48fa6","https://media.lbsa71.net/LCE/runs/smollm2_135m_agent/agent_model/generation_config.json"
"runs","smollm2_135m_agent/agent_model/model.safetensors","269073224","4be4b5ded774ee074ca6a82708dd99b382854ee5d120aef1315532bfe309876d","https://media.lbsa71.net/LCE/runs/smollm2_135m_agent/agent_model/model.safetensors"
"runs","smollm2_135m_agent/agent_model/step_metrics.csv","180267","d13f2aefa3258970d0a0e3d517bf3cfe5be5c2526bab4fbcf00ace7fd1f611ae","https://media.lbsa71.net/LCE/runs/smollm2_135m_agent/agent_model/step_metrics.csv"
"runs","smollm2_135m_agent/agent_model/tokenizer_config.json","607","a41a89a18ae7ded6b99f6d6170bc5f5e16e07303e675574d01e48147aab43ee2","https://media.lbsa71.net/LCE/runs/smollm2_135m_agent/agent_model/tokenizer_config.json"
"runs","smollm2_135m_agent/agent_model/tokenizer.json","3524884","37bd8cedc4656096c2c75fa7b185c3ff6f037f4f58687145fde6a58ceef6d585","https://media.lbsa71.net/LCE/runs/smollm2_135m_agent/agent_model/tokenizer.json"
"runs","smollm2_135m_agent/agent_model/training_metrics.json","708","365740200bb39a202d833f2207f1c40307903002c9737f1882bc08a1c427d220","https://media.lbsa71.net/LCE/runs/smollm2_135m_agent/agent_model/training_metrics.json"
"runs","smollm2_135m_agent/corpus_manifest.json","1136520","43533e64177a49e5db12a2cefd2379dfdff78d96cd7ea30685c9b8d35b0ceffb","https://media.lbsa71.net/LCE/runs/smollm2_135m_agent/corpus_manifest.json"
"runs","smollm2_135m_agent/data/agent_sft_train.jsonl","102514163","49bb019a90d0be2a321dbb83b716c56f33c883b1f8b28dee6d7ab91796bd617f","https://media.lbsa71.net/LCE/runs/smollm2_135m_agent/data/agent_sft_train.jsonl"
"runs","smollm2_135m_agent/data/eval_tasks.json","4469567","151c54edc97586cc1fbe0b2cf5512bf93bf59c68897be292561f87c200282aa8","https://media.lbsa71.net/LCE/runs/smollm2_135m_agent/data/eval_tasks.json"
"runs","smollm2_135m_agent/data/eval_worlds.json","6267327","522c532229588e0bea3e2446e8f332d0e4297dad5fa079bbcda1eb69cb3d5b44","https://media.lbsa71.net/LCE/runs/smollm2_135m_agent/data/eval_worlds.json"
"runs","smollm2_135m_agent/data/pretrain_train.txt","50445243","ca1a5a5957a03777efdb061d501d1a5ffb93655cc8d6330bdf694e566f6978f4","https://media.lbsa71.net/LCE/runs/smollm2_135m_agent/data/pretrain_train.txt"
"runs","smollm2_135m_agent/data/pretrain_val.txt","769923","e5cd9214719047c22410c0d766e5941d2830e43dffdb7c340a4b398a52e15c14","https://media.lbsa71.net/LCE/runs/smollm2_135m_agent/data/pretrain_val.txt"
"runs","smollm2_135m_agent/eval/milestone_feasibility_analysis.json","773","8ca213aa6f9acd961c0488ab9d9ca0f7c333f51375a95be80fc80f5fe4ca5728","https://media.lbsa71.net/LCE/runs/smollm2_135m_agent/eval/milestone_feasibility_analysis.json"
"runs","smollm2_135m_agent/eval/milestone_scaling_results.json","9737","8f02c1f4502e451d11ea026cb9b297cb429b5e1f8e2f3f27eb6eeee7bab85911","https://media.lbsa71.net/LCE/runs/smollm2_135m_agent/eval/milestone_scaling_results.json"
"runs","smollm2_135m_agent/eval/phase5a_milestones_stderr.log","256","b1b281e9a4d9d39bccd96b35308e4ae2fd989d563e43197ca432ff78a58ec441","https://media.lbsa71.net/LCE/runs/smollm2_135m_agent/eval/phase5a_milestones_stderr.log"
"runs","smollm2_135m_agent/eval/phase5a_milestones_stdout.log","1642","d2820e2a49491862aa68bf2334205453a9127217ec4978b95d3735022a6287cc","https://media.lbsa71.net/LCE/runs/smollm2_135m_agent/eval/phase5a_milestones_stdout.log"
"runs","smollm2_135m_agent/frozen_audit_legacy_v1/selected_tasks.json","49903","dd42048ed0a0c1a6691b31e35783ac776964ee2583f223c2aa7482184fa7241c","https://media.lbsa71.net/LCE/runs/smollm2_135m_agent/frozen_audit_legacy_v1/selected_tasks.json"
"runs","smollm2_135m_agent/frozen_audit_legacy_v1/step_3000/case_predictions.jsonl","181486","53d1b0e416ce6f30c2c707e2871a93913e46b620830a2d72e05f2891751bd9d1","https://media.lbsa71.net/LCE/runs/smollm2_135m_agent/frozen_audit_legacy_v1/step_3000/case_predictions.jsonl"
"runs","smollm2_135m_agent/frozen_audit_legacy_v1/step_3000/eval_metrics.json","2324","7f746a290ef9ffda217d4614c0e9d846590d2903ea7eb6b1e8005766e7d18a82","https://media.lbsa71.net/LCE/runs/smollm2_135m_agent/frozen_audit_legacy_v1/step_3000/eval_metrics.json"
"runs","smollm2_135m_agent/frozen_audit_legacy_v1/step_3000/manifest.json","7133","998eb3800f54af0815c08086a900d85b4962e0a811b74e787765c74b5eeab3ed","https://media.lbsa71.net/LCE/runs/smollm2_135m_agent/frozen_audit_legacy_v1/step_3000/manifest.json"
"runs","smollm2_135m_agent/frozen_audit_repaired_v1/selected_tasks.json","55964","825aa8df951fe988afcfa921a66644ee0f1efb6e29ead808aba856c7d67d554e","https://media.lbsa71.net/LCE/runs/smollm2_135m_agent/frozen_audit_repaired_v1/selected_tasks.json"
"runs","smollm2_135m_agent/frozen_audit_repaired_v1/step_3000/case_predictions.jsonl","203806","58d1f5a7e5fe81e1904ebc614b111c45bfd864cd426d601df243dbacd5c55de5","https://media.lbsa71.net/LCE/runs/smollm2_135m_agent/frozen_audit_repaired_v1/step_3000/case_predictions.jsonl"
"runs","smollm2_135m_agent/frozen_audit_repaired_v1/step_3000/eval_metrics.json","3042","61a42990fb7be4214ae8d9c2b7371a6b81eec25ad12e2c74872f70d1894c7096","https://media.lbsa71.net/LCE/runs/smollm2_135m_agent/frozen_audit_repaired_v1/step_3000/eval_metrics.json"
"runs","smollm2_135m_agent/frozen_audit_repaired_v1/step_3000/manifest.json","7688","7b9fda9d0dd80a581f78bce3e0757d103df8886ecc6d17c603cb435ff18b229a","https://media.lbsa71.net/LCE/runs/smollm2_135m_agent/frozen_audit_repaired_v1/step_3000/manifest.json"
"runs","smollm2_360m_capacity/agent_model/agent_step_1000/config.json","813","722780fc5b78ea8ebcaf9c9cd38625b94425ea3d2be25684558413c002c8b46f","https://media.lbsa71.net/LCE/runs/smollm2_360m_capacity/agent_model/agent_step_1000/config.json"
"runs","smollm2_360m_capacity/agent_model/agent_step_1000/generation_config.json","117","4fdd241c7ccb8d3ab718cc714034815c64249d62500ae44dc239b88099f48fa6","https://media.lbsa71.net/LCE/runs/smollm2_360m_capacity/agent_model/agent_step_1000/generation_config.json"
"runs","smollm2_360m_capacity/agent_model/agent_step_1000/model.safetensors","723696032","e7798d25f032e0b58388a88d138346a142a4dc0762566c81247872d016f5ecdf","https://media.lbsa71.net/LCE/runs/smollm2_360m_capacity/agent_model/agent_step_1000/model.safetensors"
"runs","smollm2_360m_capacity/agent_model/agent_step_1000/tokenizer_config.json","607","a41a89a18ae7ded6b99f6d6170bc5f5e16e07303e675574d01e48147aab43ee2","https://media.lbsa71.net/LCE/runs/smollm2_360m_capacity/agent_model/agent_step_1000/tokenizer_config.json"
"runs","smollm2_360m_capacity/agent_model/agent_step_1000/tokenizer.json","3524884","37bd8cedc4656096c2c75fa7b185c3ff6f037f4f58687145fde6a58ceef6d585","https://media.lbsa71.net/LCE/runs/smollm2_360m_capacity/agent_model/agent_step_1000/tokenizer.json"
"runs","smollm2_360m_capacity/agent_model/agent_step_2000/config.json","813","722780fc5b78ea8ebcaf9c9cd38625b94425ea3d2be25684558413c002c8b46f","https://media.lbsa71.net/LCE/runs/smollm2_360m_capacity/agent_model/agent_step_2000/config.json"
"runs","smollm2_360m_capacity/agent_model/agent_step_2000/generation_config.json","117","4fdd241c7ccb8d3ab718cc714034815c64249d62500ae44dc239b88099f48fa6","https://media.lbsa71.net/LCE/runs/smollm2_360m_capacity/agent_model/agent_step_2000/generation_config.json"
"runs","smollm2_360m_capacity/agent_model/agent_step_2000/model.safetensors","723696032","ea967c4cb245b1313c1f47e497047406007eb4511c9994828a15d409025c5bf4","https://media.lbsa71.net/LCE/runs/smollm2_360m_capacity/agent_model/agent_step_2000/model.safetensors"
"runs","smollm2_360m_capacity/agent_model/agent_step_2000/tokenizer_config.json","607","a41a89a18ae7ded6b99f6d6170bc5f5e16e07303e675574d01e48147aab43ee2","https://media.lbsa71.net/LCE/runs/smollm2_360m_capacity/agent_model/agent_step_2000/tokenizer_config.json"
"runs","smollm2_360m_capacity/agent_model/agent_step_2000/tokenizer.json","3524884","37bd8cedc4656096c2c75fa7b185c3ff6f037f4f58687145fde6a58ceef6d585","https://media.lbsa71.net/LCE/runs/smollm2_360m_capacity/agent_model/agent_step_2000/tokenizer.json"
"runs","smollm2_360m_capacity/agent_model/agent_step_3000/config.json","813","722780fc5b78ea8ebcaf9c9cd38625b94425ea3d2be25684558413c002c8b46f","https://media.lbsa71.net/LCE/runs/smollm2_360m_capacity/agent_model/agent_step_3000/config.json"
"runs","smollm2_360m_capacity/agent_model/agent_step_3000/generation_config.json","117","4fdd241c7ccb8d3ab718cc714034815c64249d62500ae44dc239b88099f48fa6","https://media.lbsa71.net/LCE/runs/smollm2_360m_capacity/agent_model/agent_step_3000/generation_config.json"
"runs","smollm2_360m_capacity/agent_model/agent_step_3000/model.safetensors","723696032","f94ce96b7e09cf56743a7cd254c29aaa1b7246f272320f39ec9c5f17524bf2bc","https://media.lbsa71.net/LCE/runs/smollm2_360m_capacity/agent_model/agent_step_3000/model.safetensors"
"runs","smollm2_360m_capacity/agent_model/agent_step_3000/tokenizer_config.json","607","a41a89a18ae7ded6b99f6d6170bc5f5e16e07303e675574d01e48147aab43ee2","https://media.lbsa71.net/LCE/runs/smollm2_360m_capacity/agent_model/agent_step_3000/tokenizer_config.json"
"runs","smollm2_360m_capacity/agent_model/agent_step_3000/tokenizer.json","3524884","37bd8cedc4656096c2c75fa7b185c3ff6f037f4f58687145fde6a58ceef6d585","https://media.lbsa71.net/LCE/runs/smollm2_360m_capacity/agent_model/agent_step_3000/tokenizer.json"
"runs","smollm2_360m_capacity/agent_model/config.json","813","722780fc5b78ea8ebcaf9c9cd38625b94425ea3d2be25684558413c002c8b46f","https://media.lbsa71.net/LCE/runs/smollm2_360m_capacity/agent_model/config.json"
"runs","smollm2_360m_capacity/agent_model/generation_config.json","117","4fdd241c7ccb8d3ab718cc714034815c64249d62500ae44dc239b88099f48fa6","https://media.lbsa71.net/LCE/runs/smollm2_360m_capacity/agent_model/generation_config.json"
"runs","smollm2_360m_capacity/agent_model/model.safetensors","723696032","f94ce96b7e09cf56743a7cd254c29aaa1b7246f272320f39ec9c5f17524bf2bc","https://media.lbsa71.net/LCE/runs/smollm2_360m_capacity/agent_model/model.safetensors"
"runs","smollm2_360m_capacity/agent_model/step_metrics.csv","180500","bab6293836a516379c5960d7e7b9fad963a02b906e423801c0010676eddc6de2","https://media.lbsa71.net/LCE/runs/smollm2_360m_capacity/agent_model/step_metrics.csv"
"runs","smollm2_360m_capacity/agent_model/tokenizer_config.json","607","a41a89a18ae7ded6b99f6d6170bc5f5e16e07303e675574d01e48147aab43ee2","https://media.lbsa71.net/LCE/runs/smollm2_360m_capacity/agent_model/tokenizer_config.json"
"runs","smollm2_360m_capacity/agent_model/tokenizer.json","3524884","37bd8cedc4656096c2c75fa7b185c3ff6f037f4f58687145fde6a58ceef6d585","https://media.lbsa71.net/LCE/runs/smollm2_360m_capacity/agent_model/tokenizer.json"
"runs","smollm2_360m_capacity/agent_model/training_metrics.json","548","071c1f182f501788e38ffd924c42ed1c6f840d047e4185eb41cf29f1c59087bf","https://media.lbsa71.net/LCE/runs/smollm2_360m_capacity/agent_model/training_metrics.json"
"runs","smollm2_360m_capacity/capacity_registration.json","2075","a3e93a3870e7b37e3074f84a0c2eb8ac2e236e49dc9d975aabf139aa4b318c71","https://media.lbsa71.net/LCE/runs/smollm2_360m_capacity/capacity_registration.json"
"runs","smollm2_360m_capacity/corpus_audit.json","3532","3ab693f2ab3723f16caf4c87a2f9bab9c9287ae5d09316aa3a4b32427ab054e6","https://media.lbsa71.net/LCE/runs/smollm2_360m_capacity/corpus_audit.json"
"runs","smollm2_360m_capacity/data/agent_sft_train.jsonl","102514163","49bb019a90d0be2a321dbb83b716c56f33c883b1f8b28dee6d7ab91796bd617f","https://media.lbsa71.net/LCE/runs/smollm2_360m_capacity/data/agent_sft_train.jsonl"
"runs","smollm2_360m_capacity/data/eval_tasks.json","4469567","151c54edc97586cc1fbe0b2cf5512bf93bf59c68897be292561f87c200282aa8","https://media.lbsa71.net/LCE/runs/smollm2_360m_capacity/data/eval_tasks.json"
"runs","smollm2_360m_capacity/data/eval_worlds.json","6267327","522c532229588e0bea3e2446e8f332d0e4297dad5fa079bbcda1eb69cb3d5b44","https://media.lbsa71.net/LCE/runs/smollm2_360m_capacity/data/eval_worlds.json"
"runs","smollm2_360m_capacity/data/pretrain_train.txt","50445243","ca1a5a5957a03777efdb061d501d1a5ffb93655cc8d6330bdf694e566f6978f4","https://media.lbsa71.net/LCE/runs/smollm2_360m_capacity/data/pretrain_train.txt"
"runs","smollm2_360m_capacity/data/pretrain_val.txt","769923","e5cd9214719047c22410c0d766e5941d2830e43dffdb7c340a4b398a52e15c14","https://media.lbsa71.net/LCE/runs/smollm2_360m_capacity/data/pretrain_val.txt"
"runs","smollm2_360m_capacity/frozen_audit_legacy_v1/selected_tasks.json","49903","dd42048ed0a0c1a6691b31e35783ac776964ee2583f223c2aa7482184fa7241c","https://media.lbsa71.net/LCE/runs/smollm2_360m_capacity/frozen_audit_legacy_v1/selected_tasks.json"
"runs","smollm2_360m_capacity/frozen_audit_legacy_v1/step_2000/case_predictions.jsonl","21174","5d8c2fd8eb71b4e8b0f51269fb419abdb89a1787347df3e4ea7517aacda06f27","https://media.lbsa71.net/LCE/runs/smollm2_360m_capacity/frozen_audit_legacy_v1/step_2000/case_predictions.jsonl"
"runs","smollm2_360m_capacity/frozen_audit_legacy_v1/step_2000/manifest.json","7133","8946acf16398b27e39c5653b5c232c536870ca37fe22914b2dcc2bcf20f21060","https://media.lbsa71.net/LCE/runs/smollm2_360m_capacity/frozen_audit_legacy_v1/step_2000/manifest.json"
"runs","smollm2_360m_capacity/frozen_audit_legacy_v1/step_3000/case_predictions.jsonl","206589","3c25b82ada4e24918b8ee16b4098269b90cc07350bb71d6454a31895771c6a0f","https://media.lbsa71.net/LCE/runs/smollm2_360m_capacity/frozen_audit_legacy_v1/step_3000/case_predictions.jsonl"
"runs","smollm2_360m_capacity/frozen_audit_legacy_v1/step_3000/eval_metrics.json","2392","d22da6757596d6ee4caf3eac5004b3f7340d0d492c38b4e71ce4fa6be6f12370","https://media.lbsa71.net/LCE/runs/smollm2_360m_capacity/frozen_audit_legacy_v1/step_3000/eval_metrics.json"
"runs","smollm2_360m_capacity/frozen_audit_legacy_v1/step_3000/manifest.json","7133","b29a78de1b3250742e01f6729e5958ca9592486c17d7ebd42e29a10f5a84e007","https://media.lbsa71.net/LCE/runs/smollm2_360m_capacity/frozen_audit_legacy_v1/step_3000/manifest.json"
"runs","smollm2_360m_capacity/frozen_audit_repaired_v1/selected_tasks.json","55964","825aa8df951fe988afcfa921a66644ee0f1efb6e29ead808aba856c7d67d554e","https://media.lbsa71.net/LCE/runs/smollm2_360m_capacity/frozen_audit_repaired_v1/selected_tasks.json"
"runs","smollm2_360m_capacity/frozen_audit_repaired_v1/step_3000/case_predictions.jsonl","224401","dd4fd50ec79b6d90c2d312ecc5451695154a02f82872de809d95fed221a33c8f","https://media.lbsa71.net/LCE/runs/smollm2_360m_capacity/frozen_audit_repaired_v1/step_3000/case_predictions.jsonl"
"runs","smollm2_360m_capacity/frozen_audit_repaired_v1/step_3000/eval_metrics.json","3027","98d138e672cb97aeb48a5b795c30b2f60cc4d5d87ba2b85e6540bd18bc931b2b","https://media.lbsa71.net/LCE/runs/smollm2_360m_capacity/frozen_audit_repaired_v1/step_3000/eval_metrics.json"
"runs","smollm2_360m_capacity/frozen_audit_repaired_v1/step_3000/manifest.json","7688","93bbfc37f3be8bb0f39f2e912da4f814478a6212e86e195bed6eea1597d07bdb","https://media.lbsa71.net/LCE/runs/smollm2_360m_capacity/frozen_audit_repaired_v1/step_3000/manifest.json"
"runs","smollm2_360m_capacity/training_stderr.log","2240","5e83b4c9166effb806b253bc89be408897022e6058c44c25a4c19adbb5ca14ba","https://media.lbsa71.net/LCE/runs/smollm2_360m_capacity/training_stderr.log"
"runs","smollm2_360m_capacity/training_stdout.log","4439","e3e5e49ca1b8e499722099adf4ec71027da1bbf8b2659e63b5a8c9694c6883a8","https://media.lbsa71.net/LCE/runs/smollm2_360m_capacity/training_stdout.log"
"scratch","smoke_test_rdl.py","3490","31026127c03ac6ef0338fe0232caef77b7c7f93979684129d27e1f310f58e4f1","https://media.lbsa71.net/LCE/scratch/smoke_test_rdl.py"
"scratch","test_timer/step_metrics.csv","106","35ccb395cfde7e47dedcdb64b7dd559190a7e053efef365c4dfb3118a069911e","https://media.lbsa71.net/LCE/scratch/test_timer/step_metrics.csv"
