step,elapsed_ms,loss,lr,tokens,tokens_per_sec,timestamp
1,805.8,1.295925,3.13e-06,2048,2541.57,1787760157.215
2,112.093,1.241619,6.25e-06,2048,18270.59,1787760157.329
3,119.706,1.215922,9.37e-06,2048,17108.64,1787760157.45
4,120.419,1.283311,1.25e-05,2048,17007.34,1787760157.571
5,115.301,1.390895,1.563e-05,2048,17762.19,1787760157.687
6,120.722,1.275313,1.875e-05,2048,16964.61,1787760157.809
7,111.398,1.334129,2.187e-05,2048,18384.53,1787760157.922
8,115.165,1.27819,2.5e-05,2048,17783.13,1787760158.038
9,128.75,1.226852,2.813e-05,2048,15906.76,1787760158.168
10,112.514,1.220349,3.125e-05,2048,18202.21,1787760158.281
11,134.447,1.298472,3.438e-05,2048,15232.76,1787760158.417
12,154.325,1.279611,3.75e-05,2048,13270.69,1787760158.573
13,133.563,1.216925,4.063e-05,2048,15333.56,1787760158.708
14,119.759,1.262858,4.375e-05,2048,17101.07,1787760158.829
15,122.633,1.293661,4.688e-05,2048,16700.18,1787760158.952
16,136.093,1.277776,5e-05,2048,15048.5,1787760159.089
17,123.874,1.260597,5.312e-05,2048,16532.92,1787760159.214
18,133.161,1.238293,5.625e-05,2048,15379.84,1787760159.349
19,117.606,1.190749,5.937e-05,2048,17414.14,1787760159.468
20,115.203,1.234114,6.25e-05,2048,17777.24,1787760159.584
21,112.939,1.193396,6.563e-05,2048,18133.68,1787760159.698
22,123.653,1.173778,6.875e-05,2048,16562.53,1787760159.823
23,111.239,1.169402,7.187e-05,2048,18410.73,1787760159.935
24,125.032,1.154171,7.5e-05,2048,16379.74,1787760160.062
25,124.059,1.129618,7.813e-05,2048,16508.3,1787760160.186
26,133.884,1.181625,8.125e-05,2048,15296.87,1787760160.321
27,107.205,1.270956,8.438e-05,2048,19103.66,1787760160.43
28,116.891,1.201466,8.75e-05,2048,17520.6,1787760160.548
29,112.993,1.020688,9.062e-05,2048,18124.98,1787760160.661
30,116.922,1.088645,9.375e-05,2048,17516.0,1787760160.78
31,111.234,1.132035,9.688e-05,2048,18411.7,1787760160.892
32,126.253,1.118297,0.0001,2048,16221.4,1787760161.02
33,141.127,1.095704,0.00010312,2048,14511.73,1787760161.161
34,148.506,1.018143,0.00010625,2048,13790.67,1787760161.312
35,151.925,1.162189,0.00010938,2048,13480.35,1787760161.466
36,146.01,0.946172,0.0001125,2048,14026.48,1787760161.613
37,124.325,1.082993,0.00011563,2048,16472.94,1787760161.738
38,126.678,0.922621,0.00011875,2048,16167.0,1787760161.867
39,128.418,1.044316,0.00012187,2048,15947.93,1787760161.997
40,144.908,0.931727,0.000125,2048,14133.09,1787760162.143
41,150.832,0.962884,0.00012812,2048,13578.06,1787760162.295
42,136.032,1.162603,0.00013125,2048,15055.27,1787760162.433
43,134.403,0.837861,0.00013438,2048,15237.78,1787760162.569
44,115.805,0.928688,0.0001375,2048,17684.89,1787760162.685
45,118.868,0.789584,0.00014063,2048,17229.22,1787760162.806
46,121.856,0.999374,0.00014375,2048,16806.71,1787760162.928
47,120.368,0.869404,0.00014688,2048,17014.5,1787760163.049
48,151.669,0.794783,0.00015,2048,13503.13,1787760163.202
49,134.942,0.886997,0.00015313,2048,15176.89,1787760163.338
50,121.022,1.165759,0.00015625,2048,16922.56,1787760163.46
51,110.608,0.904327,0.00015937,2048,18515.86,1787760163.572
52,120.039,0.950515,0.0001625,2048,17061.15,1787760163.693
53,131.387,0.910312,0.00016563,2048,15587.5,1787760163.825
54,149.956,0.869167,0.00016875,2048,13657.33,1787760163.977
55,147.604,0.788915,0.00017187,2048,13874.93,1787760164.126
56,174.658,0.555101,0.000175,2048,11725.8,1787760164.303
57,214.534,0.778864,0.00017813,2048,9546.27,1787760164.519
58,159.205,0.737735,0.00018125,2048,12863.93,1787760164.68
59,167.28,0.625837,0.00018438,2048,12242.96,1787760164.85
60,127.27,0.588694,0.0001875,2048,16091.75,1787760164.979
61,121.05,0.613962,0.00019062,2048,16918.64,1787760165.101
62,120.511,0.714615,0.00019375,2048,16994.27,1787760165.222
63,144.464,0.477935,0.00019688,2048,14176.59,1787760165.367
64,137.027,0.608159,0.0002,2048,14945.96,1787760165.506
65,152.956,0.666165,0.00020313,2048,13389.45,1787760165.66
66,135.005,0.518151,0.00020625,2048,15169.79,1787760165.797
67,138.271,0.665397,0.00020938,2048,14811.45,1787760165.938
68,117.535,0.675822,0.0002125,2048,17424.57,1787760166.056
69,142.398,0.532258,0.00021563,2048,14382.19,1787760166.199
70,157.986,0.597309,0.00021875,2048,12963.17,1787760166.359
71,261.972,0.52423,0.00022187,2048,7817.62,1787760166.623
72,364.806,0.417541,0.000225,2048,5613.94,1787760166.99
73,199.733,0.45874,0.00022813,2048,10253.69,1787760167.192
74,160.903,0.475205,0.00023125,2048,12728.17,1787760167.355
75,182.044,0.391186,0.00023437,2048,11250.05,1787760167.538
76,166.283,0.427383,0.0002375,2048,12316.38,1787760167.708
77,193.02,0.430101,0.00024063,2048,10610.32,1787760167.902
78,272.573,0.427849,0.00024375,2048,7513.58,1787760168.177
79,373.117,0.410725,0.00024688,2048,5488.89,1787760168.551
80,304.004,0.384665,0.00025,2048,6736.76,1787760168.857
81,304.616,0.368866,0.00025312,2048,6723.21,1787760169.164
82,164.04,0.344431,0.00025625,2048,12484.78,1787760169.33
83,155.494,0.424094,0.00025938,2048,13170.93,1787760169.487
84,329.573,0.410396,0.0002625,2048,6214.11,1787760169.819
85,280.615,0.495401,0.00026563,2048,7298.25,1787760170.1
86,231.158,0.420472,0.00026875,2048,8859.75,1787760170.334
87,322.226,0.459813,0.00027187,2048,6355.78,1787760170.657
88,200.466,0.310372,0.000275,2048,10216.22,1787760170.86
89,157.005,0.384919,0.00027812,2048,13044.13,1787760171.019
90,140.251,0.311613,0.00028125,2048,14602.36,1787760171.16
91,229.31,0.395851,0.00028438,2048,8931.14,1787760171.391
92,286.853,0.314975,0.0002875,2048,7139.56,1787760171.679
93,277.309,0.27233,0.00029063,2048,7385.26,1787760171.958
94,302.263,0.30338,0.00029375,2048,6775.57,1787760172.262
95,294.688,0.406732,0.00029687,2048,6949.71,1787760172.558
96,177.557,0.320832,0.0003,2048,11534.33,1787760172.738
97,287.61,0.294211,0.00030313,2048,7120.75,1787760173.026
98,569.882,0.665545,0.00030625,2048,3593.73,1787760173.598
99,324.081,0.519899,0.00030938,2048,6319.41,1787760173.925
100,164.346,0.360708,0.0003125,2048,12461.51,1787760174.092
101,136.637,0.293729,0.00031562,2048,14988.58,1787760174.23
102,126.053,0.236908,0.00031875,2048,16247.19,1787760174.357
103,135.641,0.284575,0.00032188,2048,15098.68,1787760174.494
104,574.829,0.243027,0.000325,2048,3562.8,1787760175.07
105,220.205,0.242987,0.00032813,2048,9300.43,1787760175.292
106,281.86,0.260427,0.00033125,2048,7266.03,1787760175.576
107,191.346,0.572706,0.00033437,2048,10703.12,1787760175.77
108,187.892,0.230001,0.0003375,2048,10899.86,1787760175.959
109,460.446,0.22705,0.00034062,2048,4447.86,1787760176.422
110,358.496,0.217291,0.00034375,2048,5712.76,1787760176.783
111,290.594,0.252174,0.00034688,2048,7047.64,1787760177.076
112,160.075,0.202684,0.00035,2048,12793.98,1787760177.238
113,269.261,0.201491,0.00035313,2048,7606.0,1787760177.509
114,435.364,0.186858,0.00035625,2048,4704.11,1787760177.946
115,371.337,0.224364,0.00035937,2048,5515.2,1787760178.319
116,257.662,0.218763,0.0003625,2048,7948.41,1787760178.578
117,223.838,0.182502,0.00036563,2048,9149.49,1787760178.804
118,314.231,0.201353,0.00036875,2048,6517.5,1787760179.12
119,189.236,0.25806,0.00037188,2048,10822.46,1787760179.31
120,432.228,0.17322,0.000375,2048,4738.23,1787760179.745
121,193.25,0.161024,0.00037812,2048,10597.67,1787760179.94
122,339.395,0.195908,0.00038125,2048,6034.27,1787760180.281
123,298.926,0.162747,0.00038438,2048,6851.19,1787760180.583
124,296.489,0.15016,0.0003875,2048,6907.5,1787760180.882
125,341.097,0.160791,0.00039063,2048,6004.16,1787760181.225
126,232.785,0.142765,0.00039375,2048,8797.83,1787760181.46
127,228.816,0.149961,0.00039687,2048,8950.42,1787760181.691
128,199.757,0.144912,0.0004,2048,10252.48,1787760181.894
129,274.09,0.133283,0.00040313,2048,7472.01,1787760182.169
130,247.653,0.129757,0.00040625,2048,8269.65,1787760182.419
131,160.876,0.158489,0.00040938,2048,12730.32,1787760182.582
132,182.966,0.157157,0.0004125,2048,11193.35,1787760182.767
133,306.879,0.23543,0.00041563,2048,6673.65,1787760183.074
134,188.829,0.152039,0.00041875,2048,10845.8,1787760183.265
135,153.062,0.124587,0.00042187,2048,13380.2,1787760183.42
136,137.764,0.173903,0.000425,2048,14866.0,1787760183.559
137,134.453,0.09979,0.00042813,2048,15232.1,1787760183.694
138,134.245,0.167456,0.00043125,2048,15255.71,1787760183.83
139,157.383,0.162705,0.00043438,2048,13012.87,1787760183.989
140,124.121,0.151355,0.0004375,2048,16500.0,1787760184.114
141,130.042,0.122492,0.00044062,2048,15748.81,1787760184.245
142,148.812,0.105034,0.00044375,2048,13762.32,1787760184.396
143,119.987,0.103776,0.00044688,2048,17068.47,1787760184.518
144,131.843,0.127704,0.00045,2048,15533.64,1787760184.652
145,159.091,0.162743,0.00045313,2048,12873.1,1787760184.812
146,173.868,0.260177,0.00045625,2048,11779.02,1787760184.988
147,162.188,0.187517,0.00045937,2048,12627.34,1787760185.152
148,127.711,0.157895,0.0004625,2048,16036.18,1787760185.281
149,126.544,0.153635,0.00046563,2048,16184.15,1787760185.409
150,139.107,0.113585,0.00046875,2048,14722.45,1787760185.551
151,131.602,0.119092,0.00047188,2048,15562.09,1787760185.683
152,132.909,0.343965,0.000475,2048,15409.07,1787760185.817
153,163.789,0.195235,0.00047813,2048,12503.93,1787760185.983
154,167.917,0.11977,0.00048125,2048,12196.5,1787760186.152
155,185.754,0.231569,0.00048437,2048,11025.32,1787760186.339
156,137.776,0.182121,0.0004875,2048,14864.65,1787760186.478
157,145.904,0.14097,0.00049062,2048,14036.66,1787760186.626
158,147.526,0.161197,0.00049375,2048,13882.25,1787760186.775
159,149.011,0.100117,0.00049688,2048,13743.94,1787760186.925
160,130.805,0.212307,0.0005,2048,15656.93,1787760187.057
161,125.714,0.569654,0.00050313,2048,16290.92,1787760187.183
162,132.245,0.329254,0.00050625,2048,15486.42,1787760187.316
163,128.358,0.128515,0.00050938,2048,15955.4,1787760187.446
164,139.366,0.182486,0.0005125,2048,14695.16,1787760187.587
165,150.336,0.4957,0.00051563,2048,13622.84,1787760187.74
166,118.828,0.160377,0.00051875,2048,17235.04,1787760187.859
167,121.321,0.12565,0.00052187,2048,16880.82,1787760187.982
168,112.088,0.212872,0.000525,2048,18271.29,1787760188.096
169,133.712,0.425056,0.00052812,2048,15316.47,1787760188.231
170,141.973,0.234771,0.00053125,2048,14425.31,1787760188.374
171,148.447,0.193973,0.00053438,2048,13796.16,1787760188.524
172,125.816,0.141121,0.0005375,2048,16277.78,1787760188.651
173,128.205,0.091576,0.00054062,2048,15974.43,1787760188.78
174,139.555,0.095476,0.00054375,2048,14675.19,1787760188.921
175,151.168,0.213385,0.00054688,2048,13547.84,1787760189.075
176,145.416,0.166778,0.00055,2048,14083.69,1787760189.221
177,138.232,0.203286,0.00055313,2048,14815.7,1787760189.36
178,127.326,0.309094,0.00055625,2048,16084.67,1787760189.489
179,134.745,0.125025,0.00055937,2048,15199.08,1787760189.625
180,135.179,0.10806,0.0005625,2048,15150.32,1787760189.761
181,140.502,0.102703,0.00056563,2048,14576.34,1787760189.903
182,134.741,0.193705,0.00056875,2048,15199.59,1787760190.04
183,124.016,0.333422,0.00057188,2048,16514.01,1787760190.164
184,115.428,0.135598,0.000575,2048,17742.63,1787760190.281
185,131.282,0.630058,0.00057812,2048,15600.02,1787760190.413
186,128.045,0.268814,0.00058125,2048,15994.44,1787760190.543
187,148.468,0.192002,0.00058438,2048,13794.19,1787760190.692
188,161.967,0.323131,0.0005875,2048,12644.56,1787760190.856
189,156.051,0.271029,0.00059063,2048,13123.91,1787760191.013
190,137.697,0.174447,0.00059375,2048,14873.25,1787760191.152
191,129.385,0.131216,0.00059688,2048,15828.72,1787760191.283
192,115.187,0.119719,0.0006,2048,17779.8,1787760191.4
193,113.581,0.514803,0.00060313,2048,18031.18,1787760191.514
194,105.56,0.179189,0.00060625,2048,19401.29,1787760191.621
195,109.501,0.140076,0.00060937,2048,18703.09,1787760191.731
196,105.606,0.091363,0.0006125,2048,19392.89,1787760191.838
197,114.907,0.118026,0.00061562,2048,17823.08,1787760191.955
198,117.36,0.094248,0.00061875,2048,17450.65,1787760192.073
199,113.62,0.085678,0.00062187,2048,18025.03,1787760192.188
200,120.78,0.537684,0.000625,2048,16956.45,1787760192.31
201,115.385,0.081968,0.00062813,2048,17749.24,1787760192.426
202,120.288,0.093171,0.00063125,2048,17025.85,1787760192.547
203,117.411,0.141062,0.00063438,2048,17442.98,1787760192.666
204,112.898,0.20426,0.0006375,2048,18140.27,1787760192.78
205,104.045,0.085017,0.00064063,2048,19683.83,1787760192.885
206,114.317,0.39493,0.00064375,2048,17915.14,1787760193.0
207,107.987,0.095443,0.00064687,2048,18965.3,1787760193.109
208,121.094,0.076243,0.00065,2048,16912.54,1787760193.231
209,140.226,0.05969,0.00065312,2048,14604.98,1787760193.372
210,135.786,0.058884,0.00065625,2048,15082.59,1787760193.51
211,115.374,0.095861,0.00065938,2048,17750.89,1787760193.627
212,123.271,0.067302,0.0006625,2048,16613.8,1787760193.751
213,126.009,0.092763,0.00066562,2048,16252.77,1787760193.878
214,120.789,0.093878,0.00066875,2048,16955.17,1787760194.001
215,125.302,0.049022,0.00067188,2048,16344.47,1787760194.128
216,117.979,0.054063,0.000675,2048,17359.08,1787760194.246
217,128.909,0.077312,0.00067813,2048,15887.15,1787760194.377
218,129.302,0.11437,0.00068125,2048,15838.91,1787760194.508
219,138.111,0.070142,0.00068437,2048,14828.62,1787760194.647
220,124.2,0.037128,0.0006875,2048,16489.49,1787760194.773
221,124.482,0.050449,0.00069063,2048,16452.15,1787760194.898
222,129.167,0.057195,0.00069375,2048,15855.44,1787760195.029
223,123.28,0.043686,0.00069688,2048,16612.64,1787760195.154
224,116.684,0.049902,0.0007,2048,17551.68,1787760195.272
225,119.059,0.06305,0.00070312,2048,17201.56,1787760195.393
226,130.063,0.064347,0.00070625,2048,15746.2,1787760195.524
227,139.767,0.050217,0.00070938,2048,14652.92,1787760195.665
228,142.443,0.058681,0.0007125,2048,14377.72,1787760195.809
229,135.266,0.065388,0.00071563,2048,15140.55,1787760195.946
230,130.871,0.036705,0.00071875,2048,15648.99,1787760196.077
231,131.707,0.03843,0.00072188,2048,15549.61,1787760196.21
232,113.336,0.036841,0.000725,2048,18070.13,1787760196.325
233,135.353,0.042565,0.00072813,2048,15130.82,1787760196.461
234,148.007,0.04723,0.00073125,2048,13837.2,1787760196.61
235,133.07,0.040098,0.00073438,2048,15390.4,1787760196.746
236,134.013,0.024866,0.0007375,2048,15282.04,1787760196.882
237,137.273,0.031247,0.00074062,2048,14919.16,1787760197.021
238,152.668,0.035953,0.00074375,2048,13414.73,1787760197.174
239,151.383,0.033113,0.00074687,2048,13528.59,1787760197.326
240,162.024,0.083992,0.00075,2048,12640.08,1787760197.49
241,168.061,0.067155,0.00075313,2048,12186.02,1787760197.659
242,164.753,0.037259,0.00075625,2048,12430.74,1787760197.826
243,176.465,0.068593,0.00075938,2048,11605.72,1787760198.003
244,163.287,0.029726,0.0007625,2048,12542.31,1787760198.168
245,153.557,0.034981,0.00076563,2048,13337.1,1787760198.323
246,126.406,0.030701,0.00076875,2048,16201.71,1787760198.45
247,120.821,0.029964,0.00077187,2048,16950.7,1787760198.572
248,116.958,0.036414,0.000775,2048,17510.57,1787760198.69
249,128.342,0.026508,0.00077812,2048,15957.38,1787760198.82
250,120.455,0.025575,0.00078125,2048,17002.23,1787760198.941
251,122.242,0.025422,0.00078438,2048,16753.64,1787760199.065
252,144.055,0.035844,0.0007875,2048,14216.75,1787760199.21
253,126.376,0.024037,0.00079062,2048,16205.6,1787760199.337
254,129.658,0.015806,0.00079375,2048,15795.39,1787760199.468
255,128.975,0.023793,0.00079688,2048,15879.05,1787760199.599
256,129.645,0.021092,0.0008,2048,15796.97,1787760199.73
257,132.853,0.027077,0.00080313,2048,15415.49,1787760199.863
258,118.428,0.029505,0.00080625,2048,17293.27,1787760199.983
259,125.628,0.018232,0.00080937,2048,16302.14,1787760200.11
260,133.971,0.033948,0.0008125,2048,15286.9,1787760200.244
261,120.955,0.025884,0.00081563,2048,16931.89,1787760200.366
262,124.641,0.023326,0.00081875,2048,16431.19,1787760200.492
263,138.046,0.020494,0.00082188,2048,14835.67,1787760200.631
264,113.246,0.043843,0.000825,2048,18084.49,1787760200.746
265,101.783,0.028626,0.00082812,2048,20121.18,1787760200.848
266,113.958,0.020295,0.00083125,2048,17971.6,1787760200.963
267,123.088,0.016921,0.00083438,2048,16638.5,1787760201.089
268,109.911,0.025188,0.0008375,2048,18633.24,1787760201.199
269,107.212,0.445428,0.00084063,2048,19102.29,1787760201.307
270,122.282,0.024657,0.00084375,2048,16748.13,1787760201.431
271,120.285,0.023929,0.00084688,2048,17026.27,1787760201.553
272,115.161,0.020116,0.00085,2048,17783.84,1787760201.668
273,116.242,0.020765,0.00085313,2048,17618.45,1787760201.785
274,106.507,0.069255,0.00085625,2048,19228.84,1787760201.893
275,110.342,0.037308,0.00085938,2048,18560.48,1787760202.004
276,118.974,0.028531,0.0008625,2048,17213.85,1787760202.124
277,124.672,0.039899,0.00086562,2048,16427.14,1787760202.25
278,116.944,0.058153,0.00086875,2048,17512.72,1787760202.369
279,127.262,0.016785,0.00087187,2048,16092.84,1787760202.497
280,115.427,0.038753,0.000875,2048,17742.79,1787760202.613
281,110.339,1.191289,0.00087813,2048,18561.06,1787760202.725
282,152.182,0.02315,0.00088125,2048,13457.61,1787760202.878
283,133.226,0.036312,0.00088438,2048,15372.37,1787760203.013
284,129.671,0.015041,0.0008875,2048,15793.87,1787760203.143
285,118.669,0.019423,0.00089063,2048,17258.12,1787760203.263
286,114.57,0.018086,0.00089375,2048,17875.5,1787760203.378
287,128.546,0.020205,0.00089687,2048,15932.06,1787760203.509
288,142.338,0.017508,0.0009,2048,14388.27,1787760203.652
289,122.334,0.803988,0.00090312,2048,16741.03,1787760203.777
290,121.228,0.024086,0.00090625,2048,16893.76,1787760203.898
291,120.63,0.020943,0.00090938,2048,16977.55,1787760204.02
292,117.477,0.017768,0.0009125,2048,17433.26,1787760204.138
293,144.816,0.021192,0.00091562,2048,14142.13,1787760204.284
294,181.899,0.021607,0.00091875,2048,11258.98,1787760204.468
295,159.989,0.017591,0.00092188,2048,12800.92,1787760204.63
296,154.428,0.01672,0.000925,2048,13261.88,1787760204.785
297,154.059,0.031431,0.00092813,2048,13293.58,1787760204.94
298,173.97,0.028652,0.00093125,2048,11772.16,1787760205.116
299,160.017,0.02936,0.00093437,2048,12798.67,1787760205.278
300,162.763,0.021107,0.0009375,2048,12582.71,1787760205.442
301,144.956,0.014132,0.00094063,2048,14128.43,1787760205.588
302,120.292,0.025585,0.00094375,2048,17025.25,1787760205.709
303,115.235,0.015619,0.00094688,2048,17772.42,1787760205.826
304,107.439,0.037497,0.00095,2048,19062.01,1787760205.934
305,153.158,0.01701,0.00095312,2048,13371.78,1787760206.089
306,162.375,0.017054,0.00095625,2048,12612.78,1787760206.253
307,174.381,0.010732,0.00095938,2048,11744.37,1787760206.429
308,175.533,0.011012,0.0009625,2048,11667.3,1787760206.606
309,155.031,0.014268,0.00096563,2048,13210.24,1787760206.763
310,155.963,0.018695,0.00096875,2048,13131.31,1787760206.919
311,144.056,0.008906,0.00097188,2048,14216.68,1787760207.064
312,157.214,0.009999,0.000975,2048,13026.8,1787760207.224
313,213.934,0.015436,0.00097813,2048,9573.03,1787760207.439
314,221.533,0.014943,0.00098125,2048,9244.67,1787760207.664
315,175.229,0.014227,0.00098438,2048,11687.59,1787760207.84
316,168.277,0.009802,0.0009875,2048,12170.38,1787760208.01
317,158.037,0.010691,0.00099062,2048,12958.99,1787760208.169
318,156.645,0.013689,0.00099375,2048,13074.19,1787760208.327
319,174.209,0.017755,0.00099687,2048,11755.99,1787760208.504
320,168.575,0.011046,0.001,2048,12148.9,1787760208.673
321,173.703,0.009344,0.001,2048,11790.25,1787760208.849
322,248.261,0.008351,0.001,2048,8249.39,1787760209.098
323,207.459,0.010181,0.001,2048,9871.84,1787760209.308
324,193.549,0.012922,0.001,2048,10581.3,1787760209.503
325,181.325,0.008642,0.00099999,2048,11294.64,1787760209.687
326,169.845,0.007067,0.00099999,2048,12058.07,1787760209.859
327,160.145,0.00536,0.00099999,2048,12788.42,1787760210.02
328,199.708,0.007549,0.00099998,2048,10254.99,1787760210.221
329,201.612,0.009328,0.00099998,2048,10158.11,1787760210.423
330,207.5,0.009255,0.00099997,2048,9869.89,1787760210.633
331,250.707,0.007749,0.00099997,2048,8168.89,1787760210.887
332,268.36,0.00698,0.00099996,2048,7631.53,1787760211.158
333,278.667,0.005517,0.00099995,2048,7349.27,1787760211.438
334,311.129,0.006958,0.00099995,2048,6582.48,1787760211.751
335,256.742,0.008203,0.00099994,2048,7976.89,1787760212.01
336,236.476,0.007548,0.00099993,2048,8660.51,1787760212.248
337,341.579,0.005908,0.00099992,2048,5995.68,1787760212.595
338,292.177,0.00613,0.00099991,2048,7009.44,1787760212.89
339,239.791,0.004961,0.0009999,2048,8540.77,1787760213.132
340,323.236,0.005887,0.00099989,2048,6335.93,1787760213.457
341,447.359,0.005737,0.00099988,2048,4577.98,1787760213.906
342,336.798,0.005379,0.00099987,2048,6080.8,1787760214.246
343,318.314,0.005251,0.00099986,2048,6433.9,1787760214.569
344,293.583,0.005419,0.00099985,2048,6975.87,1787760214.864
345,275.875,0.005412,0.00099983,2048,7423.66,1787760215.142
346,243.408,0.00445,0.00099982,2048,8413.85,1787760215.387
347,961.0,0.004963,0.0009998,2048,2131.11,1787760216.35
348,335.156,0.004109,0.00099979,2048,6110.58,1787760216.687
349,331.927,0.004854,0.00099977,2048,6170.03,1787760217.021
350,386.457,0.004523,0.00099976,2048,5299.42,1787760217.411
351,317.325,0.005065,0.00099974,2048,6453.95,1787760217.731
352,364.526,0.004167,0.00099973,2048,5618.26,1787760218.098
353,423.622,0.004141,0.00099971,2048,4834.5,1787760218.525
354,350.246,0.005656,0.00099969,2048,5847.31,1787760218.879
355,364.57,0.003808,0.00099967,2048,5617.58,1787760219.246
356,326.068,0.003635,0.00099965,2048,6280.91,1787760219.575
357,323.869,0.003852,0.00099963,2048,6323.54,1787760219.901
358,360.716,0.003381,0.00099961,2048,5677.6,1787760220.264
359,323.799,0.003268,0.00099959,2048,6324.92,1787760220.592
360,278.591,0.003415,0.00099957,2048,7351.29,1787760220.871
361,305.986,0.003165,0.00099955,2048,6693.12,1787760221.182
362,360.052,0.0036,0.00099953,2048,5688.06,1787760221.546
363,382.135,0.003131,0.00099951,2048,5359.37,1787760221.93
364,343.196,0.003478,0.00099948,2048,5967.43,1787760222.275
365,264.601,0.002992,0.00099946,2048,7739.96,1787760222.543
366,339.201,0.002771,0.00099943,2048,6037.72,1787760222.884
367,289.621,0.002909,0.00099941,2048,7071.3,1787760223.175
368,320.329,0.003179,0.00099938,2048,6393.43,1787760223.497
369,317.449,0.002968,0.00099936,2048,6451.43,1787760223.817
370,274.142,0.003428,0.00099933,2048,7470.59,1787760224.093
371,236.345,0.00287,0.0009993,2048,8665.28,1787760224.331
372,254.357,0.002936,0.00099928,2048,8051.67,1787760224.588
373,289.325,0.002987,0.00099925,2048,7078.56,1787760224.879
374,230.374,0.003299,0.00099922,2048,8889.89,1787760225.112
375,251.707,0.002546,0.00099919,2048,8136.44,1787760225.365
376,287.627,0.002527,0.00099916,2048,7120.33,1787760225.655
377,214.191,0.002632,0.00099913,2048,9561.57,1787760225.87
378,277.748,0.002318,0.0009991,2048,7373.6,1787760226.15
379,242.279,0.003111,0.00099907,2048,8453.06,1787760226.396
380,231.457,0.00245,0.00099904,2048,8848.31,1787760226.629
381,240.477,0.002246,0.000999,2048,8516.42,1787760226.871
382,224.5,0.00218,0.00099897,2048,9122.5,1787760227.097
383,204.18,0.002743,0.00099894,2048,10030.39,1787760227.304
384,179.8,0.002249,0.0009989,2048,11390.46,1787760227.486
385,165.035,0.002275,0.00099887,2048,12409.52,1787760227.652
386,184.558,0.002233,0.00099883,2048,11096.78,1787760227.838
387,165.911,0.002165,0.0009988,2048,12343.95,1787760228.006
388,166.028,0.002063,0.00099876,2048,12335.28,1787760228.172
389,182.839,0.002083,0.00099873,2048,11201.11,1787760228.357
390,183.386,0.001999,0.00099869,2048,11167.7,1787760228.542
391,198.123,0.002129,0.00099865,2048,10337.02,1787760228.743
392,175.842,0.002128,0.00099861,2048,11646.79,1787760228.919
393,160.17,0.002146,0.00099857,2048,12786.38,1787760229.081
394,162.345,0.002243,0.00099853,2048,12615.11,1787760229.245
395,166.814,0.002139,0.00099849,2048,12277.14,1787760229.413
396,149.102,0.002057,0.00099845,2048,13735.55,1787760229.564
397,195.123,0.002417,0.00099841,2048,10495.97,1787760229.76
398,163.246,0.001989,0.00099837,2048,12545.48,1787760229.926
399,170.377,0.001978,0.00099833,2048,12020.37,1787760230.098
400,147.197,0.002138,0.00099829,2048,13913.32,1787760230.246
401,141.94,0.001998,0.00099824,2048,14428.66,1787760230.39
402,130.436,0.001949,0.0009982,2048,15701.16,1787760230.522
403,127.576,0.001969,0.00099816,2048,16053.2,1787760230.65
404,110.004,0.001978,0.00099811,2048,18617.54,1787760230.761
405,119.495,0.001718,0.00099807,2048,17138.74,1787760230.882
406,126.025,0.002136,0.00099802,2048,16250.78,1787760231.01
407,137.353,0.001988,0.00099798,2048,14910.46,1787760231.149
408,123.24,0.001707,0.00099793,2048,16618.01,1787760231.273
409,122.552,0.001748,0.00099788,2048,16711.22,1787760231.396
410,117.924,0.002075,0.00099783,2048,17367.1,1787760231.516
411,142.362,0.001663,0.00099778,2048,14385.87,1787760231.659
412,123.056,0.001824,0.00099774,2048,16642.79,1787760231.784
413,118.286,0.001613,0.00099769,2048,17313.89,1787760231.903
414,119.719,0.001607,0.00099764,2048,17106.7,1787760232.023
415,130.267,0.001635,0.00099759,2048,15721.57,1787760232.155
416,138.271,0.001692,0.00099753,2048,14811.51,1787760232.296
417,132.128,0.001635,0.00099748,2048,15500.07,1787760232.429
418,133.093,0.001637,0.00099743,2048,15387.71,1787760232.563
419,338.75,0.002018,0.00099738,2048,6045.75,1787760232.904
420,207.548,0.001605,0.00099733,2048,9867.61,1787760233.113
421,190.17,0.001642,0.00099727,2048,10769.32,1787760233.305
422,190.835,0.001563,0.00099722,2048,10731.77,1787760233.497
423,188.506,0.001518,0.00099716,2048,10864.36,1787760233.688
424,160.553,0.001676,0.00099711,2048,12755.88,1787760233.849
425,137.236,0.001449,0.00099705,2048,14923.21,1787760233.988
426,114.412,0.001448,0.000997,2048,17900.19,1787760234.103
427,129.135,0.001501,0.00099694,2048,15859.35,1787760234.234
428,112.294,0.001673,0.00099688,2048,18237.86,1787760234.347
429,107.013,0.00144,0.00099682,2048,19137.86,1787760234.455
430,104.388,0.001476,0.00099676,2048,19619.19,1787760234.56
431,118.563,0.001548,0.00099671,2048,17273.5,1787760234.68
432,119.581,0.001388,0.00099665,2048,17126.51,1787760234.8
433,199.863,0.001514,0.00099659,2048,10247.03,1787760235.002
434,174.698,0.001485,0.00099653,2048,11723.07,1787760235.178
435,138.443,0.001453,0.00099646,2048,14793.12,1787760235.317
436,133.414,0.001419,0.0009964,2048,15350.69,1787760235.452
437,125.463,0.001315,0.00099634,2048,16323.51,1787760235.578
438,127.521,0.001357,0.00099628,2048,16060.13,1787760235.706
439,153.331,0.001402,0.00099621,2048,13356.71,1787760235.862
440,139.981,0.001328,0.00099615,2048,14630.55,1787760236.003
441,140.969,0.00137,0.00099609,2048,14528.07,1787760236.144
442,166.584,0.001507,0.00099602,2048,12294.12,1787760236.314
443,130.301,0.001414,0.00099596,2048,15717.42,1787760236.445
444,135.676,0.001331,0.00099589,2048,15094.77,1787760236.582
445,128.475,0.00168,0.00099582,2048,15940.83,1787760236.712
446,138.782,0.001552,0.00099576,2048,14756.94,1787760236.851
447,158.634,0.001394,0.00099569,2048,12910.23,1787760237.011
448,161.96,0.001442,0.00099562,2048,12645.09,1787760237.175
449,155.055,0.001402,0.00099555,2048,13208.23,1787760237.332
450,128.82,0.001426,0.00099548,2048,15898.09,1787760237.461
451,133.173,0.001314,0.00099541,2048,15378.53,1787760237.597
452,151.891,0.001229,0.00099534,2048,13483.39,1787760237.75
453,152.903,0.001368,0.00099527,2048,13394.14,1787760237.904
454,140.288,0.001409,0.0009952,2048,14598.53,1787760238.046
455,126.107,0.001426,0.00099513,2048,16240.22,1787760238.173
456,131.658,0.001208,0.00099506,2048,15555.43,1787760238.306
457,134.278,0.001231,0.00099498,2048,15251.97,1787760238.441
458,134.941,0.001298,0.00099491,2048,15176.97,1787760238.577
459,139.794,0.001469,0.00099484,2048,14650.11,1787760238.718
460,140.652,0.001163,0.00099476,2048,14560.79,1787760238.86
461,121.534,0.001208,0.00099469,2048,16851.28,1787760238.983
462,129.683,0.001455,0.00099461,2048,15792.36,1787760239.114
463,114.432,0.001151,0.00099454,2048,17897.06,1787760239.229
464,120.264,0.001175,0.00099446,2048,17029.17,1787760239.35
465,138.314,0.001103,0.00099438,2048,14806.87,1787760239.49
466,137.702,0.00124,0.00099431,2048,14872.73,1787760239.629
467,141.856,0.001059,0.00099423,2048,14437.2,1787760239.772
468,125.667,0.001302,0.00099415,2048,16297.03,1787760239.899
469,217.959,0.00131,0.00099407,2048,9396.25,1787760240.118
470,195.706,0.001163,0.00099399,2048,10464.67,1787760240.316
471,153.366,0.001055,0.00099391,2048,13353.67,1787760240.471
472,151.024,0.001173,0.00099383,2048,13560.72,1787760240.624
473,149.035,0.00111,0.00099375,2048,13741.74,1787760240.774
474,137.742,0.001069,0.00099367,2048,14868.43,1787760240.913
475,143.306,0.001104,0.00099358,2048,14291.1,1787760241.059
476,134.916,0.001005,0.0009935,2048,15179.8,1787760241.195
477,124.105,0.001056,0.00099342,2048,16502.17,1787760241.32
478,108.592,0.000993,0.00099333,2048,18859.52,1787760241.429
479,134.337,0.001055,0.00099325,2048,15245.23,1787760241.565
480,163.609,0.001,0.00099316,2048,12517.64,1787760241.73
481,166.361,0.001243,0.00099308,2048,12310.58,1787760241.897
482,134.11,0.00108,0.00099299,2048,15271.03,1787760242.032
483,129.501,0.001154,0.00099291,2048,15814.57,1787760242.164
484,154.377,0.001114,0.00099282,2048,13266.23,1787760242.319
485,253.508,0.001042,0.00099273,2048,8078.64,1787760242.575
486,206.109,0.001006,0.00099264,2048,9936.5,1787760242.783
487,181.325,0.001334,0.00099255,2048,11294.64,1787760242.967
488,160.72,0.001525,0.00099246,2048,12742.69,1787760243.129
489,185.794,0.001104,0.00099237,2048,11022.94,1787760243.316
490,219.703,0.001492,0.00099228,2048,9321.7,1787760243.538
491,198.591,0.001469,0.00099219,2048,10312.65,1787760243.738
492,160.514,0.000963,0.0009921,2048,12759.03,1787760243.9
493,164.4,0.000997,0.00099201,2048,12457.42,1787760244.066
494,138.61,0.001496,0.00099192,2048,14775.22,1787760244.205
495,140.342,0.000985,0.00099183,2048,14592.91,1787760244.348
496,184.201,0.001041,0.00099173,2048,11118.27,1787760244.534
497,233.258,0.001045,0.00099164,2048,8779.97,1787760244.769
498,177.956,0.001083,0.00099154,2048,11508.45,1787760244.948
499,154.682,0.001108,0.00099145,2048,13240.06,1787760245.104
500,152.206,0.000878,0.00099135,2048,13455.46,1787760245.258
501,160.948,0.000906,0.00099126,2048,12724.62,1787760245.42
502,170.656,0.001193,0.00099116,2048,12000.79,1787760245.593
503,164.556,0.000923,0.00099106,2048,12445.6,1787760245.759
504,142.251,0.00097,0.00099097,2048,14397.07,1787760245.903
505,119.057,0.001394,0.00099087,2048,17201.82,1787760246.024
506,121.296,0.001156,0.00099077,2048,16884.29,1787760246.146
507,123.708,0.000973,0.00099067,2048,16555.06,1787760246.271
508,128.887,0.001003,0.00099057,2048,15889.95,1787760246.401
509,123.42,0.001344,0.00099047,2048,16593.79,1787760246.526
510,150.875,0.001067,0.00099037,2048,13574.19,1787760246.678
511,131.739,0.001102,0.00099027,2048,15545.94,1787760246.811
512,137.214,0.001168,0.00099017,2048,14925.61,1787760246.95
513,134.544,0.001332,0.00099006,2048,15221.81,1787760247.086
514,149.838,0.001187,0.00098996,2048,13668.07,1787760247.237
515,172.802,0.001317,0.00098986,2048,11851.69,1787760247.412
516,172.517,0.001331,0.00098975,2048,11871.29,1787760247.586
517,156.687,0.000879,0.00098965,2048,13070.66,1787760247.744
518,176.109,0.001476,0.00098954,2048,11629.15,1787760247.921
519,156.687,0.001395,0.00098944,2048,13070.61,1787760248.079
520,151.113,0.001276,0.00098933,2048,13552.8,1787760248.232
521,147.09,0.001193,0.00098923,2048,13923.44,1787760248.381
522,148.417,0.001546,0.00098912,2048,13798.91,1787760248.531
523,141.885,0.001649,0.00098901,2048,14434.28,1787760248.675
524,147.77,0.001324,0.0009889,2048,13859.39,1787760248.824
525,179.017,0.000961,0.0009888,2048,11440.28,1787760249.004
526,174.213,0.001742,0.00098869,2048,11755.7,1787760249.18
527,147.905,0.001169,0.00098858,2048,13846.76,1787760249.33
528,153.04,0.000965,0.00098847,2048,13382.11,1787760249.484
529,183.687,0.000881,0.00098836,2048,11149.38,1787760249.67
530,158.827,0.001168,0.00098824,2048,12894.56,1787760249.831
531,194.031,0.001182,0.00098813,2048,10555.03,1787760250.026
532,171.537,0.000861,0.00098802,2048,11939.12,1787760250.2
533,205.029,0.001069,0.00098791,2048,9988.82,1787760250.407
534,164.819,0.001082,0.00098779,2048,12425.78,1787760250.573
535,147.32,0.00093,0.00098768,2048,13901.73,1787760250.721
536,147.51,0.000917,0.00098757,2048,13883.83,1787760250.87
537,144.783,0.000862,0.00098745,2048,14145.28,1787760251.017
538,124.154,0.000993,0.00098734,2048,16495.58,1787760251.142
539,130.121,0.000942,0.00098722,2048,15739.2,1787760251.274
540,131.384,0.000925,0.0009871,2048,15587.94,1787760251.406
541,128.987,0.000902,0.00098699,2048,15877.61,1787760251.538
542,147.699,0.000874,0.00098687,2048,13866.06,1787760251.686
543,148.174,0.001038,0.00098675,2048,13821.57,1787760251.836
544,149.378,0.001017,0.00098663,2048,13710.18,1787760251.986
545,186.814,0.000931,0.00098651,2048,10962.8,1787760252.176
546,182.198,0.000862,0.00098639,2048,11240.51,1787760252.359
547,191.167,0.000875,0.00098627,2048,10713.13,1787760252.552
548,245.058,0.001065,0.00098615,2048,8357.22,1787760252.798
549,228.662,0.000799,0.00098603,2048,8956.46,1787760253.029
550,182.053,0.000844,0.00098591,2048,11249.48,1787760253.212
551,183.643,0.001116,0.00098579,2048,11152.08,1787760253.398
552,204.071,0.000891,0.00098567,2048,10035.7,1787760253.604
553,177.866,0.000887,0.00098554,2048,11514.29,1787760253.783
554,178.111,0.001187,0.00098542,2048,11498.46,1787760253.963
555,154.491,0.000993,0.0009853,2048,13256.42,1787760254.12
556,138.92,0.00137,0.00098517,2048,14742.26,1787760254.26
557,141.011,0.001192,0.00098505,2048,14523.69,1787760254.402
558,170.322,0.001135,0.00098492,2048,12024.29,1787760254.574
559,151.639,0.00094,0.00098479,2048,13505.73,1787760254.73
560,161.996,0.001378,0.00098467,2048,12642.25,1787760254.894
561,153.805,0.001083,0.00098454,2048,13315.53,1787760255.049
562,157.926,0.00092,0.00098441,2048,12968.13,1787760255.208
563,179.229,0.001081,0.00098428,2048,11426.71,1787760255.388
564,171.313,0.001244,0.00098415,2048,11954.72,1787760255.562
565,149.673,0.001632,0.00098402,2048,13683.19,1787760255.714
566,163.166,0.001595,0.0009839,2048,12551.61,1787760255.878
567,144.935,0.004272,0.00098376,2048,14130.49,1787760256.025
568,128.27,0.0012,0.00098363,2048,15966.3,1787760256.155
569,144.208,0.001778,0.0009835,2048,14201.69,1787760256.3
570,150.686,0.002174,0.00098337,2048,13591.22,1787760256.453
571,158.885,0.005157,0.00098324,2048,12889.85,1787760256.613
572,142.567,0.002104,0.0009831,2048,14365.22,1787760256.756
573,131.912,0.002046,0.00098297,2048,15525.54,1787760256.89
574,132.298,0.005143,0.00098284,2048,15480.19,1787760257.023
575,135.934,0.002875,0.0009827,2048,15066.14,1787760257.16
576,159.337,0.002713,0.00098257,2048,12853.24,1787760257.321
577,163.533,0.004225,0.00098243,2048,12523.44,1787760257.488
578,164.2,0.003784,0.0009823,2048,12472.61,1787760257.654
579,166.168,0.002093,0.00098216,2048,12324.91,1787760257.821
580,165.972,0.003419,0.00098202,2048,12339.44,1787760257.988
581,139.535,0.004537,0.00098188,2048,14677.35,1787760258.13
582,138.977,0.002692,0.00098175,2048,14736.2,1787760258.269
583,138.817,0.002297,0.00098161,2048,14753.22,1787760258.409
584,124.497,0.003136,0.00098147,2048,16450.22,1787760258.535
585,141.21,0.003945,0.00098133,2048,14503.18,1787760258.678
586,141.57,0.002677,0.00098119,2048,14466.32,1787760258.821
587,126.901,0.002547,0.00098105,2048,16138.63,1787760258.949
588,132.044,0.005298,0.00098091,2048,15510.02,1787760259.082
589,116.479,0.004412,0.00098077,2048,17582.6,1787760259.2
590,124.262,0.004045,0.00098062,2048,16481.31,1787760259.325
591,102.551,0.004699,0.00098048,2048,19970.45,1787760259.429
592,110.31,0.002292,0.00098034,2048,18565.91,1787760259.54
593,121.657,0.004912,0.00098019,2048,16834.24,1787760259.663
594,107.633,0.006264,0.00098005,2048,19027.66,1787760259.77
595,150.096,0.006337,0.0009799,2048,13644.58,1787760259.923
596,137.646,0.003095,0.00097976,2048,14878.73,1787760260.063
597,143.769,0.002928,0.00097961,2048,14245.03,1787760260.207
598,137.404,0.004623,0.00097947,2048,14904.95,1787760260.346
599,138.678,0.002683,0.00097932,2048,14768.06,1787760260.487
600,125.69,0.00211,0.00097917,2048,16294.03,1787760260.613
601,141.581,0.003274,0.00097902,2048,14465.17,1787760260.756
602,139.001,0.004639,0.00097888,2048,14733.69,1787760260.896
603,136.283,0.003108,0.00097873,2048,15027.58,1787760261.033
604,118.885,0.002057,0.00097858,2048,17226.69,1787760261.154
605,125.931,0.002487,0.00097843,2048,16262.87,1787760261.281
606,121.503,0.002923,0.00097828,2048,16855.61,1787760261.404
607,122.02,0.002722,0.00097813,2048,16784.09,1787760261.527
608,118.772,0.002118,0.00097798,2048,17243.11,1787760261.648
609,121.834,0.003907,0.00097782,2048,16809.69,1787760261.771
610,127.19,0.00262,0.00097767,2048,16101.89,1787760261.899
611,141.369,0.001495,0.00097752,2048,14486.89,1787760262.042
612,138.309,0.001873,0.00097736,2048,14807.48,1787760262.181
613,128.497,0.002576,0.00097721,2048,15938.15,1787760262.312
614,125.582,0.002562,0.00097706,2048,16308.04,1787760262.438
615,131.376,0.001728,0.0009769,2048,15588.83,1787760262.571
616,140.666,0.001655,0.00097675,2048,14559.27,1787760262.712
617,131.069,0.002625,0.00097659,2048,15625.33,1787760262.845
618,119.468,0.004191,0.00097643,2048,17142.67,1787760262.966
619,117.392,0.002678,0.00097628,2048,17445.79,1787760263.084
620,103.282,0.003082,0.00097612,2048,19829.28,1787760263.188
621,117.675,0.001979,0.00097596,2048,17403.93,1787760263.307
622,98.519,0.00284,0.0009758,2048,20787.83,1787760263.407
623,115.868,0.003788,0.00097564,2048,17675.22,1787760263.524
624,114.835,0.002422,0.00097548,2048,17834.35,1787760263.64
625,116.662,0.002129,0.00097532,2048,17555.05,1787760263.758
626,114.33,0.002342,0.00097516,2048,17913.11,1787760263.873
627,112.201,0.001874,0.000975,2048,18252.94,1787760263.987
628,116.029,0.003093,0.00097484,2048,17650.7,1787760264.104
629,125.135,0.003839,0.00097468,2048,16366.34,1787760264.23
630,116.387,0.004495,0.00097452,2048,17596.47,1787760264.348
631,118.685,0.0032,0.00097435,2048,17255.82,1787760264.468
632,129.211,0.002751,0.00097419,2048,15850.01,1787760264.598
633,119.446,0.003633,0.00097402,2048,17145.77,1787760264.719
634,128.648,0.002932,0.00097386,2048,15919.37,1787760264.849
635,128.661,0.002553,0.00097369,2048,15917.79,1787760264.979
636,121.993,0.001996,0.00097353,2048,16787.81,1787760265.102
637,126.991,0.002239,0.00097336,2048,16127.14,1787760265.231
638,126.755,0.002333,0.0009732,2048,16157.15,1787760265.359
639,109.727,0.002291,0.00097303,2048,18664.54,1787760265.469
640,108.091,0.001897,0.00097286,2048,18947.02,1787760265.578
641,109.458,0.001809,0.00097269,2048,18710.39,1787760265.688
642,117.182,0.00188,0.00097252,2048,17477.01,1787760265.807
643,121.89,0.00173,0.00097236,2048,16802.03,1787760265.929
644,126.466,0.000976,0.00097219,2048,16194.08,1787760266.057
645,119.292,0.001614,0.00097202,2048,17168.02,1787760266.177
646,127.417,0.001049,0.00097185,2048,16073.23,1787760266.306
647,117.519,0.002531,0.00097167,2048,17426.9,1787760266.425
648,113.961,0.001773,0.0009715,2048,17971.04,1787760266.54
649,116.84,0.001225,0.00097133,2048,17528.23,1787760266.657
650,129.653,0.001725,0.00097116,2048,15795.96,1787760266.789
651,134.624,0.002849,0.00097098,2048,15212.8,1787760266.925
652,119.332,0.002401,0.00097081,2048,17162.27,1787760267.045
653,131.183,0.001482,0.00097064,2048,15611.77,1787760267.177
654,144.729,0.001404,0.00097046,2048,14150.62,1787760267.324
655,122.426,0.001725,0.00097029,2048,16728.45,1787760267.447
656,128.348,0.002693,0.00097011,2048,15956.66,1787760267.576
657,128.81,0.001539,0.00096994,2048,15899.39,1787760267.707
658,106.251,0.001345,0.00096976,2048,19275.19,1787760267.815
659,107.628,0.002722,0.00096958,2048,19028.58,1787760267.923
660,114.159,0.001696,0.0009694,2048,17939.94,1787760268.039
661,114.317,0.001548,0.00096923,2048,17915.13,1787760268.154
662,116.161,0.003066,0.00096905,2048,17630.66,1787760268.271
663,125.242,0.002131,0.00096887,2048,16352.33,1787760268.398
664,116.139,0.00234,0.00096869,2048,17634.1,1787760268.515
665,157.446,0.001799,0.00096851,2048,13007.65,1787760268.674
666,144.349,0.001815,0.00096833,2048,14187.79,1787760268.819
667,126.689,0.002378,0.00096815,2048,16165.52,1787760268.95
668,120.189,0.002219,0.00096796,2048,17039.84,1787760269.071
669,124.068,0.002558,0.00096778,2048,16507.02,1787760269.196
670,121.368,0.001251,0.0009676,2048,16874.36,1787760269.319
671,119.661,0.001034,0.00096742,2048,17115.06,1787760269.44
672,136.781,0.001478,0.00096723,2048,14972.89,1787760269.578
673,133.958,0.001525,0.00096705,2048,15288.35,1787760269.713
674,121.5,0.001273,0.00096686,2048,16855.95,1787760269.836
675,105.84,0.001034,0.00096668,2048,19349.94,1787760269.942
676,113.636,0.001485,0.00096649,2048,18022.47,1787760270.057
677,106.304,0.001268,0.00096631,2048,19265.48,1787760270.164
678,115.342,0.001589,0.00096612,2048,17755.91,1787760270.281
679,118.495,0.001469,0.00096593,2048,17283.46,1787760270.401
680,114.148,0.000941,0.00096575,2048,17941.64,1787760270.516
681,114.211,0.001356,0.00096556,2048,17931.68,1787760270.631
682,130.825,0.001504,0.00096537,2048,15654.52,1787760270.763
683,113.413,0.001437,0.00096518,2048,18057.83,1787760270.877
684,114.348,0.001316,0.00096499,2048,17910.32,1787760270.992
685,129.504,0.001649,0.0009648,2048,15814.21,1787760271.123
686,137.019,0.001454,0.00096461,2048,14946.83,1787760271.261
687,131.686,0.00114,0.00096442,2048,15552.13,1787760271.395
688,118.93,0.001335,0.00096423,2048,17220.16,1787760271.514
689,131.632,0.001223,0.00096404,2048,15558.56,1787760271.647
690,122.599,0.002693,0.00096384,2048,16704.92,1787760271.772
691,128.048,0.000963,0.00096365,2048,15994.05,1787760271.901
692,127.864,0.0008,0.00096346,2048,16017.07,1787760272.029
693,129.55,0.001927,0.00096326,2048,15808.53,1787760272.16
694,129.353,0.001179,0.00096307,2048,15832.69,1787760272.291
695,129.269,0.001901,0.00096287,2048,15842.93,1787760272.421
696,127.939,0.000774,0.00096268,2048,16007.57,1787760272.55
697,108.823,0.001005,0.00096248,2048,18819.64,1787760272.661
698,116.381,0.00363,0.00096228,2048,17597.34,1787760272.778
699,125.719,0.001056,0.00096209,2048,16290.35,1787760272.905
700,125.385,0.00103,0.00096189,2048,16333.68,1787760273.032
701,119.718,0.002139,0.00096169,2048,17106.81,1787760273.153
702,117.257,0.001065,0.00096149,2048,17465.86,1787760273.271
703,114.817,0.000824,0.00096129,2048,17837.14,1787760273.387
704,110.807,0.001049,0.0009611,2048,18482.57,1787760273.5
705,114.354,0.00118,0.0009609,2048,17909.25,1787760273.615
706,132.021,0.001012,0.0009607,2048,15512.65,1787760273.748
707,116.605,0.000905,0.00096049,2048,17563.61,1787760273.865
708,132.359,0.000991,0.00096029,2048,15473.05,1787760273.998
709,109.543,0.000943,0.00096009,2048,18695.79,1787760274.11
710,142.444,0.000843,0.00095989,2048,14377.6,1787760274.253
711,135.633,0.000781,0.00095969,2048,15099.58,1787760274.39
712,126.806,0.000773,0.00095948,2048,16150.64,1787760274.517
713,110.038,0.000895,0.00095928,2048,18611.84,1787760274.629
714,119.308,0.000779,0.00095907,2048,17165.71,1787760274.749
715,117.478,0.000846,0.00095887,2048,17433.01,1787760274.868
716,115.136,0.000603,0.00095866,2048,17787.71,1787760274.984
717,123.789,0.000637,0.00095846,2048,16544.21,1787760275.109
718,114.455,0.000773,0.00095825,2048,17893.56,1787760275.224
719,122.737,0.00081,0.00095805,2048,16686.13,1787760275.348
720,124.774,0.000718,0.00095784,2048,16413.64,1787760275.474
721,123.873,0.000623,0.00095763,2048,16533.04,1787760275.599
722,115.808,0.000762,0.00095742,2048,17684.46,1787760275.716
723,111.946,0.000787,0.00095721,2048,18294.52,1787760275.829
724,121.699,0.000585,0.000957,2048,16828.47,1787760275.952
725,126.38,0.000726,0.0009568,2048,16205.13,1787760276.08
726,119.291,0.000642,0.00095659,2048,17168.13,1787760276.2
727,118.541,0.000791,0.00095637,2048,17276.72,1787760276.319
728,114.354,0.00062,0.00095616,2048,17909.36,1787760276.435
729,136.694,0.000593,0.00095595,2048,14982.38,1787760276.572
730,129.041,0.000734,0.00095574,2048,15870.92,1787760276.702
731,134.139,0.000682,0.00095553,2048,15267.74,1787760276.837
732,132.307,0.000614,0.00095531,2048,15479.13,1787760276.971
733,118.831,0.000627,0.0009551,2048,17234.57,1787760277.091
734,108.841,0.000779,0.00095489,2048,18816.44,1787760277.201
735,130.463,0.000725,0.00095467,2048,15697.91,1787760277.334
736,120.383,0.000647,0.00095446,2048,17012.41,1787760277.455
737,139.712,0.000601,0.00095424,2048,14658.71,1787760277.596
738,124.603,0.000668,0.00095403,2048,16436.17,1787760277.722
739,115.591,0.000578,0.00095381,2048,17717.63,1787760277.839
740,113.018,0.000697,0.00095359,2048,18121.09,1787760277.952
741,116.395,0.000692,0.00095338,2048,17595.21,1787760278.07
742,128.116,0.000724,0.00095316,2048,15985.56,1787760278.2
743,111.833,0.00058,0.00095294,2048,18313.0,1787760278.313
744,118.29,0.000591,0.00095272,2048,17313.38,1787760278.432
745,112.948,0.000558,0.0009525,2048,18132.21,1787760278.546
746,117.712,0.000637,0.00095228,2048,17398.44,1787760278.665
747,139.57,0.000522,0.00095206,2048,14673.62,1787760278.806
748,136.856,0.00064,0.00095184,2048,14964.61,1787760278.944
749,137.499,0.000604,0.00095162,2048,14894.64,1787760279.083
750,118.449,0.000591,0.0009514,2048,17290.17,1787760279.203
751,134.766,0.000672,0.00095118,2048,15196.68,1787760279.337
752,128.877,0.000615,0.00095095,2048,15891.07,1787760279.467
753,128.179,0.000719,0.00095073,2048,15977.68,1787760279.597
754,135.918,0.000692,0.00095051,2048,15067.9,1787760279.734
755,142.394,0.000605,0.00095028,2048,14382.6,1787760279.877
756,124.975,0.000725,0.00095006,2048,16387.33,1787760280.004
757,122.024,0.000743,0.00094983,2048,16783.61,1787760280.128
758,113.458,0.000548,0.00094961,2048,18050.78,1787760280.242
759,126.911,0.000587,0.00094938,2048,16137.25,1787760280.37
760,118.737,0.000575,0.00094915,2048,17248.15,1787760280.491
761,112.118,0.000527,0.00094893,2048,18266.44,1787760280.605
762,123.637,0.000512,0.0009487,2048,16564.65,1787760280.731
763,118.241,0.000579,0.00094847,2048,17320.56,1787760280.851
764,130.856,0.000715,0.00094824,2048,15650.8,1787760280.983
765,113.405,0.000773,0.00094802,2048,18059.12,1787760281.098
766,117.08,0.000776,0.00094779,2048,17492.34,1787760281.216
767,138.54,0.00058,0.00094756,2048,14782.76,1787760281.356
768,128.293,0.000738,0.00094733,2048,15963.48,1787760281.485
769,130.252,0.000601,0.0009471,2048,15723.38,1787760281.616
770,115.985,0.000584,0.00094686,2048,17657.39,1787760281.734
771,110.144,0.000628,0.00094663,2048,18593.77,1787760281.845
772,108.023,0.000588,0.0009464,2048,18958.86,1787760281.954
773,112.164,0.000617,0.00094617,2048,18258.93,1787760282.068
774,140.496,0.000674,0.00094594,2048,14576.9,1787760282.209
775,137.993,0.000558,0.0009457,2048,14841.32,1787760282.348
776,129.259,0.000548,0.00094547,2048,15844.13,1787760282.479
777,137.303,0.000718,0.00094523,2048,14915.88,1787760282.617
778,136.952,0.000817,0.000945,2048,14954.18,1787760282.756
779,165.006,0.000625,0.00094476,2048,12411.65,1787760282.922
780,142.426,0.000707,0.00094453,2048,14379.44,1787760283.066
781,148.845,0.000565,0.00094429,2048,13759.29,1787760283.215
782,118.76,0.00054,0.00094405,2048,17244.88,1787760283.335
783,132.274,0.000665,0.00094382,2048,15483.01,1787760283.469
784,128.626,0.000746,0.00094358,2048,15922.13,1787760283.599
785,148.402,0.000481,0.00094334,2048,13800.31,1787760283.749
786,127.315,0.000547,0.0009431,2048,16086.02,1787760283.877
787,129.457,0.000676,0.00094286,2048,15819.94,1787760284.008
788,126.587,0.000507,0.00094262,2048,16178.56,1787760284.135
789,113.206,0.000575,0.00094238,2048,18090.88,1787760284.25
790,112.983,0.000561,0.00094214,2048,18126.62,1787760284.364
791,116.629,0.000699,0.0009419,2048,17559.99,1787760284.481
792,129.87,0.000535,0.00094166,2048,15769.68,1787760284.612
793,132.873,0.000532,0.00094142,2048,15413.25,1787760284.747
794,122.443,0.000621,0.00094118,2048,16726.16,1787760284.872
795,117.441,0.000524,0.00094093,2048,17438.59,1787760284.991
796,111.308,0.000647,0.00094069,2048,18399.33,1787760285.104
797,118.432,0.000502,0.00094045,2048,17292.58,1787760285.224
798,106.005,0.000688,0.0009402,2048,19319.81,1787760285.331
799,119.892,0.000604,0.00093996,2048,17082.04,1787760285.451
800,116.903,0.00071,0.00093971,2048,17518.74,1787760285.57
801,110.952,0.000591,0.00093947,2048,18458.47,1787760285.683
802,111.426,0.000503,0.00093922,2048,18379.89,1787760285.794
803,119.577,0.000527,0.00093897,2048,17127.08,1787760285.915
804,122.464,0.00048,0.00093873,2048,16723.27,1787760286.04
805,125.478,0.000488,0.00093848,2048,16321.65,1787760286.166
806,118.452,0.000498,0.00093823,2048,17289.75,1787760286.287
807,124.048,0.000493,0.00093798,2048,16509.71,1787760286.412
808,114.464,0.000487,0.00093773,2048,17892.12,1787760286.528
809,131.259,0.000493,0.00093748,2048,15602.74,1787760286.66
810,124.161,0.000466,0.00093723,2048,16494.75,1787760286.785
811,126.637,0.000492,0.00093698,2048,16172.18,1787760286.913
812,121.502,0.000711,0.00093673,2048,16855.66,1787760287.036
813,126.365,0.00059,0.00093648,2048,16207.03,1787760287.164
814,123.412,0.000669,0.00093623,2048,16594.75,1787760287.288
815,115.553,0.000541,0.00093598,2048,17723.53,1787760287.405
816,124.14,0.000645,0.00093573,2048,16497.57,1787760287.531
817,105.691,0.000593,0.00093547,2048,19377.26,1787760287.637
818,109.689,0.000522,0.00093522,2048,18670.97,1787760287.748
819,104.346,0.000466,0.00093496,2048,19627.1,1787760287.854
820,98.29,0.000723,0.00093471,2048,20836.3,1787760287.953
821,110.347,0.000491,0.00093446,2048,18559.72,1787760288.064
822,121.367,0.000519,0.0009342,2048,16874.48,1787760288.187
823,119.115,0.000587,0.00093394,2048,17193.5,1787760288.307
824,133.088,0.000499,0.00093369,2048,15388.29,1787760288.441
825,131.31,0.000434,0.00093343,2048,15596.73,1787760288.575
826,130.6,0.000537,0.00093317,2048,15681.42,1787760288.706
827,120.233,0.000622,0.00093292,2048,17033.54,1787760288.828
828,110.16,0.000704,0.00093266,2048,18591.07,1787760288.939
829,124.024,0.000714,0.0009324,2048,16513.0,1787760289.064
830,129.964,0.000501,0.00093214,2048,15758.17,1787760289.195
831,120.226,0.001852,0.00093188,2048,17034.63,1787760289.316
832,117.317,0.000657,0.00093162,2048,17456.96,1787760289.434
833,112.549,0.000633,0.00093136,2048,18196.54,1787760289.548
834,124.726,0.001478,0.0009311,2048,16419.98,1787760289.674
835,123.32,0.000562,0.00093084,2048,16607.23,1787760289.799
836,117.94,0.000764,0.00093058,2048,17364.75,1787760289.919
837,136.386,0.001044,0.00093032,2048,15016.18,1787760290.056
838,104.517,0.000676,0.00093005,2048,19594.84,1787760290.161
839,122.421,0.000538,0.00092979,2048,16729.14,1787760290.284
840,130.047,0.000493,0.00092953,2048,15748.12,1787760290.416
841,141.691,0.000449,0.00092926,2048,14453.94,1787760290.559
842,132.006,0.000635,0.000929,2048,15514.43,1787760290.693
843,121.73,0.000671,0.00092873,2048,16824.08,1787760290.816
844,120.716,0.000483,0.00092847,2048,16965.41,1787760290.937
845,113.68,0.00055,0.0009282,2048,18015.42,1787760291.052
846,120.218,0.000487,0.00092794,2048,17035.78,1787760291.173
847,126.666,0.000477,0.00092767,2048,16168.52,1787760291.301
848,121.034,0.000506,0.0009274,2048,16920.81,1787760291.423
849,135.561,0.000517,0.00092713,2048,15107.53,1787760291.56
850,125.798,0.000497,0.00092687,2048,16280.08,1787760291.687
851,124.366,0.000483,0.0009266,2048,16467.46,1787760291.813
852,121.243,0.000667,0.00092633,2048,16891.7,1787760291.935
853,110.589,0.000467,0.00092606,2048,18518.95,1787760292.047
854,117.595,0.00055,0.00092579,2048,17415.74,1787760292.166
855,121.551,0.000698,0.00092552,2048,16848.91,1787760292.288
856,123.869,0.000537,0.00092525,2048,16533.58,1787760292.413
857,133.65,0.00048,0.00092498,2048,15323.61,1787760292.548
858,118.75,0.000577,0.00092471,2048,17246.3,1787760292.668
859,130.737,0.000572,0.00092443,2048,15665.07,1787760292.799
860,124.225,0.000463,0.00092416,2048,16486.21,1787760292.925
861,126.077,0.000535,0.00092389,2048,16244.03,1787760293.052
862,119.94,0.000479,0.00092362,2048,17075.28,1787760293.173
863,122.052,0.000497,0.00092334,2048,16779.76,1787760293.296
864,125.828,0.000419,0.00092307,2048,16276.15,1787760293.424
865,122.128,0.000491,0.00092279,2048,16769.32,1787760293.547
866,103.644,0.0005,0.00092252,2048,19759.99,1787760293.652
867,128.47,0.000535,0.00092224,2048,15941.48,1787760293.781
868,135.431,0.000472,0.00092197,2048,15122.08,1787760293.918
869,120.585,0.000462,0.00092169,2048,16983.86,1787760294.04
870,123.242,0.000775,0.00092141,2048,16617.74,1787760294.165
871,116.889,0.000507,0.00092113,2048,17520.97,1787760294.283
872,115.204,0.000586,0.00092086,2048,17777.15,1787760294.399
873,104.211,0.000771,0.00092058,2048,19652.42,1787760294.504
874,117.698,0.000418,0.0009203,2048,17400.52,1787760294.623
875,110.797,0.000634,0.00092002,2048,18484.32,1787760294.735
876,122.192,0.000559,0.00091974,2048,16760.47,1787760294.858
877,129.435,0.000626,0.00091946,2048,15822.67,1787760294.988
878,145.286,0.000489,0.00091918,2048,14096.33,1787760295.135
879,130.438,0.000577,0.0009189,2048,15700.93,1787760295.267
880,129.54,0.000747,0.00091862,2048,15809.8,1787760295.398
881,126.228,0.000692,0.00091834,2048,16224.62,1787760295.525
882,128.304,0.000556,0.00091805,2048,15962.11,1787760295.654
883,122.593,0.00074,0.00091777,2048,16705.74,1787760295.779
884,112.623,0.000493,0.00091749,2048,18184.51,1787760295.893
885,135.871,0.00047,0.00091721,2048,15073.17,1787760296.03
886,130.542,0.000562,0.00091692,2048,15688.4,1787760296.162
887,109.376,0.000541,0.00091664,2048,18724.45,1787760296.273
888,123.488,0.000632,0.00091635,2048,16584.67,1787760296.397
889,106.233,0.000546,0.00091607,2048,19278.45,1787760296.504
890,111.092,0.001105,0.00091578,2048,18435.24,1787760296.617
891,132.758,0.000762,0.00091549,2048,15426.58,1787760296.75
892,129.087,0.000882,0.00091521,2048,15865.23,1787760296.88
893,138.725,0.000883,0.00091492,2048,14763.01,1787760297.02
894,133.58,0.000759,0.00091463,2048,15331.6,1787760297.155
895,117.939,0.00075,0.00091435,2048,17364.98,1787760297.274
896,122.328,0.00073,0.00091406,2048,16741.86,1787760297.398
897,116.981,0.001017,0.00091377,2048,17507.15,1787760297.515
898,114.067,0.000693,0.00091348,2048,17954.36,1787760297.63
899,124.66,0.000599,0.00091319,2048,16428.66,1787760297.756
900,134.297,0.000472,0.0009129,2048,15249.8,1787760297.892
901,132.853,0.000483,0.00091261,2048,15415.55,1787760298.027
902,119.672,0.000496,0.00091232,2048,17113.39,1787760298.147
903,126.434,0.000704,0.00091203,2048,16198.19,1787760298.275
904,137.682,0.000587,0.00091174,2048,14874.89,1787760298.414
905,121.514,0.000598,0.00091144,2048,16854.07,1787760298.536
906,128.688,0.000633,0.00091115,2048,15914.42,1787760298.666
907,117.067,0.000473,0.00091086,2048,17494.26,1787760298.784
908,126.612,0.000821,0.00091056,2048,16175.43,1787760298.911
909,146.881,0.000528,0.00091027,2048,13943.3,1787760299.06
910,143.847,0.000401,0.00090998,2048,14237.38,1787760299.205
911,136.61,0.000471,0.00090968,2048,14991.57,1787760299.342
912,122.186,0.000463,0.00090939,2048,16761.37,1787760299.466
913,129.646,0.000559,0.00090909,2048,15796.89,1787760299.597
914,131.358,0.000423,0.00090879,2048,15590.93,1787760299.73
915,119.619,0.000554,0.0009085,2048,17121.1,1787760299.851
916,117.31,0.0005,0.0009082,2048,17458.02,1787760299.969
917,117.098,0.000578,0.0009079,2048,17489.68,1787760300.088
918,132.676,0.000449,0.00090761,2048,15436.09,1787760300.222
919,124.141,0.000578,0.00090731,2048,16497.3,1787760300.348
920,135.452,0.000494,0.00090701,2048,15119.75,1787760300.484
921,127.878,0.000504,0.00090671,2048,16015.31,1787760300.613
922,114.858,0.00046,0.00090641,2048,17830.71,1787760300.73
923,132.858,0.000374,0.00090611,2048,15414.99,1787760300.863
924,129.092,0.000516,0.00090581,2048,15864.61,1787760300.994
925,129.351,0.00046,0.00090551,2048,15832.89,1787760301.125
926,123.263,0.000364,0.00090521,2048,16614.83,1787760301.249
927,124.706,0.000511,0.00090491,2048,16422.57,1787760301.374
928,110.83,0.000424,0.0009046,2048,18478.78,1787760301.487
929,124.787,0.000427,0.0009043,2048,16411.91,1787760301.612
930,128.655,0.000565,0.000904,2048,15918.49,1787760301.742
931,127.128,0.000565,0.0009037,2048,16109.75,1787760301.87
932,114.129,0.000567,0.00090339,2048,17944.64,1787760301.985
933,112.782,0.000495,0.00090309,2048,18158.99,1787760302.099
934,105.651,0.000425,0.00090278,2048,19384.63,1787760302.206
935,116.123,0.000713,0.00090248,2048,17636.47,1787760302.323
936,125.393,0.000398,0.00090217,2048,16332.7,1787760302.449
937,143.991,0.000459,0.00090187,2048,14223.09,1787760302.595
938,127.068,0.001476,0.00090156,2048,16117.3,1787760302.723
939,141.825,0.000384,0.00090126,2048,14440.37,1787760302.866
940,147.371,0.000824,0.00090095,2048,13896.9,1787760303.015
941,165.022,0.001089,0.00090064,2048,12410.47,1787760303.182
942,136.282,0.000401,0.00090033,2048,15027.63,1787760303.319
943,133.362,0.000781,0.00090002,2048,15356.71,1787760303.454
944,128.571,0.001414,0.00089972,2048,15928.95,1787760303.583
945,124.419,0.000461,0.00089941,2048,16460.46,1787760303.708
946,121.03,0.001323,0.0008991,2048,16921.42,1787760303.831
947,135.246,0.000652,0.00089879,2048,15142.79,1787760303.966
948,149.298,0.000445,0.00089848,2048,13717.52,1787760304.118
949,122.655,0.000743,0.00089817,2048,16697.27,1787760304.241
950,131.072,0.00036,0.00089785,2048,15625.05,1787760304.374
951,168.402,0.000531,0.00089754,2048,12161.36,1787760304.543
952,200.961,0.000484,0.00089723,2048,10191.04,1787760304.746
953,184.004,0.00053,0.00089692,2048,11130.2,1787760304.931
954,156.253,0.000771,0.00089661,2048,13106.96,1787760305.088
955,157.797,0.000619,0.00089629,2048,12978.7,1787760305.249
956,142.211,0.000446,0.00089598,2048,14401.11,1787760305.393
957,155.709,0.000531,0.00089566,2048,13152.74,1787760305.549
958,136.43,0.000734,0.00089535,2048,15011.35,1787760305.687
959,129.845,0.000447,0.00089504,2048,15772.62,1787760305.818
960,144.484,0.000546,0.00089472,2048,14174.58,1787760305.964
961,137.526,0.000428,0.0008944,2048,14891.78,1787760306.102
962,138.604,0.000377,0.00089409,2048,14775.9,1787760306.243
963,118.245,0.000417,0.00089377,2048,17319.97,1787760306.362
964,119.736,0.000388,0.00089345,2048,17104.35,1787760306.483
965,147.669,0.000399,0.00089314,2048,13868.87,1787760306.631
966,140.346,0.000479,0.00089282,2048,14592.54,1787760306.773
967,139.086,0.000606,0.0008925,2048,14724.72,1787760306.913
968,146.103,0.000396,0.00089218,2048,14017.48,1787760307.06
969,142.327,0.000391,0.00089186,2048,14389.38,1787760307.205
970,153.469,0.000519,0.00089154,2048,13344.72,1787760307.359
971,163.347,0.000838,0.00089122,2048,12537.71,1787760307.525
972,155.782,0.000513,0.0008909,2048,13146.62,1787760307.682
973,154.344,0.000385,0.00089058,2048,13269.02,1787760307.838
974,175.836,0.00058,0.00089026,2048,11647.18,1787760308.015
975,174.04,0.000675,0.00088994,2048,11767.4,1787760308.191
976,185.577,0.000565,0.00088962,2048,11035.86,1787760308.378
977,200.064,0.000363,0.0008893,2048,10236.74,1787760308.579
978,192.247,0.000601,0.00088897,2048,10652.97,1787760308.773
979,198.265,0.000664,0.00088865,2048,10329.6,1787760308.974
980,193.796,0.000401,0.00088833,2048,10567.79,1787760309.169
981,195.73,0.000364,0.000888,2048,10463.38,1787760309.366
982,195.274,0.00063,0.00088768,2048,10487.84,1787760309.563
983,175.216,0.000408,0.00088736,2048,11688.42,1787760309.739
984,158.344,0.000464,0.00088703,2048,12933.83,1787760309.9
985,157.603,0.000422,0.0008867,2048,12994.72,1787760310.059
986,150.455,0.000405,0.00088638,2048,13612.03,1787760310.21
987,138.2,0.000457,0.00088605,2048,14819.09,1787760310.35
988,136.722,0.00033,0.00088573,2048,14979.3,1787760310.488
989,170.867,0.000351,0.0008854,2048,11985.9,1787760310.66
990,141.57,0.000572,0.00088507,2048,14466.33,1787760310.803
991,151.353,0.000434,0.00088474,2048,13531.26,1787760310.956
992,148.798,0.000356,0.00088442,2048,13763.62,1787760311.106
993,168.506,0.000588,0.00088409,2048,12153.85,1787760311.276
994,163.245,0.000415,0.00088376,2048,12545.54,1787760311.441
995,153.249,0.000361,0.00088343,2048,13363.91,1787760311.595
996,161.081,0.000362,0.0008831,2048,12714.12,1787760311.758
997,144.592,0.000742,0.00088277,2048,14164.01,1787760311.904
998,167.866,0.000551,0.00088244,2048,12200.19,1787760312.073
999,191.022,0.000917,0.00088211,2048,10721.3,1787760312.267
1000,182.195,0.000547,0.00088177,2048,11240.7,1787760312.45
1001,176.791,0.00042,0.00088144,2048,11584.29,1787760312.629
1002,174.988,0.000846,0.00088111,2048,11703.64,1787760312.806
1003,172.929,0.00039,0.00088078,2048,11843.0,1787760312.98
1004,174.642,0.000547,0.00088045,2048,11726.82,1787760313.157
1005,175.137,0.000607,0.00088011,2048,11693.73,1787760313.333
1006,169.297,0.000485,0.00087978,2048,12097.11,1787760313.503
1007,168.533,0.000349,0.00087944,2048,12151.91,1787760313.674
1008,170.207,0.000352,0.00087911,2048,12032.44,1787760313.845
1009,156.324,0.000417,0.00087877,2048,13101.03,1787760314.004
1010,153.231,0.000393,0.00087844,2048,13365.42,1787760314.158
1011,155.974,0.000347,0.0008781,2048,13130.41,1787760314.316
1012,161.249,0.000358,0.00087777,2048,12700.86,1787760314.478
1013,144.765,0.000375,0.00087743,2048,14147.08,1787760314.624
1014,144.51,0.000317,0.00087709,2048,14172.07,1787760314.77
1015,128.147,0.000341,0.00087676,2048,15981.71,1787760314.899
1016,134.471,0.00052,0.00087642,2048,15230.0,1787760315.035
1017,160.549,0.000411,0.00087608,2048,12756.21,1787760315.197
1018,145.344,0.000466,0.00087574,2048,14090.73,1787760315.343
1019,147.531,0.000414,0.0008754,2048,13881.87,1787760315.492
1020,152.598,0.000311,0.00087506,2048,13420.86,1787760315.647
1021,158.223,0.000439,0.00087472,2048,12943.76,1787760315.806
1022,160.161,0.000487,0.00087438,2048,12787.09,1787760315.968
1023,143.791,0.000343,0.00087404,2048,14242.91,1787760316.113
1024,156.311,0.000321,0.0008737,2048,13102.07,1787760316.27
1025,187.558,0.000386,0.00087336,2048,10919.31,1787760316.46
1026,149.89,0.000435,0.00087302,2048,13663.37,1787760316.611
1027,196.111,0.000287,0.00087268,2048,10443.07,1787760316.809
1028,217.015,0.000351,0.00087234,2048,9437.13,1787760317.028
1029,205.969,0.000409,0.00087199,2048,9943.22,1787760317.236
1030,179.375,0.000359,0.00087165,2048,11417.4,1787760317.417
1031,198.056,0.00047,0.00087131,2048,10340.5,1787760317.617
1032,174.708,0.000321,0.00087096,2048,11722.44,1787760317.793
1033,190.376,0.000426,0.00087062,2048,10757.64,1787760317.985
1034,179.104,0.000439,0.00087027,2048,11434.72,1787760318.165
1035,170.242,0.000357,0.00086993,2048,12029.93,1787760318.337
1036,153.752,0.000358,0.00086958,2048,13320.19,1787760318.491
1037,157.724,0.000326,0.00086924,2048,12984.67,1787760318.651
1038,148.183,0.000325,0.00086889,2048,13820.72,1787760318.8
1039,168.725,0.000407,0.00086854,2048,12138.11,1787760318.97
1040,144.406,0.000341,0.0008682,2048,14182.22,1787760319.116
1041,131.175,0.000321,0.00086785,2048,15612.72,1787760319.249
1042,123.123,0.000315,0.0008675,2048,16633.79,1787760319.373
1043,133.6,0.000325,0.00086716,2048,15329.28,1787760319.508
1044,137.809,0.000355,0.00086681,2048,14861.14,1787760319.647
1045,149.68,0.00048,0.00086646,2048,13682.49,1787760319.798
1046,144.598,0.000352,0.00086611,2048,14163.39,1787760319.945
1047,149.184,0.000524,0.00086576,2048,13728.0,1787760320.096
1048,130.22,0.000468,0.00086541,2048,15727.22,1787760320.228
1049,126.713,0.000468,0.00086506,2048,16162.5,1787760320.355
1050,128.309,0.00044,0.00086471,2048,15961.51,1787760320.485
1051,145.423,0.000376,0.00086436,2048,14083.1,1787760320.632
1052,132.564,0.000498,0.00086401,2048,15449.13,1787760320.766
1053,143.192,0.000287,0.00086365,2048,14302.46,1787760320.91
1054,124.543,0.000308,0.0008633,2048,16444.17,1787760321.036
1055,128.998,0.000294,0.00086295,2048,15876.18,1787760321.166
1056,133.248,0.000343,0.0008626,2048,15369.87,1787760321.301
1057,153.01,0.000325,0.00086224,2048,13384.72,1787760321.455
1058,142.604,0.000317,0.00086189,2048,14361.43,1787760321.599
1059,139.041,0.000409,0.00086154,2048,14729.49,1787760321.739
1060,122.951,0.000343,0.00086118,2048,16657.06,1787760321.864
1061,132.065,0.000265,0.00086083,2048,15507.5,1787760321.997
1062,151.568,0.000402,0.00086047,2048,13512.07,1787760322.149
1063,144.743,0.000335,0.00086012,2048,14149.24,1787760322.296
1064,141.807,0.000374,0.00085976,2048,14442.14,1787760322.439
1065,158.473,0.000332,0.0008594,2048,12923.31,1787760322.6
1066,155.04,0.000383,0.00085905,2048,13209.53,1787760322.756
1067,166.613,0.00036,0.00085869,2048,12291.94,1787760322.924
1068,125.518,0.000387,0.00085833,2048,16316.38,1787760323.052
1069,136.982,0.000288,0.00085797,2048,14950.83,1787760323.19
1070,123.661,0.000354,0.00085762,2048,16561.46,1787760323.314
1071,120.826,0.000374,0.00085726,2048,16949.94,1787760323.437
1072,115.609,0.000296,0.0008569,2048,17714.84,1787760323.554
1073,121.295,0.00033,0.00085654,2048,16884.44,1787760323.676
1074,133.117,0.000402,0.00085618,2048,15384.95,1787760323.81
1075,126.831,0.000355,0.00085582,2048,16147.46,1787760323.938
1076,115.038,0.000273,0.00085546,2048,17802.77,1787760324.055
1077,119.626,0.000374,0.0008551,2048,17120.02,1787760324.176
1078,140.221,0.000326,0.00085474,2048,14605.48,1787760324.317
1079,138.83,0.000299,0.00085438,2048,14751.83,1787760324.457
1080,142.126,0.000305,0.00085402,2048,14409.76,1787760324.6
1081,142.632,0.000391,0.00085365,2048,14358.59,1787760324.745
1082,133.495,0.000298,0.00085329,2048,15341.4,1787760324.879
1083,124.613,0.000457,0.00085293,2048,16434.94,1787760325.004
1084,119.774,0.0005,0.00085257,2048,17098.9,1787760325.126
1085,127.889,0.000302,0.0008522,2048,16013.87,1787760325.255
1086,124.381,0.000399,0.00085184,2048,16465.51,1787760325.381
1087,130.562,0.000377,0.00085147,2048,15686.08,1787760325.513
1088,135.84,0.000407,0.00085111,2048,15076.57,1787760325.65
1089,129.221,0.000462,0.00085074,2048,15848.83,1787760325.78
1090,121.289,0.000279,0.00085038,2048,16885.35,1787760325.904
1091,113.539,0.000521,0.00085001,2048,18037.78,1787760326.018
1092,105.912,0.000445,0.00084965,2048,19336.84,1787760326.125
1093,122.204,0.000451,0.00084928,2048,16758.82,1787760326.248
1094,142.405,0.000632,0.00084891,2048,14381.57,1787760326.392
1095,137.227,0.000538,0.00084855,2048,14924.14,1787760326.53
1096,121.331,0.000402,0.00084818,2048,16879.42,1787760326.653
1097,124.63,0.000453,0.00084781,2048,16432.65,1787760326.778
1098,128.699,0.000368,0.00084744,2048,15913.11,1787760326.908
1099,124.822,0.000366,0.00084707,2048,16407.34,1787760327.035
1100,128.008,0.0004,0.00084671,2048,15999.01,1787760327.164
1101,142.541,0.000682,0.00084634,2048,14367.78,1787760327.308
1102,138.27,0.000505,0.00084597,2048,14811.58,1787760327.447
1103,134.079,0.000523,0.0008456,2048,15274.55,1787760327.583
1104,124.875,0.000526,0.00084523,2048,16400.36,1787760327.709
1105,123.7,0.00061,0.00084486,2048,16556.17,1787760327.834
1106,121.466,0.000412,0.00084448,2048,16860.67,1787760327.956
1107,137.132,0.000306,0.00084411,2048,14934.54,1787760328.094
1108,142.025,0.000572,0.00084374,2048,14420.0,1787760328.238
1109,126.833,0.000384,0.00084337,2048,16147.2,1787760328.365
1110,144.601,0.000478,0.000843,2048,14163.13,1787760328.512
1111,173.966,0.000476,0.00084262,2048,11772.44,1787760328.687
1112,155.017,0.000422,0.00084225,2048,13211.48,1787760328.844
1113,153.29,0.000491,0.00084188,2048,13360.28,1787760328.999
1114,132.574,0.000556,0.0008415,2048,15447.94,1787760329.133
1115,132.612,0.000489,0.00084113,2048,15443.55,1787760329.266
1116,114.923,0.000302,0.00084076,2048,17820.55,1787760329.382
1117,125.427,0.000674,0.00084038,2048,16328.25,1787760329.509
1118,133.75,0.000502,0.00084001,2048,15312.09,1787760329.645
1119,131.866,0.000406,0.00083963,2048,15530.95,1787760329.777
1120,144.914,0.000593,0.00083925,2048,14132.5,1787760329.924
1121,122.06,0.000389,0.00083888,2048,16778.67,1787760330.046
1122,111.668,0.000522,0.0008385,2048,18340.13,1787760330.159
1123,122.506,0.000566,0.00083812,2048,16717.52,1787760330.283
1124,128.413,0.000377,0.00083775,2048,15948.49,1787760330.413
1125,125.362,0.00075,0.00083737,2048,16336.64,1787760330.539
1126,114.585,0.000296,0.00083699,2048,17873.12,1787760330.655
1127,124.515,0.000539,0.00083661,2048,16447.86,1787760330.78
1128,142.861,0.000575,0.00083624,2048,14335.65,1787760330.924
1129,138.395,0.000502,0.00083586,2048,14798.19,1787760331.063
1130,141.546,0.000487,0.00083548,2048,14468.77,1787760331.207
1131,130.238,0.000729,0.0008351,2048,15725.06,1787760331.339
1132,123.787,0.001099,0.00083472,2048,16544.53,1787760331.463
1133,134.571,0.000489,0.00083434,2048,15218.71,1787760331.598
1134,131.564,0.000948,0.00083396,2048,15566.59,1787760331.731
1135,121.33,0.001471,0.00083358,2048,16879.61,1787760331.854
1136,119.788,0.001811,0.00083319,2048,17096.94,1787760331.976
1137,128.741,0.000925,0.00083281,2048,15907.96,1787760332.105
1138,133.602,0.00061,0.00083243,2048,15329.12,1787760332.24
1139,123.846,0.001191,0.00083205,2048,16536.65,1787760332.366
1140,138.202,0.000844,0.00083167,2048,14818.86,1787760332.505
1141,127.847,0.000339,0.00083128,2048,16019.1,1787760332.634
1142,115.536,0.00094,0.0008309,2048,17726.12,1787760332.751
1143,114.197,0.000775,0.00083052,2048,17933.92,1787760332.866
1144,123.748,0.000347,0.00083013,2048,16549.78,1787760332.991
1145,109.929,0.000707,0.00082975,2048,18630.17,1787760333.102
1146,137.365,0.000937,0.00082936,2048,14909.23,1787760333.241
1147,143.482,0.000364,0.00082898,2048,14273.57,1787760333.386
1148,136.608,0.000595,0.00082859,2048,14991.83,1787760333.524
1149,126.03,0.000804,0.00082821,2048,16250.06,1787760333.651
1150,124.938,0.000509,0.00082782,2048,16392.1,1787760333.777
1151,151.169,0.000546,0.00082743,2048,13547.79,1787760333.93
1152,152.057,0.000926,0.00082705,2048,13468.62,1787760334.083
1153,141.059,0.00041,0.00082666,2048,14518.78,1787760334.226
1154,130.864,0.000465,0.00082627,2048,15649.85,1787760334.358
1155,130.38,0.000443,0.00082589,2048,15707.87,1787760334.489
1156,124.4,0.000524,0.0008255,2048,16463.04,1787760334.615
1157,121.618,0.000475,0.00082511,2048,16839.57,1787760334.738
1158,141.484,0.000509,0.00082472,2048,14475.1,1787760334.88
1159,135.099,0.000595,0.00082433,2048,15159.22,1787760335.017
1160,121.936,0.00037,0.00082394,2048,16795.64,1787760335.14
1161,124.932,0.000355,0.00082355,2048,16392.87,1787760335.267
1162,116.383,0.000716,0.00082316,2048,17597.12,1787760335.385
1163,116.277,0.0004,0.00082277,2048,17613.08,1787760335.502
1164,113.865,0.000339,0.00082238,2048,17986.13,1787760335.618
1165,132.448,0.000659,0.00082199,2048,15462.72,1787760335.752
1166,146.223,0.000498,0.0008216,2048,14005.96,1787760335.899
1167,129.412,0.000403,0.00082121,2048,15825.44,1787760336.03
1168,123.937,0.0005,0.00082082,2048,16524.55,1787760336.154
1169,118.651,0.00052,0.00082042,2048,17260.69,1787760336.274
1170,137.033,0.000471,0.00082003,2048,14945.34,1787760336.413
1171,135.137,0.000469,0.00081964,2048,15155.01,1787760336.55
1172,136.981,0.000452,0.00081925,2048,14950.93,1787760336.688
1173,134.27,0.000524,0.00081885,2048,15252.87,1787760336.824
1174,118.458,0.00057,0.00081846,2048,17288.86,1787760336.943
1175,114.758,0.000592,0.00081806,2048,17846.2,1787760337.059
1176,129.411,0.000473,0.00081767,2048,15825.55,1787760337.189
1177,122.418,0.000417,0.00081728,2048,16729.54,1787760337.313
1178,139.288,0.000689,0.00081688,2048,14703.33,1787760337.454
1179,126.381,0.000368,0.00081649,2048,16205.03,1787760337.581
1180,129.201,0.00036,0.00081609,2048,15851.22,1787760337.712
1181,123.577,0.000436,0.00081569,2048,16572.62,1787760337.837
1182,128.443,0.000541,0.0008153,2048,15944.77,1787760337.967
1183,106.755,0.000406,0.0008149,2048,19184.15,1787760338.075
1184,117.131,0.000925,0.0008145,2048,17484.74,1787760338.194
1185,116.259,0.000688,0.00081411,2048,17615.9,1787760338.311
1186,123.886,0.000473,0.00081371,2048,16531.29,1787760338.436
1187,151.353,0.00178,0.00081331,2048,13531.32,1787760338.588
1188,133.273,0.000684,0.00081291,2048,15366.92,1787760338.723
1189,146.699,0.000902,0.00081251,2048,13960.59,1787760338.871
1190,116.703,0.000736,0.00081211,2048,17548.88,1787760338.989
1191,123.12,0.000566,0.00081172,2048,16634.12,1787760339.114
1192,136.987,0.003608,0.00081132,2048,14950.31,1787760339.251
1193,129.581,0.001509,0.00081092,2048,15804.8,1787760339.384
1194,123.394,0.000989,0.00081052,2048,16597.21,1787760339.508
1195,121.732,0.001874,0.00081012,2048,16823.88,1787760339.631
1196,120.387,0.002355,0.00080972,2048,17011.87,1787760339.753
1197,153.505,0.003797,0.00080931,2048,13341.55,1787760339.908
1198,146.399,0.000627,0.00080891,2048,13989.13,1787760340.056
1199,133.497,0.001754,0.00080851,2048,15341.21,1787760340.19
1200,132.491,0.001979,0.00080811,2048,15457.61,1787760340.324
1201,112.631,0.000864,0.00080771,2048,18183.24,1787760340.438
1202,127.095,0.00433,0.0008073,2048,16113.89,1787760340.566
1203,136.415,0.002777,0.0008069,2048,15012.98,1787760340.703
1204,162.767,0.002108,0.0008065,2048,12582.37,1787760340.867
1205,161.596,0.002024,0.0008061,2048,12673.57,1787760341.031
1206,145.516,0.002153,0.00080569,2048,14074.01,1787760341.178
1207,142.13,0.00221,0.00080529,2048,14409.36,1787760341.322
1208,140.665,0.001137,0.00080488,2048,14559.41,1787760341.464
1209,157.877,0.00103,0.00080448,2048,12972.12,1787760341.623
1210,131.43,0.002288,0.00080407,2048,15582.4,1787760341.755
1211,123.927,0.002505,0.00080367,2048,16525.82,1787760341.881
1212,125.68,0.000964,0.00080326,2048,16295.37,1787760342.007
1213,115.921,0.003018,0.00080286,2048,17667.16,1787760342.124
1214,113.066,0.001606,0.00080245,2048,18113.33,1787760342.238
1215,117.551,0.000731,0.00080204,2048,17422.25,1787760342.357
1216,124.291,0.001899,0.00080164,2048,16477.45,1787760342.482
1217,136.382,0.003027,0.00080123,2048,15016.64,1787760342.62
1218,147.581,0.001395,0.00080082,2048,13877.09,1787760342.768
1219,162.127,0.001141,0.00080041,2048,12632.08,1787760342.932
1220,163.162,0.000723,0.00080001,2048,12551.97,1787760343.096
1221,168.234,0.00425,0.0007996,2048,12173.51,1787760343.266
1222,163.611,0.001921,0.00079919,2048,12517.47,1787760343.431
1223,145.87,0.002303,0.00079878,2048,14039.93,1787760343.579
1224,143.049,0.002243,0.00079837,2048,14316.75,1787760343.724
1225,131.373,0.00215,0.00079796,2048,15589.15,1787760343.856
1226,127.776,0.001969,0.00079755,2048,16027.99,1787760343.986
1227,150.12,0.001402,0.00079714,2048,13642.43,1787760344.137
1228,122.436,0.002411,0.00079673,2048,16727.08,1787760344.26
1229,137.846,0.001152,0.00079632,2048,14857.19,1787760344.399
1230,137.027,0.001992,0.00079591,2048,14945.95,1787760344.537
1231,144.631,0.001382,0.0007955,2048,14160.17,1787760344.683
1232,141.57,0.001619,0.00079509,2048,14466.34,1787760344.826
1233,128.993,0.002513,0.00079468,2048,15876.82,1787760344.957
1234,112.328,0.000938,0.00079426,2048,18232.37,1787760345.071
1235,131.392,0.001184,0.00079385,2048,15586.93,1787760345.204
1236,134.894,0.001698,0.00079344,2048,15182.31,1787760345.34
1237,118.497,0.000922,0.00079303,2048,17283.18,1787760345.461
1238,134.178,0.000816,0.00079261,2048,15263.33,1787760345.596
1239,143.837,0.001107,0.0007922,2048,14238.31,1787760345.741
1240,137.614,0.001203,0.00079178,2048,14882.23,1787760345.88
1241,117.205,0.000934,0.00079137,2048,17473.6,1787760345.999
1242,117.866,0.00086,0.00079096,2048,17375.74,1787760346.117
1243,126.061,0.000692,0.00079054,2048,16246.17,1787760346.245
1244,127.796,0.00066,0.00079013,2048,16025.58,1787760346.374
1245,130.384,0.000772,0.00078971,2048,15707.46,1787760346.505
1246,123.698,0.000688,0.0007893,2048,16556.48,1787760346.631
1247,124.29,0.000745,0.00078888,2048,16477.61,1787760346.756
1248,116.093,0.000462,0.00078846,2048,17641.07,1787760346.873
1249,114.152,0.000472,0.00078805,2048,17941.01,1787760346.989
1250,120.058,0.000388,0.00078763,2048,17058.36,1787760347.111
1251,124.47,0.000838,0.00078721,2048,16453.7,1787760347.236
1252,129.687,0.000453,0.0007868,2048,15791.88,1787760347.367
1253,123.258,0.000588,0.00078638,2048,16615.62,1787760347.491
1254,131.754,0.000504,0.00078596,2048,15544.14,1787760347.624
1255,123.123,0.000722,0.00078554,2048,16633.76,1787760347.748
1256,123.148,0.000751,0.00078512,2048,16630.33,1787760347.872
1257,116.061,0.000593,0.00078471,2048,17645.92,1787760347.99
1258,117.456,0.00094,0.00078429,2048,17436.36,1787760348.109
1259,119.523,0.000513,0.00078387,2048,17134.79,1787760348.23
1260,129.722,0.180836,0.00078345,2048,15787.61,1787760348.36
1261,130.327,0.000795,0.00078303,2048,15714.37,1787760348.493
1262,129.559,0.00074,0.00078261,2048,15807.46,1787760348.623
1263,123.498,0.00257,0.00078219,2048,16583.25,1787760348.748
1264,120.289,0.001912,0.00078177,2048,17025.59,1787760348.87
1265,117.59,0.001528,0.00078135,2048,17416.49,1787760348.989
1266,118.645,0.000759,0.00078093,2048,17261.56,1787760349.109
1267,123.448,0.000863,0.0007805,2048,16589.94,1787760349.233
1268,116.639,0.001403,0.00078008,2048,17558.4,1787760349.351
1269,150.394,0.002121,0.00077966,2048,13617.56,1787760349.504
1270,116.106,0.001754,0.00077924,2048,17639.05,1787760349.62
1271,119.982,0.003306,0.00077882,2048,17069.24,1787760349.741
1272,134.492,0.001999,0.00077839,2048,15227.67,1787760349.877
1273,143.465,0.001993,0.00077797,2048,14275.21,1787760350.022
1274,151.098,0.001523,0.00077755,2048,13554.09,1787760350.174
1275,152.371,0.00556,0.00077712,2048,13440.9,1787760350.328
1276,140.574,0.001643,0.0007767,2048,14568.79,1787760350.47
1277,147.461,0.160895,0.00077627,2048,13888.4,1787760350.619
1278,163.012,0.010628,0.00077585,2048,12563.45,1787760350.782
1279,156.676,0.007042,0.00077542,2048,13071.53,1787760350.942
1280,158.004,0.001845,0.000775,2048,12961.68,1787760351.101
1281,159.279,0.009162,0.00077457,2048,12857.94,1787760351.261
1282,157.723,0.007431,0.00077415,2048,12984.81,1787760351.421
1283,147.736,4.563395,0.00077372,2048,13862.59,1787760351.57
1284,178.717,0.003567,0.0007733,2048,11459.43,1787760351.751
1285,176.217,0.002663,0.00077287,2048,11622.04,1787760351.928
1286,171.392,0.00515,0.00077244,2048,11949.22,1787760352.101
1287,176.942,0.787129,0.00077202,2048,11574.4,1787760352.279
1288,179.885,0.00485,0.00077159,2048,11385.05,1787760352.461
1289,253.12,0.003049,0.00077116,2048,8091.03,1787760352.716
1290,211.705,0.081882,0.00077074,2048,9673.85,1787760352.929
1291,173.5,0.004767,0.00077031,2048,11804.05,1787760353.104
1292,202.829,0.007282,0.00076988,2048,10097.2,1787760353.309
1293,185.145,0.002665,0.00076945,2048,11061.6,1787760353.496
1294,182.97,0.015168,0.00076902,2048,11193.1,1787760353.68
1295,199.371,1.19239,0.00076859,2048,10272.29,1787760353.882
1296,204.469,0.065353,0.00076816,2048,10016.17,1787760354.088
1297,175.318,7.759264,0.00076773,2048,11681.6,1787760354.265
1298,168.728,6.526154,0.00076731,2048,12137.86,1787760354.436
1299,181.929,2.782062,0.00076688,2048,11257.13,1787760354.62
1300,179.447,0.249077,0.00076644,2048,11412.83,1787760354.8
1301,177.904,2.440209,0.00076601,2048,11511.81,1787760354.98
1302,192.961,6.274935,0.00076558,2048,10613.57,1787760355.173
1303,211.43,5.011073,0.00076515,2048,9686.41,1787760355.387
1304,171.031,4.884111,0.00076472,2048,11974.42,1787760355.559
1305,172.501,5.645127,0.00076429,2048,11872.38,1787760355.734
1306,165.324,3.038863,0.00076386,2048,12387.8,1787760355.9
1307,174.253,3.315147,0.00076343,2048,11753.0,1787760356.076
1308,188.765,5.008917,0.00076299,2048,10849.45,1787760356.266
1309,194.258,6.180144,0.00076256,2048,10542.66,1787760356.461
1310,176.409,6.593813,0.00076213,2048,11609.35,1787760356.64
1311,174.814,9.363337,0.0007617,2048,11715.3,1787760356.817
1312,160.709,3.923614,0.00076126,2048,12743.55,1787760356.978
1313,203.445,3.391269,0.00076083,2048,10066.59,1787760357.182
1314,167.471,1.426196,0.00076039,2048,12229.0,1787760357.351
1315,170.445,1.169532,0.00075996,2048,12015.61,1787760357.525
1316,171.545,0.79236,0.00075953,2048,11938.54,1787760357.697
1317,261.07,1.073767,0.00075909,2048,7844.63,1787760357.96
1318,219.983,0.922894,0.00075866,2048,9309.8,1787760358.182
1319,184.701,0.639142,0.00075822,2048,11088.19,1787760358.368
1320,189.197,0.612403,0.00075779,2048,10824.68,1787760358.559
1321,172.556,0.446278,0.00075735,2048,11868.61,1787760358.733
1322,186.735,0.471214,0.00075692,2048,10967.38,1787760358.921
1323,221.893,0.339314,0.00075648,2048,9229.67,1787760359.144
1324,201.469,0.97455,0.00075604,2048,10165.32,1787760359.348
1325,205.141,0.321358,0.00075561,2048,9983.35,1787760359.554
1326,181.884,0.309398,0.00075517,2048,11259.91,1787760359.738
1327,184.004,0.762922,0.00075473,2048,11130.2,1787760359.924
1328,185.543,0.798306,0.0007543,2048,11037.85,1787760360.11
1329,195.206,0.51776,0.00075386,2048,10491.46,1787760360.307
1330,170.488,0.390814,0.00075342,2048,12012.55,1787760360.479
1331,160.863,0.364804,0.00075298,2048,12731.33,1787760360.642
1332,156.036,0.658074,0.00075254,2048,13125.14,1787760360.799
1333,149.764,0.320249,0.00075211,2048,13674.88,1787760360.95
1334,159.054,0.249868,0.00075167,2048,12876.16,1787760361.111
1335,202.653,0.251832,0.00075123,2048,10105.93,1787760361.315
1336,204.64,0.22611,0.00075079,2048,10007.8,1787760361.521
1337,202.337,0.258214,0.00075035,2048,10121.75,1787760361.726
1338,156.996,0.314831,0.00074991,2048,13044.89,1787760361.884
1339,183.154,0.256601,0.00074947,2048,11181.86,1787760362.069
1340,198.329,1.009655,0.00074903,2048,10326.28,1787760362.268
1341,187.864,0.194721,0.00074859,2048,10901.51,1787760362.458
1342,173.649,0.205323,0.00074815,2048,11793.94,1787760362.633
1343,150.887,0.187208,0.00074771,2048,13573.08,1787760362.785
1344,148.213,0.230751,0.00074727,2048,13817.93,1787760362.934
1345,149.732,0.240568,0.00074683,2048,13677.74,1787760363.086
1346,145.19,0.240948,0.00074638,2048,14105.65,1787760363.233
1347,147.056,0.17214,0.00074594,2048,13926.64,1787760363.382
1348,158.998,0.146941,0.0007455,2048,12880.63,1787760363.542
1349,153.754,0.169025,0.00074506,2048,13320.01,1787760363.698
1350,176.812,1.191667,0.00074462,2048,11582.9,1787760363.876
1351,170.195,0.488213,0.00074417,2048,12033.23,1787760364.048
1352,189.274,1.620171,0.00074373,2048,10820.28,1787760364.239
1353,151.909,0.188898,0.00074329,2048,13481.8,1787760364.393
1354,162.759,0.151385,0.00074284,2048,12583.05,1787760364.557
1355,153.823,0.132775,0.0007424,2048,13313.97,1787760364.711
1356,145.828,0.922838,0.00074196,2048,14043.99,1787760364.859
1357,176.506,0.134621,0.00074151,2048,11603.0,1787760365.036
1358,186.904,0.089853,0.00074107,2048,10957.52,1787760365.225
1359,197.44,0.102732,0.00074062,2048,10372.77,1787760365.424
1360,156.305,1.188158,0.00074018,2048,13102.55,1787760365.582
1361,178.289,0.118188,0.00073973,2048,11486.94,1787760365.762
1362,167.255,0.085674,0.00073929,2048,12244.78,1787760365.932
1363,188.729,0.088087,0.00073884,2048,10851.53,1787760366.123
1364,181.247,1.506889,0.0007384,2048,11299.48,1787760366.306
1365,201.659,0.07153,0.00073795,2048,10155.78,1787760366.509
1366,177.25,0.094643,0.0007375,2048,11554.33,1787760366.688
1367,199.57,0.088933,0.00073706,2048,10262.08,1787760366.889
1368,204.71,0.625241,0.00073661,2048,10004.39,1787760367.095
1369,166.337,0.086168,0.00073617,2048,12312.38,1787760367.263
1370,152.647,0.570588,0.00073572,2048,13416.61,1787760367.417
1371,153.175,0.073092,0.00073527,2048,13370.37,1787760367.572
1372,149.197,0.810844,0.00073482,2048,13726.78,1787760367.723
1373,145.217,0.134504,0.00073438,2048,14103.02,1787760367.87
1374,144.167,0.086828,0.00073393,2048,14205.79,1787760368.015
1375,154.579,0.349701,0.00073348,2048,13248.9,1787760368.172
1376,163.546,0.079281,0.00073303,2048,12522.48,1787760368.337
1377,153.385,0.125723,0.00073258,2048,13352.06,1787760368.492
1378,173.321,0.1167,0.00073213,2048,11816.25,1787760368.666
1379,172.14,0.135882,0.00073169,2048,11897.3,1787760368.84
1380,165.724,0.077716,0.00073124,2048,12357.91,1787760369.007
1381,159.277,0.081222,0.00073079,2048,12858.13,1787760369.168
1382,175.894,0.089664,0.00073034,2048,11643.38,1787760369.345
1383,169.944,0.127936,0.00072989,2048,12051.01,1787760369.516
1384,164.119,0.104641,0.00072944,2048,12478.77,1787760369.682
1385,153.872,0.085717,0.00072899,2048,13309.75,1787760369.837
1386,178.268,0.040691,0.00072854,2048,11488.31,1787760370.017
1387,171.646,0.037806,0.00072809,2048,11931.54,1787760370.191
1388,179.527,0.037048,0.00072763,2048,11407.74,1787760370.372
1389,164.032,0.03906,0.00072718,2048,12485.37,1787760370.536
1390,136.435,0.598915,0.00072673,2048,15010.84,1787760370.674
1391,141.081,0.039665,0.00072628,2048,14516.44,1787760370.817
1392,142.834,0.027346,0.00072583,2048,14338.34,1787760370.96
1393,163.042,0.030336,0.00072538,2048,12561.18,1787760371.126
1394,165.416,0.024628,0.00072492,2048,12380.89,1787760371.293
1395,160.026,0.041849,0.00072447,2048,12797.93,1787760371.456
1396,171.701,0.034369,0.00072402,2048,11927.72,1787760371.629
1397,166.712,0.02386,0.00072357,2048,12284.69,1787760371.797
1398,155.275,0.025321,0.00072311,2048,13189.53,1787760371.953
1399,158.743,0.016817,0.00072266,2048,12901.37,1787760372.113
1400,141.348,0.018556,0.00072221,2048,14489.04,1787760372.257
1401,165.698,0.02779,0.00072175,2048,12359.84,1787760372.424
1402,193.268,0.020286,0.0007213,2048,10596.7,1787760372.619
1403,174.853,0.011972,0.00072085,2048,11712.7,1787760372.795
1404,193.654,0.018953,0.00072039,2048,10575.58,1787760372.99
1405,161.722,0.015388,0.00071994,2048,12663.67,1787760373.154
1406,200.76,0.025374,0.00071948,2048,10201.26,1787760373.357
1407,233.205,0.013673,0.00071903,2048,8781.98,1787760373.592
1408,211.575,0.022946,0.00071857,2048,9679.79,1787760373.805
1409,181.961,0.01079,0.00071812,2048,11255.15,1787760373.989
1410,150.853,0.012478,0.00071766,2048,13576.15,1787760374.141
1411,164.086,0.011363,0.00071721,2048,12481.24,1787760374.306
1412,152.439,0.010216,0.00071675,2048,13434.92,1787760374.46
1413,167.272,0.010197,0.00071629,2048,12243.5,1787760374.629
1414,167.588,0.01257,0.00071584,2048,12220.47,1787760374.797
1415,191.585,0.009493,0.00071538,2048,10689.78,1787760374.991
1416,182.218,0.008003,0.00071493,2048,11239.28,1787760375.175
1417,187.411,0.008291,0.00071447,2048,10927.85,1787760375.364
1418,176.451,0.006529,0.00071401,2048,11606.62,1787760375.542
1419,194.057,0.007879,0.00071355,2048,10553.57,1787760375.738
1420,193.319,0.006712,0.0007131,2048,10593.87,1787760375.934
1421,209.859,0.005956,0.00071264,2048,9758.95,1787760376.144
1422,219.488,0.006248,0.00071218,2048,9330.81,1787760376.366
1423,174.97,0.006063,0.00071172,2048,11704.87,1787760376.543
1424,179.341,0.005666,0.00071127,2048,11419.57,1787760376.724
1425,185.919,0.005024,0.00071081,2048,11015.56,1787760376.912
1426,209.418,0.005265,0.00071035,2048,9779.5,1787760377.123
1427,175.093,0.005625,0.00070989,2048,11696.67,1787760377.3
1428,185.135,0.006891,0.00070943,2048,11062.22,1787760377.487
1429,181.315,0.004287,0.00070897,2048,11295.28,1787760377.669
1430,153.528,0.005487,0.00070851,2048,13339.61,1787760377.824
1431,149.67,0.004804,0.00070805,2048,13683.44,1787760377.976
1432,135.987,0.006757,0.00070759,2048,15060.26,1787760378.114
1433,141.231,0.005919,0.00070713,2048,14501.03,1787760378.256
1434,167.577,0.005181,0.00070667,2048,12221.22,1787760378.424
1435,166.32,0.008392,0.00070621,2048,12313.63,1787760378.593
1436,162.777,0.005755,0.00070575,2048,12581.64,1787760378.757
1437,171.731,0.003539,0.00070529,2048,11925.62,1787760378.93
1438,180.05,0.004792,0.00070483,2048,11374.64,1787760379.112
1439,169.181,0.004598,0.00070437,2048,12105.39,1787760379.282
1440,148.726,0.004516,0.00070391,2048,13770.3,1787760379.432
1441,143.454,0.002987,0.00070345,2048,14276.33,1787760379.578
1442,146.046,0.004135,0.00070299,2048,14022.98,1787760379.725
1443,146.626,0.003806,0.00070252,2048,13967.52,1787760379.873
1444,160.481,0.004976,0.00070206,2048,12761.64,1787760380.035
1445,146.077,0.004047,0.0007016,2048,14020.0,1787760380.183
1446,141.442,0.003028,0.00070114,2048,14479.45,1787760380.326
1447,144.211,0.003586,0.00070068,2048,14201.41,1787760380.471
1448,145.172,0.007769,0.00070021,2048,14107.4,1787760380.618
1449,154.444,0.003746,0.00069975,2048,13260.45,1787760380.773
1450,148.694,0.002725,0.00069929,2048,13773.24,1787760380.924
1451,144.93,0.00467,0.00069882,2048,14130.91,1787760381.07
1452,142.369,0.003789,0.00069836,2048,14385.17,1787760381.214
1453,124.202,0.00429,0.0006979,2048,16489.23,1787760381.339
1454,129.26,0.004431,0.00069743,2048,15844.01,1787760381.469
1455,188.568,0.003226,0.00069697,2048,10860.83,1787760381.658
1456,173.906,0.004177,0.00069651,2048,11776.46,1787760381.834
1457,179.665,0.004868,0.00069604,2048,11399.01,1787760382.016
1458,156.226,0.003928,0.00069558,2048,13109.19,1787760382.173
1459,151.749,0.003499,0.00069511,2048,13495.97,1787760382.328
1460,175.965,0.003149,0.00069465,2048,11638.7,1787760382.505
1461,169.861,0.004218,0.00069418,2048,12056.9,1787760382.676
1462,165.176,0.002966,0.00069372,2048,12398.89,1787760382.843
1463,156.238,0.003246,0.00069325,2048,13108.22,1787760383.0
1464,162.279,0.003033,0.00069279,2048,12620.26,1787760383.164
1465,158.876,0.002795,0.00069232,2048,12890.55,1787760383.324
1466,156.264,0.002935,0.00069186,2048,13106.01,1787760383.482
1467,146.13,0.00296,0.00069139,2048,14014.92,1787760383.63
1468,148.462,0.003261,0.00069092,2048,13794.75,1787760383.78
1469,142.421,0.003005,0.00069046,2048,14379.88,1787760383.924
1470,167.277,0.003509,0.00068999,2048,12243.18,1787760384.093
1471,148.148,0.003054,0.00068952,2048,13824.01,1787760384.242
1472,158.79,0.002368,0.00068906,2048,12897.54,1787760384.402
1473,163.439,0.002956,0.00068859,2048,12530.64,1787760384.567
1474,177.74,0.003543,0.00068812,2048,11522.44,1787760384.745
1475,157.428,0.003195,0.00068766,2048,13009.11,1787760384.905
1476,168.716,0.002826,0.00068719,2048,12138.71,1787760385.076
1477,201.937,0.002693,0.00068672,2048,10141.79,1787760385.28
1478,184.799,0.002326,0.00068625,2048,11082.29,1787760385.467
1479,156.972,0.00299,0.00068579,2048,13046.9,1787760385.626
1480,146.51,0.002475,0.00068532,2048,13978.58,1787760385.775
1481,154.838,0.00274,0.00068485,2048,13226.71,1787760385.93
1482,178.385,0.002306,0.00068438,2048,11480.76,1787760386.11
1483,154.403,0.002335,0.00068391,2048,13264.02,1787760386.266
1484,149.342,0.003159,0.00068344,2048,13713.48,1787760386.417
1485,160.451,0.002395,0.00068297,2048,12764.04,1787760386.578
1486,180.439,0.00227,0.00068251,2048,11350.1,1787760386.761
1487,187.522,0.002075,0.00068204,2048,10921.39,1787760386.95
1488,164.238,0.002864,0.00068157,2048,12469.7,1787760387.115
1489,154.667,0.003105,0.0006811,2048,13241.39,1787760387.272
1490,151.578,0.001889,0.00068063,2048,13511.16,1787760387.424
1491,153.187,0.002474,0.00068016,2048,13369.31,1787760387.579
1492,136.68,0.001853,0.00067969,2048,14983.88,1787760387.716
1493,135.323,0.002147,0.00067922,2048,15134.17,1787760387.854
1494,120.43,0.005204,0.00067875,2048,17005.79,1787760387.975
1495,126.95,0.002248,0.00067828,2048,16132.31,1787760388.104
1496,155.837,0.001747,0.00067781,2048,13141.94,1787760388.261
1497,152.231,0.001425,0.00067734,2048,13453.27,1787760388.415
1498,144.069,0.002173,0.00067687,2048,14215.39,1787760388.56
1499,143.65,0.003219,0.00067639,2048,14256.91,1787760388.705
1500,126.759,0.001703,0.00067592,2048,16156.64,1787760388.833
1501,137.561,0.002369,0.00067545,2048,14887.98,1787760388.973
1502,154.846,0.002444,0.00067498,2048,13226.04,1787760389.129
1503,133.171,0.002219,0.00067451,2048,15378.77,1787760389.263
1504,130.377,0.002082,0.00067404,2048,15708.3,1787760389.395
1505,122.561,0.002517,0.00067356,2048,16710.01,1787760389.519
1506,133.733,0.001918,0.00067309,2048,15314.1,1787760389.653
1507,137.807,0.001897,0.00067262,2048,14861.31,1787760389.793
1508,130.526,0.002303,0.00067215,2048,15690.42,1787760389.924
1509,122.462,0.001853,0.00067168,2048,16723.51,1787760390.048
1510,114.028,0.001655,0.0006712,2048,17960.55,1787760390.162
1511,128.067,0.001424,0.00067073,2048,15991.68,1787760390.292
1512,141.076,0.001654,0.00067026,2048,14516.96,1787760390.434
1513,141.848,0.002151,0.00066978,2048,14438.02,1787760390.578
1514,121.499,0.00185,0.00066931,2048,16856.13,1787760390.701
1515,122.305,0.002053,0.00066884,2048,16745.02,1787760390.824
1516,127.253,0.001635,0.00066836,2048,16093.97,1787760390.952
1517,122.355,0.002193,0.00066789,2048,16738.21,1787760391.076
1518,123.935,0.002704,0.00066742,2048,16524.76,1787760391.201
1519,137.574,0.002353,0.00066694,2048,14886.49,1787760391.34
1520,143.071,0.001694,0.00066647,2048,14314.6,1787760391.484
1521,137.278,0.001988,0.00066599,2048,14918.68,1787760391.622
1522,135.458,0.001961,0.00066552,2048,15119.09,1787760391.76
1523,125.979,0.001808,0.00066505,2048,16256.72,1787760391.886
1524,127.23,0.001493,0.00066457,2048,16096.88,1787760392.015
1525,140.889,0.001703,0.0006641,2048,14536.3,1787760392.157
1526,146.738,0.001654,0.00066362,2048,13956.82,1787760392.305
1527,151.945,0.001996,0.00066315,2048,13478.57,1787760392.458
1528,128.288,0.001547,0.00066267,2048,15964.08,1787760392.587
1529,131.152,0.001531,0.0006622,2048,15615.5,1787760392.721
1530,147.351,0.001914,0.00066172,2048,13898.75,1787760392.869
1531,145.093,0.001723,0.00066124,2048,14115.05,1787760393.016
1532,138.417,0.001365,0.00066077,2048,14795.83,1787760393.157
1533,128.526,0.001918,0.00066029,2048,15934.57,1787760393.286
1534,118.874,0.001758,0.00065982,2048,17228.35,1787760393.406
1535,155.698,0.001622,0.00065934,2048,13153.64,1787760393.563
1536,178.897,0.001762,0.00065886,2048,11447.95,1787760393.745
1537,138.785,0.001676,0.00065839,2048,14756.6,1787760393.885
1538,128.546,0.001447,0.00065791,2048,15932.0,1787760394.015
1539,128.731,0.001527,0.00065744,2048,15909.09,1787760394.145
1540,126.173,0.001457,0.00065696,2048,16231.71,1787760394.272
1541,149.221,0.001454,0.00065648,2048,13724.57,1787760394.423
1542,124.38,0.00185,0.000656,2048,16465.64,1787760394.549
1543,132.089,0.002062,0.00065553,2048,15504.65,1787760394.681
1544,115.059,0.001453,0.00065505,2048,17799.52,1787760394.799
1545,130.284,0.001473,0.00065457,2048,15719.46,1787760394.93
1546,132.134,0.001792,0.0006541,2048,15499.39,1787760395.063
1547,165.585,0.001984,0.00065362,2048,12368.29,1787760395.23
1548,147.965,0.001558,0.00065314,2048,13841.1,1787760395.379
1549,132.96,0.001688,0.00065266,2048,15403.08,1787760395.514
1550,126.478,0.001351,0.00065218,2048,16192.6,1787760395.641
1551,171.496,0.001972,0.00065171,2048,11941.96,1787760395.814
1552,161.342,0.002024,0.00065123,2048,12693.5,1787760395.978
1553,167.163,0.001635,0.00065075,2048,12251.51,1787760396.147
1554,172.428,0.001236,0.00065027,2048,11877.42,1787760396.319
1555,143.207,0.001293,0.00064979,2048,14301.02,1787760396.465
1556,138.18,0.001382,0.00064931,2048,14821.27,1787760396.604
1557,137.152,0.001424,0.00064884,2048,14932.28,1787760396.742
1558,143.062,0.001585,0.00064836,2048,14315.51,1787760396.887
1559,148.627,0.001477,0.00064788,2048,13779.48,1787760397.036
1560,156.154,0.00113,0.0006474,2048,13115.27,1787760397.193
1561,153.699,0.001852,0.00064692,2048,13324.73,1787760397.348
1562,145.144,0.001848,0.00064644,2048,14110.09,1787760397.496
1563,176.386,0.001528,0.00064596,2048,11610.91,1787760397.673
1564,156.555,0.001155,0.00064548,2048,13081.69,1787760397.831
1565,150.91,0.001488,0.000645,2048,13571.03,1787760397.983
1566,125.799,0.001259,0.00064452,2048,16279.91,1787760398.111
1567,145.532,0.001158,0.00064404,2048,14072.52,1787760398.257
1568,151.628,0.001501,0.00064356,2048,13506.78,1787760398.411
1569,147.567,0.001496,0.00064308,2048,13878.48,1787760398.56
1570,155.447,0.001362,0.0006426,2048,13174.93,1787760398.716
1571,157.254,0.001808,0.00064212,2048,13023.53,1787760398.875
1572,141.105,0.001305,0.00064164,2048,14514.03,1787760399.017
1573,144.364,0.001405,0.00064116,2048,14186.37,1787760399.163
1574,153.563,0.001376,0.00064068,2048,13336.56,1787760399.318
1575,131.52,0.001321,0.0006402,2048,15571.76,1787760399.451
1576,122.532,0.001458,0.00063972,2048,16713.96,1787760399.574
1577,129.249,0.001459,0.00063923,2048,15845.38,1787760399.705
1578,121.009,0.001066,0.00063875,2048,16924.31,1787760399.827
1579,130.736,0.001137,0.00063827,2048,15665.15,1787760399.959
1580,129.371,0.001424,0.00063779,2048,15830.38,1787760400.09
1581,136.218,0.00157,0.00063731,2048,15034.67,1787760400.228
1582,137.601,0.001314,0.00063683,2048,14883.63,1787760400.366
1583,131.164,0.001248,0.00063635,2048,15614.08,1787760400.498
1584,133.497,0.00126,0.00063586,2048,15341.16,1787760400.634
1585,125.781,0.001591,0.00063538,2048,16282.23,1787760400.761
1586,156.764,0.00142,0.0006349,2048,13064.22,1787760400.919
1587,151.999,0.001267,0.00063442,2048,13473.8,1787760401.073
1588,128.898,0.001567,0.00063394,2048,15888.58,1787760401.202
1589,131.022,0.001215,0.00063345,2048,15630.92,1787760401.335
1590,122.558,0.001899,0.00063297,2048,16710.5,1787760401.459
1591,147.295,0.001319,0.00063249,2048,13904.09,1787760401.607
1592,126.011,0.00179,0.00063201,2048,16252.54,1787760401.734
1593,124.809,0.001898,0.00063152,2048,16409.06,1787760401.86
1594,113.44,0.001223,0.00063104,2048,18053.64,1787760401.974
1595,122.043,0.001237,0.00063056,2048,16780.9,1787760402.098
1596,139.28,0.001137,0.00063007,2048,14704.2,1787760402.239
1597,130.347,0.001374,0.00062959,2048,15711.85,1787760402.371
1598,131.598,0.003402,0.00062911,2048,15562.58,1787760402.503
1599,135.995,0.001341,0.00062863,2048,15059.32,1787760402.641
1600,132.689,0.00168,0.00062814,2048,15434.55,1787760402.775
1601,162.604,0.001622,0.00062766,2048,12595.02,1787760402.939
1602,141.812,0.001814,0.00062717,2048,14441.62,1787760403.081
1603,125.532,0.00197,0.00062669,2048,16314.58,1787760403.209
1604,130.108,0.001393,0.00062621,2048,15740.82,1787760403.341
1605,116.32,0.001869,0.00062572,2048,17606.65,1787760403.458
1606,136.181,0.00154,0.00062524,2048,15038.84,1787760403.596
1607,129.742,0.001451,0.00062476,2048,15785.14,1787760403.726
1608,138.767,0.003527,0.00062427,2048,14758.58,1787760403.866
1609,136.705,0.001277,0.00062379,2048,14981.15,1787760404.004
1610,131.292,0.001425,0.0006233,2048,15598.84,1787760404.137
1611,121.358,0.003018,0.00062282,2048,16875.65,1787760404.259
1612,142.211,0.00183,0.00062233,2048,14401.18,1787760404.403
1613,150.452,0.001969,0.00062185,2048,13612.29,1787760404.555
1614,128.549,0.002668,0.00062137,2048,15931.63,1787760404.684
1615,132.949,0.001431,0.00062088,2048,15404.44,1787760404.818
1616,131.184,0.002208,0.0006204,2048,15611.65,1787760404.95
1617,132.903,0.002167,0.00061991,2048,15409.76,1787760405.085
1618,132.857,0.002095,0.00061943,2048,15415.01,1787760405.219
1619,129.9,0.002052,0.00061894,2048,15766.0,1787760405.349
1620,172.417,0.002151,0.00061846,2048,11878.16,1787760405.523
1621,136.55,0.001635,0.00061797,2048,14998.14,1787760405.661
1622,153.411,0.001682,0.00061749,2048,13349.73,1787760405.817
1623,130.095,0.00155,0.000617,2048,15742.33,1787760405.948
1624,131.043,0.001266,0.00061651,2048,15628.43,1787760406.08
1625,146.694,0.001578,0.00061603,2048,13961.03,1787760406.228
1626,151.67,0.001702,0.00061554,2048,13502.98,1787760406.381
1627,142.595,0.001401,0.00061506,2048,14362.38,1787760406.526
1628,133.865,0.001482,0.00061457,2048,15299.0,1787760406.66
1629,117.428,0.001318,0.00061409,2048,17440.52,1787760406.779
1630,124.003,0.001253,0.0006136,2048,16515.78,1787760406.904
1631,120.057,0.001412,0.00061311,2048,17058.55,1787760407.025
1632,144.501,0.001229,0.00061263,2048,14172.92,1787760407.171
1633,148.528,0.001666,0.00061214,2048,13788.67,1787760407.32
1634,126.055,0.001134,0.00061166,2048,16246.88,1787760407.448
1635,137.06,0.001085,0.00061117,2048,14942.38,1787760407.586
1636,128.135,0.001284,0.00061068,2048,15983.21,1787760407.715
1637,130.836,0.001098,0.0006102,2048,15653.16,1787760407.848
1638,158.339,0.001571,0.00060971,2048,12934.26,1787760408.007
1639,145.055,0.001329,0.00060922,2048,14118.78,1787760408.154
1640,135.965,0.001294,0.00060874,2048,15062.71,1787760408.291
1641,133.548,0.001611,0.00060825,2048,15335.31,1787760408.425
1642,146.571,0.001024,0.00060776,2048,13972.72,1787760408.573
1643,131.962,0.001287,0.00060728,2048,15519.61,1787760408.707
1644,133.497,0.00117,0.00060679,2048,15341.2,1787760408.842
1645,134.075,0.001329,0.0006063,2048,15275.08,1787760408.977
1646,130.736,0.00116,0.00060582,2048,15665.22,1787760409.11
1647,122.271,0.001221,0.00060533,2048,16749.75,1787760409.234
1648,137.017,0.000957,0.00060484,2048,14947.02,1787760409.371
1649,133.895,0.001142,0.00060435,2048,15295.57,1787760409.507
1650,128.847,0.001208,0.00060387,2048,15894.85,1787760409.638
1651,126.572,0.001744,0.00060338,2048,16180.55,1787760409.765
1652,131.28,0.001231,0.00060289,2048,15600.24,1787760409.897
1653,134.587,0.001128,0.0006024,2048,15216.9,1787760410.034
1654,155.268,0.001832,0.00060192,2048,13190.1,1787760410.191
1655,136.262,0.001237,0.00060143,2048,15029.88,1787760410.328
1656,143.029,0.001536,0.00060094,2048,14318.77,1787760410.474
1657,134.422,0.000879,0.00060045,2048,15235.59,1787760410.609
1658,124.8,0.0011,0.00059997,2048,16410.27,1787760410.735
1659,119.19,0.001043,0.00059948,2048,17182.64,1787760410.855
1660,135.584,0.001393,0.00059899,2048,15105.02,1787760410.992
1661,122.455,0.001256,0.0005985,2048,16724.55,1787760411.116
1662,143.331,0.001912,0.00059801,2048,14288.59,1787760411.259
1663,136.376,0.00128,0.00059753,2048,15017.32,1787760411.397
1664,134.004,0.001394,0.00059704,2048,15283.13,1787760411.533
1665,125.949,0.002055,0.00059655,2048,16260.52,1787760411.66
1666,120.572,0.001511,0.00059606,2048,16985.72,1787760411.782
1667,114.785,0.001328,0.00059557,2048,17841.99,1787760411.899
1668,112.44,0.001136,0.00059508,2048,18214.21,1787760412.012
1669,111.669,0.000908,0.0005946,2048,18339.85,1787760412.126
1670,118.022,0.001179,0.00059411,2048,17352.64,1787760412.245
1671,107.402,0.001033,0.00059362,2048,19068.51,1787760412.354
1672,103.667,0.001197,0.00059313,2048,19755.51,1787760412.458
1673,114.254,0.001322,0.00059264,2048,17925.01,1787760412.573
1674,134.103,0.000902,0.00059215,2048,15271.82,1787760412.708
1675,135.974,0.000926,0.00059166,2048,15061.71,1787760412.846
1676,121.107,0.000927,0.00059118,2048,16910.67,1787760412.968
1677,118.51,0.001058,0.00059069,2048,17281.24,1787760413.088
1678,123.862,0.001223,0.0005902,2048,16534.54,1787760413.213
1679,113.19,0.001091,0.00058971,2048,18093.47,1787760413.328
1680,133.659,0.001587,0.00058922,2048,15322.54,1787760413.462
1681,164.878,0.001327,0.00058873,2048,12421.28,1787760413.629
1682,161.216,0.001392,0.00058824,2048,12703.44,1787760413.791
1683,147.241,0.000913,0.00058775,2048,13909.14,1787760413.94
1684,162.653,0.00137,0.00058726,2048,12591.21,1787760414.104
1685,160.485,0.001133,0.00058677,2048,12761.33,1787760414.265
1686,143.671,0.001307,0.00058629,2048,14254.79,1787760414.411
1687,144.885,0.00152,0.0005858,2048,14135.35,1787760414.557
1688,146.881,0.001193,0.00058531,2048,13943.3,1787760414.705
1689,117.54,0.001346,0.00058482,2048,17423.87,1787760414.824
1690,116.414,0.001782,0.00058433,2048,17592.43,1787760414.941
1691,116.65,0.000937,0.00058384,2048,17556.73,1787760415.059
1692,131.451,0.000808,0.00058335,2048,15579.89,1787760415.192
1693,139.548,0.001054,0.00058286,2048,14675.97,1787760415.334
1694,153.311,0.0012,0.00058237,2048,13358.43,1787760415.489
1695,133.298,0.001667,0.00058188,2048,15364.09,1787760415.623
1696,131.313,0.001767,0.00058139,2048,15596.26,1787760415.756
1697,136.784,0.001861,0.0005809,2048,14972.47,1787760415.894
1698,132.132,0.001583,0.00058041,2048,15499.68,1787760416.028
1699,142.065,0.001853,0.00057992,2048,14415.92,1787760416.172
1700,119.485,0.00151,0.00057943,2048,17140.17,1787760416.293
1701,131.073,0.001603,0.00057894,2048,15624.87,1787760416.424
1702,156.135,0.00125,0.00057845,2048,13116.86,1787760416.583
1703,127.766,0.001597,0.00057796,2048,16029.25,1787760416.712
1704,120.458,0.001234,0.00057747,2048,17001.72,1787760416.833
1705,132.272,0.001679,0.00057698,2048,15483.26,1787760416.966
1706,138.177,0.00126,0.00057649,2048,14821.54,1787760417.107
1707,152.986,0.002353,0.000576,2048,13386.84,1787760417.26
1708,167.359,0.001815,0.00057551,2048,12237.17,1787760417.43
1709,155.954,0.001822,0.00057502,2048,13132.08,1787760417.587
1710,173.166,0.001137,0.00057453,2048,11826.83,1787760417.761
1711,171.606,0.001588,0.00057404,2048,11934.33,1787760417.934
1712,191.09,0.001599,0.00057355,2048,10717.46,1787760418.127
1713,170.316,0.00145,0.00057306,2048,12024.72,1787760418.3
1714,175.891,0.001115,0.00057257,2048,11643.55,1787760418.477
1715,144.872,0.002005,0.00057208,2048,14136.64,1787760418.622
1716,143.927,0.001073,0.00057159,2048,14229.45,1787760418.767
1717,144.134,0.001732,0.0005711,2048,14209.03,1787760418.914
1718,146.417,0.001524,0.00057061,2048,13987.49,1787760419.061
1719,162.885,0.001499,0.00057012,2048,12573.29,1787760419.225
1720,139.208,0.001285,0.00056963,2048,14711.83,1787760419.366
1721,143.409,0.002481,0.00056914,2048,14280.84,1787760419.511
1722,140.834,0.001206,0.00056865,2048,14541.93,1787760419.654
1723,177.471,0.001708,0.00056816,2048,11539.9,1787760419.833
1724,179.628,0.001148,0.00056767,2048,11401.34,1787760420.015
1725,200.072,0.001217,0.00056718,2048,10236.31,1787760420.217
1726,185.58,0.001152,0.00056669,2048,11035.7,1787760420.404
1727,177.743,0.000937,0.0005662,2048,11522.23,1787760420.583
1728,139.974,0.001607,0.0005657,2048,14631.34,1787760420.724
1729,136.626,0.001226,0.00056521,2048,14989.84,1787760420.863
1730,124.471,0.001008,0.00056472,2048,16453.62,1787760420.989
1731,143.614,0.001071,0.00056423,2048,14260.41,1787760421.134
1732,131.371,0.001458,0.00056374,2048,15589.39,1787760421.267
1733,134.052,0.001217,0.00056325,2048,15277.71,1787760421.402
1734,136.526,0.000931,0.00056276,2048,15000.76,1787760421.541
1735,164.568,0.001158,0.00056227,2048,12444.73,1787760421.707
1736,172.433,0.000948,0.00056178,2048,11877.09,1787760421.882
1737,149.926,0.000891,0.00056129,2048,13660.1,1787760422.033
1738,147.652,0.00118,0.0005608,2048,13870.47,1787760422.182
1739,125.391,0.000917,0.00056031,2048,16332.95,1787760422.309
1740,142.831,0.001123,0.00055982,2048,14338.58,1787760422.453
1741,130.373,0.001169,0.00055933,2048,15708.74,1787760422.584
1742,124.855,0.002458,0.00055884,2048,16403.01,1787760422.71
1743,125.334,0.000764,0.00055834,2048,16340.35,1787760422.837
1744,117.662,0.001114,0.00055785,2048,17405.83,1787760422.955
1745,120.268,0.001796,0.00055736,2048,17028.64,1787760423.076
1746,96.393,0.001148,0.00055687,2048,21246.27,1787760423.174
1747,115.153,0.000962,0.00055638,2048,17785.06,1787760423.292
1748,116.278,0.001041,0.00055589,2048,17612.99,1787760423.409
1749,102.848,0.000683,0.0005554,2048,19912.8,1787760423.513
1750,108.175,0.001417,0.00055491,2048,18932.22,1787760423.622
1751,120.13,0.001585,0.00055442,2048,17048.23,1787760423.744
1752,133.232,0.001044,0.00055393,2048,15371.65,1787760423.879
1753,113.411,0.00101,0.00055344,2048,18058.18,1787760423.994
1754,113.959,0.001549,0.00055295,2048,17971.42,1787760424.109
1755,136.132,0.000814,0.00055245,2048,15044.18,1787760424.246
1756,128.199,0.000772,0.00055196,2048,15975.21,1787760424.375
1757,116.984,0.000954,0.00055147,2048,17506.73,1787760424.493
1758,126.071,0.000851,0.00055098,2048,16244.79,1787760424.62
1759,107.419,0.000929,0.00055049,2048,19065.48,1787760424.729
1760,107.255,0.0009,0.00055,2048,19094.77,1787760424.837
1761,122.088,0.000969,0.00054951,2048,16774.85,1787760424.96
1762,105.946,0.000789,0.00054902,2048,19330.55,1787760425.067
1763,115.153,0.001136,0.00054853,2048,17785.06,1787760425.183
1764,113.66,0.000803,0.00054804,2048,18018.68,1787760425.298
1765,127.121,0.000727,0.00054755,2048,16110.6,1787760425.427
1766,121.051,0.000888,0.00054705,2048,16918.43,1787760425.548
1767,123.587,0.000766,0.00054656,2048,16571.38,1787760425.674
1768,157.724,0.00109,0.00054607,2048,12984.69,1787760425.833
1769,130.627,0.000862,0.00054558,2048,15678.19,1787760425.965
1770,138.822,0.000736,0.00054509,2048,14752.72,1787760426.105
1771,165.526,0.000737,0.0005446,2048,12372.66,1787760426.271
1772,197.972,0.000791,0.00054411,2048,10344.88,1787760426.471
1773,171.322,0.000829,0.00054362,2048,11954.13,1787760426.644
1774,163.734,0.000732,0.00054313,2048,12508.08,1787760426.808
1775,140.368,0.000725,0.00054264,2048,14590.24,1787760426.95
1776,146.574,0.001235,0.00054215,2048,13972.45,1787760427.098
1777,151.866,0.000862,0.00054166,2048,13485.58,1787760427.251
1778,151.548,0.000859,0.00054116,2048,13513.83,1787760427.405
1779,169.521,0.000886,0.00054067,2048,12081.11,1787760427.576
1780,164.098,0.001207,0.00054018,2048,12480.33,1787760427.741
1781,145.015,0.00078,0.00053969,2048,14122.71,1787760427.887
1782,137.964,0.000733,0.0005392,2048,14844.41,1787760428.027
1783,127.951,0.000648,0.00053871,2048,16006.09,1787760428.158
1784,131.522,0.000745,0.00053822,2048,15571.52,1787760428.29
1785,131.392,0.001484,0.00053773,2048,15586.99,1787760428.423
1786,139.023,0.000884,0.00053724,2048,14731.42,1787760428.562
1787,123.581,0.000753,0.00053675,2048,16572.13,1787760428.688
1788,133.228,0.000952,0.00053626,2048,15372.19,1787760428.822
1789,132.868,0.000842,0.00053577,2048,15413.82,1787760428.956
1790,112.804,0.000691,0.00053528,2048,18155.3,1787760429.07
1791,124.869,0.00077,0.00053479,2048,16401.14,1787760429.196
1792,110.437,0.000713,0.0005343,2048,18544.51,1787760429.307
1793,120.487,0.000856,0.0005338,2048,16997.75,1787760429.428
1794,110.955,0.000817,0.00053331,2048,18457.95,1787760429.54
1795,133.012,0.000696,0.00053282,2048,15397.08,1787760429.675
1796,131.425,0.000729,0.00053233,2048,15583.0,1787760429.808
1797,134.569,0.000697,0.00053184,2048,15218.94,1787760429.944
1798,111.816,0.000805,0.00053135,2048,18315.72,1787760430.056
1799,125.629,0.000817,0.00053086,2048,16301.97,1787760430.184
1800,124.975,0.000696,0.00053037,2048,16387.25,1787760430.309
1801,121.213,0.000751,0.00052988,2048,16895.85,1787760430.433
1802,136.331,0.000739,0.00052939,2048,15022.26,1787760430.57
1803,122.309,0.000595,0.0005289,2048,16744.49,1787760430.693
1804,118.1,0.000769,0.00052841,2048,17341.31,1787760430.813
1805,121.059,0.00086,0.00052792,2048,16917.37,1787760430.935
1806,123.934,0.000929,0.00052743,2048,16524.88,1787760431.06
1807,143.081,0.000726,0.00052694,2048,14313.61,1787760431.205
1808,144.731,0.000613,0.00052645,2048,14150.36,1787760431.351
1809,129.684,0.000684,0.00052596,2048,15792.25,1787760431.482
1810,136.265,0.000962,0.00052547,2048,15029.49,1787760431.618
1811,127.557,0.000713,0.00052498,2048,16055.58,1787760431.747
1812,124.672,0.000786,0.00052449,2048,16427.13,1787760431.873
1813,133.642,0.000743,0.000524,2048,15324.5,1787760432.007
1814,149.271,0.000769,0.00052351,2048,13719.99,1787760432.158
1815,129.538,0.001098,0.00052302,2048,15809.97,1787760432.289
1816,129.432,0.000884,0.00052253,2048,15822.96,1787760432.42
1817,122.877,0.000808,0.00052204,2048,16667.02,1787760432.543
1818,125.098,0.000772,0.00052155,2048,16371.2,1787760432.669
1819,134.199,0.000721,0.00052106,2048,15260.93,1787760432.806
1820,137.79,0.000808,0.00052057,2048,14863.15,1787760432.945
1821,123.58,0.000767,0.00052008,2048,16572.3,1787760433.07
1822,137.221,0.000923,0.00051959,2048,14924.88,1787760433.208
1823,110.641,0.000847,0.0005191,2048,18510.38,1787760433.319
1824,142.764,0.000714,0.00051861,2048,14345.38,1787760433.464
1825,146.127,0.001533,0.00051812,2048,14015.25,1787760433.612
1826,146.606,0.001293,0.00051763,2048,13969.43,1787760433.76
1827,125.761,0.000961,0.00051714,2048,16284.83,1787760433.888
1828,118.714,0.001082,0.00051665,2048,17251.55,1787760434.008
1829,116.172,0.000755,0.00051616,2048,17629.02,1787760434.125
1830,120.263,0.000769,0.00051567,2048,17029.34,1787760434.246
1831,118.706,0.000678,0.00051518,2048,17252.69,1787760434.366
1832,143.572,0.001172,0.00051469,2048,14264.64,1787760434.511
1833,130.29,0.000764,0.0005142,2048,15718.79,1787760434.642
1834,132.215,0.000942,0.00051371,2048,15489.9,1787760434.775
1835,118.655,0.000951,0.00051323,2048,17260.14,1787760434.895
1836,128.373,0.001118,0.00051274,2048,15953.49,1787760435.024
1837,111.892,0.000659,0.00051225,2048,18303.28,1787760435.139
1838,118.546,0.000691,0.00051176,2048,17275.95,1787760435.258
1839,130.675,0.000785,0.00051127,2048,15672.48,1787760435.39
1840,135.873,0.001146,0.00051078,2048,15072.94,1787760435.527
1841,129.248,0.000724,0.00051029,2048,15845.47,1787760435.657
1842,129.705,0.000847,0.0005098,2048,15789.7,1787760435.788
1843,125.458,0.00075,0.00050931,2048,16324.18,1787760435.914
1844,109.309,0.000982,0.00050882,2048,18735.93,1787760436.025
1845,120.398,0.000648,0.00050834,2048,17010.21,1787760436.147
1846,118.152,0.000873,0.00050785,2048,17333.56,1787760436.266
1847,122.786,0.000855,0.00050736,2048,16679.44,1787760436.39
1848,143.049,0.000963,0.00050687,2048,14316.75,1787760436.535
1849,131.595,0.000923,0.00050638,2048,15562.91,1787760436.668
1850,126.048,0.001093,0.00050589,2048,16247.74,1787760436.796
1851,129.96,0.001257,0.0005054,2048,15758.65,1787760436.926
1852,121.812,0.000963,0.00050492,2048,16812.82,1787760437.049
1853,121.469,0.000581,0.00050443,2048,16860.3,1787760437.172
1854,133.433,0.00061,0.00050394,2048,15348.53,1787760437.306
1855,124.704,0.000652,0.00050345,2048,16422.93,1787760437.434
1856,123.264,0.00122,0.00050296,2048,16614.75,1787760437.559
1857,126.206,0.001022,0.00050247,2048,16227.39,1787760437.686
1858,129.019,0.000895,0.00050199,2048,15873.57,1787760437.816
1859,128.704,0.0007,0.0005015,2048,15912.44,1787760437.945
1860,143.509,0.001201,0.00050101,2048,14270.87,1787760438.09
1861,139.109,0.001094,0.00050052,2048,14722.29,1787760438.23
1862,126.845,0.000945,0.00050003,2048,16145.63,1787760438.358
1863,126.166,0.000646,0.00049955,2048,16232.54,1787760438.486
1864,130.418,0.000734,0.00049906,2048,15703.31,1787760438.617
1865,148.672,0.000888,0.00049857,2048,13775.32,1787760438.767
1866,139.376,0.001386,0.00049808,2048,14694.09,1787760438.908
1867,132.356,0.000912,0.0004976,2048,15473.44,1787760439.042
1868,147.483,0.001062,0.00049711,2048,13886.34,1787760439.191
1869,161.303,0.000932,0.00049662,2048,12696.61,1787760439.354
1870,173.4,0.002151,0.00049613,2048,11810.81,1787760439.528
1871,142.092,0.000795,0.00049565,2048,14413.17,1787760439.672
1872,138.975,0.000888,0.00049516,2048,14736.44,1787760439.812
1873,135.707,0.001242,0.00049467,2048,15091.34,1787760439.95
1874,146.836,0.001267,0.00049418,2048,13947.5,1787760440.098
1875,163.199,0.000665,0.0004937,2048,12549.08,1787760440.262
1876,149.419,0.000898,0.00049321,2048,13706.47,1787760440.413
1877,147.744,0.00107,0.00049272,2048,13861.85,1787760440.562
1878,139.631,0.000621,0.00049224,2048,14667.19,1787760440.703
1879,136.959,0.000833,0.00049175,2048,14953.41,1787760440.841
1880,157.174,0.000671,0.00049126,2048,13030.19,1787760441.0
1881,152.28,0.001277,0.00049078,2048,13448.87,1787760441.154
1882,138.526,0.00113,0.00049029,2048,14784.17,1787760441.293
1883,143.351,0.000764,0.0004898,2048,14286.57,1787760441.438
1884,146.984,0.001348,0.00048932,2048,13933.44,1787760441.586
1885,153.378,0.000514,0.00048883,2048,13352.67,1787760441.741
1886,151.525,0.000719,0.00048834,2048,13515.93,1787760441.894
1887,148.744,0.000724,0.00048786,2048,13768.64,1787760442.044
1888,130.155,0.001128,0.00048737,2048,15735.09,1787760442.175
1889,139.412,0.000934,0.00048689,2048,14690.31,1787760442.316
1890,158.95,0.000695,0.0004864,2048,12884.57,1787760442.476
1891,183.556,0.000614,0.00048591,2048,11157.33,1787760442.662
1892,164.568,0.001417,0.00048543,2048,12444.7,1787760442.828
1893,172.692,0.001083,0.00048494,2048,11859.25,1787760443.001
1894,165.424,0.000569,0.00048446,2048,12380.34,1787760443.169
1895,159.252,0.000669,0.00048397,2048,12860.15,1787760443.33
1896,149.628,0.000835,0.00048349,2048,13687.23,1787760443.48
1897,127.999,0.000947,0.000483,2048,16000.17,1787760443.61
1898,121.227,0.001356,0.00048251,2048,16893.91,1787760443.731
1899,120.925,0.000937,0.00048203,2048,16936.15,1787760443.853
1900,128.144,0.000591,0.00048154,2048,15982.02,1787760443.983
1901,121.898,0.000618,0.00048106,2048,16800.88,1787760444.106
1902,118.08,0.000951,0.00048057,2048,17344.13,1787760444.225
1903,121.122,0.000727,0.00048009,2048,16908.54,1787760444.347
1904,128.408,0.000823,0.0004796,2048,15949.14,1787760444.477
1905,123.632,0.001239,0.00047912,2048,16565.24,1787760444.601
1906,161.283,0.000918,0.00047863,2048,12698.2,1787760444.764
1907,164.741,0.000733,0.00047815,2048,12431.64,1787760444.93
1908,175.116,0.000778,0.00047767,2048,11695.09,1787760445.107
1909,160.534,0.000687,0.00047718,2048,12757.39,1787760445.269
1910,162.687,0.000834,0.0004767,2048,12588.56,1787760445.433
1911,148.086,0.000853,0.00047621,2048,13829.77,1787760445.583
1912,164.135,0.000759,0.00047573,2048,12477.5,1787760445.749
1913,144.993,0.000778,0.00047524,2048,14124.79,1787760445.895
1914,131.109,0.001116,0.00047476,2048,15620.54,1787760446.028
1915,156.417,0.000646,0.00047428,2048,13093.17,1787760446.186
1916,154.794,0.000935,0.00047379,2048,13230.52,1787760446.342
1917,157.541,0.00092,0.00047331,2048,12999.77,1787760446.5
1918,143.029,0.000933,0.00047283,2048,14318.74,1787760446.644
1919,127.196,0.000967,0.00047234,2048,16101.19,1787760446.773
1920,123.01,0.0007,0.00047186,2048,16649.08,1787760446.897
1921,130.551,0.000662,0.00047137,2048,15687.38,1787760447.029
1922,129.896,0.000845,0.00047089,2048,15766.42,1787760447.16
1923,137.852,0.000675,0.00047041,2048,14856.55,1787760447.299
1924,141.411,0.000847,0.00046993,2048,14482.6,1787760447.442
1925,131.415,0.001057,0.00046944,2048,15584.27,1787760447.574
1926,132.231,0.00058,0.00046896,2048,15488.07,1787760447.708
1927,120.265,0.000618,0.00046848,2048,17029.12,1787760447.83
1928,132.226,0.000688,0.00046799,2048,15488.61,1787760447.963
1929,130.116,0.000639,0.00046751,2048,15739.8,1787760448.094
1930,147.442,0.000636,0.00046703,2048,13890.25,1787760448.243
1931,151.636,0.000635,0.00046655,2048,13506.06,1787760448.396
1932,125.553,0.00061,0.00046606,2048,16311.86,1787760448.523
1933,122.288,0.000833,0.00046558,2048,16747.31,1787760448.646
1934,137.437,0.001119,0.0004651,2048,14901.33,1787760448.785
1935,141.782,0.000554,0.00046462,2048,14444.75,1787760448.928
1936,138.918,0.000964,0.00046414,2048,14742.54,1787760449.069
1937,120.94,0.000699,0.00046365,2048,16934.02,1787760449.191
1938,132.24,0.000945,0.00046317,2048,15486.96,1787760449.324
1939,110.67,0.00058,0.00046269,2048,18505.5,1787760449.435
1940,141.809,0.000778,0.00046221,2048,14441.92,1787760449.579
1941,150.226,0.000797,0.00046173,2048,13632.82,1787760449.73
1942,133.175,0.000717,0.00046125,2048,15378.27,1787760449.864
1943,140.716,0.00078,0.00046077,2048,14554.16,1787760450.007
1944,123.732,0.000504,0.00046028,2048,16551.85,1787760450.131
1945,115.259,0.000629,0.0004598,2048,17768.62,1787760450.248
1946,134.441,0.000865,0.00045932,2048,15233.43,1787760450.385
1947,140.365,0.000564,0.00045884,2048,14590.5,1787760450.526
1948,129.814,0.000702,0.00045836,2048,15776.46,1787760450.657
1949,126.442,0.000656,0.00045788,2048,16197.12,1787760450.785
1950,126.209,0.000978,0.0004574,2048,16227.09,1787760450.912
1951,155.701,0.000645,0.00045692,2048,13153.44,1787760451.069
1952,151.321,0.000572,0.00045644,2048,13534.18,1787760451.221
1953,145.737,0.000579,0.00045596,2048,14052.66,1787760451.368
1954,135.844,0.000609,0.00045548,2048,15076.09,1787760451.506
1955,134.043,0.000759,0.000455,2048,15278.68,1787760451.641
1956,133.454,0.000553,0.00045452,2048,15346.05,1787760451.776
1957,147.301,0.000805,0.00045404,2048,13903.48,1787760451.924
1958,151.502,0.000565,0.00045356,2048,13517.93,1787760452.076
1959,137.868,0.000982,0.00045308,2048,14854.81,1787760452.216
1960,126.093,0.001017,0.0004526,2048,16241.98,1787760452.343
1961,122.638,0.001009,0.00045212,2048,16699.6,1787760452.468
1962,127.065,0.000745,0.00045164,2048,16117.77,1787760452.596
1963,127.428,0.001173,0.00045116,2048,16071.81,1787760452.726
1964,146.934,0.001114,0.00045069,2048,13938.18,1787760452.875
1965,142.134,0.000873,0.00045021,2048,14408.94,1787760453.019
1966,134.716,0.000896,0.00044973,2048,15202.3,1787760453.154
1967,142.819,0.000899,0.00044925,2048,14339.78,1787760453.299
1968,157.725,0.000759,0.00044877,2048,12984.67,1787760453.459
1969,159.589,0.001708,0.00044829,2048,12832.94,1787760453.619
1970,181.344,0.000665,0.00044782,2048,11293.42,1787760453.804
1971,148.156,0.000622,0.00044734,2048,13823.3,1787760453.953
1972,142.327,0.001222,0.00044686,2048,14389.36,1787760454.097
1973,134.385,0.001302,0.00044638,2048,15239.75,1787760454.232
1974,131.185,0.001588,0.0004459,2048,15611.54,1787760454.365
1975,119.858,0.000839,0.00044543,2048,17086.87,1787760454.486
1976,123.939,0.000797,0.00044495,2048,16524.27,1787760454.611
1977,140.658,0.0012,0.00044447,2048,14560.12,1787760454.753
1978,146.771,0.000635,0.000444,2048,13953.7,1787760454.901
1979,126.478,0.000861,0.00044352,2048,16192.58,1787760455.029
1980,137.21,0.001208,0.00044304,2048,14926.08,1787760455.166
1981,137.906,0.000741,0.00044256,2048,14850.7,1787760455.306
1982,143.946,0.001758,0.00044209,2048,14227.51,1787760455.452
1983,140.461,0.001248,0.00044161,2048,14580.61,1787760455.594
1984,136.061,0.00067,0.00044114,2048,15052.09,1787760455.731
1985,121.365,0.001232,0.00044066,2048,16874.73,1787760455.853
1986,124.12,0.000741,0.00044018,2048,16500.09,1787760455.979
1987,125.137,0.0009,0.00043971,2048,16366.09,1787760456.105
1988,141.485,0.000727,0.00043923,2048,14475.06,1787760456.248
1989,140.487,0.000792,0.00043876,2048,14577.84,1787760456.389
1990,133.222,0.001015,0.00043828,2048,15372.88,1787760456.523
1991,127.29,0.001066,0.0004378,2048,16089.21,1787760456.652
1992,118.633,0.000929,0.00043733,2048,17263.38,1787760456.772
1993,117.888,0.000694,0.00043685,2048,17372.35,1787760456.891
1994,121.168,0.000923,0.00043638,2048,16902.1,1787760457.013
1995,141.495,0.001015,0.0004359,2048,14474.02,1787760457.156
1996,126.356,0.00129,0.00043543,2048,16208.15,1787760457.284
1997,122.028,0.000639,0.00043495,2048,16783.03,1787760457.407
1998,131.85,0.000848,0.00043448,2048,15532.85,1787760457.539
1999,117.065,0.000691,0.00043401,2048,17494.58,1787760457.658
2000,122.545,0.000719,0.00043353,2048,16712.2,1787760457.782
2001,137.26,0.00069,0.00043306,2048,14920.56,1787760457.92
2002,133.404,0.000889,0.00043258,2048,15351.88,1787760458.055
2003,128.576,0.000861,0.00043211,2048,15928.31,1787760458.185
2004,122.909,0.000648,0.00043164,2048,16662.68,1787760458.308
2005,121.045,0.000594,0.00043116,2048,16919.27,1787760458.431
2006,132.998,0.000563,0.00043069,2048,15398.76,1787760458.565
2007,123.054,0.000592,0.00043022,2048,16643.07,1787760458.691
2008,119.282,0.00073,0.00042974,2048,17169.37,1787760458.812
2009,122.704,0.000602,0.00042927,2048,16690.57,1787760458.936
2010,124.722,0.000528,0.0004288,2048,16420.49,1787760459.062
2011,149.564,0.000695,0.00042832,2048,13693.17,1787760459.212
2012,131.968,0.000874,0.00042785,2048,15518.96,1787760459.346
2013,124.294,0.000618,0.00042738,2048,16477.06,1787760459.471
2014,122.752,0.000549,0.00042691,2048,16684.03,1787760459.595
2015,118.914,0.000698,0.00042644,2048,17222.49,1787760459.715
2016,133.5,0.000766,0.00042596,2048,15340.84,1787760459.85
2017,125.991,0.00071,0.00042549,2048,16255.1,1787760459.978
2018,117.195,0.00068,0.00042502,2048,17475.09,1787760460.096
2019,126.168,0.000507,0.00042455,2048,16232.27,1787760460.223
2020,124.563,0.000552,0.00042408,2048,16441.45,1787760460.349
2021,146.057,0.000624,0.00042361,2048,14021.91,1787760460.497
2022,134.326,0.000618,0.00042313,2048,15246.52,1787760460.632
2023,135.554,0.00054,0.00042266,2048,15108.38,1787760460.769
2024,129.939,0.00074,0.00042219,2048,15761.27,1787760460.9
2025,133.642,0.000614,0.00042172,2048,15324.58,1787760461.035
2026,145.459,0.000596,0.00042125,2048,14079.58,1787760461.182
2027,133.58,0.000594,0.00042078,2048,15331.6,1787760461.316
2028,140.923,0.000511,0.00042031,2048,14532.8,1787760461.459
2029,131.435,0.000614,0.00041984,2048,15581.81,1787760461.592
2030,132.543,0.000685,0.00041937,2048,15451.55,1787760461.725
2031,125.318,0.000714,0.0004189,2048,16342.39,1787760461.852
2032,128.499,0.00108,0.00041843,2048,15937.84,1787760461.982
2033,142.184,0.000617,0.00041796,2048,14403.87,1787760462.125
2034,129.795,0.000661,0.00041749,2048,15778.74,1787760462.256
2035,126.38,0.000796,0.00041703,2048,16205.08,1787760462.384
2036,123.723,0.000711,0.00041656,2048,16553.11,1787760462.509
2037,129.596,0.00057,0.00041609,2048,15802.92,1787760462.64
2038,133.758,0.000592,0.00041562,2048,15311.23,1787760462.775
2039,143.995,0.000819,0.00041515,2048,14222.72,1787760462.919
2040,149.514,0.000786,0.00041468,2048,13697.7,1787760463.071
2041,140.867,0.000651,0.00041421,2048,14538.54,1787760463.213
2042,150.743,0.000744,0.00041375,2048,13586.02,1787760463.364
2043,151.561,0.000782,0.00041328,2048,13512.74,1787760463.517
2044,155.492,0.000826,0.00041281,2048,13171.08,1787760463.674
2045,140.58,0.000653,0.00041234,2048,14568.24,1787760463.815
2046,166.519,0.000507,0.00041188,2048,12298.93,1787760463.983
2047,163.846,0.000683,0.00041141,2048,12499.57,1787760464.149
2048,163.886,0.000536,0.00041094,2048,12496.51,1787760464.314
2049,163.915,0.00058,0.00041048,2048,12494.31,1787760464.48
2050,168.772,0.000653,0.00041001,2048,12134.69,1787760464.65
2051,150.254,0.000613,0.00040954,2048,13630.23,1787760464.802
2052,146.302,0.0005,0.00040908,2048,13998.49,1787760464.949
2053,143.052,0.000596,0.00040861,2048,14316.47,1787760465.095
2054,151.379,0.00056,0.00040814,2048,13528.97,1787760465.247
2055,143.445,0.000571,0.00040768,2048,14277.22,1787760465.393
2056,143.453,0.000571,0.00040721,2048,14276.42,1787760465.537
2057,149.325,0.000446,0.00040675,2048,13715.06,1787760465.688
2058,141.206,0.000541,0.00040628,2048,14503.66,1787760465.832
2059,136.796,0.000513,0.00040582,2048,14971.19,1787760465.969
2060,137.527,0.000703,0.00040535,2048,14891.63,1787760466.107
2061,152.775,0.000391,0.00040489,2048,13405.31,1787760466.262
2062,143.349,0.000482,0.00040442,2048,14286.79,1787760466.407
2063,138.957,0.000483,0.00040396,2048,14738.39,1787760466.547
2064,140.643,0.000521,0.00040349,2048,14561.67,1787760466.689
2065,130.315,0.000586,0.00040303,2048,15715.77,1787760466.82
2066,142.103,0.000553,0.00040257,2048,14412.11,1787760466.964
2067,136.98,0.000575,0.0004021,2048,14951.08,1787760467.103
2068,132.082,0.000499,0.00040164,2048,15505.48,1787760467.235
2069,136.152,0.000531,0.00040118,2048,15042.0,1787760467.373
2070,125.624,0.000478,0.00040071,2048,16302.57,1787760467.501
2071,127.149,0.000594,0.00040025,2048,16107.09,1787760467.629
2072,144.942,0.000439,0.00039979,2048,14129.81,1787760467.776
2073,145.562,0.000499,0.00039932,2048,14069.62,1787760467.922
2074,138.943,0.000491,0.00039886,2048,14739.88,1787760468.063
2075,144.482,0.000592,0.0003984,2048,14174.76,1787760468.208
2076,128.837,0.000526,0.00039794,2048,15896.02,1787760468.338
2077,122.373,0.000431,0.00039748,2048,16735.76,1787760468.461
2078,137.496,0.00046,0.00039701,2048,14894.96,1787760468.6
2079,134.024,0.000748,0.00039655,2048,15280.86,1787760468.735
2080,132.428,0.000475,0.00039609,2048,15464.95,1787760468.869
2081,130.326,0.000549,0.00039563,2048,15714.42,1787760469.0
2082,114.285,0.000505,0.00039517,2048,17920.16,1787760469.117
2083,114.787,0.000621,0.00039471,2048,17841.79,1787760469.232
2084,135.494,0.000495,0.00039425,2048,15115.09,1787760469.369
2085,140.194,0.000511,0.00039379,2048,14608.38,1787760469.511
2086,133.616,0.000533,0.00039333,2048,15327.51,1787760469.645
2087,118.379,0.000525,0.00039287,2048,17300.37,1787760469.765
2088,121.675,0.000463,0.00039241,2048,16831.71,1787760469.888
2089,118.67,0.000418,0.00039195,2048,17257.96,1787760470.008
2090,129.478,0.000559,0.00039149,2048,15817.4,1787760470.139
2091,133.416,0.000472,0.00039103,2048,15350.53,1787760470.273
2092,125.992,0.000578,0.00039057,2048,16255.01,1787760470.401
2093,132.25,0.000453,0.00039011,2048,15485.88,1787760470.534
2094,124.036,0.000403,0.00038965,2048,16511.32,1787760470.66
2095,123.989,0.000541,0.00038919,2048,16517.63,1787760470.785
2096,131.898,0.000421,0.00038873,2048,15527.11,1787760470.918
2097,137.335,0.00059,0.00038828,2048,14912.45,1787760471.056
2098,126.019,0.00055,0.00038782,2048,16251.48,1787760471.183
2099,125.029,0.00042,0.00038736,2048,16380.13,1787760471.31
2100,118.208,0.000743,0.0003869,2048,17325.39,1787760471.429
2101,113.588,0.000493,0.00038645,2048,18030.11,1787760471.544
2102,115.444,0.000487,0.00038599,2048,17740.26,1787760471.661
2103,130.364,0.00048,0.00038553,2048,15709.85,1787760471.792
2104,134.926,0.000779,0.00038507,2048,15178.65,1787760471.928
2105,128.696,0.000599,0.00038462,2048,15913.42,1787760472.058
2106,131.472,0.000461,0.00038416,2048,15577.49,1787760472.19
2107,117.027,0.000495,0.00038371,2048,17500.26,1787760472.309
2108,125.183,0.000695,0.00038325,2048,16360.05,1787760472.435
2109,146.847,0.000571,0.00038279,2048,13946.46,1787760472.584
2110,139.973,0.000419,0.00038234,2048,14631.36,1787760472.725
2111,134.089,0.000607,0.00038188,2048,15273.48,1787760472.86
2112,119.77,0.000585,0.00038143,2048,17099.47,1787760472.981
2113,120.12,0.000622,0.00038097,2048,17049.67,1787760473.102
2114,114.088,0.000489,0.00038052,2048,17950.99,1787760473.217
2115,143.017,0.000472,0.00038006,2048,14319.98,1787760473.361
2116,128.212,0.00057,0.00037961,2048,15973.61,1787760473.491
2117,119.452,0.00059,0.00037915,2048,17144.9,1787760473.611
2118,117.29,0.000457,0.0003787,2048,17461.01,1787760473.73
2119,111.779,0.000463,0.00037825,2048,18321.92,1787760473.842
2120,114.288,0.000551,0.00037779,2048,17919.58,1787760473.958
2121,135.796,0.000484,0.00037734,2048,15081.5,1787760474.095
2122,154.636,0.000469,0.00037689,2048,13244.01,1787760474.251
2123,133.15,0.000608,0.00037643,2048,15381.18,1787760474.385
2124,133.592,0.00039,0.00037598,2048,15330.31,1787760474.52
2125,144.519,0.000429,0.00037553,2048,14171.15,1787760474.667
2126,149.663,0.000458,0.00037508,2048,13684.12,1787760474.818
2127,162.912,0.000585,0.00037462,2048,12571.17,1787760474.982
2128,152.683,0.000509,0.00037417,2048,13413.39,1787760475.136
2129,150.566,0.0005,0.00037372,2048,13601.97,1787760475.288
2130,133.392,0.000739,0.00037327,2048,15353.23,1787760475.422
2131,130.186,0.000546,0.00037282,2048,15731.3,1787760475.554
2132,124.061,0.000735,0.00037237,2048,16508.07,1787760475.679
2133,132.978,0.000663,0.00037191,2048,15401.06,1787760475.813
2134,138.935,0.000542,0.00037146,2048,14740.65,1787760475.954
2135,131.339,0.000682,0.00037101,2048,15593.2,1787760476.086
2136,125.138,0.000545,0.00037056,2048,16365.97,1787760476.212
2137,125.225,0.000476,0.00037011,2048,16354.57,1787760476.339
2138,133.818,0.000637,0.00036966,2048,15304.4,1787760476.474
2139,139.742,0.000548,0.00036921,2048,14655.56,1787760476.615
2140,133.832,0.000605,0.00036876,2048,15302.78,1787760476.75
2141,140.44,0.000507,0.00036831,2048,14582.77,1787760476.891
2142,141.273,0.000481,0.00036787,2048,14496.74,1787760477.034
2143,156.086,0.000623,0.00036742,2048,13120.99,1787760477.193
2144,164.184,0.000462,0.00036697,2048,12473.81,1787760477.358
2145,179.377,0.000544,0.00036652,2048,11417.28,1787760477.539
2146,148.304,0.000466,0.00036607,2048,13809.44,1787760477.688
2147,128.537,0.000398,0.00036562,2048,15933.16,1787760477.818
2148,110.777,0.000623,0.00036518,2048,18487.64,1787760477.931
2149,120.683,0.000492,0.00036473,2048,16970.15,1787760478.053
2150,113.953,0.000424,0.00036428,2048,17972.26,1787760478.168
2151,117.082,0.000477,0.00036383,2048,17492.0,1787760478.285
2152,120.729,0.000417,0.00036339,2048,16963.61,1787760478.407
2153,114.673,0.000484,0.00036294,2048,17859.56,1787760478.523
2154,140.208,0.000523,0.0003625,2048,14606.85,1787760478.664
2155,121.439,0.000421,0.00036205,2048,16864.38,1787760478.787
2156,119.176,0.000485,0.0003616,2048,17184.74,1787760478.908
2157,111.177,0.000739,0.00036116,2048,18420.99,1787760479.02
2158,112.818,0.000439,0.00036071,2048,18153.12,1787760479.133
2159,113.399,0.00071,0.00036027,2048,18060.17,1787760479.248
2160,125.731,0.000641,0.00035982,2048,16288.72,1787760479.374
2161,121.007,0.000608,0.00035938,2048,16924.58,1787760479.496
2162,116.968,0.000631,0.00035893,2048,17509.06,1787760479.615
2163,134.416,0.000511,0.00035849,2048,15236.28,1787760479.751
2164,132.713,0.000627,0.00035804,2048,15431.85,1787760479.885
2165,121.825,0.000678,0.0003576,2048,16811.0,1787760480.008
2166,133.899,0.000575,0.00035716,2048,15295.06,1787760480.143
2167,119.741,0.000894,0.00035671,2048,17103.58,1787760480.264
2168,112.748,0.000531,0.00035627,2048,18164.45,1787760480.378
2169,120.894,0.000892,0.00035583,2048,16940.42,1787760480.499
2170,141.659,0.000463,0.00035538,2048,14457.22,1787760480.642
2171,142.199,0.000587,0.00035494,2048,14402.38,1787760480.785
2172,136.317,0.001869,0.0003545,2048,15023.84,1787760480.923
2173,117.326,0.000801,0.00035406,2048,17455.67,1787760481.041
2174,115.603,0.000472,0.00035362,2048,17715.77,1787760481.158
2175,109.603,0.000831,0.00035317,2048,18685.55,1787760481.269
2176,114.523,0.001033,0.00035273,2048,17882.81,1787760481.383
2177,105.539,0.000766,0.00035229,2048,19405.17,1787760481.49
2178,130.595,0.000585,0.00035185,2048,15682.08,1787760481.621
2179,143.049,0.000765,0.00035141,2048,14316.72,1787760481.766
2180,157.455,0.00063,0.00035097,2048,13006.9,1787760481.926
2181,141.5,0.000882,0.00035053,2048,14473.52,1787760482.068
2182,140.689,0.000669,0.00035009,2048,14556.95,1787760482.21
2183,121.437,0.000505,0.00034965,2048,16864.75,1787760482.332
2184,133.238,0.000454,0.00034921,2048,15370.97,1787760482.467
2185,134.39,0.000506,0.00034877,2048,15239.23,1787760482.602
2186,119.623,0.00136,0.00034833,2048,17120.51,1787760482.724
2187,120.443,0.000388,0.00034789,2048,17003.89,1787760482.845
2188,121.392,0.000879,0.00034746,2048,16870.91,1787760482.968
2189,129.438,0.000546,0.00034702,2048,15822.21,1787760483.098
2190,126.176,0.000782,0.00034658,2048,16231.26,1787760483.226
2191,132.684,0.000474,0.00034614,2048,15435.16,1787760483.359
2192,128.309,0.000866,0.0003457,2048,15961.49,1787760483.489
2193,113.039,0.000413,0.00034527,2048,18117.58,1787760483.603
2194,121.819,0.000591,0.00034483,2048,16811.85,1787760483.725
2195,111.569,0.000758,0.00034439,2048,18356.35,1787760483.838
2196,111.619,0.000615,0.00034396,2048,18348.05,1787760483.951
2197,116.384,0.000673,0.00034352,2048,17596.92,1787760484.069
2198,136.223,0.000515,0.00034308,2048,15034.23,1787760484.206
2199,135.856,0.000568,0.00034265,2048,15074.84,1787760484.343
2200,120.986,0.000595,0.00034221,2048,16927.59,1787760484.465
2201,118.524,0.000799,0.00034178,2048,17279.24,1787760484.585
2202,119.602,0.00051,0.00034134,2048,17123.49,1787760484.705
2203,123.94,0.000783,0.00034091,2048,16524.12,1787760484.83
2204,134.033,0.000503,0.00034047,2048,15279.77,1787760484.965
2205,128.819,0.000587,0.00034004,2048,15898.3,1787760485.095
2206,126.99,0.000553,0.00033961,2048,16127.23,1787760485.224
2207,126.017,0.000556,0.00033917,2048,16251.74,1787760485.351
2208,119.711,0.000411,0.00033874,2048,17107.81,1787760485.472
2209,145.815,0.000547,0.0003383,2048,14045.16,1787760485.619
2210,139.73,0.000563,0.00033787,2048,14656.81,1787760485.76
2211,175.887,0.000605,0.00033744,2048,11643.86,1787760485.937
2212,147.227,0.000574,0.00033701,2048,13910.44,1787760486.086
2213,161.487,0.000531,0.00033657,2048,12682.12,1787760486.249
2214,157.1,0.000503,0.00033614,2048,13036.32,1787760486.407
2215,141.499,0.000666,0.00033571,2048,14473.62,1787760486.55
2216,131.598,0.000643,0.00033528,2048,15562.57,1787760486.684
2217,135.9,0.0005,0.00033485,2048,15069.94,1787760486.821
2218,123.038,0.000698,0.00033442,2048,16645.21,1787760486.945
2219,121.363,0.000899,0.00033399,2048,16874.94,1787760487.067
2220,137.8,0.000874,0.00033356,2048,14862.12,1787760487.205
2221,146.577,0.00052,0.00033312,2048,13972.19,1787760487.354
2222,138.63,0.000931,0.00033269,2048,14773.12,1787760487.493
2223,125.407,0.000572,0.00033227,2048,16330.76,1787760487.62
2224,122.192,0.000585,0.00033184,2048,16760.56,1787760487.743
2225,120.217,0.000743,0.00033141,2048,17035.9,1787760487.865
2226,147.954,0.000573,0.00033098,2048,13842.1,1787760488.014
2227,153.677,0.001116,0.00033055,2048,13326.63,1787760488.169
2228,159.12,0.000536,0.00033012,2048,12870.76,1787760488.33
2229,161.201,0.000576,0.00032969,2048,12704.64,1787760488.492
2230,177.899,0.000563,0.00032926,2048,11512.14,1787760488.671
2231,182.923,0.000692,0.00032884,2048,11195.98,1787760488.857
2232,199.068,0.000471,0.00032841,2048,10287.92,1787760489.056
2233,197.968,0.000372,0.00032798,2048,10345.11,1787760489.256
2234,169.96,0.000738,0.00032756,2048,12049.87,1787760489.428
2235,160.946,0.000632,0.00032713,2048,12724.76,1787760489.591
2236,147.65,0.000471,0.0003267,2048,13870.62,1787760489.739
2237,136.655,0.000447,0.00032628,2048,14986.61,1787760489.878
2238,140.304,0.000516,0.00032585,2048,14596.88,1787760490.019
2239,134.141,0.00057,0.00032543,2048,15267.51,1787760490.155
2240,143.59,0.00055,0.000325,2048,14262.8,1787760490.3
2241,153.602,0.000756,0.00032458,2048,13333.12,1787760490.455
2242,135.646,0.000695,0.00032415,2048,15098.12,1787760490.593
2243,129.83,0.000548,0.00032373,2048,15774.44,1787760490.724
2244,125.148,0.000779,0.0003233,2048,16364.56,1787760490.849
2245,128.008,0.000468,0.00032288,2048,15998.95,1787760490.979
2246,137.041,0.000732,0.00032245,2048,14944.43,1787760491.116
2247,154.237,0.000517,0.00032203,2048,13278.31,1787760491.273
2248,140.883,0.000414,0.00032161,2048,14536.84,1787760491.415
2249,129.847,0.000599,0.00032118,2048,15772.36,1787760491.546
2250,135.012,0.001033,0.00032076,2048,15169.06,1787760491.683
2251,149.364,0.000556,0.00032034,2048,13711.51,1787760491.834
2252,150.614,0.00038,0.00031992,2048,13597.71,1787760491.986
2253,145.963,0.000632,0.0003195,2048,14030.91,1787760492.134
2254,136.083,0.000408,0.00031907,2048,15049.62,1787760492.271
2255,132.44,0.000612,0.00031865,2048,15463.57,1787760492.404
2256,115.806,0.000607,0.00031823,2048,17684.67,1787760492.521
2257,115.601,0.000495,0.00031781,2048,17716.17,1787760492.638
2258,141.069,0.000533,0.00031739,2048,14517.73,1787760492.78
2259,135.227,0.00047,0.00031697,2048,15144.85,1787760492.917
2260,113.599,0.000489,0.00031655,2048,18028.36,1787760493.031
2261,127.453,0.000492,0.00031613,2048,16068.72,1787760493.16
2262,111.953,0.0009,0.00031571,2048,18293.42,1787760493.273
2263,116.753,0.000456,0.00031529,2048,17541.25,1787760493.391
2264,115.536,0.000425,0.00031488,2048,17726.14,1787760493.507
2265,141.117,0.000473,0.00031446,2048,14512.83,1787760493.65
2266,125.828,0.000852,0.00031404,2048,16276.17,1787760493.777
2267,126.684,0.000404,0.00031362,2048,16166.18,1787760493.905
2268,119.471,0.000643,0.0003132,2048,17142.18,1787760494.026
2269,125.287,0.000508,0.00031279,2048,16346.43,1787760494.153
2270,119.535,0.000549,0.00031237,2048,17133.11,1787760494.273
2271,137.433,0.000548,0.00031195,2048,14901.76,1787760494.412
2272,132.892,0.000544,0.00031154,2048,15411.05,1787760494.546
2273,129.634,0.000602,0.00031112,2048,15798.29,1787760494.676
2274,130.465,0.000664,0.0003107,2048,15697.66,1787760494.808
2275,122.311,0.000551,0.00031029,2048,16744.21,1787760494.932
2276,109.661,0.000712,0.00030987,2048,18675.7,1787760495.042
2277,121.337,0.000458,0.00030946,2048,16878.65,1787760495.165
2278,148.425,0.000424,0.00030904,2048,13798.23,1787760495.315
2279,124.753,0.000394,0.00030863,2048,16416.49,1787760495.44
2280,123.383,0.000674,0.00030822,2048,16598.77,1787760495.564
2281,113.021,0.000617,0.0003078,2048,18120.51,1787760495.679
2282,122.462,0.000382,0.00030739,2048,16723.53,1787760495.803
2283,112.692,0.000377,0.00030697,2048,18173.44,1787760495.917
2284,120.235,0.000588,0.00030656,2048,17033.24,1787760496.038
2285,142.449,0.0005,0.00030615,2048,14377.13,1787760496.182
2286,139.004,0.000416,0.00030574,2048,14733.42,1787760496.321
2287,164.926,0.000585,0.00030532,2048,12417.68,1787760496.492
2288,163.257,0.000545,0.00030491,2048,12544.61,1787760496.657
2289,142.134,0.000538,0.0003045,2048,14408.93,1787760496.799
2290,137.586,0.000479,0.00030409,2048,14885.28,1787760496.938
2291,135.112,0.000436,0.00030368,2048,15157.82,1787760497.075
2292,132.026,0.00038,0.00030327,2048,15512.13,1787760497.208
2293,132.833,0.000419,0.00030286,2048,15417.8,1787760497.342
2294,148.254,0.000508,0.00030245,2048,13814.09,1787760497.493
2295,144.933,0.00038,0.00030204,2048,14130.63,1787760497.639
2296,129.953,0.000387,0.00030163,2048,15759.52,1787760497.77
2297,125.69,0.000542,0.00030122,2048,16294.03,1787760497.897
2298,129.376,0.000512,0.00030081,2048,15829.85,1787760498.027
2299,143.887,0.000747,0.0003004,2048,14233.38,1787760498.172
2300,140.983,0.000516,0.00029999,2048,14526.57,1787760498.314
2301,141.988,0.000565,0.00029959,2048,14423.8,1787760498.458
2302,122.667,0.000426,0.00029918,2048,16695.66,1787760498.581
2303,117.296,0.000647,0.00029877,2048,17460.12,1787760498.7
2304,126.075,0.000476,0.00029836,2048,16244.29,1787760498.827
2305,141.569,0.000395,0.00029796,2048,14466.4,1787760498.97
2306,143.069,0.000425,0.00029755,2048,14314.76,1787760499.115
2307,128.813,0.000368,0.00029714,2048,15898.97,1787760499.245
2308,136.601,0.000606,0.00029674,2048,14992.55,1787760499.383
2309,118.784,0.000519,0.00029633,2048,17241.32,1787760499.503
2310,136.379,0.000405,0.00029593,2048,15016.94,1787760499.64
2311,148.652,0.000508,0.00029552,2048,13777.16,1787760499.791
2312,140.559,0.00044,0.00029512,2048,14570.37,1787760499.932
2313,139.057,0.000422,0.00029471,2048,14727.82,1787760500.073
2314,132.396,0.000422,0.00029431,2048,15468.7,1787760500.206
2315,128.916,0.000528,0.0002939,2048,15886.31,1787760500.337
2316,159.539,0.000404,0.0002935,2048,12836.99,1787760500.497
2317,138.678,0.000455,0.0002931,2048,14767.98,1787760500.638
2318,136.367,0.000364,0.0002927,2048,15018.33,1787760500.775
2319,125.499,0.000407,0.00029229,2048,16318.88,1787760500.902
2320,115.69,0.000617,0.00029189,2048,17702.53,1787760501.019
2321,125.824,0.00075,0.00029149,2048,16276.65,1787760501.146
2322,135.676,0.000533,0.00029109,2048,15094.82,1787760501.282
2323,155.055,0.000482,0.00029069,2048,13208.22,1787760501.439
2324,132.431,0.000438,0.00029028,2048,15464.65,1787760501.573
2325,129.63,0.000574,0.00028988,2048,15798.86,1787760501.704
2326,110.262,0.000511,0.00028948,2048,18573.91,1787760501.815
2327,126.025,0.000321,0.00028908,2048,16250.72,1787760501.943
2328,139.989,0.000419,0.00028868,2048,14629.72,1787760502.085
2329,141.549,0.000418,0.00028828,2048,14468.51,1787760502.227
2330,136.42,0.000396,0.00028789,2048,15012.48,1787760502.366
2331,130.819,0.000373,0.00028749,2048,15655.27,1787760502.498
2332,127.419,0.000482,0.00028709,2048,16072.93,1787760502.627
2333,122.058,0.000373,0.00028669,2048,16778.94,1787760502.75
2334,123.429,0.000456,0.00028629,2048,16592.49,1787760502.874
2335,148.081,0.000441,0.00028589,2048,13830.26,1787760503.024
2336,132.698,0.000404,0.0002855,2048,15433.59,1787760503.158
2337,132.55,0.000362,0.0002851,2048,15450.82,1787760503.291
2338,119.455,0.000454,0.0002847,2048,17144.46,1787760503.411
2339,139.773,0.000485,0.00028431,2048,14652.29,1787760503.552
2340,126.45,0.000563,0.00028391,2048,16196.11,1787760503.679
2341,125.883,0.000412,0.00028351,2048,16269.13,1787760503.807
2342,159.158,0.000398,0.00028312,2048,12867.71,1787760503.967
2343,121.726,0.000553,0.00028272,2048,16824.74,1787760504.09
2344,119.771,0.000398,0.00028233,2048,17099.35,1787760504.211
2345,127.826,0.000398,0.00028194,2048,16021.75,1787760504.342
2346,136.035,0.000507,0.00028154,2048,15054.89,1787760504.478
2347,122.33,0.000373,0.00028115,2048,16741.53,1787760504.602
2348,140.555,0.0004,0.00028075,2048,14570.8,1787760504.745
2349,139.875,0.000543,0.00028036,2048,14641.63,1787760504.885
2350,142.47,0.000463,0.00027997,2048,14374.99,1787760505.029
2351,125.685,0.000522,0.00027958,2048,16294.68,1787760505.156
2352,160.67,0.000591,0.00027918,2048,12746.66,1787760505.319
2353,200.56,0.000467,0.00027879,2048,10211.42,1787760505.521
2354,209.604,0.000497,0.0002784,2048,9770.78,1787760505.731
2355,168.948,0.000414,0.00027801,2048,12122.07,1787760505.902
2356,179.344,0.000438,0.00027762,2048,11419.42,1787760506.083
2357,188.051,0.000525,0.00027723,2048,10890.65,1787760506.272
2358,170.217,0.000499,0.00027684,2048,12031.73,1787760506.444
2359,155.114,0.000575,0.00027645,2048,13203.16,1787760506.601
2360,147.101,0.000459,0.00027606,2048,13922.39,1787760506.75
2361,150.867,0.000356,0.00027567,2048,13574.83,1787760506.902
2362,184.784,0.000378,0.00027528,2048,11083.2,1787760507.088
2363,175.164,0.000435,0.00027489,2048,11691.91,1787760507.264
2364,156.35,0.00039,0.0002745,2048,13098.84,1787760507.422
2365,162.766,0.000389,0.00027411,2048,12582.51,1787760507.586
2366,152.917,0.000319,0.00027373,2048,13392.92,1787760507.741
2367,154.124,0.000379,0.00027334,2048,13287.98,1787760507.896
2368,144.133,0.000367,0.00027295,2048,14209.12,1787760508.041
2369,154.482,0.000413,0.00027257,2048,13257.24,1787760508.197
2370,153.462,0.000385,0.00027218,2048,13345.34,1787760508.352
2371,139.671,0.000527,0.00027179,2048,14663.07,1787760508.493
2372,157.792,0.000454,0.00027141,2048,12979.08,1787760508.653
2373,145.443,0.000373,0.00027102,2048,14081.12,1787760508.8
2374,142.087,0.000341,0.00027064,2048,14413.74,1787760508.943
2375,139.899,0.000397,0.00027025,2048,14639.12,1787760509.084
2376,127.451,0.000425,0.00026987,2048,16068.95,1787760509.213
2377,128.042,0.000373,0.00026948,2048,15994.8,1787760509.343
2378,139.012,0.000317,0.0002691,2048,14732.5,1787760509.483
2379,158.778,0.00046,0.00026872,2048,12898.53,1787760509.643
2380,138.009,0.000439,0.00026833,2048,14839.56,1787760509.782
2381,141.97,0.000378,0.00026795,2048,14425.54,1787760509.925
2382,138.567,0.000387,0.00026757,2048,14779.8,1787760510.065
2383,131.72,0.000335,0.00026719,2048,15548.1,1787760510.198
2384,143.92,0.000362,0.00026681,2048,14230.17,1787760510.343
2385,132.507,0.000325,0.00026642,2048,15455.74,1787760510.476
2386,129.557,0.000389,0.00026604,2048,15807.76,1787760510.607
2387,122.787,0.000341,0.00026566,2048,16679.24,1787760510.731
2388,116.51,0.000444,0.00026528,2048,17577.83,1787760510.848
2389,128.016,0.000351,0.0002649,2048,15997.98,1787760510.978
2390,148.645,0.000373,0.00026452,2048,13777.76,1787760511.128
2391,136.786,0.000504,0.00026414,2048,14972.33,1787760511.266
2392,116.884,0.000737,0.00026376,2048,17521.6,1787760511.384
2393,116.828,0.000399,0.00026339,2048,17530.01,1787760511.501
2394,125.02,0.000298,0.00026301,2048,16381.39,1787760511.628
2395,120.5,0.000574,0.00026263,2048,16995.82,1787760511.749
2396,135.437,0.000448,0.00026225,2048,15121.44,1787760511.886
2397,128.254,0.000392,0.00026188,2048,15968.3,1787760512.016
2398,114.856,0.000361,0.0002615,2048,17830.96,1787760512.131
2399,135.111,0.000545,0.00026112,2048,15157.95,1787760512.268
2400,110.846,0.000389,0.00026075,2048,18476.08,1787760512.379
2401,120.008,0.000463,0.00026037,2048,17065.5,1787760512.5
2402,115.9,0.000427,0.00025999,2048,17670.42,1787760512.617
2403,127.448,0.000404,0.00025962,2048,16069.27,1787760512.746
2404,142.353,0.000411,0.00025924,2048,14386.77,1787760512.889
2405,136.374,0.000517,0.00025887,2048,15017.48,1787760513.027
2406,115.118,0.000418,0.0002585,2048,17790.5,1787760513.143
2407,116.56,0.000645,0.00025812,2048,17570.38,1787760513.261
2408,130.748,0.000319,0.00025775,2048,15663.72,1787760513.393
2409,129.34,0.000382,0.00025738,2048,15834.21,1787760513.524
2410,109.285,0.000474,0.000257,2048,18740.08,1787760513.634
2411,118.625,0.00037,0.00025663,2048,17264.53,1787760513.753
2412,114.76,0.000468,0.00025626,2048,17845.97,1787760513.869
2413,115.24,0.000533,0.00025589,2048,17771.55,1787760513.987
2414,124.8,0.000423,0.00025552,2048,16410.31,1787760514.112
2415,117.353,0.000417,0.00025514,2048,17451.62,1787760514.23
2416,106.288,0.000563,0.00025477,2048,19268.42,1787760514.338
2417,119.801,0.000365,0.0002544,2048,17094.96,1787760514.459
2418,114.042,0.000734,0.00025403,2048,17958.23,1787760514.573
2419,123.769,0.000349,0.00025366,2048,16546.9,1787760514.699
2420,121.715,0.00035,0.00025329,2048,16826.23,1787760514.822
2421,111.43,0.000428,0.00025293,2048,18379.27,1787760514.934
2422,108.966,0.000399,0.00025256,2048,18794.82,1787760515.044
2423,115.979,0.000392,0.00025219,2048,17658.29,1787760515.162
2424,136.536,0.000325,0.00025182,2048,14999.67,1787760515.299
2425,129.751,0.000364,0.00025145,2048,15784.1,1787760515.431
2426,105.476,0.00052,0.00025109,2048,19416.81,1787760515.537
2427,115.128,0.00037,0.00025072,2048,17788.94,1787760515.652
2428,117.843,0.000373,0.00025035,2048,17379.08,1787760515.771
2429,103.355,0.000379,0.00024999,2048,19815.22,1787760515.876
2430,113.417,0.000324,0.00024962,2048,18057.24,1787760515.991
2431,116.926,0.00055,0.00024926,2048,17515.34,1787760516.11
2432,108.112,0.000286,0.00024889,2048,18943.27,1787760516.221
2433,122.289,0.000365,0.00024853,2048,16747.19,1787760516.344
2434,130.064,0.000466,0.00024816,2048,15746.12,1787760516.476
2435,118.542,0.000449,0.0002478,2048,17276.61,1787760516.596
2436,130.277,0.00037,0.00024743,2048,15720.4,1787760516.726
2437,129.951,0.000358,0.00024707,2048,15759.75,1787760516.857
2438,107.543,0.000378,0.00024671,2048,19043.56,1787760516.966
2439,114.519,0.000349,0.00024635,2048,17883.56,1787760517.082
2440,110.534,0.000391,0.00024598,2048,18528.25,1787760517.193
2441,108.886,0.000347,0.00024562,2048,18808.7,1787760517.303
2442,119.919,0.000407,0.00024526,2048,17078.19,1787760517.424
2443,120.085,0.000404,0.0002449,2048,17054.54,1787760517.545
2444,125.507,0.000337,0.00024454,2048,16317.79,1787760517.672
2445,124.406,0.000445,0.00024418,2048,16462.2,1787760517.797
2446,113.627,0.000414,0.00024382,2048,18023.87,1787760517.912
2447,127.856,0.000419,0.00024346,2048,16018.03,1787760518.041
2448,132.122,0.000373,0.0002431,2048,15500.77,1787760518.173
2449,108.624,0.000363,0.00024274,2048,18853.99,1787760518.284
2450,114.278,0.000342,0.00024238,2048,17921.26,1787760518.399
2451,112.309,0.00031,0.00024203,2048,18235.47,1787760518.513
2452,132.507,0.000507,0.00024167,2048,15455.8,1787760518.646
2453,108.405,0.000405,0.00024131,2048,18892.17,1787760518.756
2454,134.311,0.000321,0.00024095,2048,15248.15,1787760518.891
2455,119.809,0.000307,0.0002406,2048,17093.9,1787760519.012
2456,124.621,0.000464,0.00024024,2048,16433.89,1787760519.138
2457,115.99,0.000342,0.00023988,2048,17656.74,1787760519.254
2458,133.27,0.000343,0.00023953,2048,15367.28,1787760519.389
2459,151.832,0.00039,0.00023917,2048,13488.6,1787760519.542
2460,136.565,0.000344,0.00023882,2048,14996.52,1787760519.68
2461,131.315,0.000375,0.00023846,2048,15596.05,1787760519.813
2462,134.126,0.000342,0.00023811,2048,15269.21,1787760519.948
2463,151.455,0.000478,0.00023776,2048,13522.15,1787760520.101
2464,146.781,0.000369,0.0002374,2048,13952.76,1787760520.249
2465,144.777,0.000364,0.00023705,2048,14145.84,1787760520.395
2466,145.558,0.000436,0.0002367,2048,14069.94,1787760520.541
2467,147.197,0.000307,0.00023635,2048,13913.3,1787760520.69
2468,123.595,0.000341,0.00023599,2048,16570.28,1787760520.816
2469,135.194,0.000393,0.00023564,2048,15148.63,1787760520.952
2470,147.201,0.000493,0.00023529,2048,13912.92,1787760521.1
2471,150.494,0.000358,0.00023494,2048,13608.48,1787760521.251
2472,130.886,0.00043,0.00023459,2048,15647.17,1787760521.384
2473,141.241,0.000383,0.00023424,2048,14500.04,1787760521.526
2474,139.662,0.000349,0.00023389,2048,14663.95,1787760521.666
2475,159.654,0.00037,0.00023354,2048,12827.7,1787760521.827
2476,133.928,0.000445,0.00023319,2048,15291.84,1787760521.962
2477,128.428,0.0004,0.00023284,2048,15946.68,1787760522.092
2478,146.395,0.000428,0.0002325,2048,13989.54,1787760522.239
2479,181.862,0.000348,0.00023215,2048,11261.26,1787760522.423
2480,165.361,0.00041,0.0002318,2048,12385.01,1787760522.59
2481,136.838,0.000347,0.00023146,2048,14966.58,1787760522.728
2482,170.277,0.000528,0.00023111,2048,12027.45,1787760522.899
2483,140.679,0.000396,0.00023076,2048,14557.99,1787760523.041
2484,136.459,0.000386,0.00023042,2048,15008.21,1787760523.179
2485,156.218,0.000356,0.00023007,2048,13109.9,1787760523.337
2486,129.235,0.00045,0.00022973,2048,15847.12,1787760523.468
2487,150.919,0.000411,0.00022938,2048,13570.21,1787760523.621
2488,145.368,0.000559,0.00022904,2048,14088.42,1787760523.766
2489,137.385,0.000343,0.00022869,2048,14906.97,1787760523.906
2490,138.62,0.000376,0.00022835,2048,14774.2,1787760524.046
2491,150.698,0.000283,0.00022801,2048,13590.07,1787760524.199
2492,155.7,0.000416,0.00022766,2048,13153.47,1787760524.356
2493,132.201,0.000391,0.00022732,2048,15491.55,1787760524.489
2494,133.755,0.00032,0.00022698,2048,15311.6,1787760524.624
2495,125.049,0.000343,0.00022664,2048,16377.65,1787760524.751
2496,130.166,0.000315,0.0002263,2048,15733.72,1787760524.881
2497,137.43,0.000285,0.00022596,2048,14902.11,1787760525.021
2498,140.235,0.000322,0.00022562,2048,14604.08,1787760525.163
2499,116.437,0.000333,0.00022528,2048,17588.85,1787760525.281
2500,120.855,0.000326,0.00022494,2048,16945.86,1787760525.403
2501,132.97,0.000507,0.0002246,2048,15402.02,1787760525.537
2502,170.659,0.000318,0.00022426,2048,12000.53,1787760525.708
2503,200.7,0.0003,0.00022392,2048,10204.3,1787760525.914
2504,212.996,0.000543,0.00022358,2048,9615.19,1787760526.128
2505,210.162,0.000451,0.00022324,2048,9744.88,1787760526.341
2506,201.96,0.000298,0.00022291,2048,10140.63,1787760526.544
2507,235.006,0.00037,0.00022257,2048,8714.67,1787760526.781
2508,179.844,0.000361,0.00022223,2048,11387.65,1787760526.963
2509,168.099,0.000381,0.0002219,2048,12183.3,1787760527.132
2510,115.094,0.000401,0.00022156,2048,17794.18,1787760527.248
2511,118.32,0.000316,0.00022123,2048,17309.01,1787760527.368
2512,106.095,0.000404,0.00022089,2048,19303.44,1787760527.475
2513,176.645,0.000469,0.00022056,2048,11593.87,1787760527.652
2514,192.399,0.000429,0.00022022,2048,10644.53,1787760527.847
2515,201.538,0.0004,0.00021989,2048,10161.84,1787760528.05
2516,191.164,0.000316,0.00021955,2048,10713.31,1787760528.243
2517,161.935,0.000393,0.00021922,2048,12647.01,1787760528.406
2518,106.628,0.000313,0.00021889,2048,19207.0,1787760528.513
2519,109.807,0.000334,0.00021856,2048,18650.94,1787760528.624
2520,95.783,0.000474,0.00021823,2048,21381.64,1787760528.721
2521,95.387,0.000275,0.00021789,2048,21470.36,1787760528.818
2522,103.419,0.000344,0.00021756,2048,19803.01,1787760528.923
2523,125.105,0.000329,0.00021723,2048,16370.3,1787760529.048
2524,116.152,0.000292,0.0002169,2048,17632.07,1787760529.166
2525,160.86,0.000312,0.00021657,2048,12731.6,1787760529.329
2526,138.589,0.000366,0.00021624,2048,14777.56,1787760529.469
2527,175.021,0.00029,0.00021591,2048,11701.43,1787760529.646
2528,144.733,0.0003,0.00021558,2048,14150.18,1787760529.792
2529,118.79,0.000369,0.00021526,2048,17240.57,1787760529.912
2530,117.515,0.000403,0.00021493,2048,17427.59,1787760530.031
2531,132.075,0.000355,0.0002146,2048,15506.34,1787760530.164
2532,126.364,0.000371,0.00021427,2048,16207.08,1787760530.291
2533,125.045,0.000464,0.00021395,2048,16378.04,1787760530.418
2534,162.212,0.000413,0.00021362,2048,12625.46,1787760530.581
2535,140.773,0.000347,0.0002133,2048,14548.25,1787760530.723
2536,120.55,0.000303,0.00021297,2048,16988.73,1787760530.845
2537,138.71,0.000369,0.00021264,2048,14764.6,1787760530.985
2538,116.597,0.00049,0.00021232,2048,17564.8,1787760531.103
2539,183.777,0.000426,0.000212,2048,11143.92,1787760531.288
2540,220.955,0.000296,0.00021167,2048,9268.87,1787760531.51
2541,209.737,0.000294,0.00021135,2048,9764.61,1787760531.722
2542,163.588,0.00048,0.00021103,2048,12519.23,1787760531.887
2543,203.327,0.000373,0.0002107,2048,10072.46,1787760532.092
2544,186.854,0.000344,0.00021038,2048,10960.41,1787760532.281
2545,175.742,0.00035,0.00021006,2048,11653.43,1787760532.458
2546,184.811,0.000292,0.00020974,2048,11081.61,1787760532.645
2547,139.012,0.000296,0.00020942,2048,14732.54,1787760532.785
2548,135.148,0.000373,0.0002091,2048,15153.76,1787760532.922
2549,127.105,0.000445,0.00020878,2048,16112.6,1787760533.049
2550,107.697,0.000313,0.00020846,2048,19016.4,1787760533.158
2551,106.764,0.000358,0.00020814,2048,19182.44,1787760533.267
2552,147.454,0.000313,0.00020782,2048,13889.11,1787760533.415
2553,139.944,0.000291,0.0002075,2048,14634.46,1787760533.556
2554,122.79,0.000553,0.00020718,2048,16678.92,1787760533.679
2555,92.198,0.000642,0.00020686,2048,22213.06,1787760533.772
2556,92.029,0.000394,0.00020655,2048,22253.88,1787760533.865
2557,118.556,0.000289,0.00020623,2048,17274.57,1787760533.986
2558,110.357,0.00036,0.00020591,2048,18558.02,1787760534.096
2559,119.482,0.00052,0.0002056,2048,17140.73,1787760534.217
2560,100.469,0.000377,0.00020528,2048,20384.36,1787760534.318
2561,98.798,0.000394,0.00020496,2048,20729.23,1787760534.417
2562,115.0,0.000463,0.00020465,2048,17808.74,1787760534.534
2563,120.604,0.000379,0.00020434,2048,16981.17,1787760534.656
2564,151.983,0.000313,0.00020402,2048,13475.17,1787760534.809
2565,103.896,0.000301,0.00020371,2048,19712.06,1787760534.913
2566,102.225,0.000448,0.00020339,2048,20034.34,1787760535.017
2567,126.545,0.000518,0.00020308,2048,16183.99,1787760535.144
2568,121.024,0.000388,0.00020277,2048,16922.26,1787760535.266
2569,113.497,0.000311,0.00020246,2048,18044.59,1787760535.38
2570,100.1,0.000444,0.00020215,2048,20459.48,1787760535.482
2571,116.565,0.000335,0.00020183,2048,17569.66,1787760535.599
2572,111.895,0.000356,0.00020152,2048,18302.87,1787760535.713
2573,94.077,0.000557,0.00020121,2048,21769.45,1787760535.807
2574,132.454,0.000404,0.0002009,2048,15461.98,1787760535.941
2575,126.674,0.000337,0.00020059,2048,16167.51,1787760536.069
2576,154.603,0.000439,0.00020028,2048,13246.82,1787760536.225
2577,132.675,0.000326,0.00019998,2048,15436.23,1787760536.359
2578,149.654,0.00031,0.00019967,2048,13684.91,1787760536.509
2579,141.093,0.000318,0.00019936,2048,14515.29,1787760536.652
2580,122.634,0.000372,0.00019905,2048,16700.11,1787760536.776
2581,109.937,0.000372,0.00019874,2048,18628.78,1787760536.886
2582,113.043,0.000372,0.00019844,2048,18117.0,1787760537.001
2583,120.272,0.000465,0.00019813,2048,17028.0,1787760537.122
2584,108.116,0.000332,0.00019783,2048,18942.63,1787760537.231
2585,139.451,0.000561,0.00019752,2048,14686.2,1787760537.372
2586,122.263,0.000419,0.00019722,2048,16750.83,1787760537.495
2587,116.666,0.0003,0.00019691,2048,17554.43,1787760537.613
2588,112.571,0.000355,0.00019661,2048,18192.95,1787760537.727
2589,108.802,0.000299,0.0001963,2048,18823.2,1787760537.837
2590,104.193,0.000372,0.000196,2048,19655.77,1787760537.942
2591,121.906,0.000405,0.0001957,2048,16799.84,1787760538.065
2592,111.516,0.000653,0.0001954,2048,18365.04,1787760538.178
2593,134.161,0.000329,0.00019509,2048,15265.29,1787760538.314
2594,96.071,0.000325,0.00019479,2048,21317.59,1787760538.41
2595,107.114,0.000334,0.00019449,2048,19119.91,1787760538.518
2596,98.47,0.000333,0.00019419,2048,20798.21,1787760538.618
2597,107.28,0.000305,0.00019389,2048,19090.27,1787760538.727
2598,124.34,0.000385,0.00019359,2048,16470.97,1787760538.851
2599,129.012,0.000333,0.00019329,2048,15874.44,1787760538.982
2600,126.696,0.000302,0.00019299,2048,16164.64,1787760539.11
2601,158.93,0.000292,0.00019269,2048,12886.21,1787760539.27
2602,117.907,0.000327,0.00019239,2048,17369.59,1787760539.389
2603,96.016,0.000344,0.0001921,2048,21329.8,1787760539.486
2604,103.506,0.000433,0.0001918,2048,19786.35,1787760539.59
2605,103.53,0.000291,0.0001915,2048,19781.71,1787760539.694
2606,113.369,0.000362,0.00019121,2048,18064.92,1787760539.809
2607,115.578,0.000326,0.00019091,2048,17719.59,1787760539.926
2608,115.378,0.00038,0.00019061,2048,17750.34,1787760540.043
2609,109.771,0.000305,0.00019032,2048,18656.95,1787760540.154
2610,130.416,0.000291,0.00019002,2048,15703.55,1787760540.285
2611,131.147,0.000286,0.00018973,2048,15616.09,1787760540.418
2612,132.616,0.000308,0.00018944,2048,15443.05,1787760540.552
2613,129.484,0.000399,0.00018914,2048,15816.64,1787760540.683
2614,96.291,0.000348,0.00018885,2048,21268.93,1787760540.779
2615,107.302,0.000272,0.00018856,2048,19086.35,1787760540.888
2616,104.642,0.000331,0.00018826,2048,19571.53,1787760540.994
2617,115.81,0.000417,0.00018797,2048,17684.09,1787760541.111
2618,98.319,0.000396,0.00018768,2048,20830.2,1787760541.212
2619,98.102,0.000294,0.00018739,2048,20876.19,1787760541.31
2620,105.882,0.000325,0.0001871,2048,19342.3,1787760541.417
2621,124.814,0.000386,0.00018681,2048,16408.39,1787760541.543
2622,137.444,0.000353,0.00018652,2048,14900.58,1787760541.682
2623,114.911,0.000287,0.00018623,2048,17822.44,1787760541.797
2624,124.845,0.000261,0.00018594,2048,16404.34,1787760541.923
2625,132.299,0.00035,0.00018565,2048,15480.12,1787760542.057
2626,107.188,0.000402,0.00018537,2048,19106.65,1787760542.165
2627,118.178,0.000432,0.00018508,2048,17329.85,1787760542.285
2628,118.151,0.000328,0.00018479,2048,17333.74,1787760542.404
2629,112.461,0.000274,0.00018451,2048,18210.77,1787760542.518
2630,95.423,0.000255,0.00018422,2048,21462.42,1787760542.614
2631,99.008,0.000311,0.00018393,2048,20685.28,1787760542.713
2632,96.621,0.000377,0.00018365,2048,21196.2,1787760542.811
2633,86.862,0.000307,0.00018336,2048,23577.52,1787760542.899
2634,95.943,0.000312,0.00018308,2048,21346.01,1787760542.996
2635,90.632,0.000274,0.00018279,2048,22596.88,1787760543.087
2636,123.997,0.000414,0.00018251,2048,16516.56,1787760543.213
2637,97.326,0.000288,0.00018223,2048,21042.72,1787760543.311
2638,108.044,0.00036,0.00018195,2048,18955.17,1787760543.42
2639,106.268,0.000396,0.00018166,2048,19272.1,1787760543.527
2640,98.393,0.000311,0.00018138,2048,20814.57,1787760543.626
2641,96.103,0.000291,0.0001811,2048,21310.54,1787760543.723
2642,96.886,0.000299,0.00018082,2048,21138.18,1787760543.821
2643,100.286,0.000391,0.00018054,2048,20421.68,1787760543.923
2644,108.961,0.000363,0.00018026,2048,18795.77,1787760544.033
2645,90.509,0.000286,0.00017998,2048,22627.61,1787760544.124
2646,88.019,0.000307,0.0001797,2048,23267.68,1787760544.213
2647,107.163,0.000308,0.00017942,2048,19111.11,1787760544.321
2648,93.03,0.000436,0.00017914,2048,22014.38,1787760544.414
2649,72.211,0.000299,0.00017887,2048,28361.25,1787760544.487
2650,89.666,0.000349,0.00017859,2048,22840.27,1787760544.577
2651,107.358,0.000389,0.00017831,2048,19076.36,1787760544.686
2652,101.63,0.000471,0.00017803,2048,20151.57,1787760544.789
2653,113.606,0.000308,0.00017776,2048,18027.17,1787760544.904
2654,96.303,0.000325,0.00017748,2048,21266.17,1787760545.001
2655,89.898,0.000341,0.00017721,2048,22781.48,1787760545.092
2656,82.254,0.000401,0.00017693,2048,24898.52,1787760545.175
2657,103.597,0.00034,0.00017666,2048,19768.99,1787760545.279
2658,84.776,0.000283,0.00017638,2048,24157.78,1787760545.365
2659,101.573,0.000572,0.00017611,2048,20162.76,1787760545.467
2660,94.883,0.000348,0.00017584,2048,21584.55,1787760545.563
2661,87.646,0.000316,0.00017557,2048,23366.59,1787760545.652
2662,102.691,0.000411,0.00017529,2048,19943.25,1787760545.756
2663,106.144,0.00045,0.00017502,2048,19294.54,1787760545.863
2664,108.552,0.000528,0.00017475,2048,18866.52,1787760545.972
2665,122.341,0.0003,0.00017448,2048,16740.05,1787760546.095
2666,98.191,0.000354,0.00017421,2048,20857.25,1787760546.195
2667,111.512,0.000295,0.00017394,2048,18365.7,1787760546.307
2668,80.585,0.000371,0.00017367,2048,25414.22,1787760546.389
2669,158.444,0.000327,0.0001734,2048,12925.66,1787760546.549
2670,125.377,0.00042,0.00017313,2048,16334.77,1787760546.675
2671,125.212,0.000316,0.00017287,2048,16356.27,1787760546.801
2672,126.902,0.0004,0.0001726,2048,16138.41,1787760546.929
2673,149.508,0.000395,0.00017233,2048,13698.26,1787760547.079
2674,161.805,0.000357,0.00017206,2048,12657.22,1787760547.242
2675,142.6,0.00049,0.0001718,2048,14361.81,1787760547.386
2676,144.736,0.000223,0.00017153,2048,14149.88,1787760547.533
2677,161.724,0.000448,0.00017127,2048,12663.56,1787760547.696
2678,136.131,0.000332,0.000171,2048,15044.29,1787760547.833
2679,167.01,0.000365,0.00017074,2048,12262.77,1787760548.002
2680,165.546,0.00049,0.00017047,2048,12371.18,1787760548.169
2681,158.266,0.000336,0.00017021,2048,12940.26,1787760548.329
2682,171.397,0.000304,0.00016995,2048,11948.87,1787760548.503
2683,185.859,0.00033,0.00016968,2048,11019.12,1787760548.69
2684,192.871,0.000307,0.00016942,2048,10618.5,1787760548.885
2685,190.026,0.000275,0.00016916,2048,10777.49,1787760549.076
2686,200.063,0.000292,0.0001689,2048,10236.77,1787760549.278
2687,176.951,0.000277,0.00016864,2048,11573.85,1787760549.457
2688,199.637,0.000325,0.00016838,2048,10258.62,1787760549.658
2689,170.141,0.000353,0.00016812,2048,12037.07,1787760549.83
2690,125.816,0.000248,0.00016786,2048,16277.76,1787760549.957
2691,113.691,0.000306,0.0001676,2048,18013.75,1787760550.072
2692,104.414,0.000361,0.00016734,2048,19614.25,1787760550.177
2693,110.918,0.000353,0.00016708,2048,18464.12,1787760550.289
2694,136.395,0.000402,0.00016683,2048,15015.19,1787760550.426
2695,109.912,0.000283,0.00016657,2048,18633.05,1787760550.538
2696,184.675,0.000356,0.00016631,2048,11089.75,1787760550.723
2697,145.087,0.000365,0.00016606,2048,14115.65,1787760550.87
2698,105.923,0.000283,0.0001658,2048,19334.82,1787760550.978
2699,151.748,0.000292,0.00016554,2048,13496.09,1787760551.13
2700,150.644,0.000368,0.00016529,2048,13595.0,1787760551.282
2701,148.903,0.000394,0.00016504,2048,13753.89,1787760551.433
2702,164.692,0.000268,0.00016478,2048,12435.37,1787760551.6
2703,174.749,0.000268,0.00016453,2048,11719.66,1787760551.775
2704,163.561,0.000268,0.00016427,2048,12521.31,1787760551.941
2705,165.262,0.000286,0.00016402,2048,12392.44,1787760552.108
2706,183.164,0.000298,0.00016377,2048,11181.27,1787760552.292
2707,178.21,0.000377,0.00016352,2048,11492.05,1787760552.472
2708,165.895,0.000461,0.00016327,2048,12345.17,1787760552.639
2709,138.443,0.000309,0.00016302,2048,14793.12,1787760552.779
2710,123.369,0.000288,0.00016277,2048,16600.54,1787760552.903
2711,97.658,0.000329,0.00016252,2048,20971.17,1787760553.001
2712,104.432,0.000289,0.00016227,2048,19610.94,1787760553.107
2713,130.741,0.000331,0.00016202,2048,15664.51,1787760553.239
2714,111.595,0.000328,0.00016177,2048,18352.08,1787760553.352
2715,147.976,0.000322,0.00016152,2048,13840.04,1787760553.501
2716,151.446,0.00036,0.00016127,2048,13522.94,1787760553.654
2717,154.813,0.000312,0.00016103,2048,13228.86,1787760553.81
2718,164.184,0.000444,0.00016078,2048,12473.77,1787760553.975
2719,188.715,0.000306,0.00016053,2048,10852.33,1787760554.167
2720,211.693,0.000321,0.00016029,2048,9674.37,1787760554.38
2721,226.671,0.000362,0.00016004,2048,9035.12,1787760554.608
2722,206.092,0.000277,0.0001598,2048,9937.29,1787760554.815
2723,184.645,0.000278,0.00015955,2048,11091.54,1787760555.001
2724,158.534,0.000276,0.00015931,2048,12918.37,1787760555.162
2725,173.311,0.000244,0.00015907,2048,11816.9,1787760555.337
2726,153.131,0.000241,0.00015882,2048,13374.17,1787760555.491
2727,174.32,0.000269,0.00015858,2048,11748.5,1787760555.667
2728,198.147,0.000313,0.00015834,2048,10335.76,1787760555.867
2729,169.373,0.000285,0.0001581,2048,12091.65,1787760556.038
2730,181.482,0.0003,0.00015786,2048,11284.85,1787760556.221
2731,169.582,0.000278,0.00015762,2048,12076.75,1787760556.392
2732,181.002,0.000276,0.00015738,2048,11314.77,1787760556.574
2733,179.926,0.000276,0.00015714,2048,11382.47,1787760556.756
2734,171.029,0.000287,0.0001569,2048,11974.56,1787760556.929
2735,172.369,0.000274,0.00015666,2048,11881.48,1787760557.102
2736,157.841,0.000346,0.00015642,2048,12975.12,1787760557.262
2737,159.491,0.000249,0.00015618,2048,12840.85,1787760557.424
2738,144.675,0.000265,0.00015595,2048,14155.89,1787760557.57
2739,154.023,0.000249,0.00015571,2048,13296.74,1787760557.724
2740,174.392,0.000297,0.00015547,2048,11743.63,1787760557.9
2741,220.26,0.000353,0.00015524,2048,9298.09,1787760558.122
2742,158.801,0.00027,0.000155,2048,12896.65,1787760558.283
2743,177.565,0.000307,0.00015477,2048,11533.79,1787760558.462
2744,186.764,0.000235,0.00015453,2048,10965.72,1787760558.651
2745,204.754,0.000302,0.0001543,2048,10002.23,1787760558.857
2746,208.742,0.000261,0.00015406,2048,9811.14,1787760559.068
2747,185.131,0.00039,0.00015383,2048,11062.47,1787760559.254
2748,232.839,0.000306,0.0001536,2048,8795.77,1787760559.489
2749,224.528,0.000313,0.00015337,2048,9121.34,1787760559.715
2750,191.611,0.000315,0.00015314,2048,10688.31,1787760559.909
2751,182.757,0.000342,0.0001529,2048,11206.16,1787760560.093
2752,215.398,0.000242,0.00015267,2048,9507.98,1787760560.31
2753,198.185,0.000325,0.00015244,2048,10333.76,1787760560.51
2754,173.593,0.000255,0.00015221,2048,11797.7,1787760560.685
2755,166.754,0.000315,0.00015198,2048,12281.59,1787760560.854
2756,188.451,0.000292,0.00015176,2048,10867.55,1787760561.044
2757,184.404,0.000283,0.00015153,2048,11106.03,1787760561.23
2758,185.931,0.000326,0.0001513,2048,11014.83,1787760561.417
2759,199.99,0.000277,0.00015107,2048,10240.51,1787760561.619
2760,202.329,0.000309,0.00015085,2048,10122.13,1787760561.822
2761,181.578,0.000373,0.00015062,2048,11278.89,1787760562.006
2762,209.953,0.000342,0.00015039,2048,9754.57,1787760562.218
2763,230.756,0.000234,0.00015017,2048,8875.17,1787760562.45
2764,195.153,0.000296,0.00014994,2048,10494.34,1787760562.647
2765,170.611,0.000275,0.00014972,2048,12003.89,1787760562.819
2766,174.363,0.000257,0.00014949,2048,11745.6,1787760562.995
2767,141.084,0.000309,0.00014927,2048,14516.15,1787760563.138
2768,158.153,0.000326,0.00014905,2048,12949.49,1787760563.299
2769,162.891,0.000326,0.00014882,2048,12572.82,1787760563.462
2770,131.485,0.000246,0.0001486,2048,15575.92,1787760563.595
2771,139.823,0.000261,0.00014838,2048,14647.13,1787760563.737
2772,116.234,0.000248,0.00014816,2048,17619.67,1787760563.855
2773,104.815,0.000328,0.00014794,2048,19539.24,1787760563.961
2774,88.69,0.00032,0.00014772,2048,23091.8,1787760564.05
2775,89.914,0.000231,0.0001475,2048,22777.37,1787760564.141
2776,103.441,0.00029,0.00014728,2048,19798.76,1787760564.246
2777,101.361,0.000237,0.00014706,2048,20204.97,1787760564.347
2778,119.174,0.000367,0.00014684,2048,17184.88,1787760564.468
2779,106.609,0.000268,0.00014662,2048,19210.44,1787760564.577
2780,110.06,0.000241,0.00014641,2048,18608.07,1787760564.687
2781,167.584,0.000338,0.00014619,2048,12220.76,1787760564.856
2782,174.787,0.000267,0.00014597,2048,11717.13,1787760565.033
2783,166.355,0.000368,0.00014576,2048,12311.02,1787760565.2
2784,143.362,0.000278,0.00014554,2048,14285.5,1787760565.345
2785,133.448,0.000259,0.00014533,2048,15346.8,1787760565.48
2786,112.715,0.000383,0.00014511,2048,18169.72,1787760565.594
2787,116.077,0.000305,0.0001449,2048,17643.45,1787760565.711
2788,105.935,0.0003,0.00014469,2048,19332.66,1787760565.817
2789,102.558,0.000361,0.00014447,2048,19969.11,1787760565.921
2790,86.558,0.000293,0.00014426,2048,23660.55,1787760566.009
2791,108.584,0.000247,0.00014405,2048,18861.01,1787760566.118
2792,102.737,0.000302,0.00014384,2048,19934.32,1787760566.222
2793,99.835,0.000322,0.00014363,2048,20513.81,1787760566.323
2794,108.824,0.00044,0.00014341,2048,18819.29,1787760566.434
2795,114.33,0.000317,0.0001432,2048,17913.06,1787760566.549
2796,108.302,0.000318,0.000143,2048,18910.01,1787760566.658
2797,114.719,0.000303,0.00014279,2048,17852.35,1787760566.773
2798,126.163,0.000297,0.00014258,2048,16233.03,1787760566.901
2799,116.924,0.000344,0.00014237,2048,17515.68,1787760567.019
2800,122.557,0.000417,0.00014216,2048,16710.59,1787760567.143
2801,138.397,0.000265,0.00014195,2048,14797.98,1787760567.282
2802,121.279,0.00041,0.00014175,2048,16886.64,1787760567.404
2803,114.656,0.000263,0.00014154,2048,17862.14,1787760567.52
2804,127.107,0.000293,0.00014134,2048,16112.43,1787760567.649
2805,121.808,0.000452,0.00014113,2048,16813.35,1787760567.771
2806,120.03,0.000257,0.00014093,2048,17062.37,1787760567.892
2807,103.972,0.000337,0.00014072,2048,19697.52,1787760567.997
2808,107.113,0.000255,0.00014052,2048,19119.96,1787760568.105
2809,113.635,0.000422,0.00014031,2048,18022.58,1787760568.22
2810,103.512,0.000344,0.00014011,2048,19785.13,1787760568.325
2811,134.203,0.000283,0.00013991,2048,15260.49,1787760568.461
2812,143.095,0.000341,0.00013971,2048,14312.18,1787760568.605
2813,115.981,0.000323,0.00013951,2048,17658.13,1787760568.723
2814,124.749,0.00045,0.0001393,2048,16417.02,1787760568.849
2815,129.623,0.000313,0.0001391,2048,15799.65,1787760568.98
2816,123.449,0.000326,0.0001389,2048,16589.89,1787760569.104
2817,147.903,0.000419,0.00013871,2048,13846.88,1787760569.253
2818,112.667,0.000314,0.00013851,2048,18177.48,1787760569.367
2819,135.928,0.000319,0.00013831,2048,15066.78,1787760569.504
2820,99.383,0.00039,0.00013811,2048,20607.06,1787760569.605
2821,168.012,0.000437,0.00013791,2048,12189.6,1787760569.774
2822,139.247,0.000332,0.00013772,2048,14707.64,1787760569.915
2823,131.376,0.000335,0.00013752,2048,15588.88,1787760570.047
2824,120.316,0.000319,0.00013732,2048,17021.84,1787760570.168
2825,122.413,0.000403,0.00013713,2048,16730.21,1787760570.291
2826,124.777,0.000395,0.00013693,2048,16413.25,1787760570.417
2827,128.061,0.000308,0.00013674,2048,15992.34,1787760570.547
2828,128.665,0.000276,0.00013654,2048,15917.34,1787760570.676
2829,131.993,0.000226,0.00013635,2048,15516.03,1787760570.809
2830,152.198,0.000314,0.00013616,2048,13456.2,1787760570.963
2831,149.711,0.000386,0.00013596,2048,13679.73,1787760571.114
2832,148.466,0.000308,0.00013577,2048,13794.42,1787760571.263
2833,111.067,0.000305,0.00013558,2048,18439.32,1787760571.375
2834,99.459,0.000285,0.00013539,2048,20591.32,1787760571.476
2835,107.552,0.000352,0.0001352,2048,19041.86,1787760571.584
2836,107.309,0.000288,0.00013501,2048,19085.09,1787760571.692
2837,108.498,0.00034,0.00013482,2048,18875.94,1787760571.802
2838,134.055,0.000345,0.00013463,2048,15277.33,1787760571.936
2839,107.717,0.000341,0.00013444,2048,19012.75,1787760572.045
2840,168.043,0.000367,0.00013425,2048,12187.32,1787760572.216
2841,127.491,0.000292,0.00013407,2048,16063.92,1787760572.345
2842,101.593,0.000376,0.00013388,2048,20158.79,1787760572.447
2843,99.286,0.000406,0.00013369,2048,20627.24,1787760572.548
2844,118.705,0.000293,0.00013351,2048,17252.85,1787760572.667
2845,104.752,0.000243,0.00013332,2048,19550.9,1787760572.774
2846,126.955,0.00026,0.00013314,2048,16131.64,1787760572.902
2847,120.096,0.000285,0.00013295,2048,17053.0,1787760573.023
2848,157.101,0.00033,0.00013277,2048,13036.16,1787760573.181
2849,158.62,0.000304,0.00013258,2048,12911.38,1787760573.341
2850,172.467,0.000283,0.0001324,2048,11874.71,1787760573.515
2851,196.261,0.000278,0.00013222,2048,10435.07,1787760573.713
2852,197.993,0.000237,0.00013204,2048,10343.8,1787760573.913
2853,180.156,0.000279,0.00013185,2048,11367.94,1787760574.094
2854,179.84,0.000251,0.00013167,2048,11387.91,1787760574.276
2855,160.178,0.000311,0.00013149,2048,12785.74,1787760574.437
2856,158.296,0.000276,0.00013131,2048,12937.8,1787760574.597
2857,144.933,0.000303,0.00013113,2048,14130.66,1787760574.744
2858,173.592,0.000354,0.00013095,2048,11797.79,1787760574.919
2859,132.446,0.000374,0.00013077,2048,15462.87,1787760575.052
2860,117.482,0.000287,0.0001306,2048,17432.43,1787760575.171
2861,109.394,0.000284,0.00013042,2048,18721.25,1787760575.281
2862,113.433,0.000373,0.00013024,2048,18054.69,1787760575.395
2863,101.461,0.000259,0.00013006,2048,20185.1,1787760575.498
2864,103.383,0.00033,0.00012989,2048,19809.8,1787760575.605
2865,80.264,0.000372,0.00012971,2048,25515.86,1787760575.686
2866,73.842,0.000349,0.00012954,2048,27734.89,1787760575.76
2867,75.966,0.000362,0.00012936,2048,26959.36,1787760575.837
2868,84.821,0.000255,0.00012919,2048,24144.88,1787760575.923
2869,94.726,0.00026,0.00012902,2048,21620.34,1787760576.018
2870,98.238,0.000352,0.00012884,2048,20847.25,1787760576.117
2871,93.95,0.000238,0.00012867,2048,21798.81,1787760576.212
2872,89.178,0.000346,0.0001285,2048,22965.23,1787760576.302
2873,84.977,0.000347,0.00012833,2048,24100.53,1787760576.388
2874,89.094,0.000252,0.00012815,2048,22986.85,1787760576.477
2875,94.97,0.000242,0.00012798,2048,21564.64,1787760576.573
2876,112.487,0.00036,0.00012781,2048,18206.6,1787760576.687
2877,110.024,0.00028,0.00012764,2048,18614.07,1787760576.797
2878,108.975,0.000314,0.00012748,2048,18793.3,1787760576.907
2879,125.542,0.000266,0.00012731,2048,16313.25,1787760577.035
2880,117.502,0.000365,0.00012714,2048,17429.55,1787760577.153
2881,104.762,0.000248,0.00012697,2048,19549.13,1787760577.259
2882,114.67,0.000301,0.0001268,2048,17860.01,1787760577.375
2883,99.742,0.000293,0.00012664,2048,20533.0,1787760577.476
2884,90.111,0.000244,0.00012647,2048,22727.45,1787760577.567
2885,88.309,0.000285,0.00012631,2048,23191.27,1787760577.657
2886,96.571,0.000306,0.00012614,2048,21207.22,1787760577.754
2887,103.661,0.000285,0.00012598,2048,19756.63,1787760577.859
2888,108.329,0.000335,0.00012581,2048,18905.28,1787760577.967
2889,113.159,0.000232,0.00012565,2048,18098.36,1787760578.082
2890,93.432,0.000285,0.00012548,2048,21919.71,1787760578.177
2891,99.106,0.00037,0.00012532,2048,20664.74,1787760578.277
2892,105.161,0.000476,0.00012516,2048,19474.96,1787760578.384
2893,97.492,0.000288,0.000125,2048,21006.94,1787760578.483
2894,108.454,0.000309,0.00012484,2048,18883.53,1787760578.592
2895,111.571,0.000289,0.00012468,2048,18356.02,1787760578.705
2896,97.737,0.000285,0.00012452,2048,20954.26,1787760578.804
2897,97.018,0.000256,0.00012436,2048,21109.46,1787760578.901
2898,102.826,0.000302,0.0001242,2048,19917.12,1787760579.006
2899,110.091,0.00038,0.00012404,2048,18602.81,1787760579.118
2900,119.764,0.000302,0.00012388,2048,17100.35,1787760579.238
2901,126.795,0.000292,0.00012372,2048,16152.12,1787760579.365
2902,123.994,0.000339,0.00012357,2048,16516.87,1787760579.49
2903,168.92,0.00041,0.00012341,2048,12124.06,1787760579.661
2904,149.931,0.000345,0.00012325,2048,13659.63,1787760579.812
2905,166.405,0.000416,0.0001231,2048,12307.36,1787760579.979
2906,159.478,0.000305,0.00012294,2048,12841.92,1787760580.141
2907,116.194,0.000309,0.00012279,2048,17625.71,1787760580.258
2908,118.648,0.000311,0.00012264,2048,17261.2,1787760580.377
2909,99.214,0.000476,0.00012248,2048,20642.27,1787760580.478
2910,109.976,0.000532,0.00012233,2048,18622.18,1787760580.588
2911,136.586,0.000286,0.00012218,2048,14994.21,1787760580.726
2912,110.69,0.000488,0.00012202,2048,18502.16,1787760580.839
2913,92.294,0.000283,0.00012187,2048,22190.01,1787760580.932
2914,93.387,0.000341,0.00012172,2048,21930.36,1787760581.026
2915,104.714,0.000279,0.00012157,2048,19558.0,1787760581.131
2916,112.123,0.00026,0.00012142,2048,18265.59,1787760581.245
2917,101.519,0.000285,0.00012127,2048,20173.48,1787760581.347
2918,90.771,0.000266,0.00012112,2048,22562.35,1787760581.439
2919,99.025,0.000427,0.00012098,2048,20681.54,1787760581.539
2920,110.757,0.000343,0.00012083,2048,18490.98,1787760581.65
2921,95.042,0.000284,0.00012068,2048,21548.46,1787760581.746
2922,109.918,0.000295,0.00012053,2048,18632.09,1787760581.857
2923,100.331,0.000263,0.00012039,2048,20412.5,1787760581.958
2924,91.7,0.000291,0.00012024,2048,22333.62,1787760582.051
2925,108.14,0.000251,0.0001201,2048,18938.38,1787760582.159
2926,123.674,0.000301,0.00011995,2048,16559.61,1787760582.284
2927,120.994,0.000264,0.00011981,2048,16926.49,1787760582.407
2928,111.797,0.000396,0.00011966,2048,18318.97,1787760582.519
2929,98.359,0.000375,0.00011952,2048,20821.7,1787760582.618
2930,127.873,0.000271,0.00011938,2048,16015.92,1787760582.747
2931,123.548,0.000267,0.00011923,2048,16576.5,1787760582.872
2932,99.142,0.000317,0.00011909,2048,20657.26,1787760582.971
2933,96.162,0.000276,0.00011895,2048,21297.42,1787760583.069
2934,97.736,0.000446,0.00011881,2048,20954.32,1787760583.167
2935,78.446,0.000345,0.00011867,2048,26107.03,1787760583.247
2936,92.44,0.000291,0.00011853,2048,22154.84,1787760583.341
2937,89.195,0.000279,0.00011839,2048,22960.88,1787760583.431
2938,115.844,0.000273,0.00011825,2048,17678.98,1787760583.548
2939,110.504,0.000251,0.00011812,2048,18533.2,1787760583.66
2940,127.337,0.000291,0.00011798,2048,16083.24,1787760583.788
2941,107.736,0.000257,0.00011784,2048,19009.47,1787760583.897
2942,98.341,0.000283,0.0001177,2048,20825.54,1787760583.995
2943,99.34,0.000278,0.00011757,2048,20616.15,1787760584.096
2944,96.099,0.000313,0.00011743,2048,21311.38,1787760584.194
2945,77.92,0.000344,0.0001173,2048,26283.5,1787760584.273
2946,85.732,0.000305,0.00011716,2048,23888.48,1787760584.359
2947,102.509,0.000276,0.00011703,2048,19978.75,1787760584.462
2948,95.26,0.000272,0.0001169,2048,21499.08,1787760584.558
2949,108.975,0.000327,0.00011676,2048,18793.3,1787760584.668
2950,96.087,0.000278,0.00011663,2048,21313.97,1787760584.765
2951,96.667,0.000384,0.0001165,2048,21186.18,1787760584.863
2952,85.541,0.000377,0.00011637,2048,23941.79,1787760584.948
2953,85.453,0.000349,0.00011624,2048,23966.36,1787760585.035
2954,94.106,0.000354,0.0001161,2048,21762.81,1787760585.13
2955,83.726,0.000304,0.00011598,2048,24460.77,1787760585.216
2956,92.979,0.000341,0.00011585,2048,22026.38,1787760585.309
2957,99.72,0.000262,0.00011572,2048,20537.53,1787760585.41
2958,93.885,0.000329,0.00011559,2048,21813.9,1787760585.505
2959,83.298,0.000315,0.00011546,2048,24586.48,1787760585.59
2960,83.166,0.000273,0.00011533,2048,24625.54,1787760585.673
2961,79.354,0.00032,0.00011521,2048,25808.47,1787760585.753
2962,83.354,0.000319,0.00011508,2048,24569.82,1787760585.837
2963,86.766,0.000324,0.00011495,2048,23603.69,1787760585.926
2964,98.613,0.000382,0.00011483,2048,20768.01,1787760586.025
2965,98.726,0.000254,0.0001147,2048,20744.3,1787760586.124
2966,114.183,0.000276,0.00011458,2048,17936.14,1787760586.24
2967,91.039,0.000257,0.00011446,2048,22495.8,1787760586.331
2968,106.739,0.000266,0.00011433,2048,19186.9,1787760586.439
2969,92.142,0.00023,0.00011421,2048,22226.49,1787760586.532
2970,111.766,0.000242,0.00011409,2048,18324.03,1787760586.644
2971,82.701,0.000331,0.00011397,2048,24763.82,1787760586.729
2972,111.341,0.000282,0.00011385,2048,18393.94,1787760586.841
2973,101.114,0.000274,0.00011373,2048,20254.45,1787760586.943
2974,101.617,0.000252,0.00011361,2048,20154.19,1787760587.046
2975,123.532,0.000235,0.00011349,2048,16578.66,1787760587.171
2976,103.601,0.000273,0.00011337,2048,19768.15,1787760587.275
2977,83.096,0.000253,0.00011325,2048,24646.28,1787760587.359
2978,89.664,0.000245,0.00011313,2048,22840.8,1787760587.449
2979,98.826,0.000353,0.00011301,2048,20723.38,1787760587.549
2980,95.216,0.000275,0.0001129,2048,21508.94,1787760587.645
2981,88.12,0.000272,0.00011278,2048,23241.01,1787760587.734
2982,104.778,0.00029,0.00011266,2048,19546.03,1787760587.84
2983,116.334,0.000223,0.00011255,2048,17604.44,1787760587.957
2984,93.617,0.000271,0.00011243,2048,21876.39,1787760588.052
2985,96.069,0.000262,0.00011232,2048,21318.06,1787760588.149
2986,94.407,0.000378,0.00011221,2048,21693.35,1787760588.245
2987,100.764,0.000285,0.00011209,2048,20324.8,1787760588.347
2988,85.072,0.000282,0.00011198,2048,24073.7,1787760588.433
2989,98.733,0.000307,0.00011187,2048,20742.83,1787760588.533
2990,106.193,0.000261,0.00011176,2048,19285.66,1787760588.639
2991,114.504,0.000224,0.00011164,2048,17885.81,1787760588.755
2992,96.944,0.000262,0.00011153,2048,21125.58,1787760588.853
2993,84.996,0.000315,0.00011142,2048,24095.19,1787760588.939
2994,108.549,0.000286,0.00011131,2048,18866.99,1787760589.048
2995,99.574,0.00023,0.0001112,2048,20567.51,1787760589.149
2996,122.712,0.000257,0.0001111,2048,16689.51,1787760589.272
2997,121.075,0.000268,0.00011099,2048,16915.15,1787760589.395
2998,113.403,0.00028,0.00011088,2048,18059.53,1787760589.509
2999,136.391,0.000227,0.00011077,2048,15015.65,1787760589.646
3000,159.646,0.000364,0.00011067,2048,12828.37,1787760589.808
3001,129.652,0.000258,0.00011056,2048,15796.13,1787760589.938
3002,164.934,0.000268,0.00011046,2048,12417.11,1787760590.105
3003,141.986,0.000239,0.00011035,2048,14423.92,1787760590.249
3004,120.043,0.000264,0.00011025,2048,17060.51,1787760590.37
3005,115.96,0.000264,0.00011014,2048,17661.26,1787760590.487
3006,104.091,0.000337,0.00011004,2048,19675.0,1787760590.591
3007,112.688,0.000307,0.00010994,2048,18174.03,1787760590.707
3008,100.073,0.00025,0.00010983,2048,20465.0,1787760590.808
3009,102.721,0.000243,0.00010973,2048,19937.5,1787760590.911
3010,86.789,0.000269,0.00010963,2048,23597.54,1787760590.999
3011,95.343,0.000217,0.00010953,2048,21480.27,1787760591.095
3012,108.71,0.000256,0.00010943,2048,18839.04,1787760591.205
3013,96.644,0.000273,0.00010933,2048,21191.09,1787760591.302
3014,101.986,0.000226,0.00010923,2048,20081.19,1787760591.405
3015,107.458,0.00025,0.00010913,2048,19058.59,1787760591.514
3016,129.284,0.000249,0.00010903,2048,15841.11,1787760591.643
3017,137.349,0.000256,0.00010894,2048,14910.89,1787760591.782
3018,158.376,0.000288,0.00010884,2048,12931.28,1787760591.942
3019,139.082,0.000248,0.00010874,2048,14725.15,1787760592.083
3020,140.204,0.000314,0.00010865,2048,14607.34,1787760592.224
3021,119.042,0.000277,0.00010855,2048,17204.01,1787760592.344
3022,105.487,0.000253,0.00010846,2048,19414.75,1787760592.45
3023,99.612,0.000424,0.00010836,2048,20559.75,1787760592.55
3024,105.743,0.000279,0.00010827,2048,19367.75,1787760592.657
3025,113.767,0.000309,0.00010817,2048,18001.69,1787760592.773
3026,122.946,0.000263,0.00010808,2048,16657.75,1787760592.896
3027,143.053,0.000237,0.00010799,2048,14316.38,1787760593.041
3028,163.027,0.000275,0.0001079,2048,12562.32,1787760593.205
3029,164.358,0.000254,0.00010781,2048,12460.63,1787760593.371
3030,135.252,0.00024,0.00010772,2048,15142.08,1787760593.508
3031,122.097,0.000234,0.00010763,2048,16773.51,1787760593.631
3032,125.361,0.000277,0.00010754,2048,16336.79,1787760593.758
3033,115.939,0.000207,0.00010745,2048,17664.49,1787760593.875
3034,101.553,0.000242,0.00010736,2048,20166.89,1787760593.977
3035,100.195,0.000286,0.00010727,2048,20440.08,1787760594.078
3036,101.506,0.000281,0.00010718,2048,20176.05,1787760594.18
3037,105.101,0.000245,0.00010709,2048,19486.06,1787760594.287
3038,99.416,0.000301,0.00010701,2048,20600.2,1787760594.386
3039,97.189,0.000258,0.00010692,2048,21072.34,1787760594.485
3040,128.101,0.000305,0.00010684,2048,15987.35,1787760594.614
3041,119.913,0.000261,0.00010675,2048,17079.09,1787760594.734
3042,140.248,0.000292,0.00010667,2048,14602.66,1787760594.876
3043,163.686,0.000323,0.00010658,2048,12511.76,1787760595.041
3044,171.448,0.000361,0.0001065,2048,11945.3,1787760595.214
3045,185.376,0.000236,0.00010642,2048,11047.83,1787760595.401
3046,192.363,0.000277,0.00010633,2048,10646.53,1787760595.595
3047,175.358,0.000242,0.00010625,2048,11678.94,1787760595.772
3048,205.901,0.000272,0.00010617,2048,9946.54,1787760595.98
3049,155.354,0.000266,0.00010609,2048,13182.81,1787760596.137
3050,104.926,0.000291,0.00010601,2048,19518.57,1787760596.243
3051,103.128,0.000305,0.00010593,2048,19858.76,1787760596.347
3052,109.525,0.000306,0.00010585,2048,18698.98,1787760596.457
3053,109.342,0.000248,0.00010577,2048,18730.27,1787760596.567
3054,91.785,0.000254,0.00010569,2048,22312.92,1787760596.659
3055,112.188,0.00027,0.00010562,2048,18255.07,1787760596.773
3056,125.107,0.000297,0.00010554,2048,16369.97,1787760596.898
3057,91.06,0.000298,0.00010546,2048,22490.67,1787760596.99
3058,95.22,0.000368,0.00010539,2048,21508.02,1787760597.086
3059,87.536,0.000246,0.00010531,2048,23396.06,1787760597.175
3060,91.916,0.000267,0.00010524,2048,22281.16,1787760597.268
3061,113.43,0.00034,0.00010516,2048,18055.14,1787760597.383
3062,93.107,0.000306,0.00010509,2048,21996.15,1787760597.477
3063,134.538,0.000363,0.00010502,2048,15222.47,1787760597.612
3064,109.039,0.000278,0.00010494,2048,18782.27,1787760597.722
3065,126.918,0.000255,0.00010487,2048,16136.43,1787760597.85
3066,103.383,0.000293,0.0001048,2048,19809.83,1787760597.954
3067,119.648,0.000351,0.00010473,2048,17116.82,1787760598.074
3068,106.782,0.000276,0.00010466,2048,19179.21,1787760598.182
3069,108.081,0.000347,0.00010459,2048,18948.73,1787760598.291
3070,86.839,0.000296,0.00010452,2048,23583.79,1787760598.38
3071,99.931,0.000296,0.00010445,2048,20494.14,1787760598.479
3072,97.575,0.000304,0.00010438,2048,20989.03,1787760598.578
3073,120.929,0.00026,0.00010431,2048,16935.53,1787760598.7
3074,109.517,0.000252,0.00010424,2048,18700.29,1787760598.81
3075,91.991,0.000362,0.00010418,2048,22263.1,1787760598.903
3076,93.855,0.000438,0.00010411,2048,21820.87,1787760598.998
3077,90.754,0.000213,0.00010404,2048,22566.52,1787760599.09
3078,86.285,0.000268,0.00010398,2048,23735.24,1787760599.177
3079,104.887,0.000258,0.00010391,2048,19525.72,1787760599.283
3080,114.779,0.000284,0.00010385,2048,17843.0,1787760599.4
3081,124.895,0.000281,0.00010379,2048,16397.75,1787760599.526
3082,104.035,0.000215,0.00010372,2048,19685.68,1787760599.632
3083,108.045,0.000229,0.00010366,2048,18955.07,1787760599.741
3084,91.552,0.000288,0.0001036,2048,22369.8,1787760599.833
3085,89.679,0.000254,0.00010354,2048,22837.03,1787760599.923
3086,79.341,0.000379,0.00010347,2048,25812.66,1787760600.004
3087,88.528,0.000246,0.00010341,2048,23133.85,1787760600.093
3088,89.028,0.000271,0.00010335,2048,23004.05,1787760600.182
3089,92.722,0.000237,0.00010329,2048,22087.46,1787760600.276
3090,100.08,0.000269,0.00010324,2048,20463.65,1787760600.378
3091,92.733,0.00028,0.00010318,2048,22084.79,1787760600.47
3092,84.878,0.000316,0.00010312,2048,24128.75,1787760600.555
3093,108.567,0.000338,0.00010306,2048,18864.01,1787760600.666
3094,104.74,0.000253,0.000103,2048,19553.25,1787760600.772
3095,149.099,0.000223,0.00010295,2048,13735.85,1787760600.922
3096,132.366,0.00031,0.00010289,2048,15472.2,1787760601.056
3097,140.214,0.000247,0.00010284,2048,14606.3,1787760601.199
3098,167.026,0.000293,0.00010278,2048,12261.57,1787760601.368
3099,154.113,0.00029,0.00010273,2048,13288.97,1787760601.523
3100,162.568,0.000305,0.00010267,2048,12597.82,1787760601.687
3101,120.826,0.000318,0.00010262,2048,16950.01,1787760601.808
3102,161.538,0.000454,0.00010257,2048,12678.16,1787760601.973
3103,129.062,0.000405,0.00010252,2048,15868.37,1787760602.103
3104,110.786,0.000321,0.00010247,2048,18486.06,1787760602.215
3105,160.346,0.000258,0.00010241,2048,12772.39,1787760602.377
3106,141.159,0.000311,0.00010236,2048,14508.49,1787760602.52
3107,130.638,0.00042,0.00010231,2048,15676.92,1787760602.651
3108,146.903,0.000275,0.00010226,2048,13941.19,1787760602.799
3109,161.024,0.000313,0.00010222,2048,12718.61,1787760602.961
3110,157.27,0.000312,0.00010217,2048,13022.16,1787760603.121
3111,154.967,0.000277,0.00010212,2048,13215.72,1787760603.277
3112,139.494,0.000268,0.00010207,2048,14681.66,1787760603.418
3113,185.121,0.000364,0.00010202,2048,11063.02,1787760603.604
3114,196.617,0.000404,0.00010198,2048,10416.17,1787760603.803
3115,191.371,0.000339,0.00010193,2048,10701.73,1787760603.997
3116,190.85,0.000264,0.00010189,2048,10730.94,1787760604.189
3117,174.575,0.000259,0.00010184,2048,11731.33,1787760604.365
3118,196.156,0.000313,0.0001018,2048,10440.66,1787760604.564
3119,225.57,0.000269,0.00010176,2048,9079.23,1787760604.791
3120,253.082,0.000317,0.00010171,2048,8092.23,1787760605.046
3121,252.704,0.000306,0.00010167,2048,8104.34,1787760605.301
3122,268.902,0.000331,0.00010163,2048,7616.16,1787760605.572
3123,256.655,0.000322,0.00010159,2048,7979.58,1787760605.83
3124,256.835,0.000276,0.00010155,2048,7974.0,1787760606.089
3125,258.521,0.000319,0.00010151,2048,7922.0,1787760606.35
3126,276.345,0.000234,0.00010147,2048,7411.02,1787760606.628
3127,262.454,0.000264,0.00010143,2048,7803.27,1787760606.893
3128,213.226,0.000286,0.00010139,2048,9604.81,1787760607.109
3129,215.867,0.000261,0.00010135,2048,9487.32,1787760607.326
3130,194.789,0.000274,0.00010131,2048,10513.94,1787760607.522
3131,202.263,0.000354,0.00010127,2048,10125.45,1787760607.727
3132,188.975,0.000316,0.00010124,2048,10837.42,1787760607.918
3133,175.719,0.000257,0.0001012,2048,11654.99,1787760608.096
3134,195.968,0.000313,0.00010117,2048,10450.68,1787760608.293
3135,192.399,0.000275,0.00010113,2048,10644.53,1787760608.487
3136,187.935,0.000261,0.0001011,2048,10897.36,1787760608.677
3137,193.862,0.000296,0.00010106,2048,10564.21,1787760608.873
3138,191.668,0.00023,0.00010103,2048,10685.14,1787760609.066
3139,285.075,0.000288,0.000101,2048,7184.09,1787760609.352
3140,259.488,0.000316,0.00010096,2048,7892.47,1787760609.614
3141,269.651,0.000217,0.00010093,2048,7595.01,1787760609.886
3142,278.859,0.000276,0.0001009,2048,7344.21,1787760610.166
3143,239.227,0.000247,0.00010087,2048,8560.89,1787760610.408
3144,239.343,0.000258,0.00010084,2048,8556.76,1787760610.649
3145,420.916,0.000339,0.00010081,2048,4865.57,1787760611.071
3146,317.461,0.000273,0.00010078,2048,6451.19,1787760611.391
3147,242.353,0.00026,0.00010075,2048,8450.49,1787760611.635
3148,196.864,0.000339,0.00010072,2048,10403.11,1787760611.834
3149,241.779,0.000245,0.0001007,2048,8470.55,1787760612.078
3150,233.512,0.000303,0.00010067,2048,8770.43,1787760612.313
3151,281.114,0.00024,0.00010064,2048,7285.3,1787760612.596
3152,225.681,0.000261,0.00010062,2048,9074.76,1787760612.824
3153,232.667,0.000267,0.00010059,2048,8802.3,1787760613.059
3154,312.147,0.000263,0.00010057,2048,6561.02,1787760613.373
3155,431.158,0.000246,0.00010054,2048,4750.0,1787760613.806
3156,363.514,0.000262,0.00010052,2048,5633.89,1787760614.171
3157,598.055,0.000221,0.00010049,2048,3424.44,1787760614.772
3158,869.407,0.000426,0.00010047,2048,2355.63,1787760615.643
3159,295.438,0.000254,0.00010045,2048,6932.07,1787760615.941
3160,1148.985,0.000259,0.00010043,2048,1782.44,1787760617.091
3161,416.887,0.000315,0.00010041,2048,4912.6,1787760617.51
3162,359.547,0.000256,0.00010039,2048,5696.06,1787760617.871
3163,931.368,0.000335,0.00010037,2048,2198.92,1787760618.806
3164,491.295,0.000242,0.00010035,2048,4168.58,1787760619.299
3165,397.119,0.000255,0.00010033,2048,5157.14,1787760619.697
3166,222.879,0.000326,0.00010031,2048,9188.84,1787760619.922
3167,288.596,0.000342,0.00010029,2048,7096.43,1787760620.213
3168,396.904,0.00032,0.00010027,2048,5159.94,1787760620.612
3169,431.763,0.000266,0.00010026,2048,4743.34,1787760621.046
3170,382.094,0.000357,0.00010024,2048,5359.94,1787760621.43
3171,275.003,0.00039,0.00010023,2048,7447.19,1787760621.707
3172,427.957,0.00027,0.00010021,2048,4785.53,1787760622.137
3173,957.604,0.000242,0.0001002,2048,2138.67,1787760623.096
3174,492.062,0.000268,0.00010018,2048,4162.08,1787760623.59
3175,266.085,0.000292,0.00010017,2048,7696.8,1787760623.859
3176,267.514,0.000288,0.00010015,2048,7655.66,1787760624.128
3177,275.899,0.000277,0.00010014,2048,7423.01,1787760624.405
3178,339.269,0.000322,0.00010013,2048,6036.51,1787760624.747
3179,320.772,0.000276,0.00010012,2048,6384.6,1787760625.07
3180,354.553,0.000224,0.00010011,2048,5776.28,1787760625.426
3181,479.91,0.000261,0.0001001,2048,4267.47,1787760625.908
3182,345.849,0.000244,0.00010009,2048,5921.67,1787760626.256
3183,352.857,0.000265,0.00010008,2048,5804.06,1787760626.611
3184,292.532,0.000372,0.00010007,2048,7000.95,1787760626.905
3185,366.32,0.000296,0.00010006,2048,5590.73,1787760627.273
3186,730.018,0.000286,0.00010005,2048,2805.41,1787760628.006
3187,579.355,0.000276,0.00010005,2048,3534.96,1787760628.587
3188,895.266,0.000293,0.00010004,2048,2287.59,1787760629.485
3189,255.193,0.00022,0.00010003,2048,8025.3,1787760629.742
3190,620.324,0.000246,0.00010003,2048,3301.5,1787760630.364
3191,734.999,0.000252,0.00010002,2048,2786.4,1787760631.1
3192,1007.661,0.000244,0.00010002,2048,2032.43,1787760632.11
3193,778.991,0.000233,0.00010001,2048,2629.04,1787760632.891
3194,380.016,0.000257,0.00010001,2048,5389.25,1787760633.273
3195,280.025,0.000213,0.00010001,2048,7313.64,1787760633.555
3196,319.959,0.000307,0.0001,2048,6400.83,1787760633.877
3197,322.471,0.000238,0.0001,2048,6350.97,1787760634.201
3198,508.695,0.00027,0.0001,2048,4025.99,1787760634.712
3199,276.157,0.000251,0.0001,2048,7416.06,1787760634.99
3200,345.896,0.000288,0.0001,2048,5920.85,1787760635.338
