step,elapsed_ms,loss,lr,tokens,tokens_per_sec,timestamp
1,16.078,1.203588,3.13e-06,2048,127375.86,1787804367.624
2,15.251,1.286844,6.25e-06,2048,134286.28,1787804367.639
3,15.347,1.274312,9.37e-06,2048,133446.28,1787804367.655
4,15.398,1.251016,1.25e-05,2048,133004.29,1787804367.67
5,24.739,1.245836,1.563e-05,2048,82785.27,1787804367.695
6,19.274,1.211722,1.875e-05,2048,106259.89,1787804367.715
7,14.947,1.273384,2.187e-05,2048,137022.04,1787804367.729
8,15.395,1.336103,2.5e-05,2048,133027.61,1787804367.745
9,15.682,1.274359,2.813e-05,2048,130597.25,1787804367.76
10,15.339,1.266489,3.125e-05,2048,133513.26,1787804367.776
11,16.311,1.329996,3.438e-05,2048,125557.9,1787804367.792
12,15.232,1.275392,3.75e-05,2048,134453.78,1787804367.808
13,14.952,1.221095,4.063e-05,2048,136969.81,1787804367.823
14,15.117,1.257688,4.375e-05,2048,135475.72,1787804367.838
15,14.873,1.224644,4.688e-05,2048,137703.81,1787804367.854
16,14.777,1.263441,5e-05,2048,138597.51,1787804367.869
17,15.393,1.220575,5.312e-05,2048,133044.9,1787804367.884
18,17.404,1.238657,5.625e-05,2048,117672.07,1787804367.902
19,17.864,1.186465,5.937e-05,2048,114645.9,1787804367.92
20,17.623,1.227968,6.25e-05,2048,116214.41,1787804367.938
21,15.494,1.139956,6.563e-05,2048,132178.49,1787804367.953
22,16.198,1.077862,6.875e-05,2048,126436.92,1787804367.97
23,15.467,1.211113,7.187e-05,2048,132410.08,1787804367.985
24,17.453,1.245321,7.5e-05,2048,117343.72,1787804368.003
25,16.24,1.34349,7.813e-05,2048,126107.6,1787804368.019
26,15.911,1.142826,8.125e-05,2048,128717.6,1787804368.035
27,15.445,1.282767,8.438e-05,2048,132597.83,1787804368.051
28,15.045,1.17574,8.75e-05,2048,136124.05,1787804368.066
29,15.646,1.286302,9.062e-05,2048,130894.4,1787804368.082
30,17.152,1.329134,9.375e-05,2048,119401.59,1787804368.099
31,17.095,1.093553,9.688e-05,2048,119804.62,1787804368.117
32,16.523,1.168734,0.0001,2048,123946.18,1787804368.134
33,15.022,1.118845,0.00010312,2048,136330.66,1787804368.149
34,16.121,1.060028,0.00010625,2048,127036.9,1787804368.165
35,16.792,1.097886,0.00010938,2048,121965.02,1787804368.182
36,20.055,1.251702,0.0001125,2048,102116.63,1787804368.202
37,22.313,1.026,0.00011563,2048,91786.29,1787804368.225
38,25.788,1.159163,0.00011875,2048,79416.48,1787804368.251
39,29.18,1.198948,0.00012187,2048,70185.54,1787804368.28
40,18.92,1.266814,0.000125,2048,108243.53,1787804368.3
41,15.024,1.069298,0.00012812,2048,136315.23,1787804368.315
42,15.76,1.255804,0.00013125,2048,129952.54,1787804368.331
43,15.009,1.031379,0.00013438,2048,136454.19,1787804368.346
44,15.968,0.964046,0.0001375,2048,128258.92,1787804368.362
45,15.024,1.053004,0.00014063,2048,136312.51,1787804368.377
46,22.04,1.083864,0.00014375,2048,92922.38,1787804368.399
47,16.271,1.073454,0.00014688,2048,125869.66,1787804368.416
48,15.352,1.153796,0.00015,2048,133400.21,1787804368.431
49,15.389,1.203249,0.00015313,2048,133082.07,1787804368.447
50,15.137,1.049974,0.00015625,2048,135294.93,1787804368.462
51,15.615,0.909869,0.00015937,2048,131156.78,1787804368.478
52,18.401,0.875297,0.0001625,2048,111295.88,1787804368.496
53,15.824,0.925658,0.00016563,2048,129420.39,1787804368.512
54,15.406,1.342535,0.00016875,2048,132937.81,1787804368.528
55,15.761,1.062942,0.00017187,2048,129940.99,1787804368.544
56,16.286,0.96622,0.000175,2048,125754.5,1787804368.56
57,15.568,1.032656,0.00017813,2048,131547.68,1787804368.576
58,16.192,0.84371,0.00018125,2048,126484.56,1787804368.592
59,22.907,0.837634,0.00018438,2048,89405.38,1787804368.616
60,15.627,0.794835,0.0001875,2048,131053.55,1787804368.631
61,15.016,0.780484,0.00019062,2048,136388.76,1787804368.647
62,15.077,0.87042,0.00019375,2048,135839.65,1787804368.662
63,17.702,0.771295,0.00019688,2048,115695.76,1787804368.68
64,17.049,1.199615,0.0002,2048,120125.05,1787804368.697
65,16.898,0.743976,0.00020313,2048,121195.62,1787804368.714
66,18.124,0.757002,0.00020625,2048,113000.59,1787804368.732
67,16.065,1.067087,0.00020938,2048,127481.31,1787804368.748
68,15.398,1.22321,0.0002125,2048,133001.69,1787804368.764
69,16.324,0.878897,0.00021563,2048,125455.6,1787804368.78
70,20.778,0.787522,0.00021875,2048,98564.37,1787804368.801
71,16.103,1.009134,0.00022187,2048,127179.69,1787804368.818
72,15.702,0.792713,0.000225,2048,130426.75,1787804368.834
73,15.412,0.680865,0.00022813,2048,132886.05,1787804368.849
74,15.371,0.651174,0.00023125,2048,133235.31,1787804368.865
75,15.446,0.764873,0.00023437,2048,132594.4,1787804368.88
76,24.029,0.969635,0.0002375,2048,85231.06,1787804368.905
77,16.213,0.72842,0.00024063,2048,126317.61,1787804368.921
78,15.532,0.661387,0.00024375,2048,131859.36,1787804368.937
79,14.753,0.620366,0.00024688,2048,138821.1,1787804368.952
80,14.992,0.580188,0.00025,2048,136610.75,1787804368.967
81,16.863,0.601365,0.00025312,2048,121449.33,1787804368.984
82,16.454,0.588604,0.00025625,2048,124467.46,1787804369.0
83,18.158,0.635521,0.00025938,2048,112785.27,1787804369.018
84,15.264,0.60627,0.0002625,2048,134170.15,1787804369.034
85,15.388,0.568226,0.00026563,2048,133093.32,1787804369.049
86,15.486,0.481021,0.00026875,2048,132251.04,1787804369.065
87,15.468,0.512249,0.00027187,2048,132401.52,1787804369.081
88,17.821,0.8636,0.000275,2048,114920.6,1787804369.098
89,22.539,0.638674,0.00027812,2048,90866.74,1787804369.121
90,23.564,0.538356,0.00028125,2048,86910.76,1787804369.145
91,19.011,0.519687,0.00028438,2048,107727.11,1787804369.165
92,17.549,0.40462,0.0002875,2048,116704.47,1787804369.183
93,16.595,0.462728,0.00029063,2048,123409.18,1787804369.199
94,17.569,0.405443,0.00029375,2048,116566.97,1787804369.217
95,17.299,0.4828,0.00029687,2048,118391.77,1787804369.234
96,16.182,0.570642,0.0003,2048,126558.03,1787804369.251
97,22.831,0.537739,0.00030313,2048,89703.78,1787804369.273
98,17.658,0.379571,0.00030625,2048,115980.77,1787804369.291
99,17.149,0.367104,0.00030938,2048,119426.66,1787804369.308
100,17.225,0.421571,0.0003125,2048,118896.95,1787804369.326
101,16.517,0.315524,0.00031562,2048,123992.71,1787804369.342
102,15.598,0.296049,0.00031875,2048,131302.25,1787804369.358
103,15.388,0.317755,0.00032188,2048,133093.32,1787804369.374
104,15.22,0.293275,0.000325,2048,134562.44,1787804369.389
105,17.587,0.301399,0.00032813,2048,116447.0,1787804369.408
106,18.082,0.419471,0.00033125,2048,113258.68,1787804369.426
107,15.382,0.305632,0.00033437,2048,133146.1,1787804369.441
108,16.514,0.278123,0.0003375,2048,124015.99,1787804369.458
109,23.995,0.324613,0.00034062,2048,85352.54,1787804369.482
110,27.492,0.265912,0.00034375,2048,74493.86,1787804369.51
111,17.324,0.245152,0.00034688,2048,118214.09,1787804369.527
112,20.691,0.286966,0.00035,2048,98980.23,1787804369.548
113,16.81,0.26613,0.00035313,2048,121828.62,1787804369.565
114,18.67,0.284625,0.00035625,2048,109692.93,1787804369.584
115,15.868,0.23649,0.00035937,2048,129063.16,1787804369.6
116,16.273,0.257044,0.0003625,2048,125855.73,1787804369.617
117,16.493,0.241864,0.00036563,2048,124173.89,1787804369.633
118,15.097,0.227696,0.00036875,2048,135655.19,1787804369.648
119,15.871,0.213435,0.00037188,2048,129037.95,1787804369.664
120,15.11,0.240908,0.000375,2048,135534.89,1787804369.68
121,15.022,0.264049,0.00037812,2048,136336.1,1787804369.695
122,15.658,0.201091,0.00038125,2048,130798.27,1787804369.711
123,15.659,0.17616,0.00038438,2048,130784.9,1787804369.727
124,17.143,0.187948,0.0003875,2048,119464.97,1787804369.744
125,15.748,0.188833,0.00039063,2048,130048.26,1787804369.76
126,15.406,0.196306,0.00039375,2048,132931.77,1787804369.775
127,15.482,0.218373,0.00039687,2048,132280.09,1787804369.791
128,20.491,0.216161,0.0004,2048,99943.88,1787804369.812
129,15.271,0.169038,0.00040313,2048,134111.28,1787804369.827
130,15.32,0.188585,0.00040625,2048,133684.08,1787804369.843
131,15.099,0.362023,0.00040938,2048,135639.92,1787804369.858
132,15.105,0.180319,0.0004125,2048,135580.65,1787804369.873
133,15.089,0.219595,0.00041563,2048,135723.52,1787804369.888
134,16.357,0.223112,0.00041875,2048,125205.57,1787804369.905
135,15.941,0.200659,0.00042187,2048,128471.33,1787804369.921
136,16.575,0.168041,0.000425,2048,123558.09,1787804369.938
137,15.282,0.177932,0.00042813,2048,134015.63,1787804369.953
138,14.71,0.188621,0.00043125,2048,139225.02,1787804369.968
139,17.479,0.148107,0.00043438,2048,117170.51,1787804369.986
140,15.175,0.179914,0.0004375,2048,134959.7,1787804370.001
141,15.982,0.159092,0.00044062,2048,128146.57,1787804370.017
142,16.386,0.252026,0.00044375,2048,124984.74,1787804370.033
143,15.898,0.191681,0.00044688,2048,128822.05,1787804370.05
144,15.554,0.171081,0.00045,2048,131672.85,1787804370.065
145,15.695,0.150706,0.00045313,2048,130491.57,1787804370.081
146,14.88,0.387746,0.00045625,2048,137634.41,1787804370.096
147,17.089,0.302665,0.00045937,2048,119840.37,1787804370.113
148,25.761,1.20756,0.0004625,2048,79498.79,1787804370.139
149,16.786,0.3634,0.00046563,2048,122007.89,1787804370.156
150,16.811,0.249066,0.00046875,2048,121826.45,1787804370.173
151,17.754,0.19574,0.00047188,2048,115354.94,1787804370.191
152,15.919,0.159761,0.000475,2048,128654.53,1787804370.207
153,18.308,0.150655,0.00047813,2048,111861.83,1787804370.226
154,16.871,0.134509,0.00048125,2048,121393.18,1787804370.243
155,15.55,0.137651,0.00048437,2048,131702.49,1787804370.258
156,14.556,0.140937,0.0004875,2048,140697.03,1787804370.273
157,15.159,0.177819,0.00049062,2048,135100.37,1787804370.288
158,15.388,0.149895,0.00049375,2048,133089.85,1787804370.304
159,21.515,1.68971,0.00049688,2048,95187.63,1787804370.326
160,20.812,0.289114,0.0005,2048,98403.35,1787804370.347
161,15.403,0.186157,0.00050313,2048,132964.56,1787804370.362
162,15.556,0.262715,0.00050625,2048,131655.92,1787804370.378
163,15.2,0.725605,0.00050938,2048,134735.96,1787804370.393
164,20.006,0.671679,0.0005125,2048,102368.27,1787804370.414
165,15.849,0.196316,0.00051563,2048,129216.25,1787804370.43
166,16.489,0.169386,0.00051875,2048,124204.02,1787804370.446
167,15.07,0.140015,0.00052187,2048,135895.53,1787804370.461
168,15.208,0.135479,0.000525,2048,134663.31,1787804370.477
169,15.198,0.131424,0.00052812,2048,134753.69,1787804370.492
170,15.258,0.69616,0.00053125,2048,134223.79,1787804370.508
171,16.078,0.835074,0.00053438,2048,127378.24,1787804370.524
172,15.782,0.611742,0.0005375,2048,129766.45,1787804370.54
173,15.448,0.265919,0.00054062,2048,132570.36,1787804370.555
174,25.449,0.281795,0.00054375,2048,80475.94,1787804370.581
175,15.026,0.264654,0.00054688,2048,136298.9,1787804370.596
176,15.204,0.145764,0.00055,2048,134704.94,1787804370.612
177,18.074,0.147843,0.00055313,2048,113312.57,1787804370.63
178,29.104,0.160655,0.00055625,2048,70367.85,1787804370.659
179,20.855,0.14732,0.00055937,2048,98200.93,1787804370.68
180,15.262,0.138072,0.0005625,2048,134186.85,1787804370.696
181,15.642,0.120761,0.00056563,2048,130927.04,1787804370.711
182,15.968,0.28736,0.00056875,2048,128253.3,1787804370.728
183,15.828,0.730872,0.00057188,2048,129394.22,1787804370.744
184,16.554,0.114532,0.000575,2048,123717.82,1787804370.76
185,15.929,0.164947,0.00057812,2048,128566.5,1787804370.777
186,16.591,0.286429,0.00058125,2048,123441.16,1787804370.794
187,15.042,1.234462,0.00058438,2048,136153.01,1787804370.809
188,15.669,0.292423,0.0005875,2048,130705.61,1787804370.825
189,15.971,0.168863,0.00059063,2048,128230.01,1787804370.841
190,16.007,0.103369,0.00059375,2048,127942.43,1787804370.857
191,15.138,0.242624,0.00059688,2048,135291.36,1787804370.872
192,15.493,0.199871,0.0006,2048,132193.0,1787804370.888
193,15.114,0.130395,0.00060313,2048,135503.51,1787804370.904
194,15.988,0.092055,0.00060625,2048,128095.27,1787804370.919
195,18.13,0.113485,0.00060937,2048,112960.07,1787804370.938
196,14.974,0.099103,0.0006125,2048,136767.66,1787804370.953
197,15.355,0.346707,0.00061562,2048,133376.75,1787804370.969
198,21.304,1.697375,0.00061875,2048,96130.38,1787804370.99
199,15.415,0.218047,0.00062187,2048,132860.19,1787804371.006
200,20.786,0.328451,0.000625,2048,98530.23,1787804371.027
201,15.588,1.319447,0.00062813,2048,131383.12,1787804371.043
202,15.061,0.168682,0.00063125,2048,135979.44,1787804371.058
203,14.885,0.143899,0.00063438,2048,137588.18,1787804371.073
204,14.806,0.111714,0.0006375,2048,138322.3,1787804371.088
205,15.206,0.129382,0.00064063,2048,134679.25,1787804371.103
206,15.386,0.116951,0.00064375,2048,133111.48,1787804371.119
207,17.4,0.16125,0.00064687,2048,117699.12,1787804371.136
208,28.738,0.183964,0.00065,2048,71263.78,1787804371.165
209,28.888,0.152072,0.00065312,2048,70895.23,1787804371.194
210,27.984,0.16663,0.00065625,2048,73183.89,1787804371.222
211,18.671,0.272046,0.00065938,2048,109690.0,1787804371.241
212,14.913,0.181915,0.0006625,2048,137331.69,1787804371.256
213,15.392,0.200287,0.00066562,2048,133055.27,1787804371.272
214,15.4,1.54829,0.00066875,2048,132983.56,1787804371.287
215,15.041,0.160861,0.00067188,2048,136160.25,1787804371.303
216,15.826,0.144131,0.000675,2048,129403.22,1787804371.319
217,17.083,0.164251,0.00067813,2048,119886.67,1787804371.336
218,16.355,0.119996,0.00068125,2048,125218.58,1787804371.353
219,18.051,0.103716,0.00068437,2048,113453.18,1787804371.371
220,16.285,0.110163,0.0006875,2048,125757.58,1787804371.388
221,21.654,0.321034,0.00069063,2048,94577.06,1787804371.41
222,15.965,0.155511,0.00069375,2048,128280.61,1787804371.426
223,16.406,0.146347,0.00069688,2048,124833.14,1787804371.442
224,14.89,0.138732,0.0007,2048,137540.13,1787804371.457
225,25.566,0.170115,0.00070312,2048,80107.02,1787804371.483
226,16.598,1.879004,0.00070625,2048,123391.33,1787804371.5
227,16.452,0.941268,0.00070938,2048,124486.37,1787804371.516
228,24.66,0.12504,0.0007125,2048,83050.48,1787804371.541
229,26.334,0.08837,0.00071563,2048,77771.07,1787804371.567
230,19.316,0.10002,0.00071875,2048,106026.09,1787804371.587
231,15.218,0.738655,0.00072188,2048,134575.71,1787804371.602
232,14.87,0.173497,0.000725,2048,137726.04,1787804371.617
233,16.644,0.167044,0.00072813,2048,123047.34,1787804371.634
234,18.296,0.113493,0.00073125,2048,111935.2,1787804371.653
235,17.516,0.104343,0.00073438,2048,116919.67,1787804371.67
236,17.42,0.150074,0.0007375,2048,117563.32,1787804371.688
237,15.396,0.099277,0.00074062,2048,133021.56,1787804371.703
238,15.425,0.108545,0.00074375,2048,132774.92,1787804371.719
239,24.949,0.105843,0.00074687,2048,82087.46,1787804371.744
240,18.001,0.074373,0.00075,2048,113773.35,1787804371.762
241,15.6,0.065253,0.00075313,2048,131284.58,1787804371.778
242,15.31,0.171542,0.00075625,2048,133769.65,1787804371.794
243,15.437,0.139355,0.00075938,2048,132664.83,1787804371.809
244,15.44,0.107099,0.0007625,2048,132643.35,1787804371.825
245,25.24,0.065496,0.00076563,2048,81139.44,1787804371.85
246,16.093,0.076402,0.00076875,2048,127261.09,1787804371.866
247,16.011,0.132145,0.00077187,2048,127913.66,1787804371.883
248,15.28,0.087301,0.000775,2048,134034.04,1787804371.898
249,15.398,0.127671,0.00077812,2048,133006.01,1787804371.914
250,21.149,0.091001,0.00078125,2048,96835.81,1787804371.935
251,19.484,0.118115,0.00078438,2048,105110.27,1787804371.955
252,19.395,0.068149,0.0007875,2048,105596.4,1787804371.974
253,27.017,0.169728,0.00079062,2048,75804.4,1787804372.001
254,17.697,0.0742,0.00079375,2048,115728.45,1787804372.019
255,17.92,0.073604,0.00079688,2048,114283.8,1787804372.038
256,27.261,0.071544,0.0008,2048,75124.54,1787804372.066
257,22.029,4.069672,0.00080313,2048,92968.36,1787804372.088
258,21.285,4.236499,0.00080625,2048,96216.19,1787804372.109
259,15.023,0.099841,0.00080937,2048,136327.93,1787804372.125
260,17.674,0.10869,0.0008125,2048,115879.05,1787804372.143
261,15.614,0.08823,0.00081563,2048,131160.98,1787804372.159
262,16.288,2.329592,0.00081875,2048,125735.97,1787804372.175
263,15.162,4.344219,0.00082188,2048,135073.64,1787804372.19
264,14.839,0.106592,0.000825,2048,138019.34,1787804372.205
265,15.765,1.823912,0.00082812,2048,129905.55,1787804372.221
266,16.665,0.126851,0.00083125,2048,122889.34,1787804372.238
267,28.003,2.957293,0.00083438,2048,73135.8,1787804372.266
268,21.247,1.050188,0.0008375,2048,96391.89,1787804372.287
269,22.438,0.320997,0.00084063,2048,91275.36,1787804372.31
270,20.683,0.145426,0.00084375,2048,99020.43,1787804372.331
271,20.646,1.106941,0.00084688,2048,99193.57,1787804372.352
272,17.635,1.501039,0.00085,2048,116129.4,1787804372.37
273,16.905,0.294892,0.00085313,2048,121144.01,1787804372.387
274,16.255,0.166198,0.00085625,2048,125992.78,1787804372.403
275,15.501,0.399558,0.00085938,2048,132117.1,1787804372.419
276,22.733,0.202159,0.0008625,2048,90088.9,1787804372.442
277,24.347,0.176455,0.00086562,2048,84116.45,1787804372.467
278,23.31,0.112748,0.00086875,2048,87858.91,1787804372.49
279,21.453,0.110216,0.00087187,2048,95463.61,1787804372.512
280,14.785,0.12902,0.000875,2048,138520.64,1787804372.527
281,15.445,0.109023,0.00087813,2048,132600.41,1787804372.542
282,15.938,0.086526,0.00088125,2048,128495.51,1787804372.558
283,15.516,0.106788,0.00088438,2048,131996.18,1787804372.574
284,14.935,0.117833,0.0008875,2048,137129.39,1787804372.589
285,15.307,0.161391,0.00089063,2048,133795.0,1787804372.605
286,14.969,0.076805,0.00089375,2048,136820.66,1787804372.62
287,15.418,0.069989,0.00089687,2048,132831.75,1787804372.635
288,18.515,2.102263,0.0009,2048,110610.63,1787804372.654
289,17.855,1.242637,0.00090312,2048,114702.41,1787804372.672
290,22.025,0.067659,0.00090625,2048,92983.13,1787804372.694
291,23.348,0.17612,0.00090938,2048,87717.04,1787804372.718
292,16.995,0.111823,0.0009125,2048,120503.2,1787804372.735
293,17.292,0.085636,0.00091562,2048,118434.22,1787804372.752
294,22.866,0.126398,0.00091875,2048,89563.34,1787804372.776
295,25.733,0.074219,0.00092188,2048,79585.9,1787804372.801
296,25.653,0.058564,0.000925,2048,79835.34,1787804372.827
297,19.129,0.056385,0.00092813,2048,107065.37,1787804372.847
298,15.533,1.95267,0.00093125,2048,131846.63,1787804372.862
299,15.045,0.064931,0.00093437,2048,136122.24,1787804372.877
300,15.364,0.055143,0.0009375,2048,133294.28,1787804372.893
301,16.146,0.043471,0.00094063,2048,126840.99,1787804372.909
302,16.118,0.057392,0.00094375,2048,127066.85,1787804372.925
303,15.226,0.035725,0.00094688,2048,134510.3,1787804372.941
304,15.44,0.042657,0.00095,2048,132643.35,1787804372.956
305,14.228,0.025301,0.00095312,2048,143937.48,1787804372.971
306,15.003,3.813724,0.00095625,2048,136506.03,1787804372.986
307,19.152,0.05825,0.00095938,2048,106932.33,1787804373.005
308,15.321,0.039675,0.0009625,2048,133677.1,1787804373.021
309,14.959,0.033769,0.00096563,2048,136911.21,1787804373.036
310,20.679,0.040286,0.00096875,2048,99035.76,1787804373.057
311,22.456,0.03871,0.00097188,2048,91202.19,1787804373.08
312,22.172,0.106552,0.000975,2048,92369.59,1787804373.102
313,21.703,0.414639,0.00097813,2048,94364.83,1787804373.124
314,20.574,0.052022,0.00098125,2048,99542.63,1787804373.144
315,17.608,0.041427,0.00098438,2048,116308.79,1787804373.162
316,15.02,0.03156,0.0009875,2048,136353.35,1787804373.177
317,15.134,0.037879,0.00099062,2048,135322.65,1787804373.193
318,15.318,0.047083,0.00099375,2048,133695.43,1787804373.208
319,16.047,0.028791,0.00099687,2048,127625.1,1787804373.225
320,16.578,0.059223,0.001,2048,123537.96,1787804373.241
321,16.857,0.036801,0.001,2048,121495.44,1787804373.258
322,17.129,0.045853,0.001,2048,119565.41,1787804373.276
323,14.378,0.045675,0.001,2048,142436.87,1787804373.29
324,14.829,0.036495,0.001,2048,138108.69,1787804373.305
325,14.97,0.033521,0.00099999,2048,136810.6,1787804373.32
326,15.084,0.025889,0.00099999,2048,135773.0,1787804373.336
327,18.489,0.024329,0.00099999,2048,110766.77,1787804373.354
328,22.123,0.024983,0.00099998,2048,92573.76,1787804373.377
329,16.554,0.020003,0.00099998,2048,123713.33,1787804373.393
330,19.154,0.02176,0.00099997,2048,106923.39,1787804373.412
331,16.06,0.026769,0.00099997,2048,127519.41,1787804373.429
332,19.539,0.019314,0.00099996,2048,104816.01,1787804373.449
333,26.507,0.016374,0.00099995,2048,77262.9,1787804373.476
334,15.475,0.026862,0.00099995,2048,132345.91,1787804373.491
335,15.998,0.019916,0.00099994,2048,128013.6,1787804373.507
336,17.266,0.018079,0.00099993,2048,118615.31,1787804373.525
337,15.922,0.027934,0.00099992,2048,128628.67,1787804373.54
338,24.43,0.025071,0.00099991,2048,83829.64,1787804373.565
339,15.481,0.027172,0.0009999,2048,132287.78,1787804373.581
340,15.516,0.01875,0.00099989,2048,131996.18,1787804373.597
341,15.929,0.028887,0.00099988,2048,128566.5,1787804373.613
342,15.118,0.026259,0.00099987,2048,135472.13,1787804373.628
343,24.387,0.018072,0.00099986,2048,83977.79,1787804373.653
344,16.617,0.012163,0.00099985,2048,123245.05,1787804373.67
345,15.351,0.025126,0.00099983,2048,133409.77,1787804373.685
346,15.036,0.022587,0.00099982,2048,136209.16,1787804373.7
347,15.179,0.028356,0.0009998,2048,134923.25,1787804373.715
348,15.273,0.017857,0.00099979,2048,134090.21,1787804373.731
349,15.341,0.021249,0.00099977,2048,133494.99,1787804373.746
350,18.779,0.021643,0.00099976,2048,109057.41,1787804373.765
351,15.676,0.017903,0.00099974,2048,130642.24,1787804373.781
352,14.857,0.018206,0.00099973,2048,137843.77,1787804373.796
353,14.877,0.02189,0.00099971,2048,137666.79,1787804373.811
354,14.723,0.019685,0.00099969,2048,139102.09,1787804373.826
355,15.384,0.012267,0.00099967,2048,133123.59,1787804373.842
356,16.472,0.013652,0.00099965,2048,124328.43,1787804373.858
357,15.629,0.020886,0.00099963,2048,131040.97,1787804373.874
358,15.844,0.019062,0.00099961,2048,129258.66,1787804373.89
359,15.316,0.016136,0.00099959,2048,133715.5,1787804373.906
360,14.765,0.013991,0.00099957,2048,138703.58,1787804373.92
361,15.014,0.017602,0.00099955,2048,136405.11,1787804373.936
362,16.259,0.015464,0.00099953,2048,125959.46,1787804373.952
363,21.157,0.010374,0.00099951,2048,96797.83,1787804373.973
364,15.585,0.011408,0.00099948,2048,131407.56,1787804373.989
365,15.168,0.010058,0.00099946,2048,135024.66,1787804374.004
366,15.748,0.012207,0.00099943,2048,130046.61,1787804374.02
367,14.996,0.009012,0.00099941,2048,136566.11,1787804374.035
368,18.393,0.009825,0.00099938,2048,111347.92,1787804374.054
369,15.106,0.011014,0.00099936,2048,135576.17,1787804374.069
370,14.982,0.008958,0.00099933,2048,136698.28,1787804374.084
371,15.708,0.009013,0.0009993,2048,130381.08,1787804374.1
372,16.194,0.008385,0.00099928,2048,126468.15,1787804374.117
373,16.479,0.01054,0.00099925,2048,124280.89,1787804374.134
374,15.743,0.008811,0.00099922,2048,130087.08,1787804374.15
375,15.898,0.008787,0.00099919,2048,128823.67,1787804374.166
376,15.048,0.007047,0.00099916,2048,136096.92,1787804374.181
377,23.501,0.0078,0.00099913,2048,87146.34,1787804374.205
378,19.91,0.010347,0.0009991,2048,102863.92,1787804374.225
379,15.536,0.009457,0.00099907,2048,131821.17,1787804374.241
380,20.648,0.007602,0.00099904,2048,99184.92,1787804374.262
381,15.286,0.009287,0.000999,2048,133980.56,1787804374.277
382,15.264,0.007325,0.00099897,2048,134170.15,1787804374.292
383,15.435,0.005221,0.00099894,2048,132687.17,1787804374.308
384,15.55,0.005868,0.0009989,2048,131701.64,1787804374.324
385,16.238,0.011558,0.00099887,2048,126122.35,1787804374.34
386,18.186,0.004904,0.00099883,2048,112613.48,1787804374.359
387,15.235,0.010285,0.0009988,2048,134426.42,1787804374.374
388,15.094,0.014278,0.00099876,2048,135682.15,1787804374.389
389,15.95,0.012318,0.00099873,2048,128398.84,1787804374.405
390,16.798,0.007269,0.00099869,2048,121922.18,1787804374.422
391,15.429,0.014681,0.00099865,2048,132740.5,1787804374.437
392,17.684,0.008118,0.00099861,2048,115809.59,1787804374.455
393,17.613,0.008794,0.00099857,2048,116275.77,1787804374.473
394,17.299,0.007742,0.00099853,2048,118386.98,1787804374.49
395,15.862,0.009859,0.00099849,2048,129113.61,1787804374.507
396,15.36,0.010471,0.00099845,2048,133336.8,1787804374.522
397,15.233,0.010095,0.00099841,2048,134441.42,1787804374.538
398,21.933,0.010021,0.00099837,2048,93373.58,1787804374.559
399,19.236,0.009522,0.00099833,2048,106465.38,1787804374.579
400,16.082,0.009221,0.00099829,2048,127350.51,1787804374.595
401,16.303,0.013805,0.00099824,2048,125623.36,1787804374.612
402,15.676,0.013417,0.0009982,2048,130643.91,1787804374.627
403,15.092,0.007008,0.00099816,2048,135698.34,1787804374.643
404,14.856,0.007396,0.00099811,2048,137854.9,1787804374.658
405,16.54,0.009215,0.00099807,2048,123819.54,1787804374.674
406,15.424,0.009345,0.00099802,2048,132775.78,1787804374.69
407,16.04,0.005839,0.00099798,2048,127682.39,1787804374.706
408,15.323,0.009219,0.00099793,2048,133651.8,1787804374.722
409,14.734,0.009881,0.00099788,2048,138997.29,1787804374.737
410,15.323,0.009039,0.00099783,2048,133655.29,1787804374.752
411,20.746,0.006196,0.00099778,2048,98719.25,1787804374.773
412,22.881,0.006864,0.00099774,2048,89507.36,1787804374.796
413,17.677,0.007631,0.00099769,2048,115855.45,1787804374.814
414,19.606,0.005484,0.00099764,2048,104455.16,1787804374.834
415,16.587,0.006998,0.00099759,2048,123471.68,1787804374.85
416,18.975,0.005541,0.00099753,2048,107931.49,1787804374.871
417,15.67,0.010283,0.00099748,2048,130694.76,1787804374.886
418,15.108,0.007493,0.00099743,2048,135560.01,1787804374.902
419,22.176,0.004897,0.00099738,2048,92353.34,1787804374.924
420,24.151,0.005112,0.00099733,2048,84800.15,1787804374.948
421,28.623,0.017718,0.00099727,2048,71551.35,1787804374.977
422,15.188,0.014291,0.00099722,2048,134847.74,1787804374.993
423,15.225,0.00966,0.00099716,2048,134512.95,1787804375.008
424,15.129,0.023716,0.00099711,2048,135367.37,1787804375.023
425,15.062,0.019773,0.00099705,2048,135969.51,1787804375.038
426,29.793,0.012393,0.000997,2048,68741.44,1787804375.068
427,28.292,0.011422,0.00099694,2048,72387.19,1787804375.097
428,24.65,0.007794,0.00099688,2048,83083.16,1787804375.122
429,27.95,0.008003,0.00099682,2048,73273.97,1787804375.15
430,19.612,0.013276,0.00099676,2048,104425.33,1787804375.17
431,20.636,0.010112,0.00099671,2048,99244.52,1787804375.19
432,15.487,0.016212,0.00099665,2048,132239.09,1787804375.206
433,16.513,0.006787,0.00099659,2048,124021.24,1787804375.223
434,15.89,0.009512,0.00099653,2048,128884.47,1787804375.239
435,15.535,0.008755,0.00099646,2048,131832.2,1787804375.255
436,18.468,0.012049,0.0009964,2048,110894.52,1787804375.273
437,14.994,0.011689,0.00099634,2048,136589.79,1787804375.288
438,15.718,0.008276,0.00099628,2048,130293.16,1787804375.304
439,15.707,0.007809,0.00099621,2048,130387.73,1787804375.32
440,15.19,0.007752,0.00099615,2048,134822.88,1787804375.335
441,15.55,0.009541,0.00099609,2048,131701.64,1787804375.351
442,20.175,0.007177,0.00099602,2048,101513.28,1787804375.372
443,15.48,0.006697,0.00099596,2048,132298.03,1787804375.387
444,15.217,0.008294,0.00099589,2048,134586.32,1787804375.403
445,15.853,0.010042,0.00099582,2048,129186.9,1787804375.419
446,15.592,0.007228,0.00099576,2048,131352.78,1787804375.434
447,15.975,0.006692,0.00099569,2048,128202.72,1787804375.451
448,26.21,0.007833,0.00099562,2048,78138.71,1787804375.477
449,15.738,0.006579,0.00099555,2048,130131.72,1787804375.493
450,14.935,0.008708,0.00099548,2048,137129.39,1787804375.508
451,15.252,0.009515,0.00099541,2048,134280.99,1787804375.523
452,15.075,0.006775,0.00099534,2048,135853.16,1787804375.539
453,15.063,0.004869,0.00099527,2048,135964.1,1787804375.554
454,17.145,0.006033,0.0009952,2048,119450.34,1787804375.571
455,20.06,0.00449,0.00099513,2048,102095.75,1787804375.592
456,14.986,0.006971,0.00099506,2048,136659.97,1787804375.607
457,15.016,0.006099,0.00099498,2048,136389.67,1787804375.622
458,15.987,0.005494,0.00099491,2048,128104.08,1787804375.638
459,18.172,0.003894,0.00099484,2048,112700.86,1787804375.656
460,15.923,0.00469,0.00099476,2048,128620.59,1787804375.672
461,15.961,0.007457,0.00099469,2048,128309.55,1787804375.689
462,17.304,0.008026,0.00099461,2048,118355.51,1787804375.706
463,18.154,0.004543,0.00099454,2048,112810.74,1787804375.724
464,16.732,0.004328,0.00099446,2048,122397.26,1787804375.741
465,15.778,0.004038,0.00099438,2048,129801.81,1787804375.757
466,17.748,0.005953,0.00099431,2048,115391.33,1787804375.775
467,15.48,0.00528,0.00099423,2048,132301.45,1787804375.79
468,14.994,0.005324,0.00099415,2048,136590.7,1787804375.805
469,14.965,0.006276,0.00099407,2048,136849.91,1787804375.821
470,14.475,0.00483,0.00099399,2048,141488.25,1787804375.835
471,15.358,0.00566,0.00099391,2048,133347.22,1787804375.851
472,16.53,0.008941,0.00099383,2048,123899.69,1787804375.867
473,14.919,0.004498,0.00099375,2048,137270.94,1787804375.882
474,15.59,0.004113,0.00099367,2048,131368.79,1787804375.899
475,15.378,0.004656,0.00099358,2048,133178.13,1787804375.914
476,15.163,0.006153,0.0009935,2048,135068.29,1787804375.93
477,14.901,0.004499,0.00099342,2048,137441.36,1787804375.945
478,16.967,0.004205,0.00099333,2048,120707.03,1787804375.962
479,21.601,0.005345,0.00099325,2048,94810.43,1787804375.984
480,16.891,0.005317,0.00099316,2048,121246.57,1787804376.001
481,15.148,0.006298,0.00099308,2048,135195.8,1787804376.016
482,15.277,0.003089,0.00099299,2048,134059.49,1787804376.032
483,15.923,0.004797,0.00099291,2048,128614.94,1787804376.048
484,16.399,0.003485,0.00099282,2048,124882.62,1787804376.064
485,21.999,0.006559,0.00099273,2048,93094.29,1787804376.086
486,17.228,0.004512,0.00099264,2048,118876.94,1787804376.104
487,17.465,0.003206,0.00099255,2048,117263.1,1787804376.122
488,26.145,0.003603,0.00099246,2048,78332.38,1787804376.148
489,23.518,0.003925,0.00099237,2048,87084.09,1787804376.172
490,23.91,0.004791,0.00099228,2048,85653.1,1787804376.196
491,16.84,0.004777,0.00099219,2048,121618.81,1787804376.213
492,18.606,0.004901,0.0009921,2048,110070.25,1787804376.232
493,15.28,0.005091,0.00099201,2048,134031.41,1787804376.247
494,16.051,0.004476,0.00099192,2048,127591.71,1787804376.263
495,19.858,0.004517,0.00099183,2048,103130.68,1787804376.283
496,15.775,0.004882,0.00099173,2048,129825.67,1787804376.299
497,14.986,0.006709,0.00099164,2048,136659.97,1787804376.315
498,16.069,0.004139,0.00099154,2048,127451.16,1787804376.331
499,15.505,0.003431,0.00099145,2048,132090.68,1787804376.346
500,15.766,0.005576,0.00099135,2048,129898.96,1787804376.362
501,20.301,0.004943,0.00099126,2048,100881.73,1787804376.383
502,17.394,0.002805,0.00099116,2048,117741.07,1787804376.4
503,17.231,0.003628,0.00099106,2048,118853.48,1787804376.418
504,17.292,0.003703,0.00099097,2048,118437.64,1787804376.435
505,17.285,0.006544,0.00099087,2048,118484.92,1787804376.453
506,17.379,0.004325,0.00099077,2048,117843.37,1787804376.47
507,25.63,0.00296,0.00099067,2048,79906.67,1787804376.496
508,44.211,0.003203,0.00099057,2048,46323.52,1787804376.54
509,17.123,0.005843,0.00099047,2048,119608.0,1787804376.558
510,21.337,0.004942,0.00099037,2048,95981.7,1787804376.579
511,24.935,0.004116,0.00099027,2048,82132.23,1787804376.604
512,24.515,0.003227,0.00099017,2048,83540.35,1787804376.629
513,28.183,0.005761,0.00099006,2048,72667.4,1787804376.658
514,22.839,0.004343,0.00098996,2048,89670.0,1787804376.681
515,17.046,0.003631,0.00098986,2048,120145.49,1787804376.698
516,25.44,0.004253,0.00098975,2048,80503.14,1787804376.723
517,29.624,0.003587,0.00098965,2048,69133.6,1787804376.753
518,16.311,0.00293,0.00098954,2048,125557.13,1787804376.77
519,20.816,0.003579,0.00098944,2048,98385.38,1787804376.791
520,15.869,0.003693,0.00098933,2048,129054.21,1787804376.807
521,14.814,0.005976,0.00098923,2048,138247.6,1787804376.822
522,15.672,0.006118,0.00098912,2048,130677.25,1787804376.837
523,15.065,0.0037,0.00098901,2048,135943.34,1787804376.853
524,15.303,0.003818,0.0009889,2048,133829.97,1787804376.868
525,16.182,0.006486,0.0009888,2048,126561.16,1787804376.885
526,26.13,0.004614,0.00098869,2048,78378.24,1787804376.911
527,18.599,0.006958,0.00098858,2048,110111.08,1787804376.93
528,15.142,0.007571,0.00098847,2048,135249.37,1787804376.945
529,15.809,0.006111,0.00098836,2048,129549.74,1787804376.961
530,16.958,0.002838,0.00098824,2048,120768.25,1787804376.978
531,22.309,0.00413,0.00098813,2048,91802.75,1787804377.001
532,30.274,0.007218,0.00098802,2048,67649.92,1787804377.031
533,28.876,0.007288,0.00098791,2048,70924.44,1787804377.06
534,21.296,0.003893,0.00098779,2048,96166.49,1787804377.082
535,26.429,0.004389,0.00098768,2048,77490.34,1787804377.108
536,30.416,0.002775,0.00098757,2048,67332.32,1787804377.139
537,28.799,0.004459,0.00098745,2048,71112.35,1787804377.168
538,20.898,0.003363,0.00098734,2048,98001.22,1787804377.189
539,21.758,0.003827,0.00098722,2048,94125.0,1787804377.211
540,15.873,0.003089,0.0009871,2048,129024.13,1787804377.227
541,15.747,0.003667,0.00098699,2048,130059.82,1787804377.243
542,15.788,0.002674,0.00098687,2048,129715.49,1787804377.259
543,18.326,0.002882,0.00098675,2048,111750.74,1787804377.277
544,21.319,0.003676,0.00098663,2048,96065.89,1787804377.299
545,16.119,0.005832,0.00098651,2048,127055.03,1787804377.315
546,16.649,0.002209,0.00098639,2048,123012.61,1787804377.332
547,32.645,0.002739,0.00098627,2048,62735.49,1787804377.365
548,25.643,0.003503,0.00098615,2048,79865.85,1787804377.391
549,16.243,0.006419,0.00098603,2048,126081.98,1787804377.407
550,15.375,0.003277,0.00098591,2048,133204.12,1787804377.422
551,15.555,0.003019,0.00098579,2048,131662.69,1787804377.438
552,16.067,0.003006,0.00098567,2048,127466.24,1787804377.454
553,14.981,0.005674,0.00098554,2048,136704.67,1787804377.47
554,25.886,0.002302,0.00098542,2048,79115.21,1787804377.496
555,24.729,0.002744,0.0009853,2048,82818.08,1787804377.52
556,24.947,0.0019,0.00098517,2048,82095.36,1787804377.546
557,27.978,0.003232,0.00098505,2048,73199.33,1787804377.574
558,22.555,0.003314,0.00098492,2048,90798.66,1787804377.597
559,26.211,0.002276,0.00098479,2048,78136.33,1787804377.623
560,23.083,0.00317,0.00098467,2048,88724.07,1787804377.646
561,15.717,0.003718,0.00098454,2048,130300.62,1787804377.662
562,21.065,0.002533,0.00098441,2048,97222.88,1787804377.684
563,20.032,0.001834,0.00098428,2048,102238.46,1787804377.704
564,26.024,0.00316,0.00098415,2048,78696.89,1787804377.73
565,32.456,0.003693,0.00098402,2048,63100.42,1787804377.763
566,21.325,0.0024,0.0009839,2048,96035.26,1787804377.784
567,19.469,0.002135,0.00098376,2048,105191.79,1787804377.804
568,14.735,0.002766,0.00098363,2048,138991.63,1787804377.819
569,14.464,0.002503,0.0009835,2048,141597.82,1787804377.833
570,14.689,0.002627,0.00098337,2048,139421.21,1787804377.848
571,14.542,0.002081,0.00098324,2048,140832.48,1787804377.863
572,15.082,0.002442,0.0009831,2048,135788.31,1787804377.878
573,15.799,0.002466,0.00098297,2048,129629.28,1787804377.894
574,19.137,0.001955,0.00098284,2048,107019.5,1787804377.914
575,15.284,0.001899,0.0009827,2048,133992.83,1787804377.929
576,15.546,0.001972,0.00098257,2048,131738.92,1787804377.945
577,15.679,0.001571,0.00098243,2048,130620.57,1787804377.961
578,15.891,0.001947,0.0009823,2048,128877.98,1787804377.977
579,16.409,0.001767,0.00098216,2048,124813.36,1787804377.993
580,24.588,0.002047,0.00098202,2048,83292.32,1787804378.018
581,20.787,0.002191,0.00098188,2048,98524.54,1787804378.04
582,29.366,0.002673,0.00098175,2048,69739.57,1787804378.069
583,21.25,0.002587,0.00098161,2048,96374.2,1787804378.09
584,29.53,0.002045,0.00098147,2048,69354.14,1787804378.12
585,18.05,0.001658,0.00098133,2048,113465.12,1787804378.138
586,18.048,0.002792,0.00098119,2048,113475.81,1787804378.156
587,16.159,0.002015,0.00098105,2048,126737.38,1787804378.172
588,20.661,0.001857,0.00098091,2048,99125.87,1787804378.193
589,19.771,0.001808,0.00098077,2048,103586.06,1787804378.213
590,16.759,0.002774,0.00098062,2048,122202.27,1787804378.23
591,18.281,0.001924,0.00098048,2048,112030.72,1787804378.249
592,19.202,0.001835,0.00098034,2048,106653.89,1787804378.268
593,15.66,0.005344,0.00098019,2048,130780.72,1787804378.284
594,17.226,0.002241,0.00098005,2048,118888.67,1787804378.301
595,16.859,0.002815,0.0009799,2048,121478.86,1787804378.319
596,16.976,0.004075,0.00097976,2048,120638.77,1787804378.336
597,16.817,0.002791,0.00097961,2048,121779.36,1787804378.353
598,17.375,0.002301,0.00097947,2048,117867.79,1787804378.371
599,16.956,0.004929,0.00097932,2048,120783.92,1787804378.388
600,22.339,0.002508,0.00097917,2048,91677.82,1787804378.41
601,26.676,0.002526,0.00097902,2048,76771.69,1787804378.438
602,26.941,0.005306,0.00097888,2048,76017.12,1787804378.465
603,16.311,0.003011,0.00097873,2048,125560.98,1787804378.481
604,17.857,0.001929,0.00097858,2048,114686.99,1787804378.499
605,29.598,0.002035,0.00097843,2048,69193.86,1787804378.529
606,32.706,0.00536,0.00097828,2048,62619.25,1787804378.562
607,25.322,0.004712,0.00097813,2048,80877.01,1787804378.587
608,24.018,0.002068,0.00097798,2048,85269.03,1787804378.611
609,23.056,0.002808,0.00097782,2048,88827.59,1787804378.635
610,16.323,0.003507,0.00097767,2048,125470.21,1787804378.651
611,16.354,0.003379,0.00097752,2048,125225.47,1787804378.668
612,15.791,0.002816,0.00097736,2048,129694.13,1787804378.684
613,15.039,0.002194,0.00097721,2048,136183.79,1787804378.699
614,15.946,0.002588,0.00097706,2048,128434.27,1787804378.715
615,15.572,0.002545,0.0009769,2048,131520.64,1787804378.731
616,14.536,0.002012,0.00097675,2048,140894.49,1787804378.746
617,14.863,0.002362,0.00097659,2048,137788.12,1787804378.761
618,15.096,0.005859,0.00097643,2048,135662.38,1787804378.776
619,15.768,0.001883,0.00097628,2048,129883.31,1787804378.792
620,17.512,0.002535,0.00097612,2048,116951.72,1787804378.809
621,17.21,0.002058,0.00097596,2048,118998.51,1787804378.827
622,22.643,0.005287,0.0009758,2048,90446.98,1787804378.85
623,18.834,0.001602,0.00097564,2048,108740.67,1787804378.869
624,19.169,0.001936,0.00097548,2048,106836.94,1787804378.888
625,17.957,0.002464,0.00097532,2048,114050.23,1787804378.906
626,15.364,0.00274,0.00097516,2048,133301.22,1787804378.922
627,16.959,0.002336,0.000975,2048,120763.26,1787804378.939
628,17.306,0.004243,0.00097484,2048,118337.72,1787804378.956
629,15.143,0.002819,0.00097468,2048,135240.44,1787804378.972
630,16.953,0.002435,0.00097452,2048,120806.72,1787804378.989
631,15.501,0.001921,0.00097435,2048,132117.95,1787804379.005
632,15.762,0.001859,0.00097419,2048,129935.22,1787804379.021
633,15.709,0.001959,0.00097402,2048,130375.27,1787804379.037
634,14.851,0.00181,0.00097386,2048,137906.89,1787804379.052
635,15.332,0.00244,0.00097369,2048,133579.45,1787804379.067
636,15.148,0.00204,0.00097353,2048,135200.26,1787804379.083
637,15.204,0.001914,0.00097336,2048,134700.51,1787804379.098
638,15.316,0.001988,0.0009732,2048,133714.63,1787804379.114
639,14.952,0.001902,0.00097303,2048,136974.39,1787804379.129
640,16.202,0.003226,0.00097286,2048,126403.37,1787804379.145
641,17.583,0.002229,0.00097269,2048,116475.48,1787804379.163
642,17.766,0.001577,0.00097252,2048,115274.42,1787804379.181
643,18.383,0.001832,0.00097236,2048,111407.28,1787804379.199
644,17.752,0.002997,0.00097219,2048,115365.98,1787804379.217
645,23.375,0.001696,0.00097202,2048,87615.72,1787804379.241
646,15.733,0.001669,0.00097185,2048,130169.77,1787804379.256
647,17.831,0.001953,0.00097167,2048,114858.08,1787804379.274
648,17.29,0.001509,0.0009715,2048,118449.29,1787804379.292
649,17.935,0.001745,0.00097133,2048,114193.31,1787804379.31
650,22.332,0.0018,0.00097116,2048,91706.15,1787804379.333
651,21.298,0.001759,0.00097098,2048,96157.46,1787804379.354
652,22.237,0.001485,0.00097081,2048,92097.93,1787804379.377
653,23.563,0.001929,0.00097064,2048,86917.4,1787804379.4
654,21.296,0.001682,0.00097046,2048,96167.39,1787804379.422
655,15.144,0.001567,0.00097029,2048,135231.5,1787804379.437
656,15.334,0.001234,0.00097011,2048,133562.02,1787804379.453
657,16.143,0.001578,0.00096994,2048,126869.28,1787804379.469
658,23.309,0.00163,0.00096976,2048,87864.94,1787804379.493
659,18.381,0.001195,0.00096958,2048,111420.61,1787804379.511
660,18.701,0.001442,0.0009694,2048,109515.2,1787804379.53
661,16.882,0.002359,0.00096923,2048,121312.64,1787804379.547
662,16.662,0.001924,0.00096905,2048,122915.89,1787804379.564
663,17.914,0.001735,0.00096887,2048,114320.8,1787804379.582
664,18.197,0.002434,0.00096869,2048,112548.5,1787804379.6
665,16.512,0.003903,0.00096851,2048,124033.26,1787804379.617
666,16.321,0.002597,0.00096833,2048,125480.2,1787804379.633
667,15.746,0.003728,0.00096815,2048,130067.26,1787804379.649
668,15.507,0.004983,0.00096796,2048,132070.24,1787804379.665
669,16.123,0.002772,0.00096778,2048,127020.36,1787804379.681
670,16.25,0.003628,0.0009676,2048,126029.22,1787804379.698
671,16.971,0.005951,0.00096742,2048,120680.0,1787804379.715
672,15.787,0.002858,0.00096723,2048,129725.35,1787804379.731
673,15.319,0.001923,0.00096705,2048,133692.81,1787804379.746
674,15.235,0.00129,0.00096686,2048,134423.78,1787804379.762
675,15.738,0.002549,0.00096668,2048,130134.2,1787804379.778
676,15.58,0.002802,0.00096649,2048,131448.05,1787804379.793
677,20.014,0.001369,0.00096631,2048,102326.32,1787804379.814
678,29.835,0.002497,0.00096612,2048,68644.9,1787804379.844
679,32.272,0.002169,0.00096593,2048,63460.0,1787804379.876
680,28.602,0.001723,0.00096575,2048,71603.63,1787804379.905
681,16.377,0.002231,0.00096556,2048,125054.96,1787804379.922
682,15.716,0.002503,0.00096537,2048,130310.57,1787804379.938
683,15.318,0.002168,0.00096518,2048,133695.43,1787804379.953
684,15.244,0.002004,0.00096499,2048,134346.18,1787804379.969
685,21.819,0.001559,0.0009648,2048,93864.87,1787804379.991
686,17.593,0.002211,0.00096461,2048,116412.58,1787804380.009
687,17.876,0.001671,0.00096442,2048,114565.74,1787804380.027
688,15.091,0.001862,0.00096423,2048,135707.33,1787804380.042
689,20.658,0.00264,0.00096404,2048,99135.95,1787804380.063
690,21.112,0.001999,0.00096384,2048,97004.14,1787804380.084
691,23.301,0.002064,0.00096365,2048,87892.09,1787804380.107
692,25.534,0.002032,0.00096346,2048,80207.73,1787804380.133
693,30.535,0.001661,0.00096326,2048,67070.36,1787804380.164
694,36.189,0.001924,0.00096307,2048,56591.63,1787804380.2
695,18.45,0.001993,0.00096287,2048,111005.12,1787804380.219
696,15.55,0.001674,0.00096268,2048,131705.87,1787804380.235
697,15.664,0.002044,0.00096248,2048,130749.83,1787804380.25
698,15.019,0.001993,0.00096228,2048,136356.98,1787804380.266
699,16.584,0.002737,0.00096209,2048,123490.29,1787804380.282
700,28.084,0.002024,0.00096189,2048,72923.31,1787804380.311
701,16.19,0.003097,0.00096169,2048,126497.84,1787804380.327
702,15.61,0.002739,0.00096149,2048,131197.11,1787804380.343
703,18.437,0.001698,0.00096129,2048,111077.97,1787804380.361
704,20.951,0.004452,0.0009611,2048,97753.76,1787804380.382
705,16.925,0.002671,0.0009609,2048,121003.72,1787804380.399
706,20.89,0.002511,0.0009607,2048,98035.93,1787804380.42
707,32.873,0.002596,0.00096049,2048,62301.13,1787804380.454
708,22.533,0.003732,0.00096029,2048,90888.52,1787804380.476
709,18.34,0.001353,0.00096009,2048,111667.27,1787804380.495
710,21.842,0.001607,0.00095989,2048,93763.88,1787804380.517
711,17.701,0.004883,0.00095969,2048,115701.64,1787804380.535
712,17.849,0.002413,0.00095948,2048,114742.89,1787804380.553
713,22.244,0.001674,0.00095928,2048,92070.6,1787804380.575
714,21.6,0.00225,0.00095907,2048,94813.06,1787804380.598
715,17.561,0.002772,0.00095887,2048,116622.06,1787804380.615
716,17.113,0.001494,0.00095866,2048,119672.3,1787804380.633
717,16.877,0.005153,0.00095846,2048,121349.3,1787804380.65
718,29.23,0.001527,0.00095825,2048,70065.24,1787804380.679
719,20.557,0.005241,0.00095805,2048,99627.37,1787804380.7
720,17.241,0.005201,0.00095784,2048,118786.61,1787804380.717
721,20.923,0.002252,0.00095763,2048,97882.24,1787804380.738
722,17.304,0.002306,0.00095742,2048,118353.45,1787804380.756
723,19.18,0.007172,0.00095721,2048,106777.34,1787804380.775
724,18.004,0.002359,0.000957,2048,113749.97,1787804380.794
725,17.044,0.003952,0.0009568,2048,120158.88,1787804380.811
726,20.064,0.005865,0.00095659,2048,102074.89,1787804380.831
727,16.553,0.001719,0.00095637,2048,123726.79,1787804380.848
728,37.099,0.004763,0.00095616,2048,55204.24,1787804380.885
729,22.303,0.004025,0.00095595,2048,91824.56,1787804380.908
730,17.224,0.002538,0.00095574,2048,118901.09,1787804380.925
731,17.103,0.003304,0.00095553,2048,119742.97,1787804380.942
732,17.355,0.004474,0.00095531,2048,118009.06,1787804380.96
733,18.775,0.003426,0.0009551,2048,109084.13,1787804380.979
734,18.987,0.003031,0.00095489,2048,107864.98,1787804380.998
735,16.494,0.003695,0.00095467,2048,124165.61,1787804381.015
736,17.2,0.002656,0.00095446,2048,119069.08,1787804381.032
737,15.534,0.003654,0.00095424,2048,131839.84,1787804381.048
738,15.071,0.002584,0.00095403,2048,135891.92,1787804381.063
739,14.994,0.0045,0.00095381,2048,136586.15,1787804381.078
740,15.051,0.005177,0.00095359,2048,136070.69,1787804381.093
741,14.705,0.003375,0.00095338,2048,139275.2,1787804381.108
742,18.591,0.017337,0.00095316,2048,110161.42,1787804381.127
743,24.949,0.009051,0.00095294,2048,82086.8,1787804381.152
744,28.295,0.003746,0.00095272,2048,72379.26,1787804381.181
745,29.167,0.00613,0.0009525,2048,70217.06,1787804381.21
746,15.45,0.008263,0.00095228,2048,132556.63,1787804381.226
747,15.811,0.005803,0.00095206,2048,129530.07,1787804381.242
748,15.701,0.002879,0.00095184,2048,130438.38,1787804381.257
749,15.698,0.003659,0.00095162,2048,130458.32,1787804381.273
750,15.249,0.00542,0.0009514,2048,134302.13,1787804381.289
751,15.427,0.004159,0.00095118,2048,132757.7,1787804381.304
752,18.297,0.003945,0.00095095,2048,111929.69,1787804381.323
753,15.568,0.003057,0.00095073,2048,131551.06,1787804381.338
754,15.207,0.003909,0.00095051,2048,134673.05,1787804381.354
755,15.433,0.003219,0.00095028,2048,132703.51,1787804381.369
756,16.226,0.00234,0.00095006,2048,126219.52,1787804381.386
757,15.847,0.003478,0.00094983,2048,129232.55,1787804381.402
758,16.062,0.002489,0.00094961,2048,127507.5,1787804381.418
759,18.262,0.002428,0.00094938,2048,112142.98,1787804381.437
760,15.06,0.002514,0.00094915,2048,135989.38,1787804381.452
761,15.253,0.002439,0.00094893,2048,134267.79,1787804381.468
762,15.296,0.002591,0.0009487,2048,133894.72,1787804381.483
763,15.43,0.002211,0.00094847,2048,132726.73,1787804381.498
764,20.515,0.002341,0.00094824,2048,99831.83,1787804381.519
765,18.09,0.002549,0.00094802,2048,113211.09,1787804381.537
766,15.883,0.001897,0.00094779,2048,128940.46,1787804381.553
767,15.586,0.002004,0.00094756,2048,131400.82,1787804381.569
768,15.507,0.002082,0.00094733,2048,132071.94,1787804381.585
769,15.764,0.002574,0.0009471,2048,129912.97,1787804381.601
770,23.258,0.002022,0.00094686,2048,88054.59,1787804381.624
771,15.127,0.001778,0.00094663,2048,135386.16,1787804381.64
772,14.728,0.001979,0.0009464,2048,139052.97,1787804381.655
773,14.273,0.001363,0.00094617,2048,143491.73,1787804381.67
774,14.349,0.001507,0.00094594,2048,142724.73,1787804381.684
775,15.001,0.003426,0.0009457,2048,136525.14,1787804381.699
776,14.901,0.001483,0.00094547,2048,137437.67,1787804381.714
777,24.487,0.001956,0.00094523,2048,83636.56,1787804381.739
778,21.398,0.001923,0.000945,2048,95711.67,1787804381.761
779,15.191,0.00206,0.00094476,2048,134818.44,1787804381.776
780,15.049,0.002537,0.00094453,2048,136092.39,1787804381.791
781,15.071,0.002314,0.00094429,2048,135891.92,1787804381.806
782,16.046,0.001714,0.00094405,2048,127630.67,1787804381.823
783,20.971,0.003003,0.00094382,2048,97657.74,1787804381.844
784,14.745,0.001844,0.00094358,2048,138889.83,1787804381.859
785,14.739,0.00168,0.00094334,2048,138953.91,1787804381.874
786,15.481,0.002585,0.0009431,2048,132294.61,1787804381.889
787,19.182,0.001362,0.00094286,2048,106767.32,1787804381.909
788,16.196,0.001972,0.00094262,2048,126447.85,1787804381.925
789,16.393,0.002399,0.00094238,2048,124932.14,1787804381.941
790,16.113,0.001674,0.00094214,2048,127099.97,1787804381.957
791,16.36,0.004369,0.0009419,2048,125181.08,1787804381.974
792,15.484,0.002431,0.00094166,2048,132262.15,1787804381.99
793,17.172,0.001912,0.00094142,2048,119262.53,1787804382.007
794,20.558,0.001455,0.00094118,2048,99623.01,1787804382.028
795,20.592,0.001957,0.00094093,2048,99454.65,1787804382.049
796,15.016,0.002835,0.00094069,2048,136391.49,1787804382.064
797,14.904,0.003043,0.00094045,2048,137410.01,1787804382.079
798,15.832,0.002547,0.0009402,2048,129357.44,1787804382.095
799,15.552,0.002173,0.00093996,2048,131687.24,1787804382.111
800,19.576,0.002347,0.00093971,2048,104618.43,1787804382.131
801,15.019,0.001916,0.00093947,2048,136356.98,1787804382.146
802,15.317,0.002431,0.00093922,2048,133705.03,1787804382.162
803,14.89,0.002373,0.00093897,2048,137545.67,1787804382.177
804,14.816,0.002167,0.00093873,2048,138226.14,1787804382.192
805,14.808,0.001505,0.00093848,2048,138304.55,1787804382.207
806,15.191,0.001996,0.00093823,2048,134815.78,1787804382.222
807,19.334,0.002279,0.00093798,2048,105927.93,1787804382.242
808,15.359,0.00224,0.00093773,2048,133342.01,1787804382.257
809,17.253,0.002367,0.00093748,2048,118703.31,1787804382.274
810,17.3,0.001636,0.00093723,2048,118383.56,1787804382.292
811,30.262,0.001265,0.00093698,2048,67675.19,1787804382.322
812,17.869,0.001571,0.00093673,2048,114608.69,1787804382.34
813,16.695,0.001793,0.00093648,2048,122672.93,1787804382.357
814,15.139,0.001849,0.00093623,2048,135277.95,1787804382.373
815,14.918,0.001481,0.00093598,2048,137285.66,1787804382.387
816,20.515,0.001867,0.00093573,2048,99829.88,1787804382.407
817,17.498,0.001108,0.00093547,2048,117042.62,1787804382.426
818,18.156,0.001128,0.00093522,2048,112802.04,1787804382.444
819,16.588,0.001766,0.00093496,2048,123463.49,1787804382.461
820,15.111,0.001802,0.00093471,2048,135533.1,1787804382.476
821,15.223,0.001169,0.00093446,2048,134533.27,1787804382.492
822,15.007,0.001315,0.0009342,2048,136469.65,1787804382.507
823,15.797,0.001549,0.00093394,2048,129646.51,1787804382.523
824,17.312,0.001126,0.00093369,2048,118299.45,1787804382.54
825,15.144,0.001387,0.00093343,2048,135230.61,1787804382.556
826,14.869,0.001263,0.00093317,2048,137732.52,1787804382.57
827,18.783,0.001211,0.00093292,2048,109034.19,1787804382.589
828,15.401,0.001187,0.00093266,2048,132976.65,1787804382.605
829,16.333,0.001249,0.0009324,2048,125388.78,1787804382.622
830,18.75,0.001249,0.00093214,2048,109224.34,1787804382.641
831,16.642,0.001291,0.00093188,2048,123063.61,1787804382.657
832,17.103,0.001512,0.00093162,2048,119744.37,1787804382.675
833,14.582,0.001282,0.00093136,2048,140444.24,1787804382.689
834,15.407,0.001366,0.0009311,2048,132924.0,1787804382.705
835,15.33,0.001138,0.00093084,2048,133595.13,1787804382.72
836,16.226,0.001086,0.00093058,2048,126216.4,1787804382.737
837,15.231,0.002336,0.00093032,2048,134467.02,1787804382.752
838,14.844,0.001002,0.00093005,2048,137969.13,1787804382.767
839,16.171,0.001211,0.00092979,2048,126645.68,1787804382.784
840,15.276,0.00173,0.00092953,2048,134066.51,1787804382.799
841,15.122,0.001237,0.00092926,2048,135435.4,1787804382.814
842,14.819,0.001375,0.000929,2048,138200.03,1787804382.829
843,16.042,0.001382,0.00092873,2048,127668.86,1787804382.846
844,18.672,0.000992,0.00092847,2048,109680.01,1787804382.864
845,15.861,0.001663,0.0009282,2048,129121.75,1787804382.88
846,15.486,0.001721,0.00092794,2048,132248.48,1787804382.897
847,15.687,0.000987,0.00092767,2048,130551.47,1787804382.912
848,16.633,0.001326,0.0009274,2048,123127.24,1787804382.929
849,16.54,0.00143,0.00092713,2048,123821.04,1787804382.946
850,15.754,0.001173,0.00092687,2048,130000.38,1787804382.962
851,16.528,0.001135,0.0009266,2048,123914.69,1787804382.978
852,15.849,0.00136,0.00092633,2048,129220.32,1787804382.994
853,15.524,0.001547,0.00092606,2048,131922.21,1787804383.01
854,15.842,0.001192,0.00092579,2048,129274.97,1787804383.026
855,16.171,0.001199,0.00092552,2048,126648.03,1787804383.042
856,15.518,0.001851,0.00092525,2048,131978.32,1787804383.058
857,18.313,0.000975,0.00092498,2048,111832.51,1787804383.077
858,23.805,0.000888,0.00092471,2048,86031.98,1787804383.101
859,17.675,0.001371,0.00092443,2048,115872.49,1787804383.118
860,18.825,0.001838,0.00092416,2048,108793.23,1787804383.138
861,17.586,0.001288,0.00092389,2048,116458.92,1787804383.155
862,16.608,0.000895,0.00092362,2048,123311.1,1787804383.172
863,15.529,0.000981,0.00092334,2048,131881.44,1787804383.188
864,15.21,0.001118,0.00092307,2048,134650.91,1787804383.203
865,15.025,0.00097,0.00092279,2048,136302.53,1787804383.218
866,26.586,0.001118,0.00092252,2048,77034.18,1787804383.245
867,14.557,0.000929,0.00092224,2048,140693.16,1787804383.26
868,14.533,0.001131,0.00092197,2048,140919.69,1787804383.275
869,14.872,0.001131,0.00092169,2048,137709.37,1787804383.29
870,14.346,0.001533,0.00092141,2048,142754.58,1787804383.304
871,14.492,0.001766,0.00092113,2048,141316.42,1787804383.319
872,16.232,0.002163,0.00092086,2048,126166.64,1787804383.335
873,16.211,0.001944,0.00092058,2048,126334.75,1787804383.352
874,14.849,0.002029,0.0009203,2048,137918.96,1787804383.367
875,16.039,0.001175,0.00092002,2048,127688.76,1787804383.383
876,15.327,0.001831,0.00091974,2048,133621.28,1787804383.398
877,15.89,0.00105,0.00091946,2048,128885.28,1787804383.414
878,16.948,0.00112,0.00091918,2048,120838.79,1787804383.431
879,17.829,0.001044,0.0009189,2048,114872.26,1787804383.449
880,15.845,0.000872,0.00091862,2048,129248.87,1787804383.465
881,18.283,0.001121,0.00091834,2048,112016.01,1787804383.484
882,15.542,0.001294,0.00091805,2048,131770.28,1787804383.5
883,15.075,0.001658,0.00091777,2048,135854.96,1787804383.515
884,15.59,0.000996,0.00091749,2048,131367.1,1787804383.531
885,17.48,0.001285,0.00091721,2048,117161.8,1787804383.548
886,21.869,0.000855,0.00091692,2048,93646.4,1787804383.57
887,19.903,0.000975,0.00091664,2048,102901.13,1787804383.591
888,16.015,0.001025,0.00091635,2048,127880.91,1787804383.607
889,16.309,0.001051,0.00091607,2048,125577.92,1787804383.623
890,21.181,0.001081,0.00091578,2048,96689.97,1787804383.645
891,25.364,0.001024,0.00091549,2048,80743.09,1787804383.67
892,30.986,0.000858,0.00091521,2048,66094.15,1787804383.701
893,30.45,0.00119,0.00091492,2048,67258.24,1787804383.732
894,19.28,0.001124,0.00091463,2048,106221.86,1787804383.751
895,15.435,0.001312,0.00091435,2048,132683.74,1787804383.767
896,15.726,0.001035,0.00091406,2048,130230.19,1787804383.783
897,15.525,0.001695,0.00091377,2048,131912.86,1787804383.799
898,15.319,0.001072,0.00091348,2048,133691.93,1787804383.814
899,15.494,0.001143,0.00091319,2048,132180.2,1787804383.83
900,19.804,0.000878,0.0009129,2048,103412.93,1787804383.85
901,14.77,0.000848,0.00091261,2048,138655.69,1787804383.865
902,15.099,0.001081,0.00091232,2048,135634.53,1787804383.88
903,14.971,0.000868,0.00091203,2048,136801.46,1787804383.895
904,15.018,0.000874,0.00091174,2048,136366.97,1787804383.91
905,15.309,0.0023,0.00091144,2048,133774.02,1787804383.926
906,15.893,0.001347,0.00091115,2048,128864.2,1787804383.942
907,17.202,0.000939,0.00091086,2048,119053.85,1787804383.959
908,17.126,0.001583,0.00091056,2048,119587.75,1787804383.977
909,15.84,0.002392,0.00091027,2048,129295.38,1787804383.993
910,15.459,0.001168,0.00090998,2048,132481.18,1787804384.008
911,15.563,0.001938,0.00090968,2048,131592.47,1787804384.024
912,15.486,0.001133,0.00090939,2048,132245.92,1787804384.04
913,16.991,0.001415,0.00090909,2048,120537.95,1787804384.057
914,16.635,0.001658,0.00090879,2048,123112.44,1787804384.074
915,17.731,0.002375,0.0009085,2048,115501.31,1787804384.091
916,16.037,0.001119,0.0009082,2048,127707.87,1787804384.107
917,17.054,0.002388,0.0009079,2048,120091.95,1787804384.124
918,16.843,0.002254,0.00090761,2048,121590.65,1787804384.142
919,21.206,0.000896,0.00090731,2048,96575.07,1787804384.163
920,20.623,0.003608,0.00090701,2048,99308.04,1787804384.184
921,22.173,0.002142,0.00090671,2048,92363.75,1787804384.206
922,21.194,0.002693,0.00090641,2048,96633.4,1787804384.228
923,23.704,0.000827,0.00090611,2048,86399.28,1787804384.252
924,15.178,0.001486,0.00090581,2048,134929.47,1787804384.267
925,14.842,0.002218,0.00090551,2048,137983.08,1787804384.282
926,14.939,0.000866,0.00090521,2048,137089.92,1787804384.297
927,14.948,0.001088,0.00090491,2048,137008.3,1787804384.312
928,15.81,0.001427,0.0009046,2048,129535.81,1787804384.328
929,15.558,0.003221,0.0009043,2048,131633.92,1787804384.344
930,16.24,0.00103,0.000904,2048,126107.6,1787804384.36
931,15.077,0.001444,0.0009037,2048,135831.54,1787804384.376
932,15.025,0.001687,0.00090339,2048,136309.79,1787804384.391
933,16.55,0.00252,0.00090309,2048,123743.23,1787804384.408
934,15.714,0.002358,0.00090278,2048,130328.81,1787804384.424
935,23.545,0.001089,0.00090248,2048,86983.11,1787804384.448
936,17.799,0.002075,0.00090217,2048,115063.94,1787804384.466
937,16.595,0.003809,0.00090187,2048,123412.15,1787804384.483
938,16.142,0.002242,0.00090156,2048,126871.64,1787804384.499
939,14.898,0.001296,0.00090126,2048,137467.19,1787804384.514
940,15.18,0.00124,0.00090095,2048,134917.03,1787804384.529
941,21.582,0.003309,0.00090064,2048,94893.89,1787804384.551
942,17.41,0.002482,0.00090033,2048,117635.57,1787804384.568
943,22.928,0.001489,0.00090002,2048,89324.27,1787804384.592
944,29.054,0.001862,0.00089972,2048,70489.68,1787804384.621
945,27.919,0.003047,0.00089941,2048,73354.54,1787804384.649
946,17.742,0.001067,0.0008991,2048,115432.31,1787804384.667
947,16.16,0.002041,0.00089879,2048,126735.81,1787804384.683
948,16.437,0.003604,0.00089848,2048,124596.19,1787804384.7
949,14.877,0.004217,0.00089817,2048,137663.09,1787804384.715
950,14.952,0.001197,0.00089785,2048,136975.31,1787804384.73
951,15.633,0.002264,0.00089754,2048,131006.6,1787804384.746
952,21.877,0.003409,0.00089723,2048,93612.59,1787804384.768
953,16.195,0.002093,0.00089692,2048,126461.91,1787804384.784
954,29.97,0.001932,0.00089661,2048,68334.09,1787804384.814
955,17.696,0.002428,0.00089629,2048,115734.33,1787804384.832
956,15.457,0.001526,0.00089598,2048,132499.18,1787804384.848
957,21.097,0.001711,0.00089566,2048,97075.41,1787804384.87
958,31.25,0.001326,0.00089535,2048,65535.79,1787804384.9
959,15.809,0.003913,0.00089504,2048,129550.56,1787804384.916
960,21.729,0.001821,0.00089472,2048,94251.49,1787804384.938
961,22.379,0.002476,0.0008944,2048,91512.73,1787804384.961
962,15.407,0.0014,0.00089409,2048,132925.73,1787804384.976
963,33.502,0.001217,0.00089377,2048,61131.59,1787804385.01
964,27.454,0.001586,0.00089345,2048,74596.97,1787804385.038
965,18.57,0.003796,0.00089314,2048,110287.19,1787804385.057
966,17.921,0.003887,0.00089282,2048,114276.79,1787804385.076
967,17.146,0.001829,0.0008925,2048,119447.55,1787804385.092
968,15.441,0.002092,0.00089218,2048,132637.33,1787804385.108
969,14.787,0.00297,0.00089186,2048,138503.78,1787804385.122
970,16.039,0.002171,0.00089154,2048,127689.55,1787804385.139
971,15.935,0.001108,0.00089122,2048,128526.15,1787804385.155
972,17.236,0.002196,0.0008909,2048,118819.0,1787804385.172
973,18.058,0.002695,0.00089058,2048,113413.59,1787804385.19
974,17.274,0.00121,0.00089026,2048,118556.94,1787804385.208
975,21.931,0.001314,0.00088994,2048,93382.09,1787804385.231
976,21.19,0.001508,0.00088962,2048,96648.91,1787804385.253
977,20.96,0.00172,0.0008893,2048,97710.39,1787804385.273
978,25.552,0.001446,0.00088897,2048,80149.03,1787804385.299
979,27.658,0.001324,0.00088865,2048,74047.02,1787804385.327
980,28.126,0.000952,0.00088833,2048,72815.45,1787804385.356
981,21.685,0.001534,0.000888,2048,94441.86,1787804385.376
982,15.211,0.002018,0.00088768,2048,134640.29,1787804385.393
983,15.337,0.002281,0.00088736,2048,133536.77,1787804385.408
984,15.646,0.001368,0.00088703,2048,130896.91,1787804385.424
985,15.01,0.001514,0.0008867,2048,136441.46,1787804385.439
986,15.821,0.00138,0.00088638,2048,129444.11,1787804385.455
987,18.687,0.002716,0.00088605,2048,109596.66,1787804385.474
988,15.971,0.001587,0.00088573,2048,128233.22,1787804385.49
989,15.919,0.001328,0.0008854,2048,128651.3,1787804385.506
990,14.925,0.001961,0.00088507,2048,137219.43,1787804385.521
991,14.994,0.002551,0.00088474,2048,136588.88,1787804385.536
992,15.089,0.001676,0.00088442,2048,135729.81,1787804385.552
993,16.019,0.001173,0.00088409,2048,127848.98,1787804385.568
994,21.039,0.002095,0.00088376,2048,97341.18,1787804385.589
995,17.302,0.001333,0.00088343,2048,118365.77,1787804385.607
996,18.05,0.001414,0.0008831,2048,113463.23,1787804385.625
997,16.471,0.001435,0.00088277,2048,124341.26,1787804385.641
998,15.337,0.001314,0.00088244,2048,133531.55,1787804385.657
999,17.801,0.001549,0.00088211,2048,115048.42,1787804385.675
1000,22.033,0.001101,0.00088177,2048,92949.79,1787804385.697
1001,15.053,0.000827,0.00088144,2048,136049.9,1787804385.712
1002,15.797,0.001711,0.00088111,2048,129647.33,1787804385.728
1003,15.808,0.001309,0.00088078,2048,129557.11,1787804385.744
1004,14.953,0.001188,0.00088045,2048,136958.82,1787804385.759
1005,15.557,0.000896,0.00088011,2048,131642.38,1787804385.775
1006,14.772,0.002845,0.00087978,2048,138639.73,1787804385.79
1007,15.793,0.001537,0.00087944,2048,129680.17,1787804385.806
1008,14.944,0.001152,0.00087911,2048,137048.64,1787804385.821
1009,15.405,0.000969,0.00087877,2048,132940.4,1787804385.837
1010,15.445,0.001068,0.00087844,2048,132599.55,1787804385.852
1011,15.264,0.001221,0.0008781,2048,134169.27,1787804385.868
1012,15.733,0.001343,0.00087777,2048,130170.59,1787804385.884
1013,15.277,0.000954,0.00087743,2048,134055.1,1787804385.899
1014,15.711,0.002001,0.00087709,2048,130350.38,1787804385.915
1015,16.799,0.001029,0.00087676,2048,121914.92,1787804385.932
1016,15.53,0.000883,0.00087642,2048,131876.34,1787804385.947
1017,16.002,0.001006,0.00087608,2048,127986.4,1787804385.963
1018,15.677,0.000932,0.00087574,2048,130636.41,1787804385.979
1019,16.725,0.001963,0.0008754,2048,122451.42,1787804385.996
1020,19.199,0.000805,0.00087506,2048,106673.89,1787804386.016
1021,17.248,0.001463,0.00087472,2048,118738.4,1787804386.033
1022,18.054,0.001174,0.00087438,2048,113434.32,1787804386.052
1023,16.855,0.001217,0.00087404,2048,121508.41,1787804386.069
1024,18.89,0.000916,0.0008737,2048,108416.58,1787804386.088
1025,15.391,0.00084,0.00087336,2048,133061.32,1787804386.103
1026,15.311,0.001265,0.00087302,2048,133763.54,1787804386.119
1027,15.011,0.001165,0.00087268,2048,136429.65,1787804386.134
1028,15.296,0.000849,0.00087234,2048,133893.84,1787804386.15
1029,15.35,0.001078,0.00087199,2048,133421.06,1787804386.165
1030,19.029,0.000795,0.00087165,2048,107624.64,1787804386.184
1031,15.949,0.001409,0.00087131,2048,128409.3,1787804386.201
1032,16.014,0.002382,0.00087096,2048,127889.7,1787804386.217
1033,15.307,0.000734,0.00087062,2048,133797.62,1787804386.232
1034,15.237,0.00197,0.00087027,2048,134410.54,1787804386.248
1035,14.774,0.003007,0.00086993,2048,138624.72,1787804386.263
1036,19.255,0.000931,0.00086958,2048,106360.33,1787804386.282
1037,16.681,0.001031,0.00086924,2048,122775.89,1787804386.299
1038,16.443,0.000979,0.00086889,2048,124548.45,1787804386.315
1039,17.618,0.001612,0.00086854,2048,116247.39,1787804386.333
1040,17.82,0.001252,0.0008682,2048,114928.98,1787804386.351
1041,15.444,0.001255,0.00086785,2048,132608.13,1787804386.367
1042,16.014,0.001637,0.0008675,2048,127886.5,1787804386.383
1043,15.72,0.001503,0.00086716,2048,130282.39,1787804386.399
1044,17.565,0.001105,0.00086681,2048,116596.17,1787804386.417
1045,15.954,0.002281,0.00086646,2048,128371.47,1787804386.433
1046,15.45,0.001234,0.00086611,2048,132553.2,1787804386.449
1047,15.169,0.001108,0.00086576,2048,135008.64,1787804386.464
1048,25.17,0.000724,0.00086541,2048,81365.41,1787804386.489
1049,23.452,0.000975,0.00086506,2048,87327.31,1787804386.513
1050,14.934,0.001085,0.00086471,2048,137133.06,1787804386.528
1051,15.378,0.001226,0.00086436,2048,133175.53,1787804386.543
1052,15.149,0.001095,0.00086401,2048,135194.01,1787804386.559
1053,15.146,0.00201,0.00086365,2048,135215.43,1787804386.574
1054,16.04,0.001203,0.0008633,2048,127679.21,1787804386.59
1055,17.839,0.002108,0.00086295,2048,114802.71,1787804386.608
1056,16.11,0.000968,0.0008626,2048,127127.59,1787804386.624
1057,16.563,0.001132,0.00086224,2048,123647.6,1787804386.641
1058,29.567,0.001497,0.00086189,2048,69266.18,1787804386.671
1059,18.111,0.001418,0.00086154,2048,113080.45,1787804386.689
1060,30.289,0.00104,0.00086118,2048,67615.08,1787804386.719
1061,21.493,0.000875,0.00086083,2048,95288.17,1787804386.741
1062,15.647,0.001445,0.00086047,2048,130890.22,1787804386.757
1063,16.635,0.001673,0.00086012,2048,123114.66,1787804386.774
1064,16.414,0.001665,0.00085976,2048,124770.78,1787804386.791
1065,28.417,0.001331,0.0008594,2048,72069.03,1787804386.819
1066,20.843,0.001345,0.00085905,2048,98257.47,1787804386.84
1067,25.076,0.001461,0.00085869,2048,81671.39,1787804386.866
1068,22.815,0.001421,0.00085833,2048,89766.69,1787804386.889
1069,16.345,0.001267,0.00085797,2048,125302.09,1787804386.905
1070,15.4,0.001145,0.00085762,2048,132987.01,1787804386.921
1071,14.93,0.001382,0.00085726,2048,137172.56,1787804386.936
1072,15.389,0.001267,0.0008569,2048,133082.94,1787804386.951
1073,16.344,0.001445,0.00085654,2048,125307.46,1787804386.968
1074,18.64,0.001002,0.00085618,2048,109870.66,1787804386.987
1075,28.61,0.001019,0.00085582,2048,71584.36,1787804387.016
1076,22.074,0.003043,0.00085546,2048,92776.73,1787804387.038
1077,15.482,0.00198,0.0008551,2048,132283.51,1787804387.053
1078,15.787,0.001059,0.00085474,2048,129723.7,1787804387.069
1079,19.959,0.001011,0.00085438,2048,102611.38,1787804387.09
1080,15.619,0.001136,0.00085402,2048,131122.35,1787804387.105
1081,16.049,0.001084,0.00085365,2048,127608.4,1787804387.121
1082,17.091,0.000934,0.00085329,2048,119831.95,1787804387.139
1083,15.753,0.000846,0.00085293,2048,130004.51,1787804387.155
1084,16.946,0.001102,0.00085257,2048,120855.19,1787804387.172
1085,18.055,0.001204,0.0008522,2048,113428.04,1787804387.19
1086,16.503,0.000966,0.00085184,2048,124097.15,1787804387.207
1087,17.227,0.00103,0.00085147,2048,118885.91,1787804387.224
1088,16.304,0.001011,0.00085111,2048,125610.27,1787804387.241
1089,19.256,0.001995,0.00085074,2048,106357.01,1787804387.26
1090,16.652,0.000953,0.00085038,2048,122987.49,1787804387.278
1091,17.492,0.002313,0.00085001,2048,117084.77,1787804387.295
1092,16.316,0.002218,0.00084965,2048,125519.42,1787804387.312
1093,15.853,0.001031,0.00084928,2048,129183.65,1787804387.328
1094,16.904,0.001241,0.00084891,2048,121151.89,1787804387.345
1095,16.956,0.002082,0.00084855,2048,120786.05,1787804387.362
1096,17.277,0.000965,0.00084818,2048,118539.78,1787804387.379
1097,21.348,0.000865,0.00084781,2048,95933.15,1787804387.401
1098,21.355,0.001738,0.00084744,2048,95901.7,1787804387.422
1099,17.853,0.001471,0.00084707,2048,114715.9,1787804387.44
1100,16.59,0.000975,0.00084671,2048,123448.6,1787804387.457
1101,15.895,0.000977,0.00084634,2048,128847.17,1787804387.473
1102,17.786,0.002603,0.00084597,2048,115143.51,1787804387.491
1103,15.137,0.001552,0.0008456,2048,135294.93,1787804387.507
1104,15.028,0.000867,0.00084523,2048,136274.41,1787804387.522
1105,14.656,0.00201,0.00084486,2048,139741.81,1787804387.537
1106,14.527,0.001334,0.00084448,2048,140975.96,1787804387.551
1107,15.063,0.002232,0.00084411,2048,135960.49,1787804387.566
1108,15.721,0.000933,0.00084374,2048,130268.3,1787804387.582
1109,21.393,0.001056,0.00084337,2048,95730.46,1787804387.604
1110,15.954,0.001218,0.000843,2048,128369.87,1787804387.62
1111,15.862,0.000971,0.00084262,2048,129116.86,1787804387.636
1112,14.737,0.001058,0.00084225,2048,138968.05,1787804387.651
1113,14.274,0.001576,0.00084188,2048,143476.65,1787804387.665
1114,14.478,0.001402,0.0008415,2048,141459.91,1787804387.68
1115,15.616,0.001767,0.00084113,2048,131147.54,1787804387.696
1116,15.525,0.001049,0.00084076,2048,131916.26,1787804387.711
1117,15.135,0.001261,0.00084038,2048,135313.71,1787804387.727
1118,14.863,0.001375,0.00084001,2048,137792.76,1787804387.742
1119,15.03,0.000695,0.00083963,2048,136265.34,1787804387.757
1120,15.446,0.000941,0.00083925,2048,132593.54,1787804387.773
1121,14.997,0.001105,0.00083888,2048,136557.91,1787804387.788
1122,15.378,0.0011,0.0008385,2048,133172.94,1787804387.803
1123,25.98,0.001026,0.00083812,2048,78828.66,1787804387.829
1124,26.257,0.000927,0.00083775,2048,77998.84,1787804387.856
1125,25.745,0.00109,0.00083737,2048,79549.74,1787804387.882
1126,15.496,0.000776,0.00083699,2048,132163.99,1787804387.898
1127,18.464,0.001181,0.00083661,2048,110918.54,1787804387.917
1128,19.4,0.001354,0.00083624,2048,105566.47,1787804387.937
1129,16.469,0.001317,0.00083586,2048,124355.6,1787804387.953
1130,16.642,0.00125,0.00083548,2048,123062.87,1787804387.97
1131,24.424,0.000919,0.0008351,2048,83852.64,1787804387.995
1132,17.566,0.000837,0.00083472,2048,116585.55,1787804388.012
1133,19.145,0.001006,0.00083434,2048,106974.22,1787804388.032
1134,24.271,0.001162,0.00083396,2048,84380.19,1787804388.056
1135,25.983,0.001157,0.00083358,2048,78820.46,1787804388.082
1136,16.819,0.001101,0.00083319,2048,121764.15,1787804388.099
1137,16.133,0.000781,0.00083281,2048,126941.62,1787804388.115
1138,16.086,0.001852,0.00083243,2048,127315.68,1787804388.131
1139,15.752,0.001609,0.00083205,2048,130011.93,1787804388.147
1140,15.687,0.001137,0.00083167,2048,130558.12,1787804388.163
1141,14.954,0.00186,0.00083128,2048,136956.07,1787804388.178
1142,16.147,0.000987,0.0008309,2048,126838.63,1787804388.194
1143,16.516,0.001666,0.00083052,2048,123999.47,1787804388.211
1144,15.697,0.001171,0.00083013,2048,130470.79,1787804388.227
1145,15.979,0.00134,0.00082975,2048,128171.43,1787804388.243
1146,16.622,0.001205,0.00082936,2048,123207.24,1787804388.26
1147,16.089,0.000829,0.00082898,2048,127295.89,1787804388.276
1148,16.136,0.000879,0.00082859,2048,126921.17,1787804388.292
1149,20.398,0.001245,0.00082821,2048,100404.46,1787804388.313
1150,23.888,0.000756,0.00082782,2048,85732.71,1787804388.337
1151,27.456,0.00109,0.00082743,2048,74590.99,1787804388.365
1152,23.218,0.001529,0.00082705,2048,88208.95,1787804388.388
1153,23.711,0.001145,0.00082666,2048,86374.87,1787804388.413
1154,29.444,0.000984,0.00082627,2048,69554.82,1787804388.442
1155,18.496,0.001204,0.00082589,2048,110728.44,1787804388.461
1156,19.406,0.000747,0.0008255,2048,105532.2,1787804388.481
1157,19.649,0.001084,0.00082511,2048,104227.1,1787804388.5
1158,15.493,0.000855,0.00082472,2048,132187.02,1787804388.516
1159,14.32,0.001848,0.00082433,2048,143020.76,1787804388.531
1160,15.276,0.001406,0.00082394,2048,134068.26,1787804388.546
1161,14.776,0.001376,0.00082355,2048,138602.2,1787804388.561
1162,15.55,0.000999,0.00082316,2048,131703.33,1787804388.577
1163,19.04,0.001154,0.00082277,2048,107564.15,1787804388.596
1164,15.491,0.00097,0.00082238,2048,132207.5,1787804388.612
1165,26.883,0.000779,0.00082199,2048,76181.69,1787804388.639
1166,26.335,0.000857,0.0008216,2048,77766.93,1787804388.665
1167,21.17,0.000869,0.00082121,2048,96738.84,1787804388.687
1168,18.792,0.001116,0.00082082,2048,108983.71,1787804388.706
1169,17.387,0.00085,0.00082042,2048,117791.86,1787804388.723
1170,17.106,0.00107,0.00082003,2048,119724.77,1787804388.74
1171,17.358,0.001005,0.00081964,2048,117988.66,1787804388.758
1172,16.614,0.000848,0.00081925,2048,123266.56,1787804388.775
1173,17.488,0.001234,0.00081885,2048,117108.21,1787804388.793
1174,25.068,0.001005,0.00081846,2048,81699.09,1787804388.817
1175,22.151,0.001585,0.00081806,2048,92455.91,1787804388.84
1176,18.696,0.000756,0.00081767,2048,109539.22,1787804388.858
1177,23.101,0.000797,0.00081728,2048,88653.4,1787804388.882
1178,16.951,0.002975,0.00081688,2048,120820.26,1787804388.899
1179,17.238,0.001095,0.00081649,2048,118803.84,1787804388.917
1180,16.906,0.000981,0.00081609,2048,121137.56,1787804388.934
1181,17.37,0.00138,0.00081569,2048,117904.43,1787804388.951
1182,17.721,0.001496,0.0008153,2048,115567.14,1787804388.969
1183,16.229,0.000691,0.0008149,2048,126195.41,1787804388.986
1184,17.863,0.001437,0.0008145,2048,114651.68,1787804389.004
1185,18.742,0.001131,0.00081411,2048,109270.37,1787804389.023
1186,24.975,0.001183,0.00081371,2048,82001.02,1787804389.048
1187,26.045,0.000936,0.00081331,2048,78633.13,1787804389.074
1188,25.793,0.000665,0.00081291,2048,79401.7,1787804389.1
1189,16.207,0.00089,0.00081251,2048,126367.49,1787804389.117
1190,21.949,0.000896,0.00081211,2048,93307.64,1787804389.139
1191,20.061,0.000625,0.00081172,2048,102088.63,1787804389.159
1192,17.653,0.00087,0.00081132,2048,116015.59,1787804389.177
1193,17.479,0.00112,0.00081092,2048,117166.49,1787804389.194
1194,17.021,0.00111,0.00081052,2048,120321.96,1787804389.212
1195,26.004,0.001211,0.00081012,2048,78758.02,1787804389.238
1196,20.833,0.000956,0.00080972,2048,98306.04,1787804389.259
1197,17.053,0.000678,0.00080931,2048,120094.76,1787804389.276
1198,17.154,0.00185,0.00080891,2048,119391.15,1787804389.293
1199,17.304,0.001299,0.00080851,2048,118352.77,1787804389.311
1200,19.132,0.001081,0.00080811,2048,107048.58,1787804389.33
1201,17.025,0.001113,0.00080771,2048,120294.39,1787804389.347
1202,20.906,0.001084,0.0008073,2048,97961.84,1787804389.368
1203,18.926,0.000901,0.0008069,2048,108211.5,1787804389.388
1204,15.841,0.001007,0.0008065,2048,129283.95,1787804389.404
1205,16.457,0.001209,0.0008061,2048,124447.04,1787804389.42
1206,18.615,0.001727,0.00080569,2048,110021.17,1787804389.439
1207,15.548,0.000573,0.00080529,2048,131721.12,1787804389.455
1208,19.741,0.000697,0.00080488,2048,103743.48,1787804389.475
1209,31.986,0.000927,0.00080448,2048,64028.01,1787804389.507
1210,24.105,0.001469,0.00080407,2048,84961.63,1787804389.531
1211,17.336,0.001303,0.00080367,2048,118139.08,1787804389.548
1212,15.558,0.001179,0.00080326,2048,131639.0,1787804389.564
1213,15.336,0.001115,0.00080286,2048,133542.86,1787804389.579
1214,18.002,0.000826,0.00080245,2048,113762.61,1787804389.597
1215,15.866,0.001106,0.00080204,2048,129080.24,1787804389.613
1216,17.33,0.000844,0.00080164,2048,118175.89,1787804389.631
1217,20.736,0.001114,0.00080123,2048,98764.96,1787804389.652
1218,27.045,0.001106,0.00080082,2048,75725.92,1787804389.679
1219,29.512,0.001877,0.00080041,2048,69395.74,1787804389.709
1220,15.255,0.001798,0.00080001,2048,134248.42,1787804389.724
1221,14.316,0.000829,0.0007996,2048,143053.72,1787804389.739
1222,14.371,0.001068,0.00079919,2048,142507.24,1787804389.753
1223,14.795,0.001491,0.00079878,2048,138427.95,1787804389.769
1224,22.863,0.000944,0.00079837,2048,89577.83,1787804389.792
1225,15.633,0.000929,0.00079796,2048,131004.93,1787804389.808
1226,20.361,0.000838,0.00079755,2048,100582.47,1787804389.828
1227,15.334,0.001202,0.00079714,2048,133557.67,1787804389.844
1228,14.9,0.000767,0.00079673,2048,137453.35,1787804389.859
1229,14.628,0.000949,0.00079632,2048,140006.43,1787804389.874
1230,14.49,0.000886,0.00079591,2048,141336.9,1787804389.888
1231,15.053,0.001574,0.0007955,2048,136052.61,1787804389.904
1232,15.594,0.001379,0.00079509,2048,131332.56,1787804389.919
1233,15.581,0.00101,0.00079468,2048,131438.77,1787804389.935
1234,27.262,0.000885,0.00079426,2048,75122.61,1787804389.962
1235,21.475,0.00104,0.00079385,2048,95368.04,1787804389.984
1236,17.131,0.000905,0.00079344,2048,119547.26,1787804390.001
1237,17.554,0.000953,0.00079303,2048,116669.89,1787804390.018
1238,26.875,0.000924,0.00079261,2048,76204.65,1787804390.046
1239,21.939,0.00112,0.0007922,2048,93351.02,1787804390.068
1240,19.565,0.000749,0.00079178,2048,104678.32,1787804390.087
1241,17.973,0.001017,0.00079137,2048,113948.07,1787804390.106
1242,23.639,0.001058,0.00079096,2048,86637.59,1787804390.13
1243,16.903,0.000923,0.00079054,2048,121158.34,1787804390.147
1244,16.615,0.000942,0.00079013,2048,123260.63,1787804390.164
1245,15.457,0.000844,0.00078971,2048,132497.46,1787804390.179
1246,15.158,0.002026,0.0007893,2048,135111.96,1787804390.195
1247,15.699,0.000969,0.00078888,2048,130457.49,1787804390.211
1248,16.922,0.002442,0.00078846,2048,121028.03,1787804390.228
1249,17.618,0.000609,0.00078805,2048,116247.39,1787804390.246
1250,27.968,0.001011,0.00078763,2048,73226.54,1787804390.274
1251,27.933,0.001661,0.00078721,2048,73317.51,1787804390.302
1252,26.759,0.000857,0.0007868,2048,76534.71,1787804390.329
1253,23.801,0.00111,0.00078638,2048,86045.72,1787804390.353
1254,25.985,0.000785,0.00078596,2048,78815.31,1787804390.379
1255,18.141,0.000672,0.00078554,2048,112892.82,1787804390.397
1256,16.609,0.000922,0.00078512,2048,123309.61,1787804390.413
1257,18.556,0.001347,0.00078471,2048,110367.42,1787804390.432
1258,25.082,0.00072,0.00078429,2048,81651.53,1787804390.457
1259,19.414,0.00067,0.00078387,2048,105491.97,1787804390.477
1260,17.535,0.000986,0.00078345,2048,116796.31,1787804390.495
1261,16.703,0.001235,0.00078303,2048,122615.64,1787804390.512
1262,16.153,0.001696,0.00078261,2048,126787.59,1787804390.528
1263,16.832,0.000945,0.00078219,2048,121670.11,1787804390.545
1264,18.718,0.001056,0.00078177,2048,109412.81,1787804390.564
1265,19.724,0.001261,0.00078135,2048,103833.42,1787804390.584
1266,16.605,0.001455,0.00078093,2048,123336.34,1787804390.601
1267,15.724,0.001267,0.0007805,2048,130244.27,1787804390.617
1268,20.213,0.001297,0.00078008,2048,101319.43,1787804390.637
1269,16.135,0.001217,0.00077966,2048,126930.61,1787804390.653
1270,15.43,0.003575,0.00077924,2048,132729.31,1787804390.669
1271,15.04,0.00208,0.00077882,2048,136170.21,1787804390.684
1272,14.939,0.001818,0.00077839,2048,137092.67,1787804390.699
1273,16.402,0.001827,0.00077797,2048,124862.82,1787804390.716
1274,17.116,0.002191,0.00077755,2048,119656.22,1787804390.733
1275,16.232,0.001249,0.00077712,2048,126168.2,1787804390.749
1276,26.729,0.001537,0.0007767,2048,76620.04,1787804390.776
1277,21.823,0.00151,0.00077627,2048,93843.79,1787804390.799
1278,30.571,0.00254,0.00077585,2048,66991.59,1787804390.83
1279,16.063,0.002514,0.00077542,2048,127494.01,1787804390.846
1280,15.043,0.001287,0.000775,2048,136143.96,1787804390.861
1281,16.217,0.001695,0.00077457,2048,126289.57,1787804390.878
1282,24.303,0.002428,0.00077415,2048,84268.74,1787804390.902
1283,26.911,0.00163,0.00077372,2048,76103.27,1787804390.929
1284,20.526,0.001229,0.0007733,2048,99774.44,1787804390.95
1285,22.1,0.001268,0.00077287,2048,92667.59,1787804390.972
1286,15.341,0.001709,0.00077244,2048,133494.99,1787804390.988
1287,15.992,0.000957,0.00077202,2048,128064.83,1787804391.004
1288,15.697,0.001806,0.00077159,2048,130471.62,1787804391.02
1289,16.764,0.001066,0.00077116,2048,122168.73,1787804391.036
1290,15.278,0.001342,0.00077074,2048,134050.71,1787804391.052
1291,14.914,0.001524,0.00077031,2048,137324.32,1787804391.067
1292,15.332,0.001587,0.00076988,2048,133575.96,1787804391.082
1293,15.161,0.000547,0.00076945,2048,135079.87,1787804391.098
1294,15.088,0.001157,0.00076902,2048,135734.31,1787804391.113
1295,16.33,0.001498,0.00076859,2048,125414.89,1787804391.13
1296,31.173,0.000817,0.00076816,2048,65697.04,1787804391.161
1297,30.165,0.000652,0.00076773,2048,67892.35,1787804391.192
1298,29.538,0.000911,0.00076731,2048,69335.12,1787804391.222
1299,19.387,0.001732,0.00076688,2048,105637.25,1787804391.241
1300,21.514,0.000938,0.00076644,2048,95194.27,1787804391.263
1301,24.123,0.000798,0.00076601,2048,84897.88,1787804391.287
1302,15.52,0.001188,0.00076558,2048,131955.36,1787804391.303
1303,15.894,0.00074,0.00076515,2048,128850.41,1787804391.319
1304,17.796,0.000961,0.00076472,2048,115083.33,1787804391.337
1305,17.636,0.001181,0.00076429,2048,116124.79,1787804391.355
1306,15.581,0.000661,0.00076386,2048,131439.61,1787804391.37
1307,15.271,0.000579,0.00076343,2048,134110.41,1787804391.386
1308,15.233,0.000656,0.00076299,2048,134448.49,1787804391.401
1309,15.39,0.001011,0.00076256,2048,133072.56,1787804391.417
1310,19.833,0.000692,0.00076213,2048,103260.68,1787804391.437
1311,17.638,0.000765,0.0007617,2048,116110.3,1787804391.455
1312,19.483,0.000512,0.00076126,2048,105117.82,1787804391.474
1313,18.037,0.000728,0.00076083,2048,113544.38,1787804391.493
1314,16.287,0.001393,0.00076039,2048,125747.55,1787804391.509
1315,15.926,0.00101,0.00075996,2048,128591.52,1787804391.525
1316,25.863,0.000633,0.00075953,2048,79185.87,1787804391.551
1317,30.207,0.000663,0.00075909,2048,67797.96,1787804391.582
1318,32.06,0.000736,0.00075866,2048,63879.63,1787804391.614
1319,20.485,0.000755,0.00075822,2048,99975.59,1787804391.635
1320,15.811,0.000886,0.00075779,2048,129533.35,1787804391.651
1321,16.733,0.000572,0.00075735,2048,122394.34,1787804391.667
1322,15.447,0.000717,0.00075692,2048,132580.66,1787804391.683
1323,15.14,0.000791,0.00075648,2048,135273.49,1787804391.698
1324,15.117,0.000961,0.00075604,2048,135479.3,1787804391.714
1325,15.545,0.000785,0.00075561,2048,131744.85,1787804391.729
1326,18.766,0.000713,0.00075517,2048,109135.87,1787804391.748
1327,22.463,0.000714,0.00075473,2048,91174.18,1787804391.771
1328,15.498,0.000575,0.0007543,2048,132146.08,1787804391.787
1329,22.335,0.001858,0.00075386,2048,91693.42,1787804391.809
1330,26.46,0.001034,0.00075342,2048,77400.43,1787804391.836
1331,24.521,0.001368,0.00075298,2048,83521.27,1787804391.86
1332,21.4,0.000623,0.00075254,2048,95700.04,1787804391.882
1333,16.284,0.000827,0.00075211,2048,125766.85,1787804391.898
1334,15.524,0.000541,0.00075167,2048,131920.51,1787804391.913
1335,16.038,0.000947,0.00075123,2048,127695.13,1787804391.93
1336,18.913,0.000965,0.00075079,2048,108288.17,1787804391.949
1337,15.272,0.001019,0.00075035,2048,134098.99,1787804391.964
1338,15.266,0.000991,0.00074991,2048,134157.84,1787804391.98
1339,14.637,0.000421,0.00074947,2048,139919.38,1787804391.994
1340,15.158,0.000693,0.00074903,2048,135109.28,1787804392.01
1341,20.101,0.001302,0.00074859,2048,101887.51,1787804392.03
1342,18.159,0.000598,0.00074815,2048,112778.44,1787804392.048
1343,14.991,0.000842,0.00074771,2048,136613.48,1787804392.064
1344,16.153,0.001874,0.00074727,2048,126787.59,1787804392.08
1345,14.807,0.000862,0.00074683,2048,138316.7,1787804392.095
1346,17.281,0.000525,0.00074638,2048,118510.97,1787804392.112
1347,20.392,0.000874,0.00074594,2048,100433.51,1787804392.133
1348,15.519,0.001037,0.0007455,2048,131968.97,1787804392.149
1349,15.318,0.000791,0.00074506,2048,133696.3,1787804392.164
1350,14.985,0.001172,0.00074462,2048,136668.18,1787804392.179
1351,15.563,0.001121,0.00074417,2048,131595.86,1787804392.195
1352,14.694,0.000613,0.00074373,2048,139378.51,1787804392.21
1353,15.166,0.000834,0.00074329,2048,135042.46,1787804392.225
1354,24.573,0.001102,0.00074284,2048,83343.85,1787804392.25
1355,15.342,0.000833,0.0007424,2048,133491.51,1787804392.266
1356,14.873,0.001086,0.00074196,2048,137696.41,1787804392.281
1357,15.267,0.000815,0.00074151,2048,134148.18,1787804392.297
1358,14.78,0.001097,0.00074107,2048,138565.63,1787804392.312
1359,15.214,0.001219,0.00074062,2048,134617.28,1787804392.327
1360,16.207,0.000702,0.00074018,2048,126363.59,1787804392.343
1361,17.277,0.001055,0.00073973,2048,118536.35,1787804392.361
1362,15.059,0.000597,0.00073929,2048,135996.6,1787804392.376
1363,14.838,0.000876,0.00073884,2048,138023.06,1787804392.391
1364,15.651,0.001578,0.0007384,2048,130855.09,1787804392.407
1365,15.584,0.000715,0.00073795,2048,131421.05,1787804392.423
1366,15.796,0.00057,0.0007375,2048,129648.97,1787804392.439
1367,22.628,0.00081,0.00073706,2048,90508.94,1787804392.461
1368,26.954,0.001117,0.00073661,2048,75980.74,1787804392.488
1369,30.498,0.000776,0.00073617,2048,67151.5,1787804392.519
1370,24.059,0.001226,0.00073572,2048,85123.36,1787804392.543
1371,15.712,0.001024,0.00073527,2048,130345.4,1787804392.559
1372,14.764,0.001563,0.00073482,2048,138715.8,1787804392.574
1373,26.114,0.0016,0.00073438,2048,78426.57,1787804392.6
1374,19.911,0.000548,0.00073393,2048,102857.2,1787804392.62
1375,20.59,0.00068,0.00073348,2048,99468.18,1787804392.641
1376,16.602,0.001061,0.00073303,2048,123359.37,1787804392.659
1377,15.311,0.002425,0.00073258,2048,133761.79,1787804392.674
1378,14.973,0.000887,0.00073213,2048,136776.8,1787804392.689
1379,22.6,0.000996,0.00073169,2048,90618.27,1787804392.712
1380,14.969,0.001338,0.00073124,2048,136812.43,1787804392.727
1381,15.843,0.002114,0.00073079,2048,129271.71,1787804392.743
1382,15.82,0.001387,0.00073034,2048,129456.38,1787804392.759
1383,14.769,0.000697,0.00072989,2048,138669.77,1787804392.774
1384,18.868,0.000503,0.00072944,2048,108544.72,1787804392.793
1385,30.903,0.001013,0.00072899,2048,66272.31,1787804392.824
1386,20.446,0.002093,0.00072854,2048,100168.25,1787804392.845
1387,24.492,0.000698,0.00072809,2048,83620.17,1787804392.869
1388,25.716,0.001303,0.00072763,2048,79639.14,1787804392.895
1389,16.72,0.000993,0.00072718,2048,122486.57,1787804392.912
1390,16.843,0.001516,0.00072673,2048,121592.82,1787804392.929
1391,22.671,0.00103,0.00072628,2048,90334.48,1787804392.952
1392,22.019,0.000728,0.00072583,2048,93009.74,1787804392.974
1393,14.903,0.000919,0.00072538,2048,137421.07,1787804392.989
1394,15.047,0.000837,0.00072492,2048,136104.15,1787804393.004
1395,15.058,0.000799,0.00072447,2048,136010.15,1787804393.019
1396,16.554,0.001581,0.00072402,2048,123713.33,1787804393.036
1397,24.471,0.000652,0.00072357,2048,83690.56,1787804393.061
1398,16.803,0.000913,0.00072311,2048,121881.55,1787804393.078
1399,16.542,0.001184,0.00072266,2048,123805.32,1787804393.094
1400,14.743,0.001172,0.00072221,2048,138910.56,1787804393.109
1401,15.189,0.000928,0.00072175,2048,134830.87,1787804393.125
1402,22.187,0.001017,0.0007213,2048,92306.31,1787804393.147
1403,28.836,0.000826,0.00072085,2048,71023.56,1787804393.176
1404,20.319,0.00157,0.00072039,2048,100791.87,1787804393.196
1405,15.492,0.001253,0.00071994,2048,132200.68,1787804393.212
1406,15.751,0.000803,0.00071948,2048,130025.97,1787804393.228
1407,16.227,0.000582,0.00071903,2048,126211.74,1787804393.244
1408,16.75,0.000937,0.00071857,2048,122268.66,1787804393.262
1409,16.134,0.000875,0.00071812,2048,126935.33,1787804393.278
1410,15.33,0.000932,0.00071766,2048,133592.52,1787804393.294
1411,15.033,0.000838,0.00071721,2048,136230.9,1787804393.308
1412,15.574,0.000818,0.00071675,2048,131500.38,1787804393.324
1413,17.336,0.001118,0.00071629,2048,118134.99,1787804393.342
1414,17.051,0.000979,0.00071584,2048,120107.44,1787804393.359
1415,15.944,0.000621,0.00071538,2048,128451.99,1787804393.375
1416,15.46,0.000534,0.00071493,2048,132470.89,1787804393.391
1417,21.906,0.000617,0.00071447,2048,93491.65,1787804393.413
1418,17.913,0.000671,0.00071401,2048,114327.18,1787804393.431
1419,18.615,0.001088,0.00071355,2048,110021.17,1787804393.45
1420,29.725,0.000731,0.0007131,2048,68899.16,1787804393.48
1421,17.246,0.000832,0.00071264,2048,118749.42,1787804393.497
1422,15.103,0.00074,0.00071218,2048,135605.79,1787804393.513
1423,16.745,0.001111,0.00071172,2048,122305.9,1787804393.53
1424,19.378,0.000505,0.00071127,2048,105687.41,1787804393.549
1425,17.718,0.000686,0.00071081,2048,115590.62,1787804393.567
1426,17.333,0.00097,0.00071035,2048,118155.44,1787804393.585
1427,30.756,0.000658,0.00070989,2048,66588.85,1787804393.616
1428,28.088,0.000727,0.00070943,2048,72913.96,1787804393.644
1429,19.413,0.001279,0.00070897,2048,105496.32,1787804393.664
1430,22.938,0.000774,0.00070851,2048,89286.1,1787804393.687
1431,19.63,0.002224,0.00070805,2048,104332.23,1787804393.707
1432,21.78,0.000918,0.00070759,2048,94032.08,1787804393.729
1433,16.795,0.001585,0.00070713,2048,121941.78,1787804393.746
1434,17.413,0.001485,0.00070667,2048,117611.93,1787804393.763
1435,15.368,0.002399,0.00070621,2048,133261.32,1787804393.779
1436,15.726,0.000745,0.00070575,2048,130231.02,1787804393.795
1437,15.306,0.000983,0.00070529,2048,133801.99,1787804393.81
1438,15.833,0.002118,0.00070483,2048,129350.91,1787804393.826
1439,15.496,0.001879,0.00070437,2048,132162.29,1787804393.842
1440,18.787,0.001494,0.00070391,2048,109009.81,1787804393.861
1441,15.872,0.00117,0.00070345,2048,129030.63,1787804393.877
1442,15.152,0.004914,0.00070299,2048,135166.35,1787804393.892
1443,15.012,0.001548,0.00070252,2048,136423.29,1787804393.907
1444,15.862,0.00205,0.00070206,2048,129111.98,1787804393.923
1445,16.37,0.005694,0.0007016,2048,125106.9,1787804393.94
1446,17.581,0.002974,0.00070114,2048,116490.72,1787804393.958
1447,14.477,0.00169,0.00070068,2048,141463.82,1787804393.972
1448,15.082,0.004619,0.00070021,2048,135788.31,1787804393.988
1449,15.582,0.001354,0.00069975,2048,131431.17,1787804394.003
1450,15.733,0.002755,0.00069929,2048,130175.56,1787804394.019
1451,15.328,0.000929,0.00069882,2048,133610.82,1787804394.035
1452,17.317,0.001413,0.00069836,2048,118264.6,1787804394.052
1453,21.977,0.002955,0.0006979,2048,93190.03,1787804394.074
1454,15.709,0.003887,0.00069743,2048,130373.61,1787804394.09
1455,16.771,0.003787,0.00069697,2048,122113.37,1787804394.107
1456,15.708,0.002268,0.00069651,2048,130381.91,1787804394.123
1457,26.23,0.001674,0.00069604,2048,78077.64,1787804394.149
1458,17.257,0.004121,0.00069558,2048,118678.54,1787804394.167
1459,15.613,0.004405,0.00069511,2048,131175.26,1787804394.183
1460,15.284,0.002135,0.00069465,2048,133993.71,1787804394.198
1461,15.411,0.00154,0.00069418,2048,132891.23,1787804394.214
1462,15.234,0.00149,0.00069372,2048,134431.72,1787804394.229
1463,15.534,0.001541,0.00069325,2048,131836.44,1787804394.245
1464,15.971,0.002359,0.00069279,2048,128234.03,1787804394.261
1465,27.553,0.002247,0.00069232,2048,74329.47,1787804394.289
1466,15.501,0.000695,0.00069186,2048,132118.8,1787804394.304
1467,15.34,0.001314,0.00069139,2048,133507.17,1787804394.32
1468,15.862,0.00197,0.00069092,2048,129115.23,1787804394.336
1469,16.141,0.001639,0.00069046,2048,126884.21,1787804394.352
1470,25.088,0.001449,0.00068999,2048,81633.95,1787804394.378
1471,16.93,0.001602,0.00068952,2048,120968.69,1787804394.395
1472,28.717,0.001328,0.00068906,2048,71316.89,1787804394.424
1473,29.546,0.001371,0.00068859,2048,69316.58,1787804394.453
1474,16.936,0.000832,0.00068812,2048,120924.41,1787804394.47
1475,32.346,0.000767,0.00068766,2048,63314.62,1787804394.503
1476,30.0,0.0014,0.00068719,2048,68267.58,1787804394.533
1477,25.51,0.000915,0.00068672,2048,80281.93,1787804394.559
1478,15.711,0.000755,0.00068625,2048,130353.7,1787804394.575
1479,16.21,0.000958,0.00068579,2048,126340.98,1787804394.591
1480,16.421,0.000785,0.00068532,2048,124716.83,1787804394.608
1481,15.6,0.000858,0.00068485,2048,131285.42,1787804394.624
1482,16.392,0.000838,0.00068438,2048,124941.28,1787804394.64
1483,14.986,0.000602,0.00068391,2048,136662.71,1787804394.655
1484,17.437,0.000834,0.00068344,2048,117448.03,1787804394.673
1485,15.604,0.000738,0.00068297,2048,131246.72,1787804394.689
1486,15.748,0.000671,0.00068251,2048,130048.26,1787804394.705
1487,15.633,0.000809,0.00068204,2048,131006.6,1787804394.72
1488,14.906,0.000794,0.00068157,2048,137395.26,1787804394.735
1489,15.417,0.001113,0.0006811,2048,132836.92,1787804394.751
1490,19.243,0.00111,0.00068063,2048,106429.42,1787804394.77
1491,15.519,0.000561,0.00068016,2048,131970.67,1787804394.786
1492,20.009,0.000568,0.00067969,2048,102355.47,1787804394.806
1493,33.006,0.000719,0.00067922,2048,62049.51,1787804394.839
1494,21.412,0.001123,0.00067875,2048,95645.51,1787804394.861
1495,15.975,0.000549,0.00067828,2048,128198.71,1787804394.877
1496,16.123,0.000531,0.00067781,2048,127022.72,1787804394.893
1497,15.081,0.001156,0.00067734,2048,135800.01,1787804394.909
1498,15.559,0.000628,0.00067687,2048,131631.38,1787804394.924
1499,15.258,0.000549,0.00067639,2048,134226.43,1787804394.94
1500,15.286,0.000531,0.00067592,2048,133982.31,1787804394.955
1501,16.864,0.000635,0.00067545,2048,121444.29,1787804394.972
1502,19.557,0.00081,0.00067498,2048,104717.4,1787804394.992
1503,20.784,0.000479,0.00067451,2048,98535.91,1787804395.013
1504,21.373,0.000753,0.00067404,2048,95820.49,1787804395.034
1505,28.978,0.000969,0.00067356,2048,70674.55,1787804395.064
1506,18.737,0.000815,0.00067309,2048,109304.2,1787804395.082
1507,14.932,0.000759,0.00067262,2048,137154.18,1787804395.097
1508,15.362,0.000669,0.00067215,2048,133316.84,1787804395.113
1509,15.179,0.000646,0.00067168,2048,134918.81,1787804395.128
1510,18.719,0.000726,0.0006712,2048,109408.72,1787804395.147
1511,15.653,0.000896,0.00067073,2048,130839.21,1787804395.163
1512,15.293,0.000635,0.00067026,2048,133917.48,1787804395.179
1513,15.724,0.001188,0.00066978,2048,130245.93,1787804395.194
1514,14.627,0.001185,0.00066931,2048,140019.83,1787804395.209
1515,15.641,0.001128,0.00066884,2048,130940.43,1787804395.225
1516,15.206,0.001286,0.00066836,2048,134686.34,1787804395.24
1517,15.587,0.000967,0.00066789,2048,131389.86,1787804395.256
1518,15.815,0.000579,0.00066742,2048,129496.49,1787804395.272
1519,17.885,0.000914,0.00066694,2048,114511.29,1787804395.29
1520,14.64,0.00104,0.00066647,2048,139895.49,1787804395.305
1521,15.015,0.000549,0.00066599,2048,136395.12,1787804395.32
1522,15.089,0.000588,0.00066552,2048,135731.61,1787804395.335
1523,15.488,0.000522,0.00066505,2048,132228.84,1787804395.351
1524,15.377,0.000743,0.00066457,2048,133186.79,1787804395.367
1525,15.779,0.001799,0.0006641,2048,129795.23,1787804395.383
1526,28.713,0.001043,0.00066362,2048,71326.33,1787804395.411
1527,19.774,0.000644,0.00066315,2048,103568.25,1787804395.431
1528,15.919,0.001976,0.00066267,2048,128654.53,1787804395.447
1529,17.846,0.001538,0.0006622,2048,114762.18,1787804395.466
1530,17.379,0.000702,0.00066172,2048,117840.66,1787804395.483
1531,17.486,0.001251,0.00066124,2048,117119.59,1787804395.5
1532,22.028,0.001212,0.00066077,2048,92974.69,1787804395.523
1533,15.489,0.000805,0.00066029,2048,132225.43,1787804395.538
1534,26.005,0.000722,0.00065982,2048,78753.18,1787804395.564
1535,17.643,0.001467,0.00065934,2048,116082.66,1787804395.582
1536,24.48,0.0009,0.00065886,2048,83659.45,1787804395.607
1537,16.804,0.001121,0.00065839,2048,121875.74,1787804395.624
1538,16.431,0.001447,0.00065791,2048,124643.2,1787804395.641
1539,15.814,0.000725,0.00065744,2048,129503.05,1787804395.657
1540,17.75,0.000859,0.00065696,2048,115378.98,1787804395.675
1541,16.052,0.001009,0.00065648,2048,127588.53,1787804395.691
1542,15.634,0.000958,0.000656,2048,130996.55,1787804395.707
1543,16.882,0.000854,0.00065553,2048,121311.2,1787804395.724
1544,15.249,0.000711,0.00065505,2048,134301.25,1787804395.739
1545,15.362,0.000813,0.00065457,2048,133314.24,1787804395.755
1546,16.64,0.001785,0.0006541,2048,123080.62,1787804395.772
1547,25.082,0.000668,0.00065362,2048,81651.86,1787804395.797
1548,21.442,0.001071,0.00065314,2048,95514.37,1787804395.819
1549,24.344,0.000833,0.00065266,2048,84127.16,1787804395.843
1550,15.979,0.000764,0.00065218,2048,128167.42,1787804395.86
1551,21.199,0.001487,0.00065171,2048,96606.05,1787804395.881
1552,24.101,0.000674,0.00065123,2048,84975.73,1787804395.905
1553,17.489,0.000688,0.00065075,2048,117100.17,1787804395.923
1554,15.603,0.000877,0.00065027,2048,131256.81,1787804395.939
1555,15.376,0.000709,0.00064979,2048,133194.59,1787804395.954
1556,20.197,0.000763,0.00064931,2048,101399.69,1787804395.975
1557,17.109,0.000764,0.00064884,2048,119700.28,1787804395.992
1558,16.606,0.000724,0.00064836,2048,123332.63,1787804396.009
1559,15.036,0.000937,0.00064788,2048,136201.91,1787804396.024
1560,15.589,0.001305,0.0006474,2048,131372.16,1787804396.04
1561,15.27,0.000638,0.00064692,2048,134118.31,1787804396.055
1562,17.781,0.001002,0.00064644,2048,115180.42,1787804396.073
1563,17.17,0.000751,0.00064596,2048,119280.59,1787804396.09
1564,16.831,0.000725,0.00064548,2048,121680.23,1787804396.107
1565,15.563,0.001137,0.000645,2048,131594.16,1787804396.123
1566,20.033,0.001253,0.00064452,2048,102231.83,1787804396.143
1567,19.196,0.000775,0.00064404,2048,106690.01,1787804396.162
1568,16.405,0.001046,0.00064356,2048,124842.27,1787804396.179
1569,20.116,0.000947,0.00064308,2048,101810.52,1787804396.199
1570,15.718,0.000747,0.0006426,2048,130293.16,1787804396.215
1571,16.912,0.00054,0.00064212,2048,121099.59,1787804396.232
1572,15.13,0.001452,0.00064164,2048,135359.32,1787804396.248
1573,14.522,0.001261,0.00064116,2048,141024.49,1787804396.262
1574,17.948,0.000735,0.00064068,2048,114104.88,1787804396.28
1575,15.082,0.001354,0.0006402,2048,135789.21,1787804396.296
1576,15.28,0.00108,0.00063972,2048,134033.17,1787804396.311
1577,15.673,0.000854,0.00063923,2048,130667.24,1787804396.327
1578,15.1,0.00051,0.00063875,2048,135626.44,1787804396.342
1579,15.073,0.00094,0.00063827,2048,135870.29,1787804396.357
1580,16.543,0.00122,0.00063779,2048,123800.83,1787804396.374
1581,16.705,0.001018,0.00063731,2048,122600.96,1787804396.391
1582,16.943,0.000532,0.00063683,2048,120876.59,1787804396.408
1583,17.749,0.000707,0.00063635,2048,115384.18,1787804396.426
1584,25.001,0.000721,0.00063586,2048,81917.05,1787804396.451
1585,17.834,0.001249,0.00063538,2048,114837.47,1787804396.469
1586,19.435,0.000887,0.0006349,2048,105376.9,1787804396.489
1587,15.687,0.000574,0.00063442,2048,130554.79,1787804396.505
1588,19.715,0.001129,0.00063394,2048,103882.93,1787804396.525
1589,22.043,0.000687,0.00063345,2048,92909.74,1787804396.547
1590,26.615,0.001287,0.00063297,2048,76949.09,1787804396.574
1591,17.796,0.000869,0.00063249,2048,115082.69,1787804396.592
1592,22.816,0.001521,0.00063201,2048,89761.96,1787804396.615
1593,15.462,0.000847,0.00063152,2048,132450.33,1787804396.63
1594,15.361,0.001143,0.00063104,2048,133328.13,1787804396.646
1595,14.797,0.000623,0.00063056,2048,138411.11,1787804396.661
1596,20.249,0.000742,0.00063007,2048,101140.8,1787804396.681
1597,18.123,0.000617,0.00062959,2048,113006.2,1787804396.699
1598,14.825,0.000514,0.00062911,2048,138144.09,1787804396.715
1599,14.554,0.000555,0.00062863,2048,140715.39,1787804396.729
1600,14.491,0.000829,0.00062814,2048,141331.05,1787804396.744
1601,15.185,0.00059,0.00062766,2048,134872.6,1787804396.759
1602,18.845,0.001143,0.00062717,2048,108678.35,1787804396.778
1603,17.018,0.000467,0.00062669,2048,120340.34,1787804396.796
1604,16.142,0.000422,0.00062621,2048,126874.78,1787804396.812
1605,15.814,0.001076,0.00062572,2048,129503.04,1787804396.828
1606,15.682,0.000724,0.00062524,2048,130594.75,1787804396.844
1607,16.886,0.001005,0.00062476,2048,121286.06,1787804396.861
1608,19.842,0.000571,0.00062427,2048,103212.8,1787804396.881
1609,14.929,0.001162,0.00062379,2048,137178.99,1787804396.896
1610,16.093,0.001274,0.0006233,2048,127258.72,1787804396.912
1611,16.615,0.000788,0.00062282,2048,123261.37,1787804396.929
1612,16.57,0.000868,0.00062233,2048,123593.13,1787804396.946
1613,17.637,0.001791,0.00062185,2048,116120.18,1787804396.963
1614,20.642,0.001268,0.00062137,2048,99213.27,1787804396.984
1615,16.482,0.000846,0.00062088,2048,124259.03,1787804397.001
1616,17.149,0.001426,0.0006204,2048,119423.18,1787804397.018
1617,19.662,0.001029,0.00061991,2048,104161.37,1787804397.038
1618,15.617,0.001313,0.00061943,2048,131139.98,1787804397.054
1619,16.206,0.000635,0.00061894,2048,126376.07,1787804397.07
1620,18.328,0.001125,0.00061846,2048,111740.99,1787804397.089
1621,14.797,0.001868,0.00061797,2048,138405.5,1787804397.104
1622,14.659,0.000962,0.00061749,2048,139713.21,1787804397.119
1623,14.671,0.001298,0.000617,2048,139598.93,1787804397.133
1624,15.568,0.001116,0.00061651,2048,131552.75,1787804397.149
1625,15.187,0.000827,0.00061603,2048,134853.06,1787804397.165
1626,16.035,0.000675,0.00061554,2048,127721.41,1787804397.181
1627,18.701,0.001263,0.00061506,2048,109514.03,1787804397.2
1628,15.18,0.001076,0.00061457,2048,134914.36,1787804397.215
1629,15.387,0.000502,0.00061409,2048,133100.23,1787804397.23
1630,15.519,0.0012,0.0006136,2048,131964.71,1787804397.246
1631,15.965,0.001085,0.00061311,2048,128278.2,1787804397.262
1632,17.087,0.000708,0.00061263,2048,119856.5,1787804397.28
1633,16.715,0.000562,0.00061214,2048,122527.61,1787804397.296
1634,15.812,0.001166,0.00061166,2048,129525.98,1787804397.312
1635,18.152,0.001,0.00061117,2048,112825.03,1787804397.331
1636,17.513,0.001006,0.00061068,2048,116943.04,1787804397.348
1637,15.32,0.000784,0.0006102,2048,133679.72,1787804397.364
1638,16.917,0.000746,0.00060971,2048,121063.09,1787804397.381
1639,17.827,0.000992,0.00060922,2048,114883.21,1787804397.399
1640,20.251,0.001158,0.00060874,2048,101130.81,1787804397.42
1641,15.601,0.000956,0.00060825,2048,131274.48,1787804397.435
1642,15.861,0.000593,0.00060776,2048,129120.12,1787804397.451
1643,15.589,0.000931,0.00060728,2048,131371.32,1787804397.467
1644,16.34,0.000725,0.00060679,2048,125334.3,1787804397.484
1645,17.572,0.000799,0.0006063,2048,116550.38,1787804397.501
1646,16.944,0.00086,0.00060582,2048,120867.32,1787804397.518
1647,20.079,0.000904,0.00060533,2048,101996.1,1787804397.539
1648,22.837,0.000787,0.00060484,2048,89677.07,1787804397.562
1649,22.998,0.000821,0.00060435,2048,89052.38,1787804397.585
1650,21.087,0.0005,0.00060387,2048,97121.45,1787804397.606
1651,16.296,0.00062,0.00060338,2048,125675.78,1787804397.623
1652,15.975,0.000593,0.00060289,2048,128196.3,1787804397.639
1653,18.519,0.00167,0.0006024,2048,110586.74,1787804397.658
1654,16.827,0.000768,0.00060192,2048,121706.99,1787804397.675
1655,20.319,0.000787,0.00060143,2048,100790.87,1787804397.696
1656,26.069,0.000713,0.00060094,2048,78560.74,1787804397.722
1657,25.385,0.000535,0.00060045,2048,80679.15,1787804397.747
1658,20.985,0.000564,0.00059997,2048,97594.45,1787804397.769
1659,19.39,0.000647,0.00059948,2048,105624.18,1787804397.788
1660,21.305,0.000581,0.00059899,2048,96126.77,1787804397.81
1661,21.713,0.000478,0.0005985,2048,94320.94,1787804397.831
1662,17.051,0.000546,0.00059801,2048,120111.67,1787804397.849
1663,15.509,0.001064,0.00059753,2048,132050.65,1787804397.864
1664,20.649,0.001603,0.00059704,2048,99183.96,1787804397.885
1665,17.81,0.000453,0.00059655,2048,114992.22,1787804397.903
1666,17.282,0.000848,0.00059606,2048,118503.43,1787804397.92
1667,15.546,0.000713,0.00059557,2048,131736.37,1787804397.936
1668,15.77,0.001253,0.00059508,2048,129866.01,1787804397.952
1669,15.798,0.000601,0.0005946,2048,129639.12,1787804397.968
1670,16.981,0.00044,0.00059411,2048,120608.22,1787804397.985
1671,21.598,0.00043,0.00059362,2048,94823.16,1787804398.007
1672,19.536,0.000523,0.00059313,2048,104832.64,1787804398.026
1673,20.463,0.003065,0.00059264,2048,100084.05,1787804398.047
1674,18.649,0.001947,0.00059215,2048,109817.63,1787804398.066
1675,16.078,0.001042,0.00059166,2048,127380.61,1787804398.082
1676,15.497,0.001346,0.00059118,2048,132155.46,1787804398.098
1677,16.346,0.001401,0.00059069,2048,125293.66,1787804398.115
1678,24.255,0.002302,0.0005902,2048,84436.2,1787804398.139
1679,16.733,0.000805,0.00058971,2048,122389.22,1787804398.156
1680,16.431,0.001008,0.00058922,2048,124645.48,1787804398.173
1681,18.706,0.000804,0.00058873,2048,109483.0,1787804398.192
1682,15.632,0.000906,0.00058824,2048,131014.98,1787804398.207
1683,15.2,0.001579,0.00058775,2048,134739.5,1787804398.223
1684,15.936,0.000659,0.00058726,2048,128514.06,1787804398.239
1685,15.69,0.000589,0.00058677,2048,130530.66,1787804398.255
1686,15.296,0.000741,0.00058629,2048,133887.71,1787804398.27
1687,16.798,0.000927,0.0005858,2048,121921.45,1787804398.287
1688,16.295,0.001079,0.00058531,2048,125679.64,1787804398.304
1689,17.147,0.001703,0.00058482,2048,119434.32,1787804398.321
1690,15.141,0.000954,0.00058433,2048,135257.41,1787804398.336
1691,15.293,0.001793,0.00058384,2048,133921.86,1787804398.352
1692,15.399,0.000841,0.00058335,2048,132997.38,1787804398.367
1693,15.847,0.00133,0.00058286,2048,129233.37,1787804398.383
1694,17.759,0.001319,0.00058237,2048,115322.46,1787804398.401
1695,15.446,0.000953,0.00058188,2048,132587.53,1787804398.417
1696,15.158,0.000898,0.00058139,2048,135112.85,1787804398.432
1697,15.103,0.001214,0.0005809,2048,135600.4,1787804398.448
1698,15.255,0.001004,0.00058041,2048,134246.67,1787804398.463
1699,17.468,0.000785,0.00057992,2048,117241.62,1787804398.481
1700,19.59,0.000761,0.00057943,2048,104542.07,1787804398.5
1701,30.352,0.000819,0.00057894,2048,67475.18,1787804398.531
1702,30.096,0.000652,0.00057845,2048,68048.23,1787804398.561
1703,17.591,0.000729,0.00057796,2048,116419.86,1787804398.579
1704,19.635,0.001075,0.00057747,2048,104305.13,1787804398.599
1705,21.88,0.000668,0.00057698,2048,93600.18,1787804398.621
1706,15.561,0.000906,0.00057649,2048,131610.23,1787804398.637
1707,15.011,0.000724,0.000576,2048,136436.92,1787804398.652
1708,15.183,0.000576,0.00057551,2048,134884.15,1787804398.667
1709,16.071,0.000598,0.00057502,2048,127433.72,1787804398.683
1710,19.572,0.000719,0.00057453,2048,104639.82,1787804398.703
1711,15.204,0.001225,0.00057404,2048,134701.39,1787804398.719
1712,16.346,0.000678,0.00057355,2048,125288.29,1787804398.735
1713,15.642,0.000662,0.00057306,2048,130933.73,1787804398.751
1714,15.207,0.001208,0.00057257,2048,134678.36,1787804398.766
1715,15.281,0.000814,0.00057208,2048,134023.52,1787804398.782
1716,16.946,0.000831,0.00057159,2048,120855.91,1787804398.799
1717,15.775,0.00063,0.0005711,2048,129828.14,1787804398.815
1718,15.864,0.000753,0.00057061,2048,129096.51,1787804398.831
1719,15.399,0.000681,0.00057012,2048,132999.1,1787804398.846
1720,15.939,0.000515,0.00056963,2048,128489.06,1787804398.863
1721,15.152,0.001175,0.00056914,2048,135165.46,1787804398.878
1722,16.055,0.000742,0.00056865,2048,127558.33,1787804398.894
1723,15.985,0.000859,0.00056816,2048,128121.72,1787804398.91
1724,14.894,0.000539,0.00056767,2048,137509.65,1787804398.925
1725,15.327,0.000893,0.00056718,2048,133621.28,1787804398.941
1726,15.081,0.00091,0.00056669,2048,135796.41,1787804398.956
1727,15.233,0.001056,0.0005662,2048,134442.31,1787804398.971
1728,15.879,0.000588,0.0005657,2048,128973.75,1787804398.987
1729,16.029,0.000462,0.00056521,2048,127767.62,1787804399.004
1730,15.148,0.000819,0.00056472,2048,135194.9,1787804399.019
1731,14.904,0.000633,0.00056423,2048,137409.09,1787804399.034
1732,15.1,0.000615,0.00056374,2048,135628.24,1787804399.049
1733,16.469,0.000455,0.00056325,2048,124354.09,1787804399.066
1734,18.001,0.000592,0.00056276,2048,113773.99,1787804399.084
1735,21.706,0.000535,0.00056227,2048,94353.97,1787804399.106
1736,19.937,0.000496,0.00056178,2048,102722.03,1787804399.126
1737,17.354,0.000812,0.00056129,2048,118010.42,1787804399.143
1738,15.085,0.000504,0.0005608,2048,135767.6,1787804399.159
1739,14.668,0.001143,0.00056031,2048,139622.72,1787804399.174
1740,15.799,0.000645,0.00055982,2048,129626.0,1787804399.19
1741,19.469,0.00084,0.00055933,2048,105193.41,1787804399.209
1742,17.804,0.000618,0.00055884,2048,115030.33,1787804399.227
1743,15.78,0.000527,0.00055834,2048,129788.65,1787804399.243
1744,15.385,0.000548,0.00055785,2048,133114.94,1787804399.259
1745,15.28,0.000719,0.00055736,2048,134028.78,1787804399.274
1746,15.966,0.0005,0.00055687,2048,128274.99,1787804399.29
1747,16.3,0.000569,0.00055638,2048,125644.94,1787804399.307
1748,15.095,0.00083,0.00055589,2048,135676.76,1787804399.322
1749,15.681,0.000462,0.0005554,2048,130603.92,1787804399.338
1750,15.534,0.000577,0.00055491,2048,131838.99,1787804399.354
1751,15.358,0.000489,0.00055442,2048,133349.83,1787804399.369
1752,15.513,0.000635,0.00055393,2048,132021.71,1787804399.385
1753,16.291,0.00053,0.00055344,2048,125713.58,1787804399.401
1754,17.52,0.000517,0.00055295,2048,116897.65,1787804399.419
1755,16.547,0.000758,0.00055245,2048,123767.16,1787804399.436
1756,17.173,0.000491,0.00055196,2048,119255.58,1787804399.453
1757,17.51,0.000672,0.00055147,2048,116963.07,1787804399.471
1758,17.304,0.000505,0.00055098,2048,118352.77,1787804399.488
1759,18.107,0.00084,0.00055049,2048,113107.3,1787804399.506
1760,16.41,0.000486,0.00055,2048,124800.43,1787804399.523
1761,15.56,0.000431,0.00054951,2048,131622.92,1787804399.539
1762,15.537,0.000666,0.00054902,2048,131818.62,1787804399.554
1763,15.093,0.001022,0.00054853,2048,135690.24,1787804399.57
1764,14.975,0.000638,0.00054804,2048,136760.36,1787804399.585
1765,16.636,0.001036,0.00054755,2048,123105.04,1787804399.602
1766,22.731,0.000894,0.00054705,2048,90096.83,1787804399.625
1767,15.065,0.00077,0.00054656,2048,135946.95,1787804399.64
1768,16.13,0.000531,0.00054607,2048,126971.53,1787804399.657
1769,16.316,0.001478,0.00054558,2048,125522.5,1787804399.673
1770,17.07,0.000961,0.00054509,2048,119977.97,1787804399.69
1771,23.186,0.000689,0.0005446,2048,88328.4,1787804399.714
1772,15.601,0.000559,0.00054411,2048,131273.64,1787804399.73
1773,15.618,0.001074,0.00054362,2048,131134.1,1787804399.745
1774,15.276,0.001018,0.00054313,2048,134069.14,1787804399.761
1775,15.498,0.000682,0.00054264,2048,132149.49,1787804399.776
1776,16.082,0.000705,0.00054215,2048,127343.39,1787804399.793
1777,17.496,0.001027,0.00054166,2048,117053.99,1787804399.81
1778,23.003,0.000737,0.00054116,2048,89032.25,1787804399.833
1779,16.454,0.000834,0.00054067,2048,124468.21,1787804399.85
1780,35.001,0.000632,0.00054018,2048,58511.95,1787804399.885
1781,23.087,0.000442,0.00053969,2048,88709.47,1787804399.908
1782,17.218,0.000653,0.0005392,2048,118943.22,1787804399.926
1783,15.434,0.000425,0.00053871,2048,132694.05,1787804399.941
1784,15.799,0.000535,0.00053822,2048,129630.1,1787804399.958
1785,17.191,0.00056,0.00053773,2048,119134.88,1787804399.975
1786,15.791,0.000556,0.00053724,2048,129693.31,1787804399.991
1787,18.124,0.000435,0.00053675,2048,113001.83,1787804400.009
1788,16.904,0.00068,0.00053626,2048,121156.91,1787804400.027
1789,16.563,0.000861,0.00053577,2048,123649.1,1787804400.044
1790,15.936,0.000815,0.00053528,2048,128515.67,1787804400.06
1791,15.176,0.000413,0.00053479,2048,134950.81,1787804400.075
1792,15.989,0.000604,0.0005343,2048,128091.27,1787804400.091
1793,18.22,0.000583,0.0005338,2048,112402.1,1787804400.109
1794,16.76,0.00116,0.00053331,2048,122197.89,1787804400.126
1795,16.501,0.000728,0.00053282,2048,124110.68,1787804400.143
1796,18.487,0.000725,0.00053233,2048,110778.15,1787804400.161
1797,19.231,0.000851,0.00053184,2048,106496.94,1787804400.181
1798,16.001,0.000479,0.00053135,2048,127992.0,1787804400.197
1799,17.21,0.00061,0.00053086,2048,118999.2,1787804400.214
1800,16.444,0.000706,0.00053037,2048,124546.18,1787804400.231
1801,16.04,0.000459,0.00052988,2048,127680.0,1787804400.247
1802,18.764,0.000709,0.00052939,2048,109146.33,1787804400.266
1803,16.422,0.00066,0.0005289,2048,124711.51,1787804400.283
1804,16.612,0.000765,0.00052841,2048,123285.12,1787804400.3
1805,24.94,0.000538,0.00052792,2048,82118.07,1787804400.325
1806,16.404,0.001905,0.00052743,2048,124843.79,1787804400.341
1807,16.41,0.000511,0.00052694,2048,124804.23,1787804400.358
1808,17.235,0.000629,0.00052645,2048,118825.21,1787804400.375
1809,16.853,0.000588,0.00052596,2048,121519.23,1787804400.392
1810,17.475,0.001395,0.00052547,2048,117196.66,1787804400.41
1811,17.659,0.000614,0.00052498,2048,115976.83,1787804400.428
1812,17.411,0.0011,0.00052449,2048,117630.17,1787804400.446
1813,15.146,0.000909,0.000524,2048,135220.79,1787804400.461
1814,14.933,0.000964,0.00052351,2048,137145.0,1787804400.476
1815,14.96,0.00108,0.00052302,2048,136897.48,1787804400.491
1816,17.405,0.000627,0.00052253,2048,117666.66,1787804400.509
1817,16.09,0.001103,0.00052204,2048,127283.24,1787804400.525
1818,17.621,0.000767,0.00052155,2048,116226.28,1787804400.543
1819,16.639,0.000443,0.00052106,2048,123082.1,1787804400.56
1820,16.144,0.000813,0.00052057,2048,126858.28,1787804400.577
1821,21.469,0.000634,0.00052008,2048,95392.91,1787804400.598
1822,21.489,0.001023,0.00051959,2048,95302.8,1787804400.62
1823,14.727,0.000778,0.0005191,2048,139062.41,1787804400.635
1824,14.999,0.00118,0.00051861,2048,136541.53,1787804400.65
1825,14.961,0.000875,0.00051812,2048,136889.24,1787804400.665
1826,15.12,0.000468,0.00051763,2048,135446.15,1787804400.68
1827,15.745,0.000776,0.00051714,2048,130071.39,1787804400.696
1828,21.364,0.000919,0.00051665,2048,95862.2,1787804400.718
1829,16.281,0.001479,0.00051616,2048,125792.34,1787804400.734
1830,15.321,0.000724,0.00051567,2048,133670.12,1787804400.75
1831,15.117,0.000935,0.00051518,2048,135475.72,1787804400.765
1832,15.573,0.001064,0.00051469,2048,131507.97,1787804400.781
1833,15.161,0.000658,0.0005142,2048,135083.44,1787804400.796
1834,16.891,0.000732,0.00051371,2048,121246.57,1787804400.813
1835,16.386,0.001108,0.00051323,2048,124982.46,1787804400.83
1836,15.463,0.000681,0.00051274,2048,132447.76,1787804400.845
1837,15.812,0.00061,0.00051225,2048,129524.34,1787804400.861
1838,15.123,0.000923,0.00051176,2048,135424.66,1787804400.877
1839,17.077,0.000837,0.00051127,2048,119928.09,1787804400.894
1840,19.174,0.000942,0.00051078,2048,106813.54,1787804400.913
1841,22.567,0.000919,0.00051029,2048,90753.19,1787804400.935
1842,16.656,0.000651,0.0005098,2048,122955.0,1787804400.952
1843,21.259,0.000792,0.00050931,2048,96336.12,1787804400.974
1844,15.845,0.001066,0.00050882,2048,129249.68,1787804400.99
1845,17.771,0.000771,0.00050834,2048,115245.23,1787804401.008
1846,18.593,0.000655,0.00050785,2048,110149.57,1787804401.026
1847,22.021,0.000503,0.00050736,2048,93001.71,1787804401.048
1848,19.127,0.000869,0.00050687,2048,107074.33,1787804401.068
1849,15.721,0.000675,0.00050638,2048,130268.3,1787804401.084
1850,15.09,0.00062,0.00050589,2048,135721.72,1787804401.099
1851,17.568,0.001154,0.0005054,2048,116575.59,1787804401.117
1852,20.695,0.001031,0.00050492,2048,98963.01,1787804401.137
1853,16.652,0.000563,0.00050443,2048,122987.49,1787804401.154
1854,19.355,0.000648,0.00050394,2048,105810.81,1787804401.174
1855,27.745,0.000692,0.00050345,2048,73814.84,1787804401.202
1856,19.164,0.000581,0.00050296,2048,106864.81,1787804401.221
1857,23.869,0.000485,0.00050247,2048,85801.31,1787804401.246
1858,16.035,0.001124,0.00050199,2048,127722.2,1787804401.262
1859,16.47,0.000746,0.0005015,2048,124350.32,1787804401.278
1860,16.397,0.001067,0.00050101,2048,124903.18,1787804401.295
1861,16.304,0.00142,0.00050052,2048,125609.49,1787804401.311
1862,15.931,0.000736,0.00050003,2048,128557.62,1787804401.327
1863,16.907,0.00077,0.00049955,2048,121130.39,1787804401.344
1864,16.596,0.00078,0.00049906,2048,123401.0,1787804401.361
1865,17.531,0.001261,0.00049857,2048,116818.97,1787804401.379
1866,15.167,0.000842,0.00049808,2048,135033.56,1787804401.394
1867,16.661,0.000694,0.0004976,2048,122921.05,1787804401.411
1868,16.976,0.000882,0.00049711,2048,120638.77,1787804401.428
1869,15.679,0.00047,0.00049662,2048,130623.91,1787804401.444
1870,15.483,0.001139,0.00049613,2048,132274.11,1787804401.46
1871,16.011,0.000928,0.00049565,2048,127911.26,1787804401.476
1872,17.124,0.001018,0.00049516,2048,119598.22,1787804401.493
1873,16.849,0.000926,0.00049467,2048,121547.35,1787804401.51
1874,21.202,0.001062,0.00049418,2048,96596.94,1787804401.532
1875,15.23,0.000441,0.0004937,2048,134467.91,1787804401.547
1876,15.328,0.000784,0.00049321,2048,133609.95,1787804401.563
1877,15.69,0.000927,0.00049272,2048,130530.66,1787804401.578
1878,15.391,0.000751,0.00049224,2048,133063.91,1787804401.594
1879,17.586,0.000656,0.00049175,2048,116457.6,1787804401.612
1880,19.952,0.00051,0.00049126,2048,102647.89,1787804401.633
1881,16.86,0.000508,0.00049078,2048,121468.78,1787804401.65
1882,15.161,0.001124,0.00049029,2048,135084.33,1787804401.665
1883,15.476,0.00045,0.0004898,2048,132337.36,1787804401.68
1884,15.407,0.001037,0.00048932,2048,132923.14,1787804401.695
1885,15.712,0.000489,0.00048883,2048,130349.55,1787804401.712
1886,16.93,0.000513,0.00048834,2048,120970.12,1787804401.728
1887,17.42,0.000611,0.00048786,2048,117568.72,1787804401.746
1888,15.834,0.000809,0.00048737,2048,129341.92,1787804401.762
1889,14.608,0.001726,0.00048689,2048,140200.03,1787804401.777
1890,14.717,0.000629,0.0004864,2048,139161.63,1787804401.792
1891,14.799,0.00089,0.00048591,2048,138383.99,1787804401.807
1892,16.973,0.000513,0.00048543,2048,120661.52,1787804401.824
1893,16.487,0.000634,0.00048494,2048,124221.34,1787804401.84
1894,15.11,0.000948,0.00048446,2048,135542.07,1787804401.856
1895,15.091,0.000397,0.00048397,2048,135714.52,1787804401.871
1896,15.036,0.001054,0.00048349,2048,136205.53,1787804401.886
1897,15.116,0.000522,0.000483,2048,135488.27,1787804401.901
1898,15.514,0.000875,0.00048251,2048,132010.65,1787804401.917
1899,18.195,0.000738,0.00048203,2048,112556.54,1787804401.935
1900,16.918,0.000653,0.00048154,2048,121052.35,1787804401.953
1901,15.8,0.000579,0.00048106,2048,129616.15,1787804401.97
1902,16.204,0.000708,0.00048057,2048,126388.55,1787804401.986
1903,16.555,0.000497,0.00048009,2048,123711.09,1787804402.003
1904,17.337,0.000888,0.0004796,2048,118127.49,1787804402.02
1905,17.532,0.000791,0.00047912,2048,116814.97,1787804402.038
1906,26.736,0.000573,0.00047863,2048,76600.55,1787804402.064
1907,16.435,0.00049,0.00047815,2048,124613.62,1787804402.081
1908,15.994,0.000559,0.00047767,2048,128049.62,1787804402.097
1909,22.602,0.000531,0.00047718,2048,90611.45,1787804402.12
1910,18.23,0.000515,0.0004767,2048,112342.91,1787804402.139
1911,16.695,0.001268,0.00047621,2048,122670.72,1787804402.156
1912,19.402,0.000457,0.00047573,2048,105557.22,1787804402.175
1913,17.229,0.000442,0.00047524,2048,118867.28,1787804402.193
1914,15.867,0.00049,0.00047476,2048,129073.73,1787804402.209
1915,15.672,0.000537,0.00047428,2048,130677.25,1787804402.224
1916,18.802,0.000495,0.00047379,2048,108926.32,1787804402.243
1917,16.21,0.000642,0.00047331,2048,126342.54,1787804402.26
1918,18.93,0.00044,0.00047283,2048,108186.92,1787804402.279
1919,24.099,0.000442,0.00047234,2048,84982.43,1787804402.303
1920,17.894,0.000639,0.00047186,2048,114448.57,1787804402.321
1921,17.721,0.000883,0.00047137,2048,115566.49,1787804402.339
1922,15.823,0.000386,0.00047089,2048,129435.11,1787804402.355
1923,15.47,0.000375,0.00047041,2048,132383.55,1787804402.371
1924,16.019,0.000607,0.00046993,2048,127844.99,1787804402.387
1925,17.195,0.000358,0.00046944,2048,119104.39,1787804402.404
1926,18.217,0.000842,0.00046896,2048,112422.46,1787804402.423
1927,21.951,0.000475,0.00046848,2048,93299.99,1787804402.445
1928,16.813,0.000425,0.00046799,2048,121808.33,1787804402.462
1929,17.349,0.000793,0.00046751,2048,118049.19,1787804402.479
1930,16.49,0.0009,0.00046703,2048,124198.74,1787804402.496
1931,25.554,0.000538,0.00046655,2048,80144.01,1787804402.522
1932,25.916,0.000583,0.00046606,2048,79023.93,1787804402.548
1933,25.662,0.000634,0.00046558,2048,79807.34,1787804402.574
1934,23.679,0.000551,0.0004651,2048,86491.23,1787804402.598
1935,34.629,0.00056,0.00046462,2048,59140.5,1787804402.632
1936,29.188,0.000491,0.00046414,2048,70165.34,1787804402.662
1937,17.637,0.000505,0.00046365,2048,116116.89,1787804402.68
1938,23.79,0.000573,0.00046317,2048,86087.31,1787804402.704
1939,22.047,0.000413,0.00046269,2048,92893.72,1787804402.726
1940,18.793,0.000668,0.00046221,2048,108976.75,1787804402.745
1941,16.359,0.000409,0.00046173,2048,125192.56,1787804402.761
1942,25.744,0.000519,0.00046125,2048,79551.28,1787804402.787
1943,23.674,0.000594,0.00046077,2048,86508.04,1787804402.811
1944,17.983,0.000931,0.00046028,2048,113884.7,1787804402.829
1945,18.729,0.000701,0.0004598,2048,109348.55,1787804402.848
1946,15.425,0.001386,0.00045932,2048,132772.34,1787804402.864
1947,15.36,0.000975,0.00045884,2048,133330.73,1787804402.879
1948,14.968,0.000725,0.00045836,2048,136826.14,1787804402.894
1949,15.247,0.000775,0.00045788,2048,134325.91,1787804402.91
1950,15.836,0.000874,0.0004574,2048,129323.95,1787804402.926
1951,18.656,0.000584,0.00045692,2048,109779.96,1787804402.945
1952,21.475,0.000848,0.00045644,2048,95367.59,1787804402.966
1953,17.901,0.001293,0.00045596,2048,114406.38,1787804402.984
1954,25.944,0.000962,0.00045548,2048,78938.95,1787804403.01
1955,20.703,0.000826,0.000455,2048,98921.91,1787804403.031
1956,16.485,0.000745,0.00045452,2048,124236.41,1787804403.048
1957,16.418,0.001374,0.00045404,2048,124744.18,1787804403.065
1958,15.248,0.001072,0.00045356,2048,134310.05,1787804403.08
1959,14.928,0.001019,0.00045308,2048,137190.02,1787804403.095
1960,15.333,0.000865,0.0004526,2048,133568.12,1787804403.111
1961,15.567,0.000436,0.00045212,2048,131562.89,1787804403.126
1962,17.477,0.0007,0.00045164,2048,117179.9,1787804403.144
1963,16.884,0.001312,0.00045116,2048,121296.12,1787804403.161
1964,14.687,0.000653,0.00045069,2048,139441.15,1787804403.176
1965,14.865,0.000794,0.00045021,2048,137768.66,1787804403.191
1966,15.185,0.001003,0.00044973,2048,134869.05,1787804403.207
1967,15.122,0.001532,0.00044925,2048,135431.82,1787804403.222
1968,16.28,0.001149,0.00044877,2048,125797.75,1787804403.238
1969,19.359,0.000791,0.00044829,2048,105792.23,1787804403.258
1970,15.084,0.000925,0.00044782,2048,135777.5,1787804403.273
1971,15.233,0.001137,0.00044734,2048,134442.31,1787804403.288
1972,15.035,0.000747,0.00044686,2048,136219.12,1787804403.304
1973,15.117,0.000923,0.00044638,2048,135475.72,1787804403.319
1974,20.014,0.001294,0.0004459,2048,102326.32,1787804403.339
1975,22.526,0.000803,0.00044543,2048,90919.18,1787804403.362
1976,22.746,0.000702,0.00044495,2048,90036.23,1787804403.385
1977,16.813,0.000566,0.00044447,2048,121806.88,1787804403.402
1978,18.315,0.000588,0.000444,2048,111817.86,1787804403.42
1979,16.87,0.000769,0.00044352,2048,121400.37,1787804403.437
1980,17.983,0.000696,0.00044304,2048,113888.5,1787804403.455
1981,26.16,0.000435,0.00044256,2048,78287.16,1787804403.482
1982,28.487,0.000381,0.00044209,2048,71892.44,1787804403.51
1983,15.292,0.000434,0.00044161,2048,133927.11,1787804403.526
1984,17.275,0.000979,0.00044114,2048,118554.19,1787804403.543
1985,17.553,0.00065,0.00044066,2048,116676.54,1787804403.561
1986,17.684,0.000649,0.00044018,2048,115811.56,1787804403.579
1987,15.083,0.000623,0.00043971,2048,135781.11,1787804403.594
1988,18.141,0.000681,0.00043923,2048,112890.96,1787804403.613
1989,15.458,0.000422,0.00043876,2048,132487.17,1787804403.628
1990,16.44,0.000604,0.00043828,2048,124577.24,1787804403.645
1991,16.433,0.000512,0.0004378,2048,124624.24,1787804403.661
1992,14.624,0.000619,0.00043733,2048,140039.93,1787804403.676
1993,15.085,0.000614,0.00043685,2048,135766.7,1787804403.691
1994,15.565,0.00048,0.00043638,2048,131581.48,1787804403.707
1995,19.52,0.000594,0.0004359,2048,104919.65,1787804403.727
1996,20.652,0.000451,0.00043543,2048,99166.19,1787804403.748
1997,15.702,0.000774,0.00043495,2048,130431.74,1787804403.764
1998,15.643,0.001019,0.00043448,2048,130924.53,1787804403.779
1999,15.748,0.000437,0.00043401,2048,130048.26,1787804403.795
2000,15.826,0.001184,0.00043353,2048,129407.3,1787804403.811
2001,15.853,0.000705,0.00043306,2048,129188.53,1787804403.827
2002,20.087,0.000705,0.00043258,2048,101955.47,1787804403.848
2003,18.95,0.000431,0.00043211,2048,108072.74,1787804403.867
2004,20.53,0.000591,0.00043164,2048,99757.91,1787804403.888
2005,15.025,0.000558,0.00043116,2048,136304.34,1787804403.903
2006,15.297,0.000481,0.00043069,2048,133885.96,1787804403.918
2007,15.99,0.000956,0.00043022,2048,128083.25,1787804403.934
2008,19.328,0.000561,0.00042974,2048,105959.17,1787804403.954
2009,26.043,0.000465,0.00042927,2048,78638.27,1787804403.98
2010,19.425,0.000543,0.0004288,2048,105432.23,1787804404.0
2011,18.558,0.000449,0.00042832,2048,110354.94,1787804404.018
2012,18.212,0.000433,0.00042785,2048,112450.86,1787804404.037
2013,18.307,0.000498,0.00042738,2048,111867.94,1787804404.055
2014,15.035,0.000485,0.00042691,2048,136218.21,1787804404.07
2015,14.902,0.000713,0.00042644,2048,137426.61,1787804404.086
2016,14.845,0.000861,0.00042596,2048,137962.63,1787804404.101
2017,15.393,0.000813,0.00042549,2048,133050.95,1787804404.116
2018,15.779,0.001191,0.00042502,2048,129793.59,1787804404.132
2019,16.656,0.000798,0.00042455,2048,122956.48,1787804404.149
2020,18.8,0.000552,0.00042408,2048,108933.27,1787804404.168
2021,16.081,0.000562,0.00042361,2048,127356.85,1787804404.184
2022,15.657,0.000646,0.00042313,2048,130802.44,1787804404.199
2023,16.017,0.001076,0.00042266,2048,127865.74,1787804404.216
2024,15.96,0.000826,0.00042219,2048,128317.59,1787804404.232
2025,17.759,0.000545,0.00042172,2048,115319.21,1787804404.25
2026,17.191,0.000495,0.00042125,2048,119129.33,1787804404.267
2027,16.903,0.000622,0.00042078,2048,121162.64,1787804404.284
2028,15.26,0.000791,0.00042031,2048,134205.32,1787804404.299
2029,14.972,0.000858,0.00041984,2048,136785.02,1787804404.315
2030,15.216,0.000638,0.00041937,2048,134592.51,1787804404.33
2031,16.787,0.000677,0.0004189,2048,121996.99,1787804404.347
2032,16.49,0.00087,0.00041843,2048,124193.47,1787804404.364
2033,16.026,0.000869,0.00041796,2048,127793.13,1787804404.38
2034,16.181,0.000536,0.00041749,2048,126565.85,1787804404.396
2035,16.778,0.000544,0.00041703,2048,122068.25,1787804404.413
2036,25.95,0.000501,0.00041656,2048,78920.39,1787804404.439
2037,20.952,0.000532,0.00041609,2048,97744.9,1787804404.46
2038,16.412,0.00124,0.00041562,2048,124785.22,1787804404.477
2039,15.693,0.000963,0.00041515,2048,130507.37,1787804404.493
2040,15.18,0.000569,0.00041468,2048,134915.25,1787804404.508
2041,15.496,0.000675,0.00041421,2048,132159.73,1787804404.524
2042,15.435,0.000623,0.00041375,2048,132682.02,1787804404.539
2043,16.395,0.000682,0.00041328,2048,124913.09,1787804404.557
2044,16.037,0.000564,0.00041281,2048,127700.7,1787804404.573
2045,15.416,0.000504,0.00041234,2048,132848.99,1787804404.589
2046,17.849,0.000525,0.00041188,2048,114742.89,1787804404.607
2047,17.393,0.000697,0.00041141,2048,117749.2,1787804404.624
2048,16.295,0.000897,0.00041094,2048,125680.41,1787804404.641
2049,16.981,0.000774,0.00041048,2048,120604.67,1787804404.658
2050,15.074,0.000396,0.00041001,2048,135861.27,1787804404.673
2051,15.461,0.000821,0.00040954,2048,132465.75,1787804404.689
2052,16.023,0.000437,0.00040908,2048,127817.86,1787804404.705
2053,15.844,0.000632,0.00040861,2048,129264.37,1787804404.721
2054,27.375,0.000576,0.00040814,2048,74811.69,1787804404.748
2055,15.718,0.000423,0.00040768,2048,130300.62,1787804404.764
2056,15.441,0.000383,0.00040721,2048,132633.04,1787804404.78
2057,15.381,0.000506,0.00040675,2048,133151.29,1787804404.795
2058,17.948,0.00156,0.00040628,2048,114109.33,1787804404.814
2059,15.388,0.000678,0.00040582,2048,133093.32,1787804404.829
2060,16.183,0.000742,0.00040535,2048,126554.9,1787804404.845
2061,17.563,0.000414,0.00040489,2048,116605.46,1787804404.863
2062,18.232,0.000666,0.00040442,2048,112333.05,1787804404.881
2063,17.501,0.000575,0.00040396,2048,117021.88,1787804404.899
2064,16.812,0.000427,0.00040349,2048,121820.65,1787804404.916
2065,17.281,0.000668,0.00040303,2048,118510.97,1787804404.933
2066,18.382,0.000684,0.00040257,2048,111415.16,1787804404.952
2067,21.506,0.001125,0.0004021,2048,95228.35,1787804404.974
2068,20.239,0.001075,0.00040164,2048,101191.77,1787804404.994
2069,18.969,0.000466,0.00040118,2048,107963.92,1787804405.013
2070,17.748,0.000675,0.00040071,2048,115395.88,1787804405.031
2071,22.988,0.000652,0.00040025,2048,89090.73,1787804405.054
2072,20.766,0.000763,0.00039979,2048,98624.65,1787804405.075
2073,15.434,0.000395,0.00039932,2048,132696.63,1787804405.091
2074,15.159,0.00039,0.00039886,2048,135098.59,1787804405.106
2075,15.787,0.000772,0.0003984,2048,129730.28,1787804405.122
2076,15.541,0.001075,0.00039794,2048,131780.45,1787804405.138
2077,16.542,0.001715,0.00039748,2048,123805.32,1787804405.155
2078,22.171,0.000827,0.00039701,2048,92372.5,1787804405.177
2079,21.437,0.000522,0.00039655,2048,95536.65,1787804405.199
2080,15.853,0.002402,0.00039609,2048,129184.46,1787804405.215
2081,16.888,0.000932,0.00039563,2048,121268.82,1787804405.232
2082,16.338,0.001021,0.00039517,2048,125348.1,1787804405.248
2083,20.3,0.000964,0.00039471,2048,100888.19,1787804405.269
2084,15.908,0.002141,0.00039425,2048,128737.83,1787804405.285
2085,14.975,0.002002,0.00039379,2048,136760.36,1787804405.3
2086,14.981,0.000519,0.00039333,2048,136707.41,1787804405.315
2087,15.814,0.000711,0.00039287,2048,129507.96,1787804405.331
2088,16.024,0.000928,0.00039241,2048,127809.88,1787804405.347
2089,18.757,0.000789,0.00039195,2048,109184.74,1787804405.366
2090,15.625,0.000677,0.00039149,2048,131075.36,1787804405.382
2091,15.197,0.000551,0.00039103,2048,134761.67,1787804405.397
2092,30.141,0.000881,0.00039057,2048,67947.54,1787804405.428
2093,22.239,0.001419,0.00039011,2048,92089.23,1787804405.45
2094,17.694,0.000895,0.00038965,2048,115743.49,1787804405.468
2095,22.408,0.000474,0.00038919,2048,91397.56,1787804405.491
2096,17.675,0.000898,0.00038873,2048,115872.49,1787804405.508
2097,15.649,0.000456,0.00038828,2048,130870.15,1787804405.524
2098,15.17,0.000601,0.00038782,2048,134998.85,1787804405.54
2099,18.523,0.000505,0.00038736,2048,110562.86,1787804405.558
2100,25.556,0.00052,0.0003869,2048,80137.42,1787804405.584
2101,32.438,0.000576,0.00038645,2048,63134.86,1787804405.617
2102,25.35,0.000639,0.00038599,2048,80788.95,1787804405.642
2103,17.594,0.000475,0.00038553,2048,116405.3,1787804405.66
2104,25.225,0.000425,0.00038507,2048,81189.3,1787804405.685
2105,24.622,0.000468,0.00038462,2048,83176.97,1787804405.71
2106,23.754,0.000459,0.00038416,2048,86217.78,1787804405.734
2107,20.541,0.000504,0.00038371,2048,99704.49,1787804405.755
2108,21.144,0.000705,0.00038325,2048,96860.55,1787804405.776
2109,16.748,0.00051,0.00038279,2048,122283.26,1787804405.793
2110,16.355,0.000446,0.00038234,2048,125219.35,1787804405.809
2111,16.754,0.000427,0.00038188,2048,122236.55,1787804405.826
2112,24.423,0.000416,0.00038143,2048,83854.01,1787804405.851
2113,20.319,0.000516,0.00038097,2048,100793.85,1787804405.871
2114,25.152,0.000519,0.00038052,2048,81423.32,1787804405.897
2115,23.022,0.000779,0.00038006,2048,88956.46,1787804405.92
2116,25.258,0.0006,0.00037961,2048,81083.54,1787804405.945
2117,16.857,0.000587,0.00037915,2048,121491.11,1787804405.962
2118,17.731,0.000416,0.0003787,2048,115503.92,1787804405.98
2119,15.418,0.000927,0.00037825,2048,132830.89,1787804405.996
2120,15.45,0.000478,0.00037779,2048,132552.34,1787804406.011
2121,15.133,0.000582,0.00037734,2048,135332.48,1787804406.027
2122,15.655,0.000698,0.00037689,2048,130817.48,1787804406.043
2123,16.047,0.000541,0.00037643,2048,127621.13,1787804406.059
2124,15.709,0.000632,0.00037598,2048,130368.63,1787804406.075
2125,17.417,0.000325,0.00037553,2048,117585.59,1787804406.092
2126,17.004,0.000372,0.00037508,2048,120445.08,1787804406.109
2127,15.681,0.000542,0.00037462,2048,130603.08,1787804406.125
2128,15.816,0.000831,0.00037417,2048,129487.49,1787804406.141
2129,17.439,0.000338,0.00037372,2048,117439.95,1787804406.159
2130,27.607,0.000375,0.00037327,2048,74183.28,1787804406.186
2131,23.74,0.000309,0.00037282,2048,86268.27,1787804406.21
2132,16.468,0.000311,0.00037237,2048,124359.38,1787804406.227
2133,15.302,0.001052,0.00037191,2048,133836.09,1787804406.242
2134,15.38,0.000598,0.00037146,2048,133158.22,1787804406.258
2135,18.569,0.000667,0.00037101,2048,110293.72,1787804406.277
2136,16.76,0.000533,0.00037056,2048,122196.43,1787804406.294
2137,14.949,0.000356,0.00037011,2048,137001.88,1787804406.309
2138,16.046,0.000646,0.00036966,2048,127632.26,1787804406.325
2139,25.805,0.000454,0.00036921,2048,79364.46,1787804406.351
2140,18.833,0.000727,0.00036876,2048,108745.29,1787804406.371
2141,20.095,0.000595,0.00036831,2048,101916.41,1787804406.391
2142,17.837,0.000523,0.00036787,2048,114818.8,1787804406.409
2143,17.324,0.000631,0.00036742,2048,118214.77,1787804406.427
2144,16.638,0.000696,0.00036697,2048,123094.68,1787804406.443
2145,18.032,0.000669,0.00036652,2048,113573.98,1787804406.461
2146,19.854,0.00072,0.00036607,2048,103150.94,1787804406.481
2147,22.511,0.00066,0.00036562,2048,90977.74,1787804406.504
2148,20.178,0.000679,0.00036518,2048,101498.19,1787804406.524
2149,18.442,0.001713,0.00036473,2048,111052.07,1787804406.543
2150,19.786,0.000596,0.00036428,2048,103505.96,1787804406.563
2151,19.144,0.000648,0.00036383,2048,106979.81,1787804406.582
2152,16.508,0.000437,0.00036339,2048,124058.81,1787804406.599
2153,16.647,0.000755,0.00036294,2048,123022.21,1787804406.616
2154,16.732,0.000645,0.0003625,2048,122396.53,1787804406.633
2155,16.863,0.000529,0.00036205,2048,121450.05,1787804406.65
2156,19.955,0.000724,0.0003616,2048,102632.46,1787804406.67
2157,15.055,0.000588,0.00036116,2048,136034.54,1787804406.685
2158,15.425,0.000652,0.00036071,2048,132767.17,1787804406.7
2159,15.35,0.00051,0.00036027,2048,133418.46,1787804406.716
2160,15.113,0.000806,0.00035982,2048,135508.89,1787804406.731
2161,16.027,0.000602,0.00035938,2048,127782.77,1787804406.748
2162,19.76,0.000769,0.00035893,2048,103642.68,1787804406.767
2163,16.242,0.000542,0.00035849,2048,126092.85,1787804406.784
2164,25.889,0.000473,0.00035804,2048,79107.87,1787804406.81
2165,20.321,0.000414,0.0003576,2048,100781.95,1787804406.83
2166,17.424,0.000475,0.00035716,2048,117537.68,1787804406.848
2167,26.101,0.000531,0.00035671,2048,78463.53,1787804406.874
2168,29.871,0.000361,0.00035627,2048,68560.56,1787804406.905
2169,25.573,0.000679,0.00035583,2048,80085.4,1787804406.93
2170,30.789,0.000817,0.00035538,2048,66516.61,1787804406.961
2171,18.037,0.00145,0.00035494,2048,113543.12,1787804406.98
2172,15.741,0.000683,0.0003545,2048,130104.44,1787804406.995
2173,15.286,0.001006,0.00035406,2048,133976.17,1787804407.011
2174,16.733,0.000628,0.00035362,2048,122390.68,1787804407.028
2175,24.109,0.000494,0.00035317,2048,84946.12,1787804407.052
2176,16.511,0.000493,0.00035273,2048,124036.27,1787804407.069
2177,15.861,0.00057,0.00035229,2048,129121.74,1787804407.085
2178,29.768,0.000621,0.00035185,2048,68799.87,1787804407.115
2179,28.059,0.000776,0.00035141,2048,72990.1,1787804407.143
2180,16.039,0.000502,0.00035097,2048,127692.74,1787804407.159
2181,18.086,0.000806,0.00035053,2048,113236.76,1787804407.178
2182,15.876,0.000806,0.00035009,2048,129003.0,1787804407.194
2183,16.621,0.000561,0.00034965,2048,123216.87,1787804407.21
2184,17.007,0.00038,0.00034921,2048,120420.3,1787804407.228
2185,17.261,0.000413,0.00034877,2048,118647.6,1787804407.245
2186,16.156,0.000605,0.00034833,2048,126766.4,1787804407.261
2187,17.738,0.001054,0.00034789,2048,115455.08,1787804407.279
2188,19.694,0.000326,0.00034746,2048,103991.59,1787804407.299
2189,17.718,0.000313,0.00034702,2048,115587.36,1787804407.317
2190,16.845,0.000529,0.00034658,2048,121577.66,1787804407.334
2191,16.001,0.000459,0.00034614,2048,127995.2,1787804407.35
2192,16.706,0.000509,0.0003457,2048,122588.48,1787804407.367
2193,17.736,0.000398,0.00034527,2048,115468.75,1787804407.385
2194,16.799,0.000294,0.00034483,2048,121909.12,1787804407.402
2195,18.172,0.000375,0.00034439,2048,112699.62,1787804407.42
2196,17.306,0.000455,0.00034396,2048,118343.2,1787804407.438
2197,17.457,0.000437,0.00034352,2048,117318.18,1787804407.456
2198,18.243,0.000411,0.00034308,2048,112265.31,1787804407.474
2199,17.369,0.000556,0.00034265,2048,117911.9,1787804407.492
2200,17.671,0.000383,0.00034221,2048,115899.38,1787804407.509
2201,17.582,0.000534,0.00034178,2048,116484.75,1787804407.527
2202,17.103,0.000625,0.00034134,2048,119745.07,1787804407.544
2203,17.629,0.000391,0.00034091,2048,116172.88,1787804407.562
2204,18.679,0.000685,0.00034047,2048,109640.67,1787804407.581
2205,20.118,0.000332,0.00034004,2048,101798.88,1787804407.601
2206,25.252,0.000386,0.00033961,2048,81101.52,1787804407.627
2207,22.058,0.000469,0.00033917,2048,92846.13,1787804407.649
2208,17.708,0.000354,0.00033874,2048,115652.64,1787804407.667
2209,20.336,0.000404,0.0003383,2048,100708.1,1787804407.688
2210,15.709,0.000443,0.00033787,2048,130371.96,1787804407.704
2211,15.646,0.000512,0.00033744,2048,130895.24,1787804407.719
2212,16.543,0.000425,0.00033701,2048,123801.58,1787804407.736
2213,17.352,0.000519,0.00033657,2048,118027.42,1787804407.754
2214,22.612,0.000516,0.00033614,2048,90571.78,1787804407.776
2215,15.072,0.000713,0.00033571,2048,135884.71,1787804407.792
2216,16.725,0.00074,0.00033528,2048,122452.88,1787804407.809
2217,15.283,0.000399,0.00033485,2048,134008.61,1787804407.824
2218,15.68,0.000515,0.00033442,2048,130612.25,1787804407.84
2219,15.374,0.000649,0.00033399,2048,133215.38,1787804407.855
2220,15.767,0.000686,0.00033356,2048,129889.9,1787804407.871
2221,16.277,0.000508,0.00033312,2048,125819.39,1787804407.888
2222,15.18,0.000536,0.00033269,2048,134914.36,1787804407.903
2223,15.562,0.000739,0.00033227,2048,131605.16,1787804407.919
2224,15.347,0.000499,0.00033184,2048,133448.88,1787804407.934
2225,15.601,0.000793,0.00033141,2048,131275.32,1787804407.95
2226,15.593,0.000497,0.00033098,2048,131336.77,1787804407.966
2227,23.176,0.000689,0.00033055,2048,88365.75,1787804407.989
2228,16.007,0.001062,0.00033012,2048,127946.42,1787804408.005
2229,15.04,0.000988,0.00032969,2048,136172.93,1787804408.021
2230,16.038,0.000581,0.00032926,2048,127693.54,1787804408.037
2231,15.343,0.001205,0.00032884,2048,133477.59,1787804408.052
2232,15.614,0.000512,0.00032841,2048,131168.54,1787804408.068
2233,17.26,0.000413,0.00032798,2048,118653.1,1787804408.086
2234,17.379,0.00043,0.00032756,2048,117842.7,1787804408.103
2235,15.142,0.000364,0.00032713,2048,135256.51,1787804408.118
2236,23.286,0.000562,0.0003267,2048,87950.97,1787804408.141
2237,15.127,0.000801,0.00032628,2048,135389.74,1787804408.157
2238,16.1,0.001303,0.00032585,2048,127201.02,1787804408.173
2239,18.003,0.000882,0.00032543,2048,113760.71,1787804408.191
2240,16.993,0.000508,0.000325,2048,120519.5,1787804408.208
2241,20.076,0.000576,0.00032458,2048,102012.35,1787804408.229
2242,17.736,0.000632,0.00032415,2048,115468.75,1787804408.247
2243,23.59,0.000414,0.00032373,2048,86815.34,1787804408.27
2244,16.467,0.000572,0.0003233,2048,124366.18,1787804408.287
2245,15.463,0.000725,0.00032288,2048,132448.62,1787804408.303
2246,15.151,0.000415,0.00032245,2048,135175.27,1787804408.318
2247,16.45,0.000487,0.00032203,2048,124496.21,1787804408.335
2248,15.894,0.000447,0.00032161,2048,128852.03,1787804408.351
2249,15.216,0.000655,0.00032118,2048,134591.62,1787804408.366
2250,16.222,0.000317,0.00032076,2048,126252.2,1787804408.382
2251,17.579,0.000925,0.00032034,2048,116504.63,1787804408.4
2252,18.86,0.000344,0.00031992,2048,108589.03,1787804408.419
2253,24.019,0.000303,0.0003195,2048,85265.83,1787804408.443
2254,19.198,0.000347,0.00031907,2048,106679.45,1787804408.463
2255,22.01,0.000632,0.00031865,2048,93050.31,1787804408.485
2256,18.58,0.000308,0.00031823,2048,110223.08,1787804408.505
2257,16.724,0.000494,0.00031781,2048,122457.28,1787804408.521
2258,22.737,0.000357,0.00031739,2048,90073.84,1787804408.545
2259,39.22,0.000291,0.00031697,2048,52218.52,1787804408.584
2260,16.769,0.000363,0.00031655,2048,122128.66,1787804408.601
2261,17.713,0.000527,0.00031613,2048,115623.91,1787804408.619
2262,15.511,0.000416,0.00031571,2048,132032.78,1787804408.634
2263,17.086,0.001194,0.00031529,2048,119867.02,1787804408.651
2264,16.873,0.000642,0.00031488,2048,121376.63,1787804408.668
2265,21.612,0.000416,0.00031446,2048,94759.98,1787804408.69
2266,17.795,0.000431,0.00031404,2048,115086.57,1787804408.708
2267,16.214,0.000614,0.00031362,2048,126312.93,1787804408.724
2268,15.086,0.000481,0.0003132,2048,135758.6,1787804408.74
2269,15.493,0.000563,0.00031279,2048,132186.17,1787804408.755
2270,15.686,0.000466,0.00031237,2048,130560.62,1787804408.771
2271,16.654,0.000681,0.00031195,2048,122976.41,1787804408.788
2272,17.148,0.000818,0.00031154,2048,119432.93,1787804408.805
2273,17.324,0.000661,0.00031112,2048,118217.5,1787804408.823
2274,16.313,0.000346,0.0003107,2048,125540.97,1787804408.839
2275,15.799,0.001232,0.00031029,2048,129629.28,1787804408.855
2276,16.57,0.000958,0.00030987,2048,123595.37,1787804408.872
2277,17.598,0.000504,0.00030946,2048,116377.52,1787804408.89
2278,17.975,0.000392,0.00030904,2048,113934.75,1787804408.908
2279,16.221,0.000318,0.00030863,2048,126253.75,1787804408.924
2280,15.77,0.000441,0.00030822,2048,129863.54,1787804408.94
2281,15.59,0.000619,0.0003078,2048,131365.42,1787804408.956
2282,15.518,0.000583,0.00030739,2048,131974.92,1787804408.972
2283,15.359,0.00086,0.00030697,2048,133341.15,1787804408.987
2284,23.651,0.000472,0.00030656,2048,86592.9,1787804409.011
2285,25.34,0.000505,0.00030615,2048,80821.16,1787804409.037
2286,26.243,0.000422,0.00030574,2048,78039.86,1787804409.063
2287,16.875,0.000835,0.00030532,2048,121362.96,1787804409.08
2288,20.265,0.00078,0.00030491,2048,101061.44,1787804409.101
2289,17.643,0.000784,0.0003045,2048,116077.4,1787804409.119
2290,15.463,0.000358,0.00030409,2048,132446.91,1787804409.134
2291,16.851,0.000793,0.00030368,2048,121534.37,1787804409.151
2292,20.75,0.000815,0.00030327,2048,98697.37,1787804409.172
2293,23.406,0.000885,0.00030286,2048,87497.44,1787804409.196
2294,15.578,0.000586,0.00030245,2048,131470.83,1787804409.212
2295,15.313,0.000989,0.00030204,2048,133743.45,1787804409.227
2296,15.781,0.000895,0.00030163,2048,129773.02,1787804409.243
2297,15.678,0.00095,0.00030122,2048,130629.74,1787804409.259
2298,15.582,0.000528,0.00030081,2048,131432.86,1787804409.275
2299,17.379,0.000663,0.0003004,2048,117843.37,1787804409.292
2300,16.718,0.000741,0.00029999,2048,122504.89,1787804409.309
2301,16.271,0.00119,0.00029959,2048,125866.56,1787804409.326
2302,16.356,0.000582,0.00029918,2048,125210.93,1787804409.342
2303,16.779,0.000509,0.00029877,2048,122054.42,1787804409.359
2304,16.926,0.000404,0.00029836,2048,120999.43,1787804409.376
2305,16.871,0.000906,0.00029796,2048,121388.14,1787804409.393
2306,19.01,0.001325,0.00029755,2048,107735.04,1787804409.412
2307,17.693,0.001002,0.00029714,2048,115750.03,1787804409.43
2308,17.001,0.000459,0.00029674,2048,120465.63,1787804409.448
2309,15.757,0.000849,0.00029633,2048,129977.28,1787804409.463
2310,16.098,0.000662,0.00029593,2048,127223.93,1787804409.48
2311,17.972,0.000841,0.00029552,2048,113956.31,1787804409.498
2312,18.499,0.000683,0.00029512,2048,110706.89,1787804409.517
2313,21.608,0.000719,0.00029471,2048,94778.4,1787804409.538
2314,18.262,0.000855,0.00029431,2048,112144.21,1787804409.557
2315,17.1,0.001027,0.0002939,2048,119763.98,1787804409.574
2316,17.179,0.000719,0.0002935,2048,119216.71,1787804409.592
2317,21.2,0.000848,0.0002931,2048,96603.77,1787804409.613
2318,18.539,0.00072,0.0002927,2048,110468.03,1787804409.632
2319,15.059,0.000661,0.00029229,2048,135998.41,1787804409.647
2320,15.352,0.000836,0.00029189,2048,133401.94,1787804409.662
2321,15.112,0.000806,0.00029149,2048,135523.23,1787804409.678
2322,19.228,0.000438,0.00029109,2048,106510.23,1787804409.697
2323,18.159,0.000686,0.00029069,2048,112779.06,1787804409.715
2324,18.309,0.000905,0.00029028,2048,111856.33,1787804409.734
2325,54.521,0.000926,0.00028988,2048,37563.44,1787804409.789
2326,39.362,0.00043,0.00028948,2048,52030.54,1787804409.829
2327,21.023,0.000496,0.00028908,2048,97418.97,1787804409.85
2328,22.477,0.000695,0.00028868,2048,91115.36,1787804409.872
2329,17.884,0.000675,0.00028828,2048,114512.57,1787804409.89
2330,20.546,0.000606,0.00028789,2048,99679.74,1787804409.912
2331,15.356,0.000549,0.00028749,2048,133364.59,1787804409.927
2332,14.886,0.000469,0.00028709,2048,137583.55,1787804409.941
2333,15.242,0.000419,0.00028669,2048,134361.16,1787804409.957
2334,15.26,0.000604,0.00028629,2048,134210.6,1787804409.972
2335,18.816,0.000499,0.00028589,2048,108840.65,1787804409.991
2336,24.094,0.000616,0.0002855,2048,84998.65,1787804410.016
2337,28.725,0.000554,0.0002851,2048,71297.52,1787804410.045
2338,28.102,0.000749,0.0002847,2048,72878.15,1787804410.073
2339,16.476,0.000351,0.00028431,2048,124301.26,1787804410.09
2340,19.183,0.000449,0.00028391,2048,106762.31,1787804410.109
2341,17.079,0.000515,0.00028351,2048,119911.94,1787804410.126
2342,25.869,0.000532,0.00028312,2048,79169.34,1787804410.152
2343,30.392,0.000376,0.00028272,2048,67386.6,1787804410.183
2344,17.058,0.000493,0.00028233,2048,120058.15,1787804410.2
2345,18.242,0.000705,0.00028194,2048,112265.93,1787804410.219
2346,16.072,0.001091,0.00028154,2048,127424.2,1787804410.235
2347,15.455,0.000414,0.00028115,2048,132509.46,1787804410.25
2348,15.519,0.000301,0.00028075,2048,131970.67,1787804410.266
2349,15.438,0.000536,0.00028036,2048,132661.39,1787804410.282
2350,15.822,0.000613,0.00027997,2048,129441.66,1787804410.298
2351,17.295,0.000949,0.00027958,2048,118413.67,1787804410.315
2352,16.208,0.000344,0.00027918,2048,126354.24,1787804410.332
2353,15.703,0.000341,0.00027879,2048,130419.28,1787804410.347
2354,16.047,0.000319,0.0002784,2048,127628.28,1787804410.364
2355,15.679,0.000335,0.00027801,2048,130624.74,1787804410.38
2356,17.833,0.000456,0.00027762,2048,114845.2,1787804410.398
2357,17.681,0.000443,0.00027723,2048,115833.17,1787804410.415
2358,15.798,0.000392,0.00027684,2048,129639.13,1787804410.431
2359,20.098,0.000318,0.00027645,2048,101898.66,1787804410.452
2360,16.449,0.000378,0.00027606,2048,124506.81,1787804410.468
2361,15.924,0.00024,0.00027567,2048,128613.33,1787804410.484
2362,16.538,0.000354,0.00027528,2048,123839.01,1787804410.501
2363,17.283,0.000597,0.00027489,2048,118499.32,1787804410.519
2364,15.547,0.000998,0.0002745,2048,131728.75,1787804410.534
2365,18.585,0.000744,0.00027411,2048,110194.62,1787804410.553
2366,18.492,0.000424,0.00027373,2048,110748.8,1787804410.572
2367,15.886,0.000504,0.00027334,2048,128920.98,1787804410.588
2368,15.694,0.000284,0.00027295,2048,130493.24,1787804410.604
2369,22.574,0.000316,0.00027257,2048,90724.65,1787804410.626
2370,16.434,0.002449,0.00027218,2048,124616.66,1787804410.643
2371,15.703,0.000979,0.00027179,2048,130423.43,1787804410.659
2372,17.468,0.000481,0.00027141,2048,117244.3,1787804410.677
2373,17.081,0.000356,0.00027102,2048,119901.41,1787804410.694
2374,17.289,0.000976,0.00027064,2048,118456.82,1787804410.712
2375,16.094,0.00164,0.00027025,2048,127252.39,1787804410.728
2376,15.599,0.000775,0.00026987,2048,131289.63,1787804410.744
2377,15.598,0.00034,0.00026948,2048,131299.73,1787804410.76
2378,16.866,0.000688,0.0002691,2048,121426.28,1787804410.777
2379,21.095,0.000983,0.00026872,2048,97084.16,1787804410.798
2380,20.288,0.000557,0.00026833,2048,100947.37,1787804410.818
2381,16.281,0.000569,0.00026795,2048,125787.71,1787804410.835
2382,16.399,0.000479,0.00026757,2048,124881.86,1787804410.851
2383,15.617,0.00063,0.00026719,2048,131137.46,1787804410.867
2384,14.577,0.000636,0.00026681,2048,140491.45,1787804410.882
2385,15.852,0.000747,0.00026642,2048,129191.79,1787804410.898
2386,17.56,0.00042,0.00026604,2048,116632.02,1787804410.916
2387,16.626,0.000415,0.00026566,2048,123180.56,1787804410.932
2388,27.672,0.000676,0.00026528,2048,74010.1,1787804410.96
2389,15.752,0.000822,0.0002649,2048,130015.24,1787804410.976
2390,15.38,0.00044,0.00026452,2048,133158.22,1787804410.992
2391,16.499,0.000586,0.00026414,2048,124127.23,1787804411.008
2392,17.046,0.000485,0.00026376,2048,120146.9,1787804411.026
2393,15.325,0.000295,0.00026339,2048,133637.85,1787804411.041
2394,15.539,0.000413,0.00026301,2048,131797.41,1787804411.057
2395,16.559,0.000685,0.00026263,2048,123678.22,1787804411.074
2396,15.227,0.001382,0.00026225,2048,134495.28,1787804411.089
2397,16.518,0.000505,0.00026188,2048,123982.95,1787804411.106
2398,18.925,0.000542,0.0002615,2048,108216.07,1787804411.125
2399,15.228,0.0006,0.00026112,2048,134493.52,1787804411.14
2400,15.975,0.000383,0.00026075,2048,128197.91,1787804411.156
2401,17.023,0.000426,0.00026037,2048,120309.23,1787804411.173
2402,15.373,0.000557,0.00025999,2048,133221.45,1787804411.189
2403,16.572,0.000534,0.00025962,2048,123579.71,1787804411.206
2404,18.26,0.000375,0.00025924,2048,112160.18,1787804411.224
2405,15.619,0.000845,0.00025887,2048,131118.99,1787804411.24
2406,15.67,0.001014,0.0002585,2048,130694.76,1787804411.256
2407,15.429,0.000983,0.00025812,2048,132739.63,1787804411.271
2408,15.252,0.000738,0.00025775,2048,134276.59,1787804411.287
2409,16.521,0.000652,0.00025738,2048,123966.44,1787804411.304
2410,17.313,0.000797,0.000257,2048,118295.35,1787804411.321
2411,16.783,0.00061,0.00025663,2048,122031.88,1787804411.338
2412,18.079,0.000524,0.00025626,2048,113280.6,1787804411.356
2413,21.994,0.000894,0.00025589,2048,93115.88,1787804411.378
2414,20.999,0.000539,0.00025552,2048,97528.92,1787804411.4
2415,19.076,0.000921,0.00025514,2048,107358.34,1787804411.419
2416,17.482,0.001109,0.00025477,2048,117149.07,1787804411.437
2417,21.265,0.000385,0.0002544,2048,96307.13,1787804411.458
2418,15.237,0.000517,0.00025403,2048,134407.01,1787804411.474
2419,15.868,0.000676,0.00025366,2048,129063.16,1787804411.49
2420,16.975,0.000756,0.00025329,2048,120648.01,1787804411.507
2421,21.563,0.000711,0.00025293,2048,94977.95,1787804411.528
2422,21.698,0.000525,0.00025256,2048,94387.88,1787804411.55
2423,20.451,0.000642,0.00025219,2048,100143.27,1787804411.571
2424,21.11,0.000459,0.00025182,2048,97015.63,1787804411.592
2425,27.412,0.001409,0.00025145,2048,74710.99,1787804411.62
2426,17.639,0.001006,0.00025109,2048,116106.36,1787804411.638
2427,18.638,0.000879,0.00025072,2048,109881.27,1787804411.657
2428,26.41,0.000982,0.00025035,2048,77546.09,1787804411.683
2429,29.327,0.000434,0.00024999,2048,69832.55,1787804411.713
2430,20.48,0.000809,0.00024962,2048,99999.02,1787804411.733
2431,20.036,0.00092,0.00024926,2048,102217.03,1787804411.754
2432,15.727,0.000824,0.00024889,2048,130217.77,1787804411.77
2433,15.325,0.000807,0.00024853,2048,133637.85,1787804411.785
2434,21.006,0.0004,0.00024816,2048,97496.88,1787804411.806
2435,17.836,0.000448,0.0002478,2048,114824.59,1787804411.824
2436,15.898,0.000748,0.00024743,2048,128818.8,1787804411.84
2437,17.549,0.001909,0.00024707,2048,116704.47,1787804411.858
2438,16.508,0.000477,0.00024671,2048,124061.06,1787804411.875
2439,22.336,0.000805,0.00024635,2048,91688.9,1787804411.897
2440,19.728,0.000704,0.00024598,2048,103812.37,1787804411.917
2441,16.421,0.000538,0.00024562,2048,124719.87,1787804411.934
2442,17.622,0.000802,0.00024526,2048,116221.0,1787804411.952
2443,15.77,0.000843,0.0002449,2048,129865.19,1787804411.968
2444,14.908,0.000691,0.00024454,2048,137378.67,1787804411.983
2445,19.786,0.001031,0.00024418,2048,103508.05,1787804412.003
2446,19.186,0.000938,0.00024382,2048,106742.28,1787804412.022
2447,16.532,0.001236,0.00024346,2048,123881.71,1787804412.039
2448,16.181,0.000938,0.0002431,2048,126570.54,1787804412.055
2449,15.748,0.000835,0.00024274,2048,130049.09,1787804412.071
2450,18.369,0.000802,0.00024238,2048,111492.79,1787804412.09
2451,15.678,0.000544,0.00024203,2048,130626.41,1787804412.106
2452,19.914,0.000498,0.00024167,2048,102841.71,1787804412.126
2453,14.677,0.000643,0.00024131,2048,139537.1,1787804412.141
2454,15.132,0.000991,0.00024095,2048,135344.11,1787804412.156
2455,15.307,0.000819,0.0002406,2048,133793.25,1787804412.172
2456,15.392,0.000536,0.00024024,2048,133057.86,1787804412.187
2457,15.16,0.000531,0.00023988,2048,135095.02,1787804412.202
2458,16.346,0.000406,0.00023953,2048,125294.42,1787804412.219
2459,15.981,0.000847,0.00023917,2048,128148.97,1787804412.235
2460,15.265,0.000659,0.00023882,2048,134160.48,1787804412.251
2461,15.045,0.000989,0.00023846,2048,136122.24,1787804412.266
2462,16.664,0.000609,0.00023811,2048,122895.98,1787804412.283
2463,15.66,0.000648,0.00023776,2048,130775.72,1787804412.298
2464,17.263,0.000475,0.0002374,2048,118633.86,1787804412.316
2465,19.647,0.000634,0.00023705,2048,104239.3,1787804412.336
2466,15.414,0.000352,0.0002367,2048,132866.23,1787804412.351
2467,15.261,0.000459,0.00023635,2048,134193.89,1787804412.367
2468,15.018,0.000717,0.00023599,2048,136374.23,1787804412.382
2469,15.204,0.000627,0.00023564,2048,134704.05,1787804412.397
2470,18.299,0.000419,0.00023529,2048,111916.85,1787804412.416
2471,25.258,0.000369,0.00023494,2048,81083.54,1787804412.441
2472,17.462,0.000698,0.00023459,2048,117286.6,1787804412.459
2473,26.193,0.000471,0.00023424,2048,78189.13,1787804412.485
2474,15.425,0.000573,0.00023389,2048,132767.17,1787804412.501
2475,23.558,0.000405,0.00023354,2048,86934.37,1787804412.525
2476,17.814,0.000446,0.00023319,2048,114965.76,1787804412.543
2477,14.595,0.000445,0.00023284,2048,140325.87,1787804412.557
2478,15.479,0.000321,0.0002325,2048,132311.71,1787804412.573
2479,15.21,0.000472,0.00023215,2048,134645.6,1787804412.588
2480,15.077,0.000498,0.0002318,2048,135839.65,1787804412.604
2481,18.542,0.000392,0.00023146,2048,110453.73,1787804412.622
2482,20.092,0.000312,0.00023111,2048,101932.13,1787804412.643
2483,17.468,0.000529,0.00023076,2048,117240.27,1787804412.66
2484,17.799,0.000455,0.00023042,2048,115061.35,1787804412.678
2485,19.958,0.000466,0.00023007,2048,102614.46,1787804412.698
2486,18.044,0.000495,0.00022973,2048,113498.45,1787804412.717
2487,19.867,0.000471,0.00022938,2048,103083.96,1787804412.737
2488,16.952,0.000435,0.00022904,2048,120810.28,1787804412.754
2489,16.222,0.000629,0.00022869,2048,126250.64,1787804412.77
2490,16.017,0.000489,0.00022835,2048,127862.55,1787804412.786
2491,16.641,0.000429,0.00022801,2048,123067.31,1787804412.803
2492,23.552,0.000329,0.00022766,2048,86955.41,1787804412.827
2493,17.461,0.000319,0.00022732,2048,117293.32,1787804412.844
2494,28.041,0.000383,0.00022698,2048,73036.17,1787804412.872
2495,33.929,0.000431,0.00022664,2048,60360.99,1787804412.907
2496,25.341,0.000391,0.0002263,2048,80818.6,1787804412.933
2497,19.483,0.000477,0.00022596,2048,105115.66,1787804412.952
2498,20.304,0.000454,0.00022562,2048,100866.33,1787804412.972
2499,16.87,0.000299,0.00022528,2048,121399.65,1787804412.989
2500,26.317,0.000546,0.00022494,2048,77820.72,1787804413.016
2501,20.751,0.000348,0.0002246,2048,98696.42,1787804413.037
2502,16.418,0.000312,0.00022426,2048,124743.42,1787804413.053
2503,16.121,0.00028,0.00022392,2048,127039.27,1787804413.07
2504,15.642,0.000409,0.00022358,2048,130926.2,1787804413.085
2505,15.53,0.000335,0.00022324,2048,131870.4,1787804413.101
2506,15.467,0.000353,0.00022291,2048,132410.08,1787804413.117
2507,16.593,0.00038,0.00022257,2048,123427.77,1787804413.133
2508,16.589,0.000409,0.00022223,2048,123452.32,1787804413.15
2509,15.213,0.000335,0.0002219,2048,134623.48,1787804413.166
2510,15.145,0.000333,0.00022156,2048,135230.61,1787804413.181
2511,15.523,0.000352,0.00022123,2048,131936.66,1787804413.197
2512,15.342,0.00025,0.00022089,2048,133491.51,1787804413.213
2513,15.538,0.000246,0.00022056,2048,131805.89,1787804413.228
2514,17.727,0.000414,0.00022022,2048,115531.94,1787804413.246
2515,15.324,0.000336,0.00021989,2048,133645.7,1787804413.262
2516,15.33,0.000658,0.00021955,2048,133589.9,1787804413.277
2517,16.931,0.000557,0.00021922,2048,120960.12,1787804413.294
2518,14.94,0.000642,0.00021889,2048,137080.74,1787804413.309
2519,20.19,0.000541,0.00021856,2048,101436.86,1787804413.33
2520,15.831,0.000312,0.00021823,2048,129365.62,1787804413.346
2521,15.698,0.000281,0.00021789,2048,130458.32,1787804413.362
2522,15.074,0.00036,0.00021756,2048,135863.98,1787804413.377
2523,15.073,0.000414,0.00021723,2048,135871.19,1787804413.392
2524,22.916,0.000353,0.0002169,2048,89369.09,1787804413.415
2525,19.212,0.000326,0.00021657,2048,106598.93,1787804413.435
2526,15.393,0.000606,0.00021624,2048,133047.49,1787804413.45
2527,15.674,0.000319,0.00021591,2048,130660.58,1787804413.466
2528,17.903,0.000344,0.00021558,2048,114394.87,1787804413.484
2529,16.355,0.000294,0.00021526,2048,125217.82,1787804413.501
2530,16.897,0.000315,0.00021493,2048,121208.53,1787804413.518
2531,19.908,0.000608,0.0002146,2048,102872.7,1787804413.538
2532,18.25,0.000704,0.00021427,2048,112216.72,1787804413.556
2533,21.645,0.000455,0.00021395,2048,94619.01,1787804413.578
2534,21.954,0.000509,0.00021362,2048,93284.26,1787804413.6
2535,32.485,0.000442,0.0002133,2048,63045.06,1787804413.633
2536,15.857,0.000319,0.00021297,2048,129154.32,1787804413.649
2537,15.503,0.000625,0.00021264,2048,132105.17,1787804413.665
2538,15.648,0.000738,0.00021232,2048,130880.18,1787804413.68
2539,15.549,0.000563,0.000212,2048,131715.19,1787804413.696
2540,14.763,0.000398,0.00021167,2048,138728.95,1787804413.711
2541,19.217,0.00055,0.00021135,2048,106572.31,1787804413.731
2542,16.044,0.000574,0.00021103,2048,127651.35,1787804413.747
2543,15.824,0.000789,0.0002107,2048,129423.66,1787804413.763
2544,15.46,0.000335,0.00021038,2048,132471.75,1787804413.778
2545,15.268,0.000501,0.00021006,2048,134134.12,1787804413.794
2546,15.017,0.000918,0.00020974,2048,136375.14,1787804413.809
2547,15.639,0.000448,0.00020942,2048,130952.15,1787804413.825
2548,21.421,0.000478,0.0002091,2048,95606.67,1787804413.846
2549,15.377,0.000592,0.00020878,2048,133188.53,1787804413.862
2550,15.655,0.000615,0.00020846,2048,130824.17,1787804413.878
2551,15.51,0.000596,0.00020814,2048,132042.99,1787804413.893
2552,15.746,0.000627,0.00020782,2048,130066.43,1787804413.909
2553,17.785,0.000428,0.0002075,2048,115151.92,1787804413.927
2554,18.278,0.000478,0.00020718,2048,112044.21,1787804413.946
2555,15.607,0.000546,0.00020686,2048,131221.49,1787804413.962
2556,15.184,0.0007,0.00020655,2048,134880.6,1787804413.977
2557,16.209,0.000428,0.00020623,2048,126353.46,1787804413.993
2558,16.485,0.000404,0.00020591,2048,124231.14,1787804414.01
2559,21.222,0.000633,0.0002056,2048,96503.63,1787804414.031
2560,18.269,0.00068,0.00020528,2048,112101.86,1787804414.05
2561,14.876,0.000431,0.00020496,2048,137672.34,1787804414.065
2562,14.98,0.000683,0.00020465,2048,136719.27,1787804414.08
2563,15.675,0.000663,0.00020434,2048,130652.24,1787804414.096
2564,14.811,0.000488,0.00020402,2048,138274.67,1787804414.111
2565,15.583,0.000656,0.00020371,2048,131423.59,1787804414.127
2566,17.201,0.000618,0.00020339,2048,119061.46,1787804414.144
2567,16.698,0.000979,0.00020308,2048,122648.68,1787804414.161
2568,18.374,0.000478,0.00020277,2048,111461.85,1787804414.179
2569,21.071,0.000802,0.00020246,2048,97195.66,1787804414.2
2570,16.882,0.000575,0.00020215,2048,121314.08,1787804414.217
2571,19.021,0.000448,0.00020183,2048,107671.6,1787804414.237
2572,15.884,0.000582,0.00020152,2048,128934.78,1787804414.253
2573,17.762,0.000645,0.00020121,2048,115299.73,1787804414.271
2574,24.844,0.000747,0.0002009,2048,82435.05,1787804414.296
2575,18.906,0.000699,0.00020059,2048,108324.25,1787804414.316
2576,19.177,0.000279,0.00020028,2048,106794.04,1787804414.335
2577,17.524,0.000441,0.00019998,2048,116870.96,1787804414.353
2578,22.494,0.00068,0.00019967,2048,91046.1,1787804414.375
2579,17.325,0.000782,0.00019936,2048,118208.63,1787804414.393
2580,18.221,0.000294,0.00019905,2048,112395.31,1787804414.411
2581,16.155,0.000712,0.00019874,2048,126774.25,1787804414.427
2582,18.518,0.000685,0.00019844,2048,110597.49,1787804414.446
2583,23.395,0.000476,0.00019813,2048,87541.94,1787804414.47
2584,17.358,0.000529,0.00019783,2048,117983.22,1787804414.487
2585,16.618,0.000423,0.00019752,2048,123239.12,1787804414.504
2586,15.953,0.00082,0.00019722,2048,128379.52,1787804414.52
2587,15.803,0.000522,0.00019691,2048,129593.19,1787804414.536
2588,18.947,0.000539,0.00019661,2048,108092.7,1787804414.555
2589,16.042,0.000544,0.0001963,2048,127667.27,1787804414.572
2590,15.463,0.00029,0.000196,2048,132440.91,1787804414.587
2591,14.977,0.000643,0.0001957,2048,136741.18,1787804414.602
2592,17.986,0.000445,0.0001954,2048,113868.87,1787804414.621
2593,18.449,0.000293,0.00019509,2048,111009.93,1787804414.639
2594,17.572,0.000332,0.00019479,2048,116548.39,1787804414.657
2595,26.402,0.000354,0.00019449,2048,77569.88,1787804414.684
2596,16.496,0.000253,0.00019419,2048,124150.56,1787804414.7
2597,23.971,0.000293,0.00019389,2048,85436.21,1787804414.724
2598,18.933,0.000325,0.00019359,2048,108170.35,1787804414.744
2599,17.593,0.000331,0.00019329,2048,116413.24,1787804414.761
2600,17.912,0.000516,0.00019299,2048,114336.76,1787804414.779
2601,17.321,0.000335,0.00019269,2048,118239.34,1787804414.797
2602,16.517,0.00029,0.00019239,2048,123993.46,1787804414.814
2603,16.826,0.001954,0.0001921,2048,121720.01,1787804414.831
2604,17.606,0.000357,0.0001918,2048,116326.62,1787804414.848
2605,15.475,0.000543,0.0001915,2048,132339.07,1787804414.864
2606,15.702,0.000355,0.00019121,2048,130429.25,1787804414.88
2607,15.69,0.000421,0.00019091,2048,130525.67,1787804414.896
2608,16.196,0.000314,0.00019061,2048,126451.76,1787804414.912
2609,15.862,0.000321,0.00019032,2048,129116.86,1787804414.928
2610,16.938,0.000252,0.00019002,2048,120910.85,1787804414.945
2611,18.196,0.000252,0.00018973,2048,112550.97,1787804414.964
2612,15.416,0.000449,0.00018944,2048,132846.4,1787804414.979
2613,15.276,0.000339,0.00018914,2048,134064.76,1787804414.995
2614,16.31,0.000438,0.00018885,2048,125567.14,1787804415.011
2615,15.992,0.000874,0.00018856,2048,128061.63,1787804415.028
2616,18.225,0.000406,0.00018826,2048,112374.35,1787804415.046
2617,21.76,0.000349,0.00018797,2048,94118.94,1787804415.068
2618,30.406,0.000271,0.00018768,2048,67354.24,1787804415.099
2619,18.51,0.00031,0.00018739,2048,110639.91,1787804415.117
2620,15.812,0.000323,0.0001871,2048,129525.16,1787804415.133
2621,19.424,0.000455,0.00018681,2048,105435.49,1787804415.153
2622,17.254,0.000302,0.00018652,2048,118699.87,1787804415.17
2623,23.773,0.000365,0.00018623,2048,86147.43,1787804415.194
2624,15.53,0.000404,0.00018594,2048,131869.55,1787804415.209
2625,15.22,0.000301,0.00018565,2048,134558.91,1787804415.225
2626,15.657,0.000349,0.00018537,2048,130806.62,1787804415.241
2627,16.888,0.000361,0.00018508,2048,121266.67,1787804415.258
2628,16.976,0.000406,0.00018479,2048,120637.35,1787804415.275
2629,15.845,0.000418,0.00018451,2048,129256.21,1787804415.291
2630,15.567,0.000347,0.00018422,2048,131558.66,1787804415.307
2631,17.07,0.000624,0.00018393,2048,119973.76,1787804415.324
2632,18.045,0.000752,0.00018365,2048,113497.19,1787804415.342
2633,19.592,0.000351,0.00018336,2048,104530.33,1787804415.362
2634,24.047,0.000487,0.00018308,2048,85166.19,1787804415.386
2635,16.051,0.000712,0.00018279,2048,127594.09,1787804415.402
2636,16.339,0.000437,0.00018251,2048,125340.43,1787804415.419
2637,16.208,0.000249,0.00018223,2048,126357.35,1787804415.435
2638,16.821,0.000384,0.00018195,2048,121750.4,1787804415.452
2639,17.423,0.00031,0.00018166,2048,117544.42,1787804415.47
2640,16.183,0.000275,0.00018138,2048,126552.56,1787804415.486
2641,16.729,0.000301,0.0001811,2048,122424.34,1787804415.503
2642,16.079,0.000466,0.00018082,2048,127372.69,1787804415.519
2643,16.443,0.000379,0.00018054,2048,124553.0,1787804415.536
2644,16.89,0.000481,0.00018026,2048,121255.18,1787804415.553
2645,17.194,0.000451,0.00017998,2048,119110.63,1787804415.57
2646,16.776,0.00029,0.0001797,2048,122080.62,1787804415.587
2647,15.396,0.00029,0.00017942,2048,133018.11,1787804415.603
2648,17.226,0.00023,0.00017914,2048,118892.12,1787804415.62
2649,16.444,0.000448,0.00017887,2048,124542.39,1787804415.637
2650,16.936,0.000297,0.00017859,2048,120926.55,1787804415.654
2651,15.669,0.00033,0.00017831,2048,130703.1,1787804415.67
2652,15.783,0.000543,0.00017803,2048,129759.87,1787804415.687
2653,16.346,0.000703,0.00017776,2048,125288.29,1787804415.702
2654,16.345,0.000462,0.00017748,2048,125301.32,1787804415.719
2655,15.902,0.00053,0.00017721,2048,128785.59,1787804415.736
2656,18.214,0.000431,0.00017693,2048,112440.98,1787804415.753
2657,17.298,0.000538,0.00017666,2048,118397.24,1787804415.771
2658,17.087,0.00074,0.00017638,2048,119858.6,1787804415.788
2659,15.592,0.000534,0.00017611,2048,131351.09,1787804415.804
2660,15.666,0.000712,0.00017584,2048,130731.47,1787804415.82
2661,15.564,0.000419,0.00017557,2048,131586.56,1787804415.835
2662,21.849,0.000344,0.00017529,2048,93736.41,1787804415.857
2663,17.593,0.000477,0.00017502,2048,116409.27,1787804415.875
2664,16.461,0.000529,0.00017475,2048,124411.51,1787804415.892
2665,16.321,0.000455,0.00017448,2048,125484.04,1787804415.91
2666,16.462,0.00064,0.00017421,2048,124410.75,1787804415.926
2667,15.396,0.000559,0.00017394,2048,133020.7,1787804415.941
2668,17.277,0.000359,0.00017367,2048,118537.04,1787804415.959
2669,16.942,0.000462,0.0001734,2048,120885.87,1787804415.976
2670,17.821,0.000469,0.00017313,2048,114919.95,1787804415.994
2671,16.397,0.000319,0.00017287,2048,124901.66,1787804416.01
2672,16.976,0.000548,0.0001726,2048,120640.9,1787804416.028
2673,16.785,0.000602,0.00017233,2048,122012.25,1787804416.044
2674,16.936,0.000608,0.00017206,2048,120926.55,1787804416.062
2675,17.456,0.000432,0.0001718,2048,117325.57,1787804416.079
2676,17.698,0.000437,0.00017153,2048,115719.29,1787804416.097
2677,17.126,0.000585,0.00017127,2048,119585.65,1787804416.115
2678,17.029,0.000484,0.000171,2048,120266.14,1787804416.132
2679,20.2,0.000519,0.00017074,2048,101387.64,1787804416.152
2680,24.127,0.000477,0.00017047,2048,84884.16,1787804416.176
2681,15.967,0.000408,0.00017021,2048,128267.76,1787804416.192
2682,15.409,0.000714,0.00016995,2048,132910.2,1787804416.208
2683,15.421,0.000599,0.00016968,2048,132807.64,1787804416.224
2684,16.088,0.000426,0.00016942,2048,127300.64,1787804416.24
2685,22.075,0.000453,0.00016916,2048,92773.37,1787804416.262
2686,15.834,0.000379,0.0001689,2048,129344.37,1787804416.278
2687,16.181,0.000519,0.00016864,2048,126570.54,1787804416.294
2688,16.16,0.000462,0.00016838,2048,126735.03,1787804416.311
2689,15.993,0.000551,0.00016812,2048,128057.63,1787804416.327
2690,17.235,0.000708,0.00016786,2048,118825.21,1787804416.344
2691,17.186,0.000459,0.0001676,2048,119168.15,1787804416.362
2692,24.167,0.000432,0.00016734,2048,84742.26,1787804416.386
2693,15.694,0.000422,0.00016708,2048,130495.73,1787804416.402
2694,16.484,0.000351,0.00016683,2048,124243.2,1787804416.418
2695,15.228,0.000412,0.00016657,2048,134490.87,1787804416.434
2696,17.059,0.000465,0.00016631,2048,120056.04,1787804416.451
2697,15.842,0.000595,0.00016606,2048,129278.24,1787804416.467
2698,14.831,0.000293,0.0001658,2048,138087.28,1787804416.482
2699,16.379,0.000366,0.00016554,2048,125041.21,1787804416.499
2700,16.314,0.000586,0.00016529,2048,125535.58,1787804416.515
2701,16.482,0.000566,0.00016504,2048,124254.5,1787804416.532
2702,17.139,0.000604,0.00016478,2048,119490.76,1787804416.549
2703,17.659,0.000353,0.00016453,2048,115974.2,1787804416.567
2704,23.369,0.000672,0.00016427,2048,87635.97,1787804416.59
2705,24.616,0.000317,0.00016402,2048,83198.26,1787804416.615
2706,33.618,0.000288,0.00016377,2048,60918.84,1787804416.649
2707,17.487,0.00033,0.00016352,2048,117116.24,1787804416.667
2708,16.172,0.000641,0.00016327,2048,126640.2,1787804416.683
2709,19.366,0.000445,0.00016302,2048,105753.44,1787804416.703
2710,26.65,0.000244,0.00016277,2048,76847.45,1787804416.729
2711,15.992,0.000322,0.00016252,2048,128061.63,1787804416.746
2712,18.255,0.000645,0.00016227,2048,112190.9,1787804416.764
2713,17.47,0.000298,0.00016202,2048,117227.52,1787804416.782
2714,16.401,0.000247,0.00016177,2048,124871.2,1787804416.798
2715,15.51,0.000421,0.00016152,2048,132047.25,1787804416.814
2716,15.626,0.00035,0.00016127,2048,131060.26,1787804416.83
2717,15.688,0.00036,0.00016103,2048,130548.14,1787804416.846
2718,15.983,0.000727,0.00016078,2048,128133.74,1787804416.862
2719,19.94,0.000494,0.00016053,2048,102709.67,1787804416.882
2720,16.288,0.000606,0.00016029,2048,125739.06,1787804416.898
2721,19.444,0.000239,0.00016004,2048,105330.29,1787804416.918
2722,16.266,0.000197,0.0001598,2048,125909.12,1787804416.935
2723,15.357,0.000238,0.00015955,2048,133361.98,1787804416.95
2724,16.259,0.000222,0.00015931,2048,125961.78,1787804416.966
2725,16.401,0.000403,0.00015907,2048,124866.63,1787804416.984
2726,17.205,0.00033,0.00015882,2048,119033.78,1787804417.001
2727,18.168,0.000364,0.00015858,2048,112725.05,1787804417.02
2728,16.538,0.000189,0.00015834,2048,123833.02,1787804417.036
2729,16.119,0.000248,0.0001581,2048,127058.18,1787804417.052
2730,19.376,0.000316,0.00015786,2048,105700.5,1787804417.072
2731,17.397,0.000249,0.00015762,2048,117722.12,1787804417.09
2732,16.704,0.000372,0.00015738,2048,122604.63,1787804417.106
2733,16.739,0.000317,0.00015714,2048,122350.47,1787804417.124
2734,23.552,0.000214,0.0001569,2048,86957.63,1787804417.147
2735,16.803,0.000324,0.00015666,2048,121882.27,1787804417.164
2736,18.07,0.000333,0.00015642,2048,113336.4,1787804417.183
2737,19.886,0.00052,0.00015618,2048,102985.99,1787804417.202
2738,18.389,0.000241,0.00015595,2048,111370.32,1787804417.221
2739,38.987,0.000257,0.00015571,2048,52530.6,1787804417.26
2740,17.933,0.000255,0.00015547,2048,114204.14,1787804417.278
2741,15.079,0.00024,0.00015524,2048,135816.22,1787804417.293
2742,14.827,0.000309,0.000155,2048,138123.6,1787804417.308
2743,16.285,0.000292,0.00015477,2048,125760.67,1787804417.325
2744,15.157,0.000414,0.00015453,2048,135119.09,1787804417.34
2745,18.821,0.000336,0.0001543,2048,108816.93,1787804417.359
2746,22.425,0.000367,0.00015406,2048,91326.64,1787804417.382
2747,18.065,0.000394,0.00015383,2048,113367.14,1787804417.4
2748,18.029,0.000527,0.0001536,2048,113594.13,1787804417.418
2749,15.799,0.000285,0.00015337,2048,129626.0,1787804417.434
2750,15.325,0.000225,0.00015314,2048,133634.36,1787804417.45
2751,17.345,0.000273,0.0001529,2048,118072.33,1787804417.467
2752,22.224,0.000244,0.00015267,2048,92152.21,1787804417.49
2753,16.631,0.000354,0.00015244,2048,123143.53,1787804417.507
2754,20.338,0.000593,0.00015221,2048,100696.71,1787804417.527
2755,16.138,0.000294,0.00015198,2048,126907.01,1787804417.544
2756,15.487,0.000293,0.00015176,2048,132239.09,1787804417.559
2757,16.443,0.000328,0.00015153,2048,124548.45,1787804417.576
2758,17.826,0.00051,0.0001513,2048,114887.72,1787804417.594
2759,39.694,0.000561,0.00015107,2048,51594.18,1787804417.634
2760,28.078,0.000458,0.00015085,2048,72939.15,1787804417.662
2761,22.965,0.000271,0.00015062,2048,89178.8,1787804417.685
2762,18.796,0.000293,0.00015039,2048,108957.61,1787804417.704
2763,16.494,0.000386,0.00015017,2048,124164.86,1787804417.721
2764,23.826,0.000258,0.00014994,2048,85956.88,1787804417.745
2765,22.95,0.000482,0.00014972,2048,89235.92,1787804417.768
2766,26.923,0.000253,0.00014949,2048,76069.64,1787804417.795
2767,15.797,0.000333,0.00014927,2048,129641.59,1787804417.811
2768,15.304,0.000313,0.00014905,2048,133817.73,1787804417.827
2769,14.695,0.000322,0.00014882,2048,139369.03,1787804417.842
2770,15.474,0.000321,0.0001486,2048,132348.48,1787804417.857
2771,16.222,0.000473,0.00014838,2048,126249.86,1787804417.874
2772,16.293,0.000386,0.00014816,2048,125698.92,1787804417.89
2773,15.325,0.000377,0.00014794,2048,133633.49,1787804417.906
2774,14.965,0.000456,0.00014772,2048,136857.23,1787804417.921
2775,15.278,0.00034,0.0001475,2048,134046.33,1787804417.936
2776,15.448,0.000449,0.00014728,2048,132578.09,1787804417.952
2777,17.482,0.000305,0.00014706,2048,117148.4,1787804417.97
2778,20.393,0.000334,0.00014684,2048,100426.62,1787804417.99
2779,15.451,0.000876,0.00014662,2048,132548.91,1787804418.006
2780,15.676,0.000516,0.00014641,2048,130643.07,1787804418.022
2781,15.174,0.000283,0.00014619,2048,134967.71,1787804418.037
2782,15.355,0.000297,0.00014597,2048,133377.62,1787804418.053
2783,16.458,0.000415,0.00014576,2048,124437.96,1787804418.069
2784,17.376,0.000591,0.00014554,2048,117860.33,1787804418.087
2785,26.443,0.000361,0.00014533,2048,77448.73,1787804418.114
2786,21.849,0.000546,0.00014511,2048,93736.41,1787804418.136
2787,23.739,0.000392,0.0001449,2048,86270.08,1787804418.16
2788,17.738,0.000286,0.00014469,2048,115457.04,1787804418.177
2789,18.541,0.000646,0.00014447,2048,110459.1,1787804418.196
2790,20.333,0.000895,0.00014426,2048,100722.96,1787804418.217
2791,15.63,0.000452,0.00014405,2048,131026.72,1787804418.232
2792,15.475,0.000395,0.00014384,2048,132340.78,1787804418.248
2793,19.429,0.000337,0.00014363,2048,105411.61,1787804418.268
2794,20.31,0.000278,0.00014341,2048,100836.03,1787804418.288
2795,22.672,0.000464,0.0001432,2048,90330.89,1787804418.311
2796,16.954,0.000535,0.000143,2048,120794.6,1787804418.328
2797,17.598,0.000517,0.00014279,2048,116376.2,1787804418.346
2798,18.06,0.000551,0.00014258,2048,113401.66,1787804418.364
2799,16.108,0.000319,0.00014237,2048,127144.16,1787804418.38
2800,16.897,0.000424,0.00014216,2048,121207.82,1787804418.398
2801,17.391,0.000356,0.00014195,2048,117761.38,1787804418.415
2802,15.485,0.000405,0.00014175,2048,132257.02,1787804418.431
2803,16.343,0.000388,0.00014154,2048,125315.12,1787804418.447
2804,15.936,0.000424,0.00014134,2048,128516.48,1787804418.463
2805,18.556,0.00043,0.00014113,2048,110368.61,1787804418.482
2806,17.261,0.000542,0.00014093,2048,118651.04,1787804418.5
2807,16.072,0.000731,0.00014072,2048,127428.96,1787804418.516
2808,16.84,0.000388,0.00014052,2048,121611.59,1787804418.533
2809,16.882,0.000299,0.00014031,2048,121314.8,1787804418.55
2810,16.449,0.000425,0.00014011,2048,124506.81,1787804418.567
2811,22.266,0.000373,0.00013991,2048,91980.04,1787804418.589
2812,15.919,0.00031,0.00013971,2048,128654.53,1787804418.605
2813,16.88,0.000365,0.00013951,2048,121329.89,1787804418.622
2814,16.352,0.000298,0.0001393,2048,125246.92,1787804418.639
2815,17.509,0.000457,0.0001391,2048,116969.08,1787804418.656
2816,17.264,0.000501,0.0001389,2048,118626.99,1787804418.674
2817,17.666,0.000461,0.00013871,2048,115932.18,1787804418.692
2818,16.285,0.000649,0.00013851,2048,125762.99,1787804418.708
2819,14.85,0.000298,0.00013831,2048,137913.39,1787804418.723
2820,15.975,0.000253,0.00013811,2048,128200.31,1787804418.739
2821,15.296,0.000372,0.00013791,2048,133895.59,1787804418.755
2822,15.583,0.000404,0.00013772,2048,131423.59,1787804418.77
2823,20.003,0.000315,0.00013752,2048,102387.2,1787804418.791
2824,16.123,0.000542,0.00013732,2048,127025.87,1787804418.807
2825,16.346,0.000828,0.00013713,2048,125287.52,1787804418.823
2826,16.147,0.000245,0.00013693,2048,126837.85,1787804418.84
2827,16.604,0.000381,0.00013674,2048,123341.54,1787804418.857
2828,16.711,0.000334,0.00013654,2048,122552.54,1787804418.874
2829,18.854,0.00085,0.00013635,2048,108626.47,1787804418.893
2830,15.541,0.00061,0.00013616,2048,131784.69,1787804418.908
2831,16.619,0.000523,0.00013596,2048,123230.96,1787804418.925
2832,15.298,0.000397,0.00013577,2048,133874.58,1787804418.941
2833,15.508,0.000453,0.00013558,2048,132065.13,1787804418.956
2834,18.707,0.001388,0.00013539,2048,109475.98,1787804418.975
2835,16.505,0.000897,0.0001352,2048,124082.86,1787804418.992
2836,16.549,0.000422,0.00013501,2048,123752.95,1787804419.008
2837,15.713,0.000363,0.00013482,2048,130340.43,1787804419.023
2838,15.556,0.000463,0.00013463,2048,131649.15,1787804419.039
2839,15.65,0.000298,0.00013444,2048,130861.78,1787804419.055
2840,15.622,0.000366,0.00013425,2048,131100.53,1787804419.071
2841,20.05,0.000455,0.00013407,2048,102146.68,1787804419.091
2842,15.91,0.000479,0.00013388,2048,128727.31,1787804419.107
2843,16.608,0.000547,0.00013369,2048,123313.32,1787804419.124
2844,15.442,0.000436,0.00013351,2048,132625.31,1787804419.139
2845,15.697,0.000541,0.00013332,2048,130473.28,1787804419.155
2846,15.351,0.000334,0.00013314,2048,133410.63,1787804419.171
2847,17.914,0.000831,0.00013295,2048,114324.63,1787804419.189
2848,17.691,0.000749,0.00013277,2048,115767.7,1787804419.207
2849,17.344,0.00059,0.00013258,2048,118083.9,1787804419.224
2850,16.154,0.000787,0.0001324,2048,126776.61,1787804419.241
2851,16.465,0.000472,0.00013222,2048,124383.55,1787804419.257
2852,15.65,0.000549,0.00013204,2048,130860.11,1787804419.273
2853,15.774,0.000312,0.00013185,2048,129830.61,1787804419.289
2854,19.423,0.000475,0.00013167,2048,105442.0,1787804419.309
2855,31.156,0.000634,0.00013149,2048,65732.88,1787804419.34
2856,16.856,0.000752,0.00013131,2048,121498.32,1787804419.357
2857,17.1,0.000281,0.00013113,2048,119766.08,1787804419.374
2858,19.678,0.001393,0.00013095,2048,104077.73,1787804419.395
2859,18.283,0.000467,0.00013077,2048,112016.01,1787804419.413
2860,17.725,0.000696,0.0001306,2048,115543.02,1787804419.431
2861,17.107,0.000494,0.00013042,2048,119716.38,1787804419.448
2862,16.478,0.000427,0.00013024,2048,124283.16,1787804419.466
2863,15.86,0.00079,0.00013006,2048,129131.51,1787804419.481
2864,17.176,0.000435,0.00012989,2048,119236.14,1787804419.498
2865,16.552,0.00046,0.00012971,2048,123734.26,1787804419.516
2866,17.494,0.000592,0.00012954,2048,117067.37,1787804419.533
2867,17.13,0.000389,0.00012936,2048,119553.54,1787804419.55
2868,17.036,0.000437,0.00012919,2048,120216.72,1787804419.567
2869,17.447,0.000273,0.00012902,2048,117383.41,1787804419.586
2870,17.168,0.000433,0.00012884,2048,119291.01,1787804419.603
2871,16.453,0.000443,0.00012867,2048,124475.78,1787804419.62
2872,20.303,0.000347,0.0001285,2048,100870.8,1787804419.64
2873,16.003,0.00042,0.00012833,2048,127978.4,1787804419.656
2874,17.639,0.000714,0.00012815,2048,116103.06,1787804419.674
2875,17.162,0.000295,0.00012798,2048,119333.41,1787804419.691
2876,21.624,0.000258,0.00012781,2048,94709.14,1787804419.713
2877,15.193,0.000472,0.00012764,2048,134799.81,1787804419.729
2878,16.011,0.000623,0.00012748,2048,127912.06,1787804419.745
2879,15.318,0.000398,0.00012731,2048,133701.53,1787804419.76
2880,15.259,0.000211,0.00012714,2048,134214.99,1787804419.776
2881,16.474,0.000256,0.00012697,2048,124320.12,1787804419.792
2882,15.82,0.000311,0.0001268,2048,129453.93,1787804419.808
2883,15.124,0.000302,0.00012664,2048,135417.49,1787804419.824
2884,15.432,0.000325,0.00012647,2048,132712.11,1787804419.839
2885,15.677,0.000512,0.00012631,2048,130639.74,1787804419.855
2886,15.203,0.00044,0.00012614,2048,134712.03,1787804419.87
2887,20.493,0.000332,0.00012598,2048,99935.1,1787804419.891
2888,18.497,0.000427,0.00012581,2048,110722.45,1787804419.91
2889,16.562,0.000369,0.00012565,2048,123656.56,1787804419.926
2890,15.833,0.000304,0.00012548,2048,129352.54,1787804419.942
2891,17.068,0.000353,0.00012532,2048,119987.81,1787804419.96
2892,16.271,0.000423,0.00012516,2048,125871.98,1787804419.976
2893,21.918,0.000368,0.000125,2048,93440.89,1787804419.998
2894,15.931,0.000424,0.00012484,2048,128552.78,1787804420.014
2895,15.363,0.000338,0.00012468,2048,133303.83,1787804420.03
2896,15.347,0.00032,0.00012452,2048,133444.54,1787804420.045
2897,15.149,0.000306,0.00012436,2048,135193.12,1787804420.061
2898,15.338,0.00024,0.0001242,2048,133521.1,1787804420.076
2899,18.724,0.000537,0.00012404,2048,109376.59,1787804420.095
2900,16.0,0.000563,0.00012388,2048,127996.0,1787804420.111
2901,15.715,0.000302,0.00012372,2048,130324.67,1787804420.127
2902,15.548,0.000544,0.00012357,2048,131722.82,1787804420.143
2903,15.47,0.000208,0.00012341,2048,132380.98,1787804420.159
2904,16.458,0.000315,0.00012325,2048,124436.45,1787804420.175
2905,16.165,0.000399,0.0001231,2048,126691.91,1787804420.192
2906,27.878,0.000339,0.00012294,2048,73461.89,1787804420.22
2907,16.085,0.000297,0.00012279,2048,127322.8,1787804420.236
2908,22.03,0.000433,0.00012264,2048,92962.03,1787804420.258
2909,17.371,0.000366,0.00012248,2048,117898.32,1787804420.275
2910,19.755,0.00048,0.00012233,2048,103672.58,1787804420.296
2911,17.998,0.000467,0.00012218,2048,113791.05,1787804420.313
2912,15.909,0.000633,0.00012202,2048,128728.12,1787804420.329
2913,15.927,0.000262,0.00012187,2048,128587.48,1787804420.345
2914,15.516,0.000283,0.00012172,2048,131990.23,1787804420.361
2915,15.761,0.000284,0.00012157,2048,129938.52,1787804420.377
2916,19.462,0.000293,0.00012142,2048,105232.33,1787804420.397
2917,25.19,0.000386,0.00012127,2048,81303.4,1787804420.422
2918,17.327,0.000294,0.00012112,2048,118194.99,1787804420.44
2919,16.952,0.00055,0.00012098,2048,120814.55,1787804420.457
2920,17.016,0.000276,0.00012083,2048,120359.43,1787804420.475
2921,16.917,0.000268,0.00012068,2048,121063.8,1787804420.492
2922,17.555,0.000275,0.00012053,2048,116662.58,1787804420.509
2923,15.807,0.000389,0.00012039,2048,129566.13,1787804420.525
2924,16.038,0.00043,0.00012024,2048,127696.72,1787804420.542
2925,15.691,0.000385,0.0001201,2048,130522.34,1787804420.557
2926,16.049,0.000293,0.00011995,2048,127609.2,1787804420.574
2927,21.362,0.00092,0.00011981,2048,95870.72,1787804420.595
2928,18.534,0.0005,0.00011966,2048,110502.01,1787804420.614
2929,17.073,0.000313,0.00011952,2048,119953.38,1787804420.632
2930,21.976,0.000326,0.00011938,2048,93193.85,1787804420.654
2931,15.052,0.000332,0.00011923,2048,136062.56,1787804420.669
2932,24.947,0.000454,0.00011909,2048,82095.03,1787804420.694
2933,23.288,0.000269,0.00011895,2048,87943.42,1787804420.717
2934,17.289,0.000323,0.00011881,2048,118459.56,1787804420.735
2935,17.476,0.000399,0.00011867,2048,117189.96,1787804420.753
2936,15.639,0.000567,0.00011853,2048,130956.34,1787804420.769
2937,15.274,0.000352,0.00011839,2048,134085.82,1787804420.784
2938,17.527,0.000409,0.00011825,2048,116846.96,1787804420.802
2939,21.796,0.000317,0.00011812,2048,93961.33,1787804420.824
2940,16.302,0.000271,0.00011798,2048,125630.3,1787804420.84
2941,26.864,0.000278,0.00011784,2048,76236.42,1787804420.867
2942,25.814,0.000392,0.0001177,2048,79335.56,1787804420.893
2943,19.729,0.00025,0.00011757,2048,103805.53,1787804420.913
2944,15.563,0.000444,0.00011743,2048,131591.63,1787804420.928
2945,15.41,0.000476,0.0001173,2048,132901.58,1787804420.944
2946,15.444,0.000657,0.00011716,2048,132611.57,1787804420.96
2947,15.387,0.00031,0.00011703,2048,133098.5,1787804420.975
2948,15.222,0.000393,0.0001169,2048,134542.99,1787804420.991
2949,15.868,0.000385,0.00011676,2048,129067.22,1787804421.007
2950,16.286,0.000335,0.00011663,2048,125751.41,1787804421.023
2951,16.01,0.000365,0.0001165,2048,127917.65,1787804421.039
2952,15.331,0.000688,0.00011637,2048,133582.93,1787804421.055
2953,14.938,0.000487,0.00011624,2048,137104.6,1787804421.07
2954,16.217,0.000239,0.0001161,2048,126290.34,1787804421.087
2955,15.857,0.000255,0.00011598,2048,129151.06,1787804421.103
2956,22.604,0.000493,0.00011585,2048,90603.03,1787804421.126
2957,15.662,0.000456,0.00011572,2048,130764.86,1787804421.142
2958,27.489,0.000415,0.00011559,2048,74503.61,1787804421.169
2959,20.196,0.000511,0.00011546,2048,101406.72,1787804421.19
2960,22.599,0.000402,0.00011533,2048,90621.47,1787804421.213
2961,27.9,0.000494,0.00011521,2048,73403.7,1787804421.241
2962,21.127,0.000471,0.00011508,2048,96938.94,1787804421.262
2963,27.888,0.000862,0.00011495,2048,73436.87,1787804421.29
2964,15.838,0.000619,0.00011483,2048,129305.17,1787804421.306
2965,18.416,0.000342,0.0001147,2048,111210.06,1787804421.325
2966,24.741,0.000539,0.00011458,2048,82775.9,1787804421.35
2967,26.361,0.000435,0.00011446,2048,77690.23,1787804421.376
2968,23.351,0.000319,0.00011433,2048,87703.52,1787804421.4
2969,24.019,0.000258,0.00011421,2048,85267.61,1787804421.424
2970,16.507,0.000466,0.00011409,2048,124067.83,1787804421.441
2971,21.592,0.000436,0.00011397,2048,94851.26,1787804421.463
2972,20.492,0.000384,0.00011385,2048,99943.39,1787804421.483
2973,21.971,0.000322,0.00011373,2048,93212.93,1787804421.505
2974,17.422,0.000627,0.00011361,2048,117551.85,1787804421.523
2975,15.862,0.000875,0.00011349,2048,129116.86,1787804421.539
2976,17.441,0.000488,0.00011337,2048,117426.48,1787804421.557
2977,18.166,0.000321,0.00011325,2048,112738.7,1787804421.575
2978,30.417,0.000428,0.00011313,2048,67330.77,1787804421.606
2979,21.107,0.000284,0.00011301,2048,97028.5,1787804421.627
2980,21.054,0.000442,0.0001129,2048,97273.68,1787804421.648
2981,46.418,0.000299,0.00011278,2048,44120.53,1787804421.694
2982,19.702,0.000318,0.00011266,2048,103949.89,1787804421.714
2983,20.648,0.000363,0.00011255,2048,99185.4,1787804421.735
2984,16.214,0.000332,0.00011243,2048,126314.49,1787804421.752
2985,19.168,0.000625,0.00011232,2048,106845.3,1787804421.771
2986,15.807,0.000574,0.00011221,2048,129566.13,1787804421.787
2987,18.347,0.000432,0.00011209,2048,111627.7,1787804421.806
2988,19.024,0.000496,0.00011198,2048,107655.75,1787804421.825
2989,17.201,0.00048,0.00011187,2048,119062.85,1787804421.842
2990,15.09,0.000317,0.00011176,2048,135716.32,1787804421.858
2991,14.841,0.000495,0.00011164,2048,137994.23,1787804421.873
2992,16.323,0.000384,0.00011153,2048,125470.98,1787804421.889
2993,17.105,0.000248,0.00011142,2048,119728.27,1787804421.907
2994,19.51,0.000241,0.00011131,2048,104970.2,1787804421.927
2995,18.41,0.000334,0.0001112,2048,111245.7,1787804421.945
2996,16.948,0.000933,0.0001111,2048,120839.5,1787804421.962
2997,16.99,0.000701,0.00011099,2048,120540.79,1787804421.98
2998,16.763,0.00029,0.00011088,2048,122173.83,1787804421.997
2999,17.985,0.00035,0.00011077,2048,113870.77,1787804422.015
3000,16.252,0.000394,0.00011067,2048,126015.26,1787804422.031
3001,15.674,0.000403,0.00011056,2048,130666.41,1787804422.047
3002,14.676,0.000371,0.00011046,2048,139546.61,1787804422.062
3003,15.361,0.000231,0.00011035,2048,133323.78,1787804422.077
3004,15.417,0.000297,0.00011025,2048,132842.09,1787804422.093
3005,16.192,0.0003,0.00011014,2048,126479.87,1787804422.109
3006,19.266,0.000277,0.00011004,2048,106299.05,1787804422.128
3007,17.06,0.000695,0.00010994,2048,120049.71,1787804422.145
3008,16.188,0.000242,0.00010983,2048,126510.34,1787804422.162
3009,16.956,0.000605,0.00010973,2048,120785.34,1787804422.179
3010,29.046,0.00039,0.00010963,2048,70509.58,1787804422.208
3011,16.562,0.000494,0.00010953,2048,123656.56,1787804422.225
3012,16.223,0.000332,0.00010943,2048,126238.97,1787804422.241
3013,27.204,0.000415,0.00010933,2048,75281.94,1787804422.269
3014,28.924,0.000625,0.00010923,2048,70806.74,1787804422.298
3015,25.961,0.000504,0.00010913,2048,78886.35,1787804422.324
3016,23.952,0.000229,0.00010903,2048,85505.41,1787804422.348
3017,23.556,0.000222,0.00010894,2048,86942.13,1787804422.372
3018,24.676,0.00039,0.00010884,2048,82996.63,1787804422.397
3019,17.812,0.000279,0.00010874,2048,114981.89,1787804422.415
3020,15.887,0.000357,0.00010865,2048,128911.24,1787804422.431
3021,17.061,0.000485,0.00010855,2048,120041.26,1787804422.448
3022,19.562,0.000596,0.00010846,2048,104692.24,1787804422.468
3023,15.217,0.000412,0.00010836,2048,134588.97,1787804422.483
3024,15.266,0.000448,0.00010827,2048,134151.69,1787804422.498
3025,17.075,0.000296,0.00010817,2048,119944.24,1787804422.516
3026,22.393,0.00033,0.00010808,2048,91458.38,1787804422.538
3027,18.027,0.000524,0.00010799,2048,113605.48,1787804422.557
3028,17.625,0.000401,0.0001079,2048,116197.26,1787804422.574
3029,19.186,0.000553,0.00010781,2048,106743.94,1787804422.594
3030,15.356,0.000308,0.00010772,2048,133365.46,1787804422.609
3031,18.057,0.000503,0.00010763,2048,113419.25,1787804422.627
3032,15.748,0.000366,0.00010754,2048,130045.78,1787804422.643
3033,15.137,0.000267,0.00010745,2048,135298.51,1787804422.659
3034,15.318,0.000421,0.00010736,2048,133698.92,1787804422.674
3035,15.178,0.000657,0.00010727,2048,134928.58,1787804422.689
3036,15.75,0.00027,0.00010718,2048,130029.27,1787804422.705
3037,25.033,0.000308,0.00010709,2048,81811.68,1787804422.731
3038,25.907,0.000351,0.00010701,2048,79053.21,1787804422.757
3039,25.457,0.000452,0.00010692,2048,80450.02,1787804422.782
3040,25.244,0.00043,0.00010684,2048,81126.9,1787804422.808
3041,16.676,0.000513,0.00010675,2048,122811.23,1787804422.825
3042,15.9,0.00029,0.00010667,2048,128808.27,1787804422.841
3043,15.196,0.000235,0.00010658,2048,134769.65,1787804422.856
3044,15.176,0.000614,0.0001065,2048,134949.92,1787804422.871
3045,15.21,0.000296,0.00010642,2048,134646.49,1787804422.887
3046,15.426,0.000441,0.00010633,2048,132765.45,1787804422.902
3047,17.358,0.000439,0.00010625,2048,117988.66,1787804422.92
3048,18.58,0.000319,0.00010617,2048,110227.24,1787804422.939
3049,15.592,0.000259,0.00010609,2048,131351.09,1787804422.954
3050,15.839,0.000409,0.00010601,2048,129299.46,1787804422.97
3051,15.409,0.000494,0.00010593,2048,132905.03,1787804422.986
3052,20.547,0.000676,0.00010585,2048,99671.98,1787804423.007
3053,16.077,0.00037,0.00010577,2048,127390.12,1787804423.023
3054,16.73,0.000551,0.00010569,2048,122415.56,1787804423.04
3055,15.393,0.000304,0.00010562,2048,133044.03,1787804423.055
3056,15.55,0.000442,0.00010554,2048,131705.87,1787804423.071
3057,15.234,0.000497,0.00010546,2048,134436.13,1787804423.087
3058,15.16,0.000428,0.00010539,2048,135093.24,1787804423.102
3059,21.641,0.000257,0.00010531,2048,94636.06,1787804423.124
3060,16.856,0.000238,0.00010524,2048,121496.16,1787804423.141
3061,15.061,0.000441,0.00010516,2048,135982.15,1787804423.156
3062,15.801,0.000233,0.00010509,2048,129609.59,1787804423.172
3063,15.816,0.000499,0.00010502,2048,129489.94,1787804423.188
3064,15.921,0.000559,0.00010494,2048,128635.94,1787804423.204
3065,18.934,0.000493,0.00010487,2048,108163.49,1787804423.223
3066,16.712,0.000337,0.0001048,2048,122548.14,1787804423.24
3067,16.186,0.000267,0.00010473,2048,126532.23,1787804423.256
3068,16.462,0.000667,0.00010466,2048,124406.22,1787804423.273
3069,16.665,0.000355,0.00010459,2048,122891.55,1787804423.29
3070,16.27,0.000406,0.00010452,2048,125872.75,1787804423.306
3071,18.687,0.000739,0.00010445,2048,109594.91,1787804423.325
3072,16.783,0.000694,0.00010438,2048,122028.24,1787804423.342
3073,18.005,0.000745,0.00010431,2048,113747.44,1787804423.36
3074,20.054,0.00042,0.00010424,2048,102122.74,1787804423.38
3075,20.463,0.001314,0.00010418,2048,100082.59,1787804423.401
3076,22.723,0.000543,0.00010411,2048,90128.15,1787804423.424
3077,17.294,0.000402,0.00010404,2048,118419.84,1787804423.441
3078,14.843,0.00035,0.00010398,2048,137980.29,1787804423.456
3079,16.394,0.00052,0.00010391,2048,124921.47,1787804423.473
3080,21.703,0.000442,0.00010385,2048,94365.7,1787804423.495
3081,16.259,0.000562,0.00010379,2048,125961.01,1787804423.511
3082,16.897,0.000479,0.00010372,2048,121207.82,1787804423.529
3083,16.898,0.000502,0.00010366,2048,121199.93,1787804423.546
3084,15.693,0.000671,0.0001036,2048,130504.88,1787804423.562
3085,15.811,0.000672,0.00010354,2048,129534.17,1787804423.577
3086,15.521,0.001142,0.00010347,2048,131949.41,1787804423.593
3087,16.719,0.000379,0.00010341,2048,122497.56,1787804423.61
3088,19.182,0.000563,0.00010335,2048,106766.2,1787804423.629
3089,22.114,0.000358,0.00010329,2048,92611.43,1787804423.652
3090,21.978,0.000299,0.00010324,2048,93185.79,1787804423.674
3091,15.844,0.00052,0.00010318,2048,129259.47,1787804423.69
3092,15.568,0.000358,0.00010312,2048,131549.37,1787804423.706
3093,15.75,0.000643,0.00010306,2048,130031.75,1787804423.722
3094,19.537,0.000583,0.000103,2048,104828.89,1787804423.742
3095,17.172,0.000407,0.00010295,2048,119266.7,1787804423.759
3096,16.092,0.00037,0.00010289,2048,127270.58,1787804423.775
3097,15.204,0.000565,0.00010284,2048,134701.39,1787804423.79
3098,15.018,0.000566,0.00010278,2048,136372.41,1787804423.806
3099,16.714,0.000658,0.00010273,2048,122530.54,1787804423.823
3100,18.96,0.000368,0.00010267,2048,108017.45,1787804423.842
3101,20.791,0.000581,0.00010262,2048,98502.74,1787804423.863
3102,15.768,0.000338,0.00010257,2048,129880.01,1787804423.879
3103,15.394,0.000368,0.00010252,2048,133041.44,1787804423.895
3104,15.428,0.00033,0.00010247,2048,132747.38,1787804423.91
3105,18.1,0.000388,0.00010241,2048,113146.05,1787804423.929
3106,16.72,0.000432,0.00010236,2048,122489.5,1787804423.946
3107,15.594,0.000529,0.00010231,2048,131332.56,1787804423.961
3108,22.874,0.000571,0.00010226,2048,89534.75,1787804423.984
3109,20.733,0.000822,0.00010222,2048,98781.63,1787804424.005
3110,21.081,0.000369,0.00010217,2048,97147.25,1787804424.027
3111,16.51,0.00052,0.00010212,2048,124045.28,1787804424.043
3112,15.277,0.000714,0.00010207,2048,134053.35,1787804424.059
3113,15.856,0.00061,0.00010202,2048,129160.83,1787804424.075
3114,14.818,0.000582,0.00010198,2048,138214.02,1787804424.09
3115,14.752,0.000649,0.00010193,2048,138829.57,1787804424.105
3116,15.719,0.000483,0.00010189,2048,130288.19,1787804424.12
3117,20.911,0.000439,0.00010184,2048,97939.82,1787804424.142
3118,17.211,0.000613,0.0001018,2048,118990.9,1787804424.159
3119,17.118,0.000501,0.00010176,2048,119640.84,1787804424.176
3120,16.498,0.000453,0.00010171,2048,124134.75,1787804424.193
3121,15.85,0.000702,0.00010167,2048,129209.73,1787804424.209
3122,15.388,0.000915,0.00010163,2048,133088.99,1787804424.224
3123,20.078,0.000399,0.00010159,2048,102001.18,1787804424.245
3124,15.851,0.000401,0.00010155,2048,129207.28,1787804424.261
3125,15.471,0.000703,0.00010151,2048,132376.7,1787804424.276
3126,15.403,0.000653,0.00010147,2048,132964.56,1787804424.292
3127,15.337,0.000812,0.00010143,2048,133534.16,1787804424.307
3128,18.116,0.00033,0.00010139,2048,113051.11,1787804424.326
3129,17.462,0.000691,0.00010135,2048,117285.93,1787804424.343
3130,17.243,0.000755,0.00010131,2048,118770.77,1787804424.361
3131,21.135,0.000521,0.00010127,2048,96902.71,1787804424.382
3132,28.919,0.000431,0.00010124,2048,70817.76,1787804424.411
3133,25.356,0.000397,0.0001012,2048,80771.11,1787804424.437
3134,15.688,0.000359,0.00010117,2048,130543.98,1787804424.453
3135,16.241,0.00058,0.00010113,2048,126103.72,1787804424.469
3136,15.771,0.000651,0.0001011,2048,129856.95,1787804424.485
3137,15.934,0.000471,0.00010106,2048,128530.19,1787804424.501
3138,21.825,0.000441,0.00010103,2048,93835.19,1787804424.523
3139,21.135,0.000336,0.000101,2048,96899.5,1787804424.544
3140,16.146,0.000715,0.00010096,2048,126840.99,1787804424.561
3141,16.043,0.0007,0.00010093,2048,127652.94,1787804424.577
3142,16.373,0.000388,0.0001009,2048,125086.27,1787804424.593
3143,16.095,0.000541,0.00010087,2048,127241.32,1787804424.61
3144,15.467,0.000359,0.00010084,2048,132412.65,1787804424.625
3145,19.047,0.000644,0.00010081,2048,107522.36,1787804424.645
3146,16.845,0.000652,0.00010078,2048,121580.55,1787804424.662
3147,15.375,0.000571,0.00010075,2048,133199.79,1787804424.677
3148,17.479,0.00037,0.00010072,2048,117168.5,1787804424.695
3149,15.802,0.000593,0.0001007,2048,129599.75,1787804424.711
3150,19.821,0.000736,0.00010067,2048,103325.8,1787804424.731
3151,17.315,0.000847,0.00010064,2048,118276.9,1787804424.748
3152,15.037,0.000318,0.00010062,2048,136194.66,1787804424.764
3153,15.106,0.000509,0.00010059,2048,135577.06,1787804424.779
3154,15.185,0.000479,0.00010057,2048,134867.27,1787804424.794
3155,15.427,0.000408,0.00010054,2048,132753.4,1787804424.81
3156,15.261,0.000869,0.00010052,2048,134196.52,1787804424.825
3157,16.405,0.000428,0.00010049,2048,124838.47,1787804424.842
3158,28.992,0.000511,0.00010047,2048,70639.93,1787804424.87
3159,19.336,0.000408,0.00010045,2048,105915.88,1787804424.891
3160,28.189,0.000401,0.00010043,2048,72652.45,1787804424.919
3161,16.515,0.000325,0.00010041,2048,124009.23,1787804424.935
3162,19.805,0.000409,0.00010039,2048,103409.27,1787804424.955
3163,16.033,0.000489,0.00010037,2048,127733.36,1787804424.971
3164,14.628,0.000408,0.00010035,2048,140004.51,1787804424.986
3165,14.938,0.00048,0.00010033,2048,137103.68,1787804425.001
3166,17.019,0.000308,0.00010031,2048,120333.27,1787804425.018
3167,22.711,0.000503,0.00010029,2048,90177.36,1787804425.041
3168,16.624,0.000531,0.00010027,2048,123196.86,1787804425.058
3169,15.488,0.000391,0.00010026,2048,132235.67,1787804425.074
3170,15.563,0.000709,0.00010024,2048,131596.7,1787804425.09
3171,14.794,0.00096,0.00010023,2048,138434.5,1787804425.105
3172,15.414,0.000367,0.00010021,2048,132864.5,1787804425.12
3173,16.837,0.000652,0.0001002,2048,121636.15,1787804425.137
3174,16.455,0.000478,0.00010018,2048,124456.87,1787804425.154
3175,16.187,0.000296,0.00010017,2048,126519.72,1787804425.17
3176,16.196,0.000662,0.00010015,2048,126448.63,1787804425.187
3177,15.398,0.000369,0.00010014,2048,133000.83,1787804425.202
3178,15.602,0.000369,0.00010013,2048,131263.54,1787804425.218
3179,18.275,0.000306,0.00010012,2048,112066.28,1787804425.236
3180,18.585,0.000297,0.00010011,2048,110199.36,1787804425.255
3181,16.15,0.000244,0.0001001,2048,126811.93,1787804425.272
3182,15.762,0.00051,0.00010009,2048,129935.22,1787804425.287
3183,21.754,0.000236,0.00010008,2048,94143.17,1787804425.309
3184,33.33,0.00049,0.00010007,2048,61447.07,1787804425.343
3185,23.631,0.000316,0.00010006,2048,86665.09,1787804425.366
3186,33.021,0.000505,0.00010005,2048,62021.89,1787804425.4
3187,18.677,0.000254,0.00010005,2048,109655.93,1787804425.419
3188,19.246,0.000412,0.00010004,2048,106413.93,1787804425.438
3189,17.117,0.000479,0.00010003,2048,119646.43,1787804425.455
3190,22.419,0.00048,0.00010003,2048,91349.05,1787804425.478
3191,22.975,0.000492,0.00010002,2048,89142.31,1787804425.501
3192,19.264,0.000503,0.00010002,2048,106311.19,1787804425.521
3193,22.15,0.000458,0.00010001,2048,92460.08,1787804425.543
3194,17.028,0.000644,0.00010001,2048,120275.32,1787804425.56
3195,25.045,0.000675,0.00010001,2048,81772.48,1787804425.585
3196,27.803,0.000305,0.0001,2048,73659.79,1787804425.613
3197,35.814,0.000286,0.0001,2048,57184.18,1787804425.649
3198,18.974,0.000314,0.0001,2048,107939.45,1787804425.669
3199,15.903,0.000264,0.0001,2048,128779.11,1787804425.685
3200,16.001,0.000296,0.0001,2048,127991.2,1787804425.701
