step,elapsed_ms,loss,lr,tokens,tokens_per_sec,timestamp
1,18.51,1.298808,3.13e-06,2048,110640.5,1787804196.935
2,16.323,1.252517,6.25e-06,2048,125464.83,1787804196.952
3,16.625,1.263447,9.37e-06,2048,123188.71,1787804196.969
4,17.417,1.241573,1.25e-05,2048,117589.64,1787804196.986
5,16.177,1.224597,1.563e-05,2048,126597.93,1787804197.003
6,15.234,1.237153,1.875e-05,2048,134437.89,1787804197.018
7,14.948,1.227951,2.187e-05,2048,137009.21,1787804197.033
8,16.275,1.312721,2.5e-05,2048,125835.63,1787804197.049
9,14.874,1.285609,2.813e-05,2048,137688.08,1787804197.064
10,15.602,1.22287,3.125e-05,2048,131264.38,1787804197.08
11,16.384,1.215817,3.438e-05,2048,125002.29,1787804197.097
12,15.571,1.274354,3.75e-05,2048,131529.09,1787804197.113
13,16.932,1.255382,4.063e-05,2048,120955.84,1787804197.13
14,16.637,1.19786,4.375e-05,2048,123098.38,1787804197.146
15,15.451,1.297485,4.688e-05,2048,132549.77,1787804197.162
16,25.158,1.278126,5e-05,2048,81406.16,1787804197.187
17,17.232,1.256697,5.312e-05,2048,118845.89,1787804197.205
18,16.254,1.259054,5.625e-05,2048,125996.65,1787804197.221
19,18.941,1.193526,5.937e-05,2048,108122.95,1787804197.24
20,15.155,1.210663,6.25e-05,2048,135136.92,1787804197.256
21,16.961,1.187783,6.563e-05,2048,120745.46,1787804197.273
22,17.738,1.228677,6.875e-05,2048,115457.69,1787804197.291
23,15.194,1.240125,7.187e-05,2048,134786.5,1787804197.306
24,23.202,1.192941,7.5e-05,2048,88266.73,1787804197.33
25,22.196,1.098753,7.813e-05,2048,92267.63,1787804197.352
26,32.123,1.210321,8.125e-05,2048,63755.34,1787804197.384
27,15.107,1.206504,8.438e-05,2048,135565.4,1787804197.4
28,16.479,1.106824,8.75e-05,2048,124281.65,1787804197.416
29,15.44,1.177938,9.062e-05,2048,132639.91,1787804197.432
30,15.042,1.144395,9.375e-05,2048,136155.73,1787804197.447
31,15.825,1.288135,9.688e-05,2048,129418.75,1787804197.463
32,16.181,0.999369,0.0001,2048,126567.42,1787804197.479
33,17.717,1.194647,0.00010312,2048,115596.5,1787804197.497
34,29.268,1.123894,0.00010625,2048,69972.84,1787804197.527
35,28.386,1.090878,0.00010938,2048,72146.97,1787804197.555
36,28.925,1.070346,0.0001125,2048,70803.31,1787804197.584
37,15.062,0.999462,0.00011563,2048,135966.81,1787804197.6
38,14.718,0.961576,0.00011875,2048,139154.07,1787804197.615
39,14.433,0.999171,0.00012187,2048,141896.06,1787804197.629
40,15.272,1.268407,0.000125,2048,134105.14,1787804197.645
41,24.78,1.046827,0.00012812,2048,82645.96,1787804197.67
42,20.364,0.949773,0.00013125,2048,100570.13,1787804197.69
43,16.019,1.142072,0.00013438,2048,127844.99,1787804197.706
44,14.908,0.792422,0.0001375,2048,137374.98,1787804197.721
45,14.979,1.035136,0.00014063,2048,136723.84,1787804197.736
46,20.332,0.904673,0.00014375,2048,100729.4,1787804197.757
47,21.029,1.189495,0.00014688,2048,97388.86,1787804197.778
48,19.324,1.05294,0.00015,2048,105983.84,1787804197.798
49,15.244,0.911137,0.00015313,2048,134346.18,1787804197.813
50,15.488,1.021248,0.00015625,2048,132228.84,1787804197.829
51,15.283,1.041203,0.00015937,2048,134008.61,1787804197.844
52,14.906,1.023944,0.0001625,2048,137397.1,1787804197.859
53,14.921,0.818957,0.00016563,2048,137258.98,1787804197.874
54,16.464,0.768307,0.00016875,2048,124394.88,1787804197.89
55,16.619,0.84722,0.00017187,2048,123232.44,1787804197.907
56,15.878,1.012923,0.000175,2048,128982.69,1787804197.923
57,17.068,0.862278,0.00017813,2048,119989.22,1787804197.941
58,15.034,0.857629,0.00018125,2048,136222.75,1787804197.956
59,14.768,0.968606,0.00018438,2048,138675.41,1787804197.971
60,15.931,0.676883,0.0001875,2048,128555.2,1787804197.987
61,17.192,0.738437,0.00019062,2048,119122.4,1787804198.005
62,16.621,0.636262,0.00019375,2048,123216.87,1787804198.022
63,18.398,0.711204,0.00019688,2048,111317.05,1787804198.04
64,19.182,0.641498,0.0002,2048,106768.43,1787804198.06
65,29.728,0.683881,0.00020313,2048,68891.28,1787804198.089
66,21.211,0.58952,0.00020625,2048,96551.85,1787804198.11
67,30.088,0.576412,0.00020938,2048,68066.32,1787804198.141
68,16.829,0.590883,0.0002125,2048,121694.69,1787804198.158
69,15.667,0.559863,0.00021563,2048,130720.62,1787804198.173
70,15.663,0.615395,0.00021875,2048,130752.34,1787804198.189
71,16.972,0.562428,0.00022187,2048,120667.92,1787804198.206
72,16.198,0.54061,0.000225,2048,126436.92,1787804198.223
73,15.61,0.556595,0.00022813,2048,131197.11,1787804198.239
74,15.127,0.477498,0.00023125,2048,135386.16,1787804198.254
75,15.245,0.456262,0.00023437,2048,134342.65,1787804198.27
76,16.056,0.412516,0.0002375,2048,127555.95,1787804198.286
77,20.434,0.385687,0.00024063,2048,100225.12,1787804198.307
78,15.306,0.480281,0.00024375,2048,133808.11,1787804198.322
79,15.278,0.484974,0.00024688,2048,134046.33,1787804198.338
80,16.198,0.454185,0.00025,2048,126437.7,1787804198.354
81,18.046,0.451603,0.00025312,2048,113485.24,1787804198.372
82,15.27,0.396844,0.00025625,2048,134118.31,1787804198.388
83,19.072,0.440786,0.00025938,2048,107385.37,1787804198.407
84,21.726,0.453497,0.0002625,2048,94263.2,1787804198.429
85,45.605,0.362484,0.00026563,2048,44907.06,1787804198.475
86,39.409,0.347778,0.00026875,2048,51968.09,1787804198.515
87,14.952,0.336834,0.00027187,2048,136972.56,1787804198.53
88,16.395,0.451249,0.000275,2048,124913.85,1787804198.547
89,19.695,0.410207,0.00027812,2048,103985.26,1787804198.566
90,17.601,0.522491,0.00028125,2048,116358.35,1787804198.584
91,17.869,0.426444,0.00028438,2048,114610.61,1787804198.602
92,17.538,0.531188,0.0002875,2048,116773.67,1787804198.62
93,20.39,0.628772,0.00029063,2048,100443.36,1787804198.641
94,16.766,0.453768,0.00029375,2048,122153.43,1787804198.658
95,17.593,0.515237,0.00029687,2048,116409.27,1787804198.675
96,21.029,0.497086,0.0003,2048,97388.39,1787804198.697
97,16.454,0.387288,0.00030313,2048,124470.48,1787804198.713
98,26.552,0.320057,0.00030625,2048,77131.38,1787804198.739
99,31.515,0.323307,0.00030938,2048,64984.72,1787804198.771
100,17.836,0.365193,0.0003125,2048,114822.02,1787804198.789
101,19.783,0.274066,0.00031562,2048,103524.27,1787804198.809
102,14.807,0.279068,0.00031875,2048,138309.22,1787804198.824
103,15.148,0.278101,0.00032188,2048,135195.8,1787804198.839
104,15.201,0.296354,0.000325,2048,134730.64,1787804198.855
105,21.57,0.296468,0.00032813,2048,94944.92,1787804198.876
106,24.068,0.280465,0.00033125,2048,85092.24,1787804198.901
107,20.933,0.284316,0.00033437,2048,97834.08,1787804198.922
108,15.617,0.25897,0.0003375,2048,131135.78,1787804198.938
109,21.534,0.270091,0.00034062,2048,95103.65,1787804198.96
110,15.623,0.246435,0.00034375,2048,131084.58,1787804198.976
111,18.036,0.248985,0.00034688,2048,113548.16,1787804198.994
112,17.087,0.232683,0.00035,2048,119855.1,1787804199.011
113,15.944,0.232402,0.00035313,2048,128452.8,1787804199.028
114,15.598,0.242845,0.00035625,2048,131300.57,1787804199.043
115,15.629,0.276246,0.00035937,2048,131041.81,1787804199.059
116,15.524,0.264017,0.0003625,2048,131923.06,1787804199.075
117,15.916,0.224169,0.00036563,2048,128675.55,1787804199.091
118,22.281,0.211112,0.00036875,2048,91916.88,1787804199.114
119,19.348,0.208096,0.00037188,2048,105848.55,1787804199.133
120,15.7,0.196027,0.000375,2048,130445.03,1787804199.148
121,16.29,0.192494,0.00037812,2048,125721.3,1787804199.165
122,17.605,0.213979,0.00038125,2048,116329.93,1787804199.183
123,21.036,0.208815,0.00038438,2048,97358.76,1787804199.204
124,16.452,0.217078,0.0003875,2048,124480.32,1787804199.221
125,16.391,0.172012,0.00039063,2048,124945.85,1787804199.237
126,16.403,0.183097,0.00039375,2048,124857.49,1787804199.254
127,15.323,0.160446,0.00039687,2048,133653.54,1787804199.269
128,15.444,0.171001,0.0004,2048,132610.71,1787804199.286
129,16.504,0.256168,0.00040313,2048,124089.63,1787804199.302
130,17.012,0.234901,0.00040625,2048,120387.03,1787804199.319
131,17.237,0.186446,0.00040938,2048,118812.11,1787804199.337
132,17.987,0.203289,0.0004125,2048,113861.91,1787804199.355
133,18.888,0.149113,0.00041563,2048,108428.06,1787804199.374
134,16.755,0.172845,0.00041875,2048,122232.9,1787804199.391
135,22.917,0.212589,0.00042187,2048,89364.8,1787804199.414
136,16.865,0.550322,0.000425,2048,121437.08,1787804199.431
137,17.473,0.221167,0.00042813,2048,117212.09,1787804199.449
138,15.624,0.169074,0.00043125,2048,131082.07,1787804199.465
139,17.185,0.163459,0.00043438,2048,119175.08,1787804199.482
140,16.224,0.242955,0.0004375,2048,126236.63,1787804199.499
141,15.666,0.156393,0.00044062,2048,130728.97,1787804199.515
142,15.706,0.143754,0.00044375,2048,130399.35,1787804199.531
143,22.189,0.139767,0.00044688,2048,92299.23,1787804199.553
144,16.544,0.139858,0.00045,2048,123788.86,1787804199.57
145,18.139,0.140029,0.00045313,2048,112907.14,1787804199.588
146,15.704,0.120589,0.00045625,2048,130410.14,1787804199.604
147,17.281,0.241413,0.00045937,2048,118515.09,1787804199.622
148,15.125,0.117744,0.0004625,2048,135409.43,1787804199.637
149,15.592,0.184034,0.00046563,2048,131349.41,1787804199.653
150,17.179,0.2262,0.00046875,2048,119218.1,1787804199.67
151,15.889,0.697444,0.00047188,2048,128890.96,1787804199.686
152,15.477,0.23068,0.000475,2048,132324.53,1787804199.702
153,16.63,0.222532,0.00047813,2048,123147.23,1787804199.719
154,16.137,0.238954,0.00048125,2048,126910.16,1787804199.735
155,15.947,0.172128,0.00048437,2048,128424.6,1787804199.751
156,15.359,0.170858,0.0004875,2048,133338.54,1787804199.767
157,15.809,0.1962,0.00049062,2048,129546.46,1787804199.783
158,15.636,0.39376,0.00049375,2048,130983.14,1787804199.798
159,21.684,0.17185,0.00049688,2048,94447.95,1787804199.82
160,16.359,0.139048,0.0005,2048,125191.03,1787804199.837
161,17.834,0.151431,0.00050313,2048,114833.61,1787804199.855
162,16.799,0.114329,0.00050625,2048,121909.84,1787804199.871
163,17.018,0.138609,0.00050938,2048,120340.34,1787804199.889
164,16.118,0.152973,0.0005125,2048,127058.97,1787804199.905
165,17.65,0.14497,0.00051563,2048,116033.34,1787804199.924
166,21.193,0.157027,0.00051875,2048,96633.86,1787804199.945
167,15.422,3.476306,0.00052187,2048,132799.89,1787804199.96
168,18.132,0.22834,0.000525,2048,112946.99,1787804199.978
169,16.783,0.151204,0.00052812,2048,122027.52,1787804199.996
170,16.432,0.12722,0.00053125,2048,124633.34,1787804200.012
171,16.022,0.128916,0.00053438,2048,127822.65,1787804200.028
172,16.511,0.230715,0.0005375,2048,124040.02,1787804200.045
173,17.791,0.335465,0.00054062,2048,115114.38,1787804200.063
174,16.362,0.15355,0.00054375,2048,125169.6,1787804200.08
175,15.465,0.148351,0.00054688,2048,132429.78,1787804200.095
176,19.798,0.116655,0.00055,2048,103446.36,1787804200.115
177,18.621,0.12952,0.00055313,2048,109982.76,1787804200.134
178,16.896,2.218564,0.00055625,2048,121209.97,1787804200.151
179,16.628,0.182914,0.00055937,2048,123164.26,1787804200.168
180,16.698,0.226755,0.0005625,2048,122650.89,1787804200.185
181,16.575,0.171863,0.00056563,2048,123560.32,1787804200.202
182,16.473,0.111265,0.00056875,2048,124324.65,1787804200.218
183,16.578,0.135455,0.00057188,2048,123540.2,1787804200.235
184,15.46,0.1583,0.000575,2048,132473.46,1787804200.25
185,15.899,0.142508,0.00057812,2048,128809.08,1787804200.266
186,16.947,0.134437,0.00058125,2048,120848.77,1787804200.283
187,16.508,0.115281,0.00058438,2048,124062.56,1787804200.3
188,16.125,0.128494,0.0005875,2048,127006.96,1787804200.316
189,26.556,0.114823,0.00059063,2048,77119.76,1787804200.343
190,17.594,0.14186,0.00059375,2048,116402.0,1787804200.361
191,21.292,0.116672,0.00059688,2048,96187.72,1787804200.383
192,15.972,0.114182,0.0006,2048,128226.8,1787804200.399
193,18.528,0.096465,0.00060313,2048,110536.6,1787804200.418
194,17.646,0.230962,0.00060625,2048,116059.64,1787804200.436
195,18.145,0.120235,0.00060937,2048,112869.18,1787804200.454
196,17.505,0.095381,0.0006125,2048,116997.82,1787804200.472
197,19.415,0.298773,0.00061562,2048,105484.36,1787804200.491
198,20.284,0.117387,0.00061875,2048,100964.79,1787804200.511
199,20.083,0.092124,0.00062187,2048,101974.26,1787804200.532
200,33.811,0.108276,0.000625,2048,60572.18,1787804200.566
201,18.103,0.163301,0.00062813,2048,113129.8,1787804200.585
202,19.032,0.086872,0.00063125,2048,107610.5,1787804200.604
203,19.826,0.125273,0.00063438,2048,103297.66,1787804200.624
204,20.501,0.092909,0.0006375,2048,99897.57,1787804200.645
205,52.125,0.090829,0.00064063,2048,39290.39,1787804200.697
206,22.377,0.085146,0.00064375,2048,91522.95,1787804200.72
207,34.027,0.058774,0.00064687,2048,60187.68,1787804200.754
208,21.102,1.280506,0.00065,2048,97053.79,1787804200.776
209,27.619,0.07505,0.00065312,2048,74152.12,1787804200.804
210,21.797,0.103552,0.00065625,2048,93956.59,1787804200.827
211,20.385,0.084783,0.00065938,2048,100467.01,1787804200.847
212,28.546,0.062702,0.0006625,2048,71745.11,1787804200.876
213,17.544,0.054223,0.00066562,2048,116733.73,1787804200.894
214,16.333,0.067094,0.00066875,2048,125391.08,1787804200.911
215,16.057,0.362808,0.00067188,2048,127543.24,1787804200.927
216,15.571,0.082103,0.000675,2048,131526.56,1787804200.943
217,15.738,3.370612,0.00067813,2048,130130.89,1787804200.959
218,15.677,2.402846,0.00068125,2048,130637.24,1787804200.975
219,15.886,1.154098,0.00068437,2048,128918.54,1787804200.991
220,16.777,2.930461,0.0006875,2048,122071.16,1787804201.008
221,16.321,4.285849,0.00069063,2048,125484.81,1787804201.024
222,19.106,3.941437,0.00069375,2048,107193.14,1787804201.043
223,15.363,1.621792,0.00069688,2048,133304.69,1787804201.059
224,15.99,1.953139,0.0007,2048,128077.65,1787804201.075
225,15.971,0.32492,0.00070312,2048,128228.41,1787804201.091
226,15.343,1.045369,0.00070625,2048,133483.68,1787804201.106
227,16.574,1.920371,0.00070938,2048,123564.05,1787804201.123
228,16.791,1.487102,0.0007125,2048,121972.28,1787804201.14
229,15.884,1.393335,0.00071563,2048,128936.4,1787804201.156
230,15.296,0.129582,0.00071875,2048,133890.34,1787804201.171
231,15.435,1.402388,0.00072188,2048,132683.74,1787804201.187
232,15.593,0.400587,0.000725,2048,131344.36,1787804201.203
233,16.57,0.602192,0.00072813,2048,123599.1,1787804201.22
234,16.29,0.300317,0.00073125,2048,125718.21,1787804201.236
235,16.109,0.119802,0.00073438,2048,127136.27,1787804201.252
236,14.872,0.089116,0.0007375,2048,137712.15,1787804201.267
237,14.832,0.345715,0.00074062,2048,138077.97,1787804201.282
238,14.494,1.851101,0.00074375,2048,141297.9,1787804201.297
239,15.004,0.211983,0.00074687,2048,136496.03,1787804201.312
240,15.448,0.297851,0.00075,2048,132578.09,1787804201.328
241,16.957,0.179539,0.00075313,2048,120773.23,1787804201.345
242,16.052,0.185073,0.00075625,2048,127584.55,1787804201.361
243,19.548,0.158036,0.00075938,2048,104766.68,1787804201.381
244,16.972,0.108527,0.0007625,2048,120670.76,1787804201.398
245,19.538,0.097197,0.00076563,2048,104822.98,1787804201.418
246,16.497,0.105311,0.00076875,2048,124147.55,1787804201.434
247,16.297,0.0999,0.00077187,2048,125669.61,1787804201.451
248,15.418,0.118694,0.000775,2048,132828.31,1787804201.467
249,15.546,0.140765,0.00077812,2048,131734.68,1787804201.482
250,16.241,0.10013,0.00078125,2048,126102.16,1787804201.499
251,16.207,0.070264,0.00078438,2048,126368.27,1787804201.515
252,18.729,0.059364,0.0007875,2048,109350.31,1787804201.534
253,28.92,0.080624,0.00079062,2048,70816.53,1787804201.563
254,17.638,0.080742,0.00079375,2048,116110.3,1787804201.581
255,15.343,0.048092,0.00079688,2048,133481.94,1787804201.597
256,15.887,0.329186,0.0008,2048,128913.68,1787804201.613
257,16.655,0.110246,0.00080313,2048,122968.29,1787804201.629
258,15.44,0.105643,0.00080625,2048,132644.21,1787804201.645
259,15.024,0.150522,0.00080937,2048,136312.51,1787804201.66
260,15.744,0.119734,0.0008125,2048,130078.0,1787804201.676
261,15.148,0.052775,0.00081563,2048,135195.8,1787804201.691
262,15.237,0.075374,0.00081875,2048,134411.43,1787804201.707
263,17.539,0.14187,0.00082188,2048,116768.34,1787804201.725
264,20.871,0.056866,0.000825,2048,98126.59,1787804201.746
265,16.502,2.245758,0.00082812,2048,124107.67,1787804201.762
266,18.933,0.057141,0.00083125,2048,108171.49,1787804201.782
267,14.767,0.07534,0.00083438,2048,138686.68,1787804201.797
268,14.558,0.077324,0.0008375,2048,140677.7,1787804201.811
269,16.543,0.068164,0.00084063,2048,123801.58,1787804201.828
270,17.512,0.058912,0.00084375,2048,116947.04,1787804201.846
271,16.359,0.034934,0.00084688,2048,125194.09,1787804201.862
272,16.42,0.035554,0.00085,2048,124724.42,1787804201.879
273,15.192,0.051916,0.00085313,2048,134803.36,1787804201.894
274,14.743,0.038563,0.00085625,2048,138914.33,1787804201.909
275,15.914,0.027441,0.00085938,2048,128694.14,1787804201.925
276,15.256,0.027015,0.0008625,2048,134244.03,1787804201.941
277,15.046,0.040118,0.00086562,2048,136113.2,1787804201.955
278,14.943,0.837181,0.00086875,2048,137049.55,1787804201.97
279,14.725,0.058754,0.00087187,2048,139083.19,1787804201.985
280,14.469,0.108428,0.000875,2048,141544.97,1787804202.0
281,15.499,2.537452,0.00087813,2048,132134.15,1787804202.016
282,16.961,0.042849,0.00088125,2048,120749.02,1787804202.033
283,26.442,4.23116,0.00088438,2048,77453.12,1787804202.06
284,23.876,1.60765,0.0008875,2048,85776.87,1787804202.084
285,15.865,2.595579,0.00089063,2048,129090.82,1787804202.1
286,15.748,4.068314,0.00089375,2048,130045.78,1787804202.116
287,17.341,1.697386,0.00089687,2048,118100.25,1787804202.133
288,17.695,0.262305,0.0009,2048,115740.87,1787804202.151
289,15.15,0.246282,0.00090312,2048,135177.06,1787804202.166
290,15.37,0.140675,0.00090625,2048,133243.98,1787804202.182
291,14.763,0.134573,0.00090938,2048,138728.95,1787804202.197
292,15.913,1.602327,0.0009125,2048,128702.23,1787804202.213
293,15.989,0.502333,0.00091562,2048,128088.86,1787804202.229
294,15.933,0.116376,0.00091875,2048,128535.03,1787804202.245
295,16.105,0.117806,0.00092188,2048,127168.63,1787804202.261
296,15.864,0.218338,0.000925,2048,129094.07,1787804202.277
297,15.587,0.067668,0.00092813,2048,131388.17,1787804202.293
298,15.796,0.08408,0.00093125,2048,129655.54,1787804202.309
299,15.786,0.074358,0.00093437,2048,129738.5,1787804202.325
300,16.487,0.053881,0.0009375,2048,124218.33,1787804202.342
301,15.206,0.046922,0.00094063,2048,134687.22,1787804202.357
302,18.193,0.048167,0.00094375,2048,112569.53,1787804202.375
303,27.56,0.043418,0.00094688,2048,74311.67,1787804202.403
304,24.513,0.064617,0.00095,2048,83546.48,1787804202.428
305,26.907,4.899102,0.00095312,2048,76113.46,1787804202.455
306,24.904,0.116016,0.00095625,2048,82236.45,1787804202.48
307,28.455,0.298474,0.00095938,2048,71973.8,1787804202.509
308,24.633,0.081104,0.0009625,2048,83140.5,1787804202.534
309,18.02,0.045035,0.00096563,2048,113651.5,1787804202.552
310,16.03,0.060641,0.00096875,2048,127757.26,1787804202.568
311,20.706,0.04964,0.00097188,2048,98907.1,1787804202.589
312,14.965,8.187907,0.000975,2048,136856.31,1787804202.604
313,16.26,0.156225,0.00097813,2048,125956.36,1787804202.62
314,17.504,1.466781,0.00098125,2048,116999.15,1787804202.638
315,16.793,0.090387,0.00098438,2048,121956.3,1787804202.655
316,15.262,0.048177,0.0009875,2048,134191.25,1787804202.67
317,15.503,0.032866,0.00099062,2048,132102.61,1787804202.686
318,15.646,1.374507,0.00099375,2048,130893.57,1787804202.702
319,15.212,0.160444,0.00099687,2048,134627.9,1787804202.717
320,16.508,0.068367,0.001,2048,124062.56,1787804202.734
321,15.269,0.05915,0.001,2048,134126.21,1787804202.749
322,16.065,0.053294,0.001,2048,127480.52,1787804202.765
323,15.167,0.065001,0.001,2048,135030.0,1787804202.781
324,16.662,0.889045,0.001,2048,122913.68,1787804202.798
325,15.793,0.054458,0.00099999,2048,129676.06,1787804202.814
326,20.459,0.045131,0.00099999,2048,100100.69,1787804202.834
327,17.916,0.05327,0.00099999,2048,114308.04,1787804202.853
328,15.677,0.051727,0.00099998,2048,130640.57,1787804202.868
329,15.768,0.02158,0.00099998,2048,129880.01,1787804202.884
330,15.966,0.086248,0.00099997,2048,128270.97,1787804202.9
331,15.47,0.040397,0.00099997,2048,132385.26,1787804202.916
332,14.898,0.122551,0.00099996,2048,137466.27,1787804202.931
333,15.681,0.055537,0.00099995,2048,130606.41,1787804202.947
334,15.011,0.049645,0.00099995,2048,136430.56,1787804202.962
335,14.934,0.049542,0.00099994,2048,137135.82,1787804202.977
336,15.011,0.191467,0.00099993,2048,136429.65,1787804202.992
337,22.048,2.792041,0.00099992,2048,92889.09,1787804203.015
338,16.012,0.086134,0.00099991,2048,127902.47,1787804203.031
339,19.723,0.075725,0.0009999,2048,103836.58,1787804203.051
340,15.561,0.045986,0.00099989,2048,131608.54,1787804203.066
341,16.036,0.11662,0.00099988,2048,127709.46,1787804203.083
342,16.028,0.02547,0.00099987,2048,127774.0,1787804203.1
343,17.318,0.137436,0.00099986,2048,118260.51,1787804203.117
344,20.361,0.064842,0.00099985,2048,100586.43,1787804203.138
345,19.089,0.049148,0.00099983,2048,107286.36,1787804203.157
346,30.186,0.034551,0.00099982,2048,67845.12,1787804203.188
347,26.249,0.067806,0.0009998,2048,78022.02,1787804203.214
348,16.631,0.066252,0.00099979,2048,123143.53,1787804203.231
349,28.75,0.114137,0.00099977,2048,71236.02,1787804203.26
350,19.232,0.052533,0.00099976,2048,106487.52,1787804203.279
351,25.471,0.027299,0.00099974,2048,80406.43,1787804203.305
352,28.951,0.040157,0.00099973,2048,70741.44,1787804203.334
353,17.444,0.09687,0.00099971,2048,117405.61,1787804203.352
354,17.12,0.129651,0.00099969,2048,119629.66,1787804203.369
355,16.911,0.05649,0.00099967,2048,121106.75,1787804203.386
356,16.084,0.036331,0.00099965,2048,127328.34,1787804203.402
357,16.785,0.057411,0.00099963,2048,122014.43,1787804203.419
358,15.793,0.032071,0.00099961,2048,129680.99,1787804203.435
359,17.092,0.037412,0.00099959,2048,119822.84,1787804203.453
360,23.136,0.045797,0.00099957,2048,88519.67,1787804203.476
361,15.196,0.048819,0.00099955,2048,134769.65,1787804203.491
362,15.155,0.431437,0.00099953,2048,135134.24,1787804203.507
363,15.013,0.039459,0.00099951,2048,136413.29,1787804203.522
364,15.505,0.048888,0.00099948,2048,132083.87,1787804203.537
365,15.077,0.036996,0.00099946,2048,135838.74,1787804203.553
366,14.344,0.048737,0.00099943,2048,142775.48,1787804203.567
367,15.069,0.039171,0.00099941,2048,135905.45,1787804203.582
368,14.913,0.034011,0.00099938,2048,137330.77,1787804203.597
369,14.76,0.034082,0.00099936,2048,138749.63,1787804203.612
370,14.664,0.045692,0.00099933,2048,139666.52,1787804203.627
371,15.618,0.038273,0.0009993,2048,131130.75,1787804203.643
372,20.36,0.017976,0.00099928,2048,100587.41,1787804203.663
373,19.209,0.022599,0.00099925,2048,106616.69,1787804203.683
374,32.311,0.026076,0.00099922,2048,63384.97,1787804203.715
375,20.267,2.59858,0.00099919,2048,101053.46,1787804203.735
376,16.611,0.034813,0.00099916,2048,123294.02,1787804203.752
377,14.722,0.104787,0.00099913,2048,139108.7,1787804203.767
378,15.013,0.028453,0.0009991,2048,136413.29,1787804203.782
379,15.757,0.022406,0.00099907,2048,129975.63,1787804203.799
380,15.205,0.01768,0.00099904,2048,134695.19,1787804203.814
381,16.176,0.015469,0.000999,2048,126604.97,1787804203.831
382,16.41,0.019793,0.00099897,2048,124800.43,1787804203.847
383,21.799,0.014926,0.00099894,2048,93948.4,1787804203.869
384,17.853,0.014313,0.0009989,2048,114714.61,1787804203.887
385,18.47,0.019222,0.00099887,2048,110880.11,1787804203.906
386,16.4,0.083606,0.00099883,2048,124875.0,1787804203.922
387,15.15,0.022046,0.0009988,2048,135177.95,1787804203.938
388,24.44,0.019312,0.00099876,2048,83798.08,1787804203.962
389,16.054,0.014875,0.00099873,2048,127572.63,1787804203.979
390,15.392,0.012854,0.00099869,2048,133053.54,1787804203.994
391,15.564,0.014183,0.00099865,2048,131582.33,1787804204.01
392,16.037,0.014456,0.00099861,2048,127701.5,1787804204.026
393,22.411,0.016357,0.00099857,2048,91383.29,1787804204.049
394,16.175,0.013097,0.00099853,2048,126614.36,1787804204.065
395,15.59,0.032583,0.00099849,2048,131363.73,1787804204.081
396,15.033,0.015493,0.00099845,2048,136230.9,1787804204.096
397,14.797,0.049747,0.00099841,2048,138403.63,1787804204.111
398,14.539,0.013419,0.00099837,2048,140862.51,1787804204.125
399,15.769,0.011544,0.00099833,2048,129878.37,1787804204.141
400,15.609,0.0139,0.00099829,2048,131204.67,1787804204.157
401,14.836,0.015151,0.00099824,2048,138047.25,1787804204.172
402,15.292,0.015987,0.0009982,2048,133930.61,1787804204.187
403,17.576,0.014111,0.00099816,2048,116525.18,1787804204.205
404,15.839,0.01032,0.00099811,2048,129297.83,1787804204.221
405,21.835,0.010483,0.00099807,2048,93793.94,1787804204.243
406,17.021,0.010293,0.00099802,2048,120321.25,1787804204.26
407,16.069,0.009553,0.00099798,2048,127451.96,1787804204.277
408,15.604,1.77375,0.00099793,2048,131248.4,1787804204.292
409,15.733,0.012613,0.00099788,2048,130169.77,1787804204.308
410,15.793,0.009036,0.00099783,2048,129680.17,1787804204.324
411,17.499,0.010534,0.00099778,2048,117036.6,1787804204.342
412,16.279,0.013969,0.00099774,2048,125807.03,1787804204.358
413,18.191,0.017115,0.00099769,2048,112580.67,1787804204.377
414,22.939,0.011409,0.00099764,2048,89281.43,1787804204.4
415,20.888,0.008994,0.00099759,2048,98047.66,1787804204.421
416,16.99,0.00962,0.00099753,2048,120538.66,1787804204.438
417,18.893,0.015435,0.00099748,2048,108397.64,1787804204.457
418,17.15,0.011684,0.00099743,2048,119413.43,1787804204.475
419,26.229,0.021771,0.00099738,2048,78080.02,1787804204.501
420,27.446,0.01324,0.00099733,2048,74619.52,1787804204.529
421,30.78,0.02385,0.00099727,2048,66536.93,1787804204.559
422,24.933,0.013275,0.00099722,2048,82140.79,1787804204.585
423,27.194,0.011357,0.00099716,2048,75309.9,1787804204.612
424,15.409,0.027357,0.00099711,2048,132908.48,1787804204.628
425,20.219,0.012063,0.00099705,2048,101291.87,1787804204.648
426,22.329,0.011662,0.000997,2048,91719.7,1787804204.671
427,16.664,0.011561,0.00099694,2048,122903.35,1787804204.687
428,18.0,0.010256,0.00099688,2048,113780.31,1787804204.706
429,23.391,0.01715,0.00099682,2048,87554.67,1787804204.729
430,18.746,0.011997,0.00099676,2048,109250.56,1787804204.748
431,18.532,0.011276,0.00099671,2048,110510.35,1787804204.767
432,16.829,0.014214,0.00099665,2048,121691.08,1787804204.784
433,17.297,0.013239,0.00099659,2048,118404.09,1787804204.801
434,17.707,0.009008,0.00099653,2048,115663.09,1787804204.819
435,16.766,0.012075,0.00099646,2048,122154.89,1787804204.836
436,18.445,0.010258,0.0009964,2048,111035.21,1787804204.855
437,17.661,0.010574,0.00099634,2048,115961.07,1787804204.872
438,17.729,0.009303,0.00099628,2048,115516.95,1787804204.891
439,18.2,0.010252,0.00099621,2048,112529.95,1787804204.909
440,17.225,0.009357,0.00099615,2048,118893.5,1787804204.927
441,20.054,0.010947,0.00099609,2048,102124.26,1787804204.947
442,22.654,0.010382,0.00099602,2048,90405.46,1787804204.97
443,22.248,0.006627,0.00099596,2048,92054.87,1787804204.993
444,18.054,0.005987,0.00099589,2048,113434.95,1787804205.011
445,17.211,0.008652,0.00099582,2048,118993.67,1787804205.028
446,16.98,0.008571,0.00099576,2048,120609.64,1787804205.045
447,16.397,0.004988,0.00099569,2048,124904.7,1787804205.062
448,14.958,0.005267,0.00099562,2048,136913.04,1787804205.077
449,14.532,0.005857,0.00099555,2048,140935.21,1787804205.092
450,15.276,0.005615,0.00099548,2048,134063.88,1787804205.107
451,18.653,0.006862,0.00099541,2048,109796.44,1787804205.126
452,15.143,0.005628,0.00099534,2048,135244.9,1787804205.141
453,27.116,0.004538,0.00099527,2048,75527.36,1787804205.169
454,15.453,0.004473,0.0009952,2048,132526.61,1787804205.184
455,15.175,0.005236,0.00099513,2048,134961.48,1787804205.2
456,15.397,0.003758,0.00099506,2048,133010.33,1787804205.215
457,15.474,0.004584,0.00099498,2048,132352.75,1787804205.231
458,19.56,0.003815,0.00099491,2048,104705.62,1787804205.25
459,18.645,0.00469,0.00099484,2048,109840.6,1787804205.269
460,15.747,0.004329,0.00099476,2048,130054.04,1787804205.285
461,15.76,0.006466,0.00099469,2048,129950.89,1787804205.301
462,15.914,0.004949,0.00099461,2048,128691.72,1787804205.317
463,28.696,0.004759,0.00099454,2048,71368.58,1787804205.346
464,18.37,0.004275,0.00099446,2048,111484.3,1787804205.365
465,24.396,0.003744,0.00099438,2048,83948.88,1787804205.389
466,25.068,0.004465,0.00099431,2048,81696.8,1787804205.414
467,26.023,0.00451,0.00099423,2048,78701.12,1787804205.441
468,15.473,0.004276,0.00099415,2048,132357.03,1787804205.456
469,19.341,0.004629,0.00099407,2048,105890.69,1787804205.476
470,16.646,0.00374,0.00099399,2048,123031.82,1787804205.493
471,16.717,0.004096,0.00099391,2048,122509.29,1787804205.51
472,17.564,0.005119,0.00099383,2048,116604.8,1787804205.527
473,16.544,0.004823,0.00099375,2048,123790.35,1787804205.544
474,19.122,0.004721,0.00099367,2048,107101.21,1787804205.563
475,17.693,0.004228,0.00099358,2048,115754.61,1787804205.581
476,16.957,0.004649,0.0009935,2048,120776.79,1787804205.598
477,16.608,0.004072,0.00099342,2048,123314.81,1787804205.615
478,15.681,0.006313,0.00099333,2048,130603.08,1787804205.631
479,16.993,0.004119,0.00099325,2048,120522.34,1787804205.648
480,16.634,0.004936,0.00099316,2048,123122.8,1787804205.665
481,14.848,0.005186,0.00099308,2048,137927.32,1787804205.68
482,15.584,0.005727,0.00099299,2048,131418.52,1787804205.695
483,15.528,0.006394,0.00099291,2048,131887.38,1787804205.711
484,16.659,0.006997,0.00099282,2048,122934.34,1787804205.728
485,16.428,0.004562,0.00099273,2048,124662.93,1787804205.744
486,16.136,0.003136,0.00099264,2048,126924.32,1787804205.761
487,16.24,0.004926,0.00099255,2048,126105.27,1787804205.777
488,14.712,0.004445,0.00099246,2048,139206.09,1787804205.792
489,14.993,0.003205,0.00099237,2048,136598.9,1787804205.807
490,15.987,0.003746,0.00099228,2048,128107.29,1787804205.824
491,18.295,0.004872,0.00099219,2048,111943.77,1787804205.843
492,18.07,0.004577,0.0009921,2048,113335.14,1787804205.861
493,20.458,0.005218,0.00099201,2048,100106.56,1787804205.881
494,16.422,0.003362,0.00099192,2048,124710.75,1787804205.897
495,16.521,0.004545,0.00099183,2048,123965.69,1787804205.915
496,29.085,0.004494,0.00099173,2048,70414.55,1787804205.943
497,20.277,0.003444,0.00099164,2048,100999.14,1787804205.964
498,15.351,0.003106,0.00099154,2048,133410.63,1787804205.98
499,16.611,0.002941,0.00099145,2048,123293.28,1787804205.997
500,18.469,0.003018,0.00099135,2048,110890.92,1787804206.015
501,15.32,0.003855,0.00099126,2048,133678.84,1787804206.031
502,19.601,0.003193,0.00099116,2048,104483.93,1787804206.051
503,14.784,0.002864,0.00099106,2048,138527.2,1787804206.066
504,16.424,0.002956,0.00099097,2048,124698.6,1787804206.082
505,16.396,0.003604,0.00099087,2048,124909.28,1787804206.099
506,15.701,0.003736,0.00099077,2048,130440.04,1787804206.114
507,15.395,0.003,0.00099067,2048,133026.75,1787804206.13
508,19.359,0.004328,0.00099057,2048,105791.68,1787804206.15
509,27.929,0.002883,0.00099047,2048,73327.75,1787804206.178
510,23.232,0.00422,0.00099037,2048,88153.51,1787804206.201
511,25.13,0.003386,0.00099027,2048,81495.9,1787804206.226
512,15.397,0.003834,0.00099017,2048,133014.65,1787804206.242
513,15.162,0.004598,0.00099006,2048,135074.53,1787804206.257
514,14.81,0.003063,0.00098996,2048,138285.88,1787804206.272
515,14.842,0.003783,0.00098986,2048,137983.08,1787804206.287
516,15.372,0.00622,0.00098975,2048,133230.98,1787804206.303
517,14.722,0.005522,0.00098965,2048,139109.64,1787804206.318
518,14.966,0.002815,0.00098954,2048,136847.17,1787804206.333
519,16.429,0.00531,0.00098944,2048,124659.14,1787804206.349
520,21.555,0.008435,0.00098933,2048,95011.44,1787804206.371
521,16.167,0.007858,0.00098923,2048,126676.23,1787804206.388
522,16.643,0.005255,0.00098912,2048,123054.0,1787804206.404
523,25.158,0.003024,0.00098901,2048,81403.9,1787804206.43
524,17.749,0.005793,0.0009889,2048,115383.53,1787804206.448
525,16.635,0.014627,0.0009888,2048,123116.88,1787804206.465
526,16.608,0.008447,0.00098869,2048,123311.84,1787804206.482
527,33.057,0.004588,0.00098858,2048,61953.41,1787804206.515
528,17.385,0.006753,0.00098847,2048,117801.35,1787804206.533
529,15.658,0.018415,0.00098836,2048,130792.42,1787804206.548
530,15.698,0.014084,0.00098824,2048,130459.99,1787804206.564
531,20.665,0.00789,0.00098813,2048,99102.85,1787804206.585
532,15.183,0.007186,0.00098802,2048,134891.26,1787804206.6
533,15.006,0.015662,0.00098791,2048,136476.92,1787804206.616
534,16.309,0.010268,0.00098779,2048,125577.92,1787804206.632
535,17.02,0.022022,0.00098768,2048,120331.15,1787804206.649
536,16.349,0.013438,0.00098757,2048,125265.3,1787804206.666
537,16.604,0.012236,0.00098745,2048,123347.49,1787804206.683
538,15.51,0.010007,0.00098734,2048,132046.4,1787804206.698
539,16.731,0.006319,0.00098722,2048,122408.97,1787804206.715
540,17.174,0.006518,0.0009871,2048,119250.03,1787804206.733
541,25.563,0.009037,0.00098699,2048,80115.17,1787804206.758
542,16.948,0.012185,0.00098687,2048,120842.36,1787804206.776
543,17.143,0.009368,0.00098675,2048,119464.97,1787804206.793
544,16.618,0.008494,0.00098663,2048,123237.64,1787804206.81
545,15.543,0.007015,0.00098651,2048,131761.8,1787804206.825
546,19.852,0.006955,0.00098639,2048,103163.41,1787804206.845
547,15.591,0.006994,0.00098627,2048,131361.21,1787804206.861
548,17.173,0.004863,0.00098615,2048,119258.36,1787804206.878
549,15.484,0.006408,0.00098603,2048,132263.86,1787804206.894
550,14.945,0.006311,0.00098591,2048,137031.21,1787804206.909
551,15.437,0.0062,0.00098579,2048,132664.83,1787804206.924
552,14.972,0.007907,0.00098567,2048,136787.76,1787804206.939
553,16.742,0.005282,0.00098554,2048,122326.35,1787804206.956
554,17.268,0.003225,0.00098542,2048,118602.94,1787804206.974
555,15.258,0.00556,0.0009853,2048,134222.03,1787804206.989
556,16.31,0.004005,0.00098517,2048,125567.14,1787804207.006
557,15.515,0.006203,0.00098505,2048,132005.54,1787804207.021
558,15.265,0.005139,0.00098492,2048,134159.6,1787804207.037
559,15.042,0.003346,0.00098479,2048,136150.3,1787804207.052
560,16.279,0.002471,0.00098467,2048,125806.25,1787804207.069
561,20.043,0.003539,0.00098454,2048,102181.84,1787804207.089
562,19.163,0.00297,0.00098441,2048,106873.18,1787804207.108
563,18.516,0.005264,0.00098428,2048,110606.45,1787804207.128
564,14.37,0.003058,0.00098415,2048,142516.16,1787804207.143
565,14.897,0.003458,0.00098402,2048,137476.42,1787804207.158
566,15.2,0.003856,0.0009839,2048,134739.5,1787804207.173
567,15.225,0.003305,0.00098376,2048,134518.25,1787804207.189
568,14.842,0.002556,0.00098363,2048,137989.58,1787804207.204
569,15.944,0.003528,0.0009835,2048,128448.77,1787804207.22
570,15.905,0.002755,0.00098337,2048,128764.54,1787804207.236
571,14.825,0.005048,0.00098324,2048,138144.09,1787804207.251
572,15.611,0.003194,0.0009831,2048,131191.23,1787804207.267
573,22.171,0.002997,0.00098297,2048,92373.34,1787804207.289
574,15.06,0.003073,0.00098284,2048,135993.89,1787804207.304
575,21.651,0.004043,0.0009827,2048,94591.91,1787804207.326
576,17.519,0.003113,0.00098257,2048,116898.98,1787804207.344
577,15.472,0.002313,0.00098243,2048,132366.44,1787804207.359
578,15.858,0.002771,0.0009823,2048,129146.99,1787804207.375
579,19.45,0.003236,0.00098216,2048,105292.92,1787804207.395
580,17.369,0.002461,0.00098202,2048,117910.54,1787804207.413
581,18.78,0.002443,0.00098188,2048,109051.02,1787804207.432
582,16.498,0.002705,0.00098175,2048,124140.02,1787804207.448
583,16.806,0.003246,0.00098161,2048,121860.51,1787804207.465
584,18.898,0.003502,0.00098147,2048,108372.98,1787804207.484
585,28.031,0.002904,0.00098133,2048,73062.75,1787804207.512
586,27.811,0.002077,0.00098119,2048,73640.46,1787804207.54
587,27.936,0.002724,0.00098105,2048,73309.64,1787804207.569
588,17.003,0.003455,0.00098091,2048,120447.21,1787804207.586
589,15.453,0.003524,0.00098077,2048,132530.9,1787804207.601
590,14.92,0.002147,0.00098062,2048,137268.18,1787804207.616
591,14.898,0.005626,0.00098048,2048,137469.96,1787804207.631
592,16.198,0.002976,0.00098034,2048,126438.49,1787804207.648
593,16.022,0.002272,0.00098019,2048,127823.44,1787804207.664
594,18.647,0.002427,0.00098005,2048,109832.36,1787804207.683
595,16.659,0.00491,0.0009799,2048,122936.55,1787804207.7
596,15.433,0.003743,0.00097976,2048,132706.95,1787804207.715
597,15.263,0.003002,0.00097961,2048,134181.58,1787804207.731
598,23.426,0.002607,0.00097947,2048,87425.72,1787804207.754
599,16.478,0.003575,0.00097932,2048,124286.93,1787804207.771
600,16.74,0.00552,0.00097917,2048,122340.23,1787804207.788
601,15.785,0.003685,0.00097902,2048,129739.32,1787804207.804
602,16.449,0.002984,0.00097888,2048,124503.02,1787804207.821
603,16.253,0.003731,0.00097873,2048,126011.38,1787804207.837
604,15.725,0.005387,0.00097858,2048,130239.3,1787804207.853
605,15.722,0.003078,0.00097843,2048,130265.81,1787804207.869
606,16.041,0.002222,0.00097828,2048,127672.04,1787804207.885
607,15.412,0.003482,0.00097813,2048,132886.05,1787804207.901
608,15.143,0.003332,0.00097798,2048,135244.01,1787804207.916
609,15.447,0.002813,0.00097782,2048,132582.38,1787804207.931
610,15.084,0.002385,0.00097767,2048,135775.71,1787804207.947
611,15.62,0.003295,0.00097752,2048,131110.6,1787804207.963
612,15.963,0.001754,0.00097736,2048,128292.67,1787804207.979
613,19.972,0.003273,0.00097721,2048,102543.56,1787804207.999
614,16.197,0.003696,0.00097706,2048,126444.73,1787804208.015
615,16.441,0.002911,0.0009769,2048,124567.39,1787804208.033
616,15.764,0.001909,0.00097675,2048,129919.56,1787804208.048
617,15.985,0.002311,0.00097659,2048,128124.12,1787804208.064
618,17.04,0.003568,0.00097643,2048,120184.97,1787804208.081
619,16.991,0.002805,0.00097628,2048,120531.56,1787804208.098
620,23.088,0.002092,0.00097612,2048,88704.09,1787804208.122
621,25.762,0.001675,0.00097596,2048,79495.7,1787804208.148
622,29.477,0.0019,0.0009758,2048,69478.13,1787804208.177
623,18.682,0.003897,0.00097564,2048,109622.48,1787804208.196
624,14.842,0.003022,0.00097548,2048,137985.86,1787804208.211
625,14.784,0.001761,0.00097532,2048,138526.26,1787804208.226
626,14.361,0.002878,0.00097516,2048,142611.43,1787804208.241
627,15.658,0.002216,0.000975,2048,130799.1,1787804208.257
628,15.5,0.001826,0.00097484,2048,132129.88,1787804208.272
629,25.356,0.002089,0.00097468,2048,80769.52,1787804208.298
630,26.866,0.002731,0.00097452,2048,76230.46,1787804208.325
631,26.209,0.002151,0.00097435,2048,78140.5,1787804208.351
632,19.901,0.001496,0.00097419,2048,102908.37,1787804208.371
633,15.468,0.001964,0.00097402,2048,132398.1,1787804208.387
634,15.753,0.001695,0.00097386,2048,130006.98,1787804208.403
635,23.82,0.002348,0.00097369,2048,85977.45,1787804208.427
636,24.482,0.001611,0.00097353,2048,83652.27,1787804208.452
637,25.449,0.001734,0.00097336,2048,80474.99,1787804208.477
638,15.923,0.001759,0.0009732,2048,128620.59,1787804208.493
639,29.186,0.001915,0.00097303,2048,70171.35,1787804208.523
640,15.238,0.002078,0.00097286,2048,134396.43,1787804208.538
641,17.237,0.001564,0.00097269,2048,118817.63,1787804208.555
642,15.485,0.002118,0.00097252,2048,132259.59,1787804208.571
643,16.165,0.002242,0.00097236,2048,126696.61,1787804208.587
644,15.932,0.001976,0.00097219,2048,128549.55,1787804208.604
645,15.212,0.00268,0.00097202,2048,134627.01,1787804208.619
646,14.935,0.002079,0.00097185,2048,137131.23,1787804208.634
647,15.691,0.002665,0.00097167,2048,130517.35,1787804208.65
648,16.166,0.002778,0.0009715,2048,126686.42,1787804208.666
649,15.093,0.001849,0.00097133,2048,135692.04,1787804208.682
650,17.183,0.002906,0.00097116,2048,119190.34,1787804208.699
651,17.499,0.002185,0.00097098,2048,117037.93,1787804208.717
652,15.352,0.001662,0.00097081,2048,133400.21,1787804208.732
653,15.158,0.002209,0.00097064,2048,135112.85,1787804208.747
654,14.753,0.002142,0.00097046,2048,138817.34,1787804208.762
655,16.388,0.001708,0.00097029,2048,124965.68,1787804208.779
656,14.743,0.001432,0.00097011,2048,138914.32,1787804208.794
657,17.204,0.001969,0.00096994,2048,119039.32,1787804208.812
658,16.951,0.002278,0.00096976,2048,120817.41,1787804208.829
659,16.45,0.001782,0.00096958,2048,124500.75,1787804208.845
660,16.335,0.00157,0.0009694,2048,125376.5,1787804208.862
661,21.192,0.00279,0.00096923,2048,96641.61,1787804208.883
662,16.285,0.001818,0.00096905,2048,125762.99,1787804208.9
663,16.663,0.001851,0.00096887,2048,122909.25,1787804208.916
664,16.406,0.00162,0.00096869,2048,124836.18,1787804208.933
665,15.985,0.001683,0.00096851,2048,128122.52,1787804208.949
666,15.428,0.002849,0.00096833,2048,132745.66,1787804208.965
667,16.269,0.003081,0.00096815,2048,125885.13,1787804208.981
668,15.032,0.003121,0.00096796,2048,136239.06,1787804208.997
669,16.826,0.001962,0.00096778,2048,121715.67,1787804209.014
670,15.252,0.002325,0.0009676,2048,134276.59,1787804209.029
671,14.778,0.002907,0.00096742,2048,138589.07,1787804209.044
672,15.045,0.002762,0.00096723,2048,136123.15,1787804209.059
673,15.189,0.001433,0.00096705,2048,134836.19,1787804209.074
674,16.256,0.002656,0.00096686,2048,125984.25,1787804209.091
675,17.047,0.005414,0.00096668,2048,120138.44,1787804209.108
676,17.079,0.001919,0.00096649,2048,119912.64,1787804209.125
677,14.983,0.002047,0.00096631,2048,136690.07,1787804209.14
678,14.593,0.003527,0.00096612,2048,140342.22,1787804209.155
679,14.421,0.002168,0.00096593,2048,142020.04,1787804209.17
680,14.911,0.001564,0.00096575,2048,137351.03,1787804209.185
681,16.474,0.002449,0.00096556,2048,124314.84,1787804209.201
682,18.324,0.002781,0.00096537,2048,111765.99,1787804209.22
683,18.892,0.002335,0.00096518,2048,108406.25,1787804209.239
684,16.751,0.002201,0.00096499,2048,122264.28,1787804209.256
685,15.242,0.002413,0.0009648,2048,134367.33,1787804209.272
686,24.318,0.002491,0.00096461,2048,84217.45,1787804209.296
687,23.465,0.002087,0.00096442,2048,87280.04,1787804209.32
688,15.528,0.002434,0.00096423,2048,131889.93,1787804209.335
689,15.083,0.001633,0.00096404,2048,135782.91,1787804209.351
690,14.452,0.002022,0.00096384,2048,141711.47,1787804209.365
691,14.82,0.002132,0.00096365,2048,138187.9,1787804209.38
692,15.676,0.001481,0.00096346,2048,130642.24,1787804209.396
693,16.156,0.001748,0.00096326,2048,126763.27,1787804209.412
694,15.479,0.001909,0.00096307,2048,132310.85,1787804209.428
695,30.509,0.002974,0.00096287,2048,67127.07,1787804209.458
696,15.316,0.00163,0.00096268,2048,133712.88,1787804209.474
697,16.008,0.001668,0.00096248,2048,127936.83,1787804209.491
698,17.184,0.003155,0.00096228,2048,119180.63,1787804209.507
699,24.551,0.001536,0.00096209,2048,83416.49,1787804209.532
700,20.287,0.001528,0.00096189,2048,100952.84,1787804209.553
701,15.519,0.002219,0.00096169,2048,131968.97,1787804209.569
702,15.47,0.001552,0.00096149,2048,132385.26,1787804209.584
703,16.556,0.001785,0.00096129,2048,123699.88,1787804209.601
704,14.753,0.001653,0.0009611,2048,138819.22,1787804209.616
705,14.832,0.0015,0.0009609,2048,138081.69,1787804209.631
706,15.013,0.001894,0.0009607,2048,136411.47,1787804209.646
707,15.255,0.002385,0.00096049,2048,134254.58,1787804209.662
708,15.445,0.001691,0.00096029,2048,132599.55,1787804209.677
709,18.183,0.003063,0.00096009,2048,112632.68,1787804209.696
710,16.385,0.004175,0.00095989,2048,124990.08,1787804209.712
711,20.154,0.001802,0.00095969,2048,101618.05,1787804209.732
712,21.866,0.003167,0.00095948,2048,93661.82,1787804209.754
713,15.93,0.00363,0.00095928,2048,128560.85,1787804209.771
714,15.55,0.001748,0.00095907,2048,131704.18,1787804209.786
715,15.006,0.001685,0.00095887,2048,136476.92,1787804209.801
716,15.643,0.001827,0.00095866,2048,130923.69,1787804209.817
717,14.797,0.002734,0.00095846,2048,138407.37,1787804209.832
718,14.751,0.001502,0.00095825,2048,138840.87,1787804209.847
719,15.423,0.002284,0.00095805,2048,132784.39,1787804209.863
720,15.678,0.00222,0.00095784,2048,130629.74,1787804209.878
721,15.589,0.003507,0.00095763,2048,131373.0,1787804209.894
722,15.588,0.001516,0.00095742,2048,131385.64,1787804209.91
723,14.937,0.002249,0.00095721,2048,137112.86,1787804209.925
724,14.54,0.001462,0.000957,2048,140848.94,1787804209.94
725,14.528,0.003138,0.0009568,2048,140964.31,1787804209.954
726,14.996,0.002733,0.00095659,2048,136572.48,1787804209.969
727,16.001,0.003218,0.00095637,2048,127993.6,1787804209.986
728,18.857,0.001879,0.00095616,2048,108608.04,1787804210.005
729,15.19,0.003647,0.00095595,2048,134829.09,1787804210.02
730,15.288,0.003949,0.00095574,2048,133957.77,1787804210.036
731,16.117,0.002426,0.00095553,2048,127073.16,1787804210.052
732,18.475,0.00231,0.00095531,2048,110850.1,1787804210.071
733,22.132,0.002313,0.0009551,2048,92534.02,1787804210.093
734,22.542,0.003427,0.00095489,2048,90853.03,1787804210.116
735,16.563,0.002138,0.00095467,2048,123646.11,1787804210.133
736,15.347,0.001817,0.00095446,2048,133445.41,1787804210.148
737,15.007,0.002227,0.00095424,2048,136466.92,1787804210.163
738,16.39,0.001686,0.00095403,2048,124951.19,1787804210.18
739,16.112,0.002218,0.00095381,2048,127109.44,1787804210.197
740,22.172,0.002122,0.00095359,2048,92370.84,1787804210.219
741,30.068,0.002012,0.00095338,2048,68111.37,1787804210.249
742,18.282,0.002003,0.00095316,2048,112019.69,1787804210.268
743,17.536,0.001866,0.00095294,2048,116786.99,1787804210.285
744,23.558,0.001801,0.00095272,2048,86934.37,1787804210.309
745,17.036,0.002677,0.0009525,2048,120216.72,1787804210.326
746,15.283,0.002341,0.00095228,2048,134006.86,1787804210.342
747,14.741,0.001838,0.00095206,2048,138929.4,1787804210.357
748,14.548,0.001833,0.00095184,2048,140778.27,1787804210.372
749,22.5,0.005418,0.00095162,2048,91020.2,1787804210.394
750,15.919,0.001554,0.0009514,2048,128655.34,1787804210.411
751,19.669,0.002152,0.00095118,2048,104124.3,1787804210.43
752,18.956,0.002179,0.00095095,2048,108041.38,1787804210.449
753,17.922,0.004145,0.00095073,2048,114274.87,1787804210.468
754,17.288,0.002142,0.00095051,2048,118465.04,1787804210.485
755,23.245,0.001473,0.00095028,2048,88105.73,1787804210.509
756,25.162,0.003108,0.00095006,2048,81392.58,1787804210.534
757,20.749,0.003458,0.00094983,2048,98705.93,1787804210.555
758,16.348,0.001635,0.00094961,2048,125275.26,1787804210.571
759,15.52,0.002102,0.00094938,2048,131957.06,1787804210.587
760,21.422,0.003592,0.00094915,2048,95601.76,1787804210.609
761,17.537,0.002554,0.00094893,2048,116782.99,1787804210.626
762,20.781,0.001709,0.0009487,2048,98549.66,1787804210.647
763,15.269,0.002051,0.00094847,2048,134128.85,1787804210.663
764,18.959,0.002551,0.00094824,2048,108024.28,1787804210.682
765,16.985,0.001608,0.00094802,2048,120576.98,1787804210.699
766,16.013,0.001683,0.00094779,2048,127894.49,1787804210.715
767,15.768,0.001815,0.00094756,2048,129880.84,1787804210.731
768,16.468,0.00165,0.00094733,2048,124363.91,1787804210.748
769,17.32,0.001506,0.0009471,2048,118242.07,1787804210.765
770,15.517,0.001704,0.00094686,2048,131981.72,1787804210.781
771,17.654,0.00196,0.00094663,2048,116006.39,1787804210.799
772,19.831,0.001953,0.0009464,2048,103271.09,1787804210.819
773,15.25,0.00168,0.00094617,2048,134297.72,1787804210.834
774,14.852,0.001712,0.00094594,2048,137891.1,1787804210.849
775,17.946,0.001313,0.0009457,2048,114118.23,1787804210.867
776,17.144,0.001418,0.00094547,2048,119458.7,1787804210.885
777,15.683,0.001248,0.00094523,2048,130588.92,1787804210.901
778,17.272,0.001377,0.000945,2048,118575.47,1787804210.918
779,15.822,0.001178,0.00094476,2048,129439.2,1787804210.934
780,16.162,0.001199,0.00094453,2048,126715.42,1787804210.95
781,18.557,0.001361,0.00094429,2048,110364.45,1787804210.969
782,14.898,0.001165,0.00094405,2048,137465.35,1787804210.984
783,15.301,0.001879,0.00094382,2048,133851.83,1787804211.0
784,16.835,0.001259,0.00094358,2048,121654.93,1787804211.017
785,22.77,0.001248,0.00094334,2048,89943.7,1787804211.039
786,16.672,0.001205,0.0009431,2048,122839.22,1787804211.056
787,16.877,0.001487,0.00094286,2048,121345.7,1787804211.073
788,17.9,0.00108,0.00094262,2048,114414.05,1787804211.091
789,16.35,0.001327,0.00094238,2048,125262.24,1787804211.108
790,18.057,0.001194,0.00094214,2048,113417.99,1787804211.126
791,15.484,0.001202,0.0009419,2048,132262.15,1787804211.142
792,14.989,0.001328,0.00094166,2048,136635.35,1787804211.157
793,15.6,0.001268,0.00094142,2048,131282.05,1787804211.173
794,18.133,0.001006,0.00094118,2048,112944.5,1787804211.191
795,18.436,0.001257,0.00094093,2048,111087.61,1787804211.21
796,15.995,0.001164,0.00094069,2048,128036.81,1787804211.226
797,14.936,0.001029,0.00094045,2048,137114.7,1787804211.241
798,16.036,0.001035,0.0009402,2048,127710.26,1787804211.257
799,15.199,0.001,0.00093996,2048,134748.37,1787804211.272
800,15.317,0.002131,0.00093971,2048,133707.65,1787804211.288
801,16.332,0.00141,0.00093947,2048,125395.69,1787804211.304
802,16.857,0.001689,0.00093922,2048,121489.67,1787804211.321
803,17.134,0.00143,0.00093897,2048,119527.73,1787804211.339
804,17.153,0.001835,0.00093873,2048,119398.81,1787804211.356
805,21.685,0.001456,0.00093848,2048,94444.47,1787804211.378
806,15.088,0.00198,0.00093823,2048,135739.71,1787804211.393
807,20.298,0.002198,0.00093798,2048,100894.65,1787804211.414
808,15.682,0.001525,0.00093773,2048,130594.75,1787804211.43
809,15.657,0.001345,0.00093748,2048,130802.44,1787804211.445
810,15.041,0.001354,0.00093723,2048,136162.06,1787804211.461
811,15.372,0.001757,0.00093698,2048,133230.11,1787804211.476
812,15.892,0.001948,0.00093673,2048,128873.93,1787804211.492
813,31.412,0.002088,0.00093648,2048,65198.22,1787804211.524
814,15.756,0.001467,0.00093623,2048,129981.4,1787804211.54
815,15.21,0.001312,0.00093598,2048,134645.6,1787804211.555
816,15.216,0.001236,0.00093573,2048,134593.39,1787804211.571
817,14.562,0.001682,0.00093547,2048,140643.89,1787804211.585
818,15.61,0.001261,0.00093522,2048,131200.47,1787804211.601
819,16.469,0.001923,0.00093496,2048,124357.11,1787804211.618
820,16.318,0.001574,0.00093471,2048,125507.11,1787804211.634
821,16.308,0.00172,0.00093446,2048,125584.85,1787804211.651
822,16.591,0.001851,0.0009342,2048,123436.7,1787804211.667
823,16.493,0.002147,0.00093394,2048,124171.63,1787804211.684
824,16.54,0.001315,0.00093369,2048,123824.03,1787804211.701
825,17.833,0.001347,0.00093343,2048,114841.34,1787804211.719
826,15.844,0.001683,0.00093317,2048,129257.03,1787804211.735
827,15.239,0.001456,0.00093292,2048,134395.55,1787804211.75
828,14.606,0.001537,0.00093266,2048,140216.35,1787804211.765
829,14.868,0.001598,0.0009324,2048,137744.57,1787804211.78
830,16.222,0.002095,0.00093214,2048,126245.19,1787804211.797
831,16.469,0.001537,0.00093188,2048,124353.34,1787804211.813
832,16.054,0.001186,0.00093162,2048,127569.45,1787804211.829
833,16.007,0.003144,0.00093136,2048,127943.23,1787804211.846
834,15.829,0.001632,0.0009311,2048,129379.51,1787804211.862
835,15.102,0.001213,0.00093084,2048,135613.87,1787804211.877
836,16.514,0.001819,0.00093058,2048,124018.24,1787804211.894
837,20.313,0.001749,0.00093032,2048,100820.15,1787804211.914
838,16.092,0.001525,0.00093005,2048,127268.21,1787804211.931
839,15.423,0.001906,0.00092979,2048,132788.69,1787804211.946
840,22.146,0.002274,0.00092953,2048,92477.61,1787804211.968
841,15.447,0.002168,0.00092926,2048,132583.24,1787804211.984
842,21.336,0.001156,0.000929,2048,95987.1,1787804212.006
843,16.665,0.001423,0.00092873,2048,122894.5,1787804212.022
844,16.464,0.001424,0.00092847,2048,124390.35,1787804212.039
845,23.608,0.0015,0.0009282,2048,86749.52,1787804212.063
846,20.71,0.00249,0.00092794,2048,98889.9,1787804212.083
847,22.437,0.002812,0.00092767,2048,91277.8,1787804212.107
848,27.304,0.001998,0.0009274,2048,75007.6,1787804212.134
849,16.021,0.001516,0.00092713,2048,127832.22,1787804212.15
850,16.13,0.002696,0.00092687,2048,126966.02,1787804212.167
851,16.344,0.003296,0.0009266,2048,125305.92,1787804212.183
852,16.925,0.00283,0.00092633,2048,121006.58,1787804212.2
853,19.844,0.001127,0.00092606,2048,103203.44,1787804212.22
854,15.595,0.00247,0.00092579,2048,131325.83,1787804212.236
855,16.345,0.001552,0.00092552,2048,125299.79,1787804212.253
856,15.863,0.004232,0.00092525,2048,129104.65,1787804212.269
857,16.068,0.00271,0.00092498,2048,127459.89,1787804212.285
858,16.04,0.004183,0.00092471,2048,127683.19,1787804212.301
859,15.273,0.001412,0.00092443,2048,134091.97,1787804212.317
860,16.962,0.002177,0.00092416,2048,120739.05,1787804212.334
861,17.998,0.00449,0.00092389,2048,113791.05,1787804212.351
862,27.319,0.005002,0.00092362,2048,74965.87,1787804212.379
863,19.159,0.001579,0.00092334,2048,106893.26,1787804212.399
864,16.609,0.00281,0.00092307,2048,123308.13,1787804212.415
865,15.712,0.002585,0.00092279,2048,130350.38,1787804212.431
866,20.827,0.004399,0.00092252,2048,98332.95,1787804212.452
867,15.726,0.003452,0.00092224,2048,130231.02,1787804212.468
868,15.467,0.003257,0.00092197,2048,132411.8,1787804212.484
869,16.133,0.002932,0.00092169,2048,126940.84,1787804212.5
870,16.699,0.003057,0.00092141,2048,122642.07,1787804212.517
871,17.561,0.003783,0.00092113,2048,116622.72,1787804212.535
872,16.217,0.003346,0.00092086,2048,126287.23,1787804212.551
873,14.968,0.002156,0.00092058,2048,136823.4,1787804212.566
874,15.62,0.002854,0.0009203,2048,131109.76,1787804212.582
875,15.452,0.001445,0.00092002,2048,132542.05,1787804212.598
876,14.98,0.002447,0.00091974,2048,136717.45,1787804212.613
877,18.499,0.003004,0.00091946,2048,110711.08,1787804212.632
878,26.376,0.002184,0.00091918,2048,77646.35,1787804212.658
879,24.953,0.001573,0.0009189,2048,82072.98,1787804212.683
880,25.065,0.002075,0.00091862,2048,81705.93,1787804212.709
881,16.105,0.00326,0.00091834,2048,127162.32,1787804212.725
882,15.973,0.002201,0.00091805,2048,128215.56,1787804212.741
883,15.462,0.001416,0.00091777,2048,132452.04,1787804212.757
884,14.815,0.002278,0.00091749,2048,138242.0,1787804212.772
885,15.198,0.004029,0.00091721,2048,134758.12,1787804212.787
886,15.125,0.001545,0.00091692,2048,135404.96,1787804212.802
887,17.468,0.001427,0.00091664,2048,117240.95,1787804212.82
888,15.204,0.00193,0.00091635,2048,134700.51,1787804212.835
889,14.998,0.002449,0.00091607,2048,136549.72,1787804212.85
890,15.753,0.001706,0.00091578,2048,130008.63,1787804212.866
891,15.223,0.001435,0.00091549,2048,134536.81,1787804212.882
892,19.549,0.00165,0.00091521,2048,104761.86,1787804212.901
893,15.725,0.00148,0.00091492,2048,130235.99,1787804212.917
894,16.758,0.001289,0.00091463,2048,122208.1,1787804212.934
895,15.302,0.001384,0.00091435,2048,133842.21,1787804212.95
896,15.719,0.001733,0.00091406,2048,130288.19,1787804212.966
897,15.533,0.002255,0.00091377,2048,131850.87,1787804212.982
898,15.297,0.001467,0.00091348,2048,133880.71,1787804212.997
899,15.975,0.001199,0.00091319,2048,128200.31,1787804213.013
900,16.466,0.001341,0.0009129,2048,124379.77,1787804213.03
901,24.588,0.001185,0.00091261,2048,83291.99,1787804213.055
902,22.731,0.001875,0.00091232,2048,90096.03,1787804213.078
903,17.11,0.001271,0.00091203,2048,119694.68,1787804213.095
904,20.22,0.001344,0.00091174,2048,101283.35,1787804213.115
905,17.354,0.001285,0.00091144,2048,118013.14,1787804213.133
906,16.459,0.001516,0.00091115,2048,124431.16,1787804213.149
907,16.107,0.001624,0.00091086,2048,127152.06,1787804213.166
908,16.097,0.001034,0.00091056,2048,127224.72,1787804213.182
909,15.296,0.002136,0.00091027,2048,133887.71,1787804213.197
910,15.311,0.001216,0.00090998,2048,133761.79,1787804213.213
911,16.412,0.00108,0.00090968,2048,124783.7,1787804213.229
912,24.663,0.001196,0.00090939,2048,83039.03,1787804213.254
913,15.601,0.00169,0.00090909,2048,131272.79,1787804213.27
914,15.383,0.001016,0.00090879,2048,133131.38,1787804213.286
915,15.2,0.001087,0.0009085,2048,134739.5,1787804213.301
916,15.472,0.001005,0.0009082,2048,132368.15,1787804213.317
917,22.318,0.001541,0.0009079,2048,91764.91,1787804213.339
918,18.32,0.000898,0.00090761,2048,111791.61,1787804213.358
919,56.118,0.00102,0.00090731,2048,36494.79,1787804213.414
920,15.978,0.001188,0.00090701,2048,128174.64,1787804213.43
921,25.205,0.001436,0.00090671,2048,81254.04,1787804213.455
922,28.971,0.000968,0.00090641,2048,70691.14,1787804213.485
923,28.361,0.000944,0.00090611,2048,72212.35,1787804213.513
924,23.852,0.001353,0.00090581,2048,85863.9,1787804213.537
925,14.669,0.001474,0.00090551,2048,139614.15,1787804213.552
926,15.083,0.001053,0.00090521,2048,135782.01,1787804213.567
927,14.62,0.001263,0.00090491,2048,140082.08,1787804213.582
928,15.109,0.001004,0.0009046,2048,135551.04,1787804213.597
929,15.371,0.000976,0.0009043,2048,133236.18,1787804213.613
930,23.64,0.001688,0.000904,2048,86632.46,1787804213.637
931,15.449,0.002365,0.0009037,2048,132568.65,1787804213.652
932,16.136,0.001266,0.00090339,2048,126918.02,1787804213.669
933,14.803,0.001293,0.00090309,2048,138350.33,1787804213.684
934,15.555,0.002625,0.00090278,2048,131664.38,1787804213.699
935,14.934,0.001666,0.00090248,2048,137135.82,1787804213.714
936,16.419,0.000978,0.00090217,2048,124732.78,1787804213.731
937,14.815,0.001998,0.00090187,2048,138235.47,1787804213.746
938,15.583,0.003155,0.00090156,2048,131427.8,1787804213.762
939,15.247,0.00137,0.00090126,2048,134322.39,1787804213.777
940,15.026,0.001476,0.00090095,2048,136297.99,1787804213.792
941,15.214,0.003546,0.00090064,2048,134611.09,1787804213.808
942,16.982,0.001513,0.00090033,2048,120595.44,1787804213.825
943,15.87,0.001457,0.00090002,2048,129046.89,1787804213.84
944,15.415,0.001547,0.00089972,2048,132854.16,1787804213.856
945,15.272,0.00431,0.00089941,2048,134104.26,1787804213.871
946,15.479,0.001846,0.0008991,2048,132307.43,1787804213.887
947,15.895,0.001025,0.00089879,2048,128843.12,1787804213.903
948,15.71,0.003831,0.00089848,2048,130366.97,1787804213.919
949,19.975,0.003107,0.00089817,2048,102530.73,1787804213.939
950,23.686,0.001124,0.00089785,2048,86466.04,1787804213.963
951,17.869,0.001695,0.00089754,2048,114612.54,1787804213.981
952,18.055,0.002418,0.00089723,2048,113431.81,1787804213.999
953,17.365,0.001969,0.00089692,2048,117939.74,1787804214.017
954,17.824,0.00112,0.00089661,2048,114901.9,1787804214.035
955,16.364,0.001015,0.00089629,2048,125152.77,1787804214.051
956,15.409,0.00136,0.00089598,2048,132909.34,1787804214.067
957,15.193,0.002559,0.00089566,2048,134795.37,1787804214.082
958,15.258,0.001303,0.00089535,2048,134226.43,1787804214.098
959,15.386,0.001143,0.00089504,2048,133112.35,1787804214.113
960,20.315,0.001286,0.00089472,2048,100810.22,1787804214.134
961,14.9,0.002548,0.0008944,2048,137451.51,1787804214.149
962,15.566,0.001348,0.00089409,2048,131566.27,1787804214.165
963,15.468,0.001151,0.00089377,2048,132403.24,1787804214.18
964,15.908,0.001232,0.00089345,2048,128741.88,1787804214.196
965,15.43,0.001449,0.00089314,2048,132730.17,1787804214.212
966,16.338,0.00097,0.00089282,2048,125348.1,1787804214.229
967,18.821,0.001135,0.0008925,2048,108815.78,1787804214.248
968,16.752,0.001626,0.00089218,2048,122256.25,1787804214.264
969,15.208,0.00186,0.00089186,2048,134665.08,1787804214.28
970,15.314,0.001146,0.00089154,2048,133737.33,1787804214.295
971,15.433,0.00119,0.00089122,2048,132706.09,1787804214.311
972,15.74,0.001573,0.0008909,2048,130114.36,1787804214.327
973,17.711,0.001479,0.00089058,2048,115636.96,1787804214.345
974,15.555,0.001459,0.00089026,2048,131663.54,1787804214.361
975,19.117,0.001764,0.00088994,2048,107128.1,1787804214.38
976,18.339,0.001672,0.00088962,2048,111675.18,1787804214.398
977,16.612,0.001209,0.0008893,2048,123284.37,1787804214.415
978,17.404,0.000821,0.00088897,2048,117677.48,1787804214.433
979,18.126,0.001341,0.00088865,2048,112985.0,1787804214.451
980,17.579,0.001253,0.00088833,2048,116505.3,1787804214.469
981,17.435,0.00128,0.000888,2048,117467.56,1787804214.486
982,17.883,0.001638,0.00088768,2048,114521.53,1787804214.504
983,19.767,0.00094,0.00088736,2048,103605.97,1787804214.524
984,16.495,0.001583,0.00088703,2048,124157.33,1787804214.541
985,15.631,0.002626,0.0008867,2048,131025.04,1787804214.558
986,34.937,0.001427,0.00088638,2048,58619.3,1787804214.592
987,48.279,0.000921,0.00088605,2048,42419.84,1787804214.641
988,22.726,0.001084,0.00088573,2048,90117.05,1787804214.664
989,25.536,0.001398,0.0008854,2048,80200.5,1787804214.69
990,29.153,0.002124,0.00088507,2048,70250.54,1787804214.719
991,21.194,0.001567,0.00088474,2048,96630.67,1787804214.74
992,24.653,0.00116,0.00088442,2048,83073.73,1787804214.765
993,25.24,0.001373,0.00088409,2048,81140.08,1787804214.791
994,20.405,0.003093,0.00088376,2048,100365.59,1787804214.811
995,20.87,0.00155,0.00088343,2048,98132.7,1787804214.832
996,15.217,0.002304,0.0008831,2048,134586.32,1787804214.848
997,16.872,0.002374,0.00088277,2048,121386.7,1787804214.865
998,14.701,0.001785,0.00088244,2048,139309.3,1787804214.88
999,14.942,0.001652,0.00088211,2048,137061.48,1787804214.895
1000,16.297,0.001029,0.00088177,2048,125667.3,1787804214.912
1001,15.44,0.001388,0.00088144,2048,132638.19,1787804214.927
1002,15.564,0.001149,0.00088111,2048,131586.56,1787804214.943
1003,17.42,0.001262,0.00088078,2048,117563.99,1787804214.961
1004,17.344,0.000948,0.00088045,2048,118083.22,1787804214.978
1005,16.143,0.001031,0.00088011,2048,126865.35,1787804214.994
1006,16.094,0.001481,0.00087978,2048,127253.18,1787804215.011
1007,16.201,0.001085,0.00087944,2048,126413.51,1787804215.027
1008,17.665,0.00096,0.00087911,2048,115932.18,1787804215.045
1009,18.922,0.001053,0.00087877,2048,108232.66,1787804215.064
1010,14.78,0.000948,0.00087844,2048,138569.38,1787804215.079
1011,14.971,0.001098,0.0008781,2048,136797.81,1787804215.094
1012,14.883,0.001065,0.00087777,2048,137602.97,1787804215.109
1013,15.392,0.00087,0.00087743,2048,133058.73,1787804215.125
1014,15.888,0.001286,0.00087709,2048,128900.69,1787804215.141
1015,15.866,0.0013,0.00087676,2048,129077.8,1787804215.157
1016,15.275,0.001467,0.00087642,2048,134077.04,1787804215.172
1017,15.285,0.001205,0.00087608,2048,133985.82,1787804215.188
1018,15.001,0.001208,0.00087574,2048,136528.78,1787804215.203
1019,16.133,0.001211,0.0008754,2048,126946.35,1787804215.219
1020,15.33,0.00092,0.00087506,2048,133597.75,1787804215.235
1021,18.664,0.001075,0.00087472,2048,109730.55,1787804215.253
1022,15.525,0.001551,0.00087438,2048,131917.96,1787804215.268
1023,15.567,0.00126,0.00087404,2048,131558.66,1787804215.284
1024,15.409,0.000903,0.0008737,2048,132905.03,1787804215.3
1025,15.36,0.001723,0.00087336,2048,133334.2,1787804215.315
1026,14.972,0.001198,0.00087302,2048,136785.93,1787804215.33
1027,15.18,0.001873,0.00087268,2048,134913.47,1787804215.346
1028,15.947,0.00096,0.00087234,2048,128422.19,1787804215.362
1029,14.886,0.001172,0.00087199,2048,137578.01,1787804215.377
1030,18.152,0.001749,0.00087165,2048,112827.52,1787804215.395
1031,18.186,0.001842,0.00087131,2048,112611.62,1787804215.414
1032,16.933,0.001258,0.00087096,2048,120947.98,1787804215.431
1033,17.51,0.000694,0.00087062,2048,116964.41,1787804215.448
1034,17.067,0.000774,0.00087027,2048,119996.95,1787804215.466
1035,16.368,0.001046,0.00086993,2048,125122.95,1787804215.482
1036,15.19,0.001029,0.00086958,2048,134824.66,1787804215.497
1037,14.807,0.000991,0.00086924,2048,138316.7,1787804215.512
1038,26.464,0.001043,0.00086889,2048,77387.57,1787804215.539
1039,15.551,0.000916,0.00086854,2048,131699.95,1787804215.555
1040,15.881,0.001544,0.0008682,2048,128959.95,1787804215.571
1041,14.994,0.000949,0.00086785,2048,136587.97,1787804215.586
1042,18.481,0.00195,0.0008675,2048,110816.51,1787804215.605
1043,15.17,0.002078,0.00086716,2048,135003.3,1787804215.62
1044,15.554,0.001347,0.00086681,2048,131669.46,1787804215.636
1045,16.999,0.00134,0.00086646,2048,120474.84,1787804215.653
1046,14.723,0.000993,0.00086611,2048,139102.09,1787804215.668
1047,15.6,0.001146,0.00086576,2048,131278.68,1787804215.684
1048,15.272,0.001269,0.00086541,2048,134100.75,1787804215.699
1049,16.188,0.001194,0.00086506,2048,126509.56,1787804215.716
1050,15.366,0.000945,0.00086471,2048,133285.61,1787804215.732
1051,23.444,0.000788,0.00086436,2048,87358.22,1787804215.755
1052,16.273,0.000829,0.00086401,2048,125855.73,1787804215.772
1053,15.323,0.000974,0.00086365,2048,133651.8,1787804215.787
1054,14.49,0.000946,0.0008633,2048,141333.98,1787804215.802
1055,14.308,0.000925,0.00086295,2048,143131.71,1787804215.816
1056,14.832,0.000734,0.0008626,2048,138081.69,1787804215.831
1057,16.083,0.00141,0.00086224,2048,127337.05,1787804215.847
1058,16.264,0.001328,0.00086189,2048,125923.06,1787804215.864
1059,15.203,0.001187,0.00086154,2048,134705.82,1787804215.879
1060,16.346,0.000749,0.00086118,2048,125287.52,1787804215.896
1061,15.173,0.000857,0.00086083,2048,134973.05,1787804215.911
1062,14.874,0.000984,0.00086047,2048,137687.15,1787804215.926
1063,14.975,0.000766,0.00086012,2048,136764.01,1787804215.941
1064,15.857,0.000785,0.00085976,2048,129152.69,1787804215.957
1065,15.863,0.000774,0.0008594,2048,129104.65,1787804215.973
1066,15.231,0.000763,0.00085905,2048,134459.08,1787804215.989
1067,15.677,0.000988,0.00085869,2048,130640.57,1787804216.005
1068,15.137,0.001035,0.00085833,2048,135299.4,1787804216.02
1069,15.342,0.000795,0.00085797,2048,133490.64,1787804216.035
1070,16.338,0.000825,0.00085762,2048,125348.1,1787804216.052
1071,16.771,0.001183,0.00085726,2048,122114.1,1787804216.069
1072,15.527,0.00182,0.0008569,2048,131900.12,1787804216.084
1073,15.899,0.001129,0.00085654,2048,128809.89,1787804216.1
1074,16.785,0.000723,0.00085618,2048,122010.8,1787804216.117
1075,15.978,0.001012,0.00085582,2048,128176.24,1787804216.134
1076,16.332,0.001513,0.00085546,2048,125401.06,1787804216.15
1077,26.223,0.000833,0.0008551,2048,78099.68,1787804216.177
1078,15.728,0.000859,0.00085474,2048,130216.12,1787804216.192
1079,16.794,0.001016,0.00085438,2048,121946.14,1787804216.209
1080,16.619,0.000781,0.00085402,2048,123233.93,1787804216.226
1081,21.156,0.001108,0.00085365,2048,96802.86,1787804216.248
1082,15.82,0.000912,0.00085329,2048,129455.57,1787804216.264
1083,14.617,0.000784,0.00085293,2048,140111.79,1787804216.279
1084,14.776,0.001299,0.00085257,2048,138603.14,1787804216.294
1085,15.061,0.001017,0.0008522,2048,135982.15,1787804216.309
1086,15.702,0.001483,0.00085184,2048,130425.92,1787804216.325
1087,15.806,0.001103,0.00085147,2048,129569.41,1787804216.341
1088,16.348,0.000789,0.00085111,2048,125272.96,1787804216.358
1089,15.326,0.000765,0.00085074,2048,133626.51,1787804216.373
1090,17.478,0.000978,0.00085038,2048,117178.56,1787804216.391
1091,17.494,0.000866,0.00085001,2048,117070.05,1787804216.408
1092,16.96,0.000769,0.00084965,2048,120752.58,1787804216.425
1093,14.966,0.00091,0.00084928,2048,136841.68,1787804216.44
1094,17.561,0.000956,0.00084891,2048,116622.06,1787804216.458
1095,16.434,0.000885,0.00084855,2048,124618.93,1787804216.475
1096,15.908,0.001305,0.00084818,2048,128743.49,1787804216.491
1097,15.576,0.001912,0.00084781,2048,131487.71,1787804216.506
1098,18.78,0.00111,0.00084744,2048,109055.09,1787804216.525
1099,27.201,0.001068,0.00084707,2048,75292.18,1787804216.553
1100,15.971,0.000763,0.00084671,2048,128233.22,1787804216.569
1101,15.422,0.000987,0.00084634,2048,132794.72,1787804216.585
1102,15.125,0.00082,0.00084597,2048,135402.27,1787804216.6
1103,15.205,0.000976,0.0008456,2048,134695.19,1787804216.615
1104,15.384,0.002221,0.00084523,2048,133125.32,1787804216.631
1105,15.767,0.00083,0.00084486,2048,129893.19,1787804216.647
1106,16.871,0.000917,0.00084448,2048,121394.62,1787804216.664
1107,18.519,0.000978,0.00084411,2048,110589.72,1787804216.682
1108,21.655,0.001342,0.00084374,2048,94574.0,1787804216.705
1109,17.849,0.000998,0.00084337,2048,114741.61,1787804216.723
1110,17.273,0.000767,0.000843,2048,118563.8,1787804216.74
1111,24.071,0.001453,0.00084262,2048,85083.4,1787804216.764
1112,16.493,0.000785,0.00084225,2048,124175.4,1787804216.781
1113,23.965,0.000705,0.00084188,2048,85456.89,1787804216.805
1114,16.324,0.000831,0.0008415,2048,125461.75,1787804216.821
1115,30.045,0.002322,0.00084113,2048,68164.65,1787804216.852
1116,20.114,0.001096,0.00084076,2048,101818.11,1787804216.873
1117,23.418,0.001107,0.00084038,2048,87454.84,1787804216.897
1118,15.992,0.001723,0.00084001,2048,128063.23,1787804216.913
1119,15.738,0.001129,0.00083963,2048,130134.2,1787804216.929
1120,15.763,0.000959,0.00083925,2048,129921.21,1787804216.945
1121,16.503,0.001059,0.00083888,2048,124102.41,1787804216.961
1122,19.566,0.000836,0.0008385,2048,104669.23,1787804216.981
1123,16.166,0.001335,0.00083812,2048,126681.72,1787804216.997
1124,16.212,0.001326,0.00083775,2048,126326.96,1787804217.014
1125,16.244,0.001009,0.00083737,2048,126076.54,1787804217.03
1126,16.129,0.000687,0.00083699,2048,126973.11,1787804217.047
1127,16.188,0.002346,0.00083661,2048,126513.47,1787804217.063
1128,16.766,0.000934,0.00083624,2048,122151.97,1787804217.08
1129,18.845,0.00076,0.00083586,2048,108674.31,1787804217.099
1130,17.342,0.000689,0.00083548,2048,118094.12,1787804217.117
1131,15.358,0.001564,0.0008351,2048,133348.96,1787804217.132
1132,15.189,0.00067,0.00083472,2048,134836.2,1787804217.147
1133,15.219,0.000923,0.00083434,2048,134572.17,1787804217.163
1134,16.243,0.000909,0.00083396,2048,126088.19,1787804217.179
1135,30.047,0.000684,0.00083358,2048,68160.56,1787804217.209
1136,17.469,0.001732,0.00083319,2048,117234.9,1787804217.227
1137,17.144,0.000847,0.00083281,2048,119459.4,1787804217.244
1138,17.348,0.001158,0.00083243,2048,118053.27,1787804217.262
1139,17.929,0.001425,0.00083205,2048,114228.98,1787804217.28
1140,19.594,0.00083,0.00083167,2048,104521.79,1787804217.299
1141,19.735,0.000863,0.00083128,2048,103773.97,1787804217.319
1142,18.322,0.000765,0.0008309,2048,111775.75,1787804217.338
1143,15.967,0.000788,0.00083052,2048,128264.55,1787804217.354
1144,16.636,0.000652,0.00083013,2048,123108.74,1787804217.371
1145,16.775,0.000678,0.00082975,2048,122086.44,1787804217.388
1146,18.084,0.000562,0.00082936,2048,113251.79,1787804217.407
1147,18.774,0.000723,0.00082898,2048,109089.36,1787804217.426
1148,17.256,0.000738,0.00082859,2048,118681.98,1787804217.443
1149,18.09,0.000727,0.00082821,2048,113211.72,1787804217.461
1150,17.741,0.000878,0.00082782,2048,115438.16,1787804217.479
1151,17.513,0.00069,0.00082743,2048,116943.7,1787804217.497
1152,17.944,0.001311,0.00082705,2048,114132.86,1787804217.515
1153,17.793,0.000606,0.00082666,2048,115102.09,1787804217.533
1154,16.752,0.000889,0.00082627,2048,122250.41,1787804217.55
1155,17.71,0.000661,0.00082589,2048,115642.19,1787804217.568
1156,16.578,0.001379,0.0008255,2048,123533.49,1787804217.585
1157,16.382,0.001605,0.00082511,2048,125014.5,1787804217.601
1158,27.841,0.001164,0.00082472,2048,73560.05,1787804217.629
1159,18.471,0.001265,0.00082433,2048,110874.71,1787804217.648
1160,18.178,0.001207,0.00082394,2048,112663.66,1787804217.666
1161,20.091,0.001557,0.00082355,2048,101936.19,1787804217.686
1162,17.326,0.000995,0.00082316,2048,118203.86,1787804217.704
1163,17.716,0.000959,0.00082277,2048,115600.41,1787804217.722
1164,21.642,0.000873,0.00082238,2048,94630.37,1787804217.744
1165,21.667,0.000568,0.00082199,2048,94523.8,1787804217.765
1166,17.305,0.000679,0.0008216,2048,118350.03,1787804217.783
1167,17.759,0.000971,0.00082121,2048,115319.86,1787804217.801
1168,17.27,0.000989,0.00082082,2048,118583.71,1787804217.818
1169,16.447,0.000765,0.00082042,2048,124524.22,1787804217.835
1170,17.601,0.000726,0.00082003,2048,116354.38,1787804217.853
1171,23.749,0.000587,0.00081964,2048,86235.94,1787804217.877
1172,17.175,0.000666,0.00081925,2048,119240.31,1787804217.894
1173,20.219,0.000734,0.00081885,2048,101289.36,1787804217.914
1174,16.506,0.001261,0.00081846,2048,124078.35,1787804217.931
1175,16.257,0.001244,0.00081806,2048,125974.18,1787804217.948
1176,15.631,0.00102,0.00081767,2048,131021.69,1787804217.963
1177,14.989,0.00078,0.00081728,2048,136634.44,1787804217.978
1178,14.692,0.000603,0.00081688,2048,139399.38,1787804217.993
1179,15.813,0.000652,0.00081649,2048,129517.79,1787804218.009
1180,14.903,0.001009,0.00081609,2048,137424.76,1787804218.024
1181,15.309,0.000577,0.00081569,2048,133776.64,1787804218.04
1182,15.06,0.00071,0.0008153,2048,135992.08,1787804218.055
1183,15.264,0.001232,0.0008149,2048,134176.3,1787804218.07
1184,14.787,0.001884,0.0008145,2048,138498.16,1787804218.085
1185,15.399,0.001037,0.00081411,2048,132996.51,1787804218.101
1186,15.985,0.000642,0.00081371,2048,128120.11,1787804218.117
1187,15.593,0.000828,0.00081331,2048,131344.36,1787804218.132
1188,15.224,0.000845,0.00081291,2048,134520.02,1787804218.148
1189,15.394,0.000853,0.00081251,2048,133038.85,1787804218.164
1190,15.668,0.000898,0.00081211,2048,130714.78,1787804218.179
1191,16.105,0.00086,0.00081172,2048,127167.85,1787804218.196
1192,16.362,0.001044,0.00081132,2048,125171.13,1787804218.212
1193,16.69,0.00236,0.00081092,2048,122707.47,1787804218.229
1194,16.843,0.000667,0.00081052,2048,121591.37,1787804218.246
1195,15.55,0.00189,0.00081012,2048,131703.33,1787804218.262
1196,15.544,0.001178,0.00080972,2048,131757.56,1787804218.277
1197,15.406,0.001064,0.00080931,2048,132936.08,1787804218.293
1198,16.428,0.000865,0.00080891,2048,124662.17,1787804218.31
1199,17.274,0.001865,0.00080851,2048,118559.68,1787804218.327
1200,17.462,0.000661,0.00080811,2048,117284.59,1787804218.345
1201,17.46,0.000689,0.00080771,2048,117298.69,1787804218.363
1202,16.437,0.000989,0.0008073,2048,124599.22,1787804218.379
1203,21.333,0.000851,0.0008069,2048,95999.25,1787804218.401
1204,17.271,0.000777,0.0008065,2048,118579.59,1787804218.418
1205,16.299,0.000818,0.0008061,2048,125650.34,1787804218.435
1206,15.416,0.000698,0.00080569,2048,132851.57,1787804218.45
1207,16.712,0.00092,0.00080529,2048,122544.47,1787804218.467
1208,16.947,0.001017,0.00080488,2048,120846.63,1787804218.484
1209,15.504,0.000608,0.00080448,2048,132096.65,1787804218.5
1210,17.357,0.001143,0.00080407,2048,117996.14,1787804218.518
1211,15.938,0.001051,0.00080367,2048,128493.9,1787804218.534
1212,16.543,0.000723,0.00080326,2048,123797.09,1787804218.55
1213,16.786,0.000798,0.00080286,2048,122008.61,1787804218.567
1214,19.966,0.001298,0.00080245,2048,102572.32,1787804218.588
1215,17.663,0.001265,0.00080204,2048,115945.97,1787804218.605
1216,16.704,0.000676,0.00080164,2048,122603.9,1787804218.622
1217,15.964,0.001362,0.00080123,2048,128292.67,1787804218.639
1218,17.574,0.001424,0.00080082,2048,116533.8,1787804218.656
1219,16.248,0.000962,0.00080041,2048,126048.61,1787804218.673
1220,16.867,0.000851,0.00080001,2048,121418.37,1787804218.69
1221,17.401,0.001734,0.0007996,2048,117695.74,1787804218.707
1222,16.025,0.00105,0.00079919,2048,127797.92,1787804218.724
1223,15.485,0.00086,0.00079878,2048,132260.44,1787804218.739
1224,15.648,0.001092,0.00079837,2048,130881.02,1787804218.755
1225,15.399,0.000874,0.00079796,2048,132995.65,1787804218.771
1226,18.098,0.000819,0.00079755,2048,113161.68,1787804218.789
1227,17.233,0.000693,0.00079714,2048,118839.0,1787804218.806
1228,19.524,0.000893,0.00079673,2048,104897.07,1787804218.826
1229,21.851,0.000753,0.00079632,2048,93724.83,1787804218.848
1230,16.556,0.001055,0.00079591,2048,123701.38,1787804218.865
1231,18.02,0.001153,0.0007955,2048,113651.5,1787804218.883
1232,15.946,0.000699,0.00079509,2048,128436.68,1787804218.899
1233,22.557,0.000676,0.00079468,2048,90791.01,1787804218.922
1234,19.803,0.000965,0.00079426,2048,103418.67,1787804218.942
1235,38.181,0.000831,0.00079385,2048,53638.96,1787804218.98
1236,33.25,0.001658,0.00079344,2048,61593.98,1787804219.014
1237,18.64,0.000968,0.00079303,2048,109874.19,1787804219.033
1238,17.006,0.000976,0.00079261,2048,120428.08,1787804219.05
1239,15.222,0.00064,0.0007922,2048,134544.76,1787804219.066
1240,15.289,0.00102,0.00079178,2048,133956.02,1787804219.081
1241,16.778,0.001565,0.00079137,2048,122063.88,1787804219.098
1242,15.378,0.000917,0.00079096,2048,133175.53,1787804219.114
1243,17.821,0.001891,0.00079054,2048,114919.95,1787804219.132
1244,17.394,0.001342,0.00079013,2048,117741.07,1787804219.149
1245,15.187,0.000551,0.00078971,2048,134856.62,1787804219.165
1246,14.737,0.001264,0.0007893,2048,138965.22,1787804219.18
1247,14.805,0.001161,0.00078888,2048,138336.32,1787804219.195
1248,15.506,0.001824,0.00078846,2048,132074.5,1787804219.21
1249,20.139,0.000782,0.00078805,2048,101694.75,1787804219.23
1250,16.414,0.000919,0.00078763,2048,124773.82,1787804219.247
1251,16.05,0.002003,0.00078721,2048,127604.43,1787804219.263
1252,15.913,0.000997,0.0007868,2048,128701.42,1787804219.279
1253,16.004,0.001335,0.00078638,2048,127964.01,1787804219.296
1254,16.176,0.000722,0.00078596,2048,126608.88,1787804219.312
1255,17.09,0.001033,0.00078554,2048,119835.46,1787804219.329
1256,14.737,0.001587,0.00078512,2048,138966.17,1787804219.344
1257,14.753,0.001394,0.00078471,2048,138814.52,1787804219.359
1258,15.072,0.001077,0.00078429,2048,135880.2,1787804219.374
1259,15.423,0.001343,0.00078387,2048,132789.55,1787804219.39
1260,19.577,0.000905,0.00078345,2048,104614.69,1787804219.41
1261,16.38,0.001492,0.00078303,2048,125030.53,1787804219.426
1262,25.746,0.001516,0.00078261,2048,79545.72,1787804219.452
1263,22.065,0.000879,0.00078219,2048,92815.42,1787804219.474
1264,15.801,0.000766,0.00078177,2048,129616.15,1787804219.49
1265,15.491,0.000993,0.00078135,2048,132205.8,1787804219.506
1266,15.676,0.001672,0.00078093,2048,130648.91,1787804219.522
1267,15.755,0.001334,0.0007805,2048,129989.65,1787804219.538
1268,17.396,0.001177,0.00078008,2048,117726.86,1787804219.555
1269,18.243,0.001422,0.00077966,2048,112264.7,1787804219.574
1270,15.128,0.000509,0.00077924,2048,135377.21,1787804219.589
1271,15.984,0.000955,0.00077882,2048,128124.92,1787804219.605
1272,15.832,0.001487,0.00077839,2048,129359.9,1787804219.621
1273,17.98,0.001392,0.00077797,2048,113905.61,1787804219.639
1274,18.376,0.000677,0.00077755,2048,111449.11,1787804219.658
1275,26.399,0.001001,0.00077712,2048,77578.7,1787804219.684
1276,31.602,0.000997,0.0007767,2048,64805.2,1787804219.716
1277,22.974,0.001485,0.00077627,2048,89142.7,1787804219.739
1278,16.563,0.000513,0.00077585,2048,123649.84,1787804219.756
1279,17.124,0.000623,0.00077542,2048,119601.72,1787804219.774
1280,16.538,0.000756,0.000775,2048,123835.27,1787804219.79
1281,19.244,0.000634,0.00077457,2048,106422.78,1787804219.81
1282,17.38,0.000875,0.00077415,2048,117835.24,1787804219.827
1283,17.731,0.000916,0.00077372,2048,115504.57,1787804219.845
1284,16.126,0.000743,0.0007733,2048,126999.09,1787804219.862
1285,20.068,0.000829,0.00077287,2048,102050.99,1787804219.881
1286,17.767,0.002489,0.00077244,2048,115271.18,1787804219.899
1287,15.715,0.000682,0.00077202,2048,130318.86,1787804219.915
1288,18.104,0.000892,0.00077159,2048,113127.3,1787804219.934
1289,16.671,0.002229,0.00077116,2048,122847.32,1787804219.95
1290,15.745,0.00081,0.00077074,2048,130073.04,1787804219.966
1291,16.562,0.001105,0.00077031,2048,123656.56,1787804219.983
1292,15.563,0.001344,0.00076988,2048,131590.78,1787804219.999
1293,15.202,0.001281,0.00076945,2048,134723.55,1787804220.014
1294,19.348,0.001249,0.00076902,2048,105851.83,1787804220.034
1295,16.838,0.001895,0.00076859,2048,121628.92,1787804220.051
1296,16.564,0.000706,0.00076816,2048,123641.63,1787804220.067
1297,17.047,0.000977,0.00076773,2048,120140.56,1787804220.085
1298,16.795,0.001515,0.00076731,2048,121941.05,1787804220.102
1299,16.619,0.001012,0.00076688,2048,123231.7,1787804220.119
1300,19.794,0.000846,0.00076644,2048,103464.13,1787804220.139
1301,15.172,0.000856,0.00076601,2048,134984.61,1787804220.154
1302,15.278,0.001928,0.00076558,2048,134050.71,1787804220.169
1303,15.124,0.000731,0.00076515,2048,135410.33,1787804220.185
1304,15.407,0.000552,0.00076472,2048,132929.18,1787804220.2
1305,15.201,0.000914,0.00076429,2048,134724.43,1787804220.216
1306,22.628,0.001268,0.00076386,2048,90506.94,1787804220.239
1307,16.218,0.00129,0.00076343,2048,126277.11,1787804220.255
1308,23.815,0.00058,0.00076299,2048,85995.14,1787804220.279
1309,24.713,0.000679,0.00076256,2048,82871.7,1787804220.304
1310,23.465,0.002325,0.00076213,2048,87277.81,1787804220.328
1311,19.468,0.002241,0.0007617,2048,105195.57,1787804220.347
1312,16.669,0.002101,0.00076126,2048,122862.8,1787804220.364
1313,17.669,0.00136,0.00076083,2048,115906.6,1787804220.382
1314,21.026,0.000601,0.00076039,2048,97404.61,1787804220.403
1315,15.496,0.001011,0.00075996,2048,132158.87,1787804220.419
1316,33.675,0.002098,0.00075953,2048,60816.99,1787804220.453
1317,19.889,0.001928,0.00075909,2048,102970.97,1787804220.473
1318,15.385,0.000667,0.00075866,2048,133114.08,1787804220.489
1319,15.408,0.000921,0.00075822,2048,132916.24,1787804220.504
1320,14.85,0.001378,0.00075779,2048,137909.67,1787804220.52
1321,16.499,0.00068,0.00075735,2048,124130.99,1787804220.536
1322,18.691,0.001513,0.00075692,2048,109570.28,1787804220.555
1323,16.082,0.001356,0.00075648,2048,127344.97,1787804220.571
1324,15.609,0.000655,0.00075604,2048,131205.51,1787804220.587
1325,15.595,0.001717,0.00075561,2048,131323.3,1787804220.603
1326,17.139,0.001174,0.00075517,2048,119496.34,1787804220.62
1327,18.247,0.001068,0.00075473,2048,112237.63,1787804220.639
1328,22.068,0.001384,0.0007543,2048,92804.9,1787804220.661
1329,15.691,0.000702,0.00075386,2048,130521.51,1787804220.677
1330,15.536,0.000621,0.00075342,2048,131822.86,1787804220.692
1331,15.237,0.001641,0.00075298,2048,134409.66,1787804220.708
1332,15.66,0.002367,0.00075254,2048,130782.4,1787804220.724
1333,20.049,0.00081,0.00075211,2048,102150.24,1787804220.744
1334,24.42,0.000669,0.00075167,2048,83866.37,1787804220.768
1335,19.934,0.001252,0.00075123,2048,102738.52,1787804220.789
1336,15.368,0.001668,0.00075079,2048,133267.39,1787804220.804
1337,16.542,0.000884,0.00075035,2048,123803.08,1787804220.821
1338,15.382,0.000743,0.00074991,2048,133140.9,1787804220.836
1339,19.305,0.000862,0.00074947,2048,106084.31,1787804220.855
1340,25.373,0.000769,0.00074903,2048,80715.08,1787804220.881
1341,16.667,0.001538,0.00074859,2048,122875.33,1787804220.897
1342,17.906,0.000723,0.00074815,2048,114376.99,1787804220.916
1343,22.163,0.001367,0.00074771,2048,92404.6,1787804220.938
1344,20.308,0.000825,0.00074727,2048,100845.96,1787804220.959
1345,15.203,0.000617,0.00074683,2048,134710.25,1787804220.974
1346,17.422,0.000877,0.00074638,2048,117552.52,1787804220.992
1347,17.748,0.000662,0.00074594,2048,115390.03,1787804221.009
1348,16.032,0.000521,0.0007455,2048,127743.71,1787804221.026
1349,16.155,0.000662,0.00074506,2048,126771.11,1787804221.042
1350,16.768,0.000562,0.00074462,2048,122138.13,1787804221.06
1351,16.597,0.000517,0.00074417,2048,123397.28,1787804221.076
1352,19.554,0.000656,0.00074373,2048,104734.0,1787804221.096
1353,30.244,0.000852,0.00074329,2048,67715.91,1787804221.127
1354,19.527,0.000563,0.00074284,2048,104880.96,1787804221.147
1355,17.16,0.000658,0.0007424,2048,119348.71,1787804221.164
1356,15.757,0.000642,0.00074196,2048,129969.86,1787804221.18
1357,16.009,0.000817,0.00074151,2048,127928.04,1787804221.196
1358,15.866,0.000668,0.00074107,2048,129084.31,1787804221.212
1359,15.967,0.001176,0.00074062,2048,128263.74,1787804221.228
1360,19.808,0.001568,0.00074018,2048,103392.57,1787804221.248
1361,16.367,0.001189,0.00073973,2048,125126.78,1787804221.264
1362,17.168,0.000935,0.00073929,2048,119291.01,1787804221.282
1363,15.458,0.000846,0.00073884,2048,132487.17,1787804221.297
1364,16.749,0.001356,0.0007384,2048,122279.61,1787804221.314
1365,16.761,0.00081,0.00073795,2048,122189.87,1787804221.331
1366,19.716,0.001114,0.0007375,2048,103877.66,1787804221.352
1367,16.545,0.001026,0.00073706,2048,123783.62,1787804221.369
1368,15.221,0.000909,0.00073661,2048,134547.41,1787804221.384
1369,19.318,0.001846,0.00073617,2048,106014.57,1787804221.404
1370,17.748,0.001703,0.00073572,2048,115393.93,1787804221.421
1371,17.124,0.001076,0.00073527,2048,119596.83,1787804221.439
1372,17.518,0.00057,0.00073482,2048,116909.66,1787804221.456
1373,16.886,0.001393,0.00073438,2048,121283.9,1787804221.473
1374,18.357,0.00099,0.00073393,2048,111563.25,1787804221.492
1375,19.77,0.001112,0.00073348,2048,103590.78,1787804221.512
1376,17.987,0.001008,0.00073303,2048,113861.28,1787804221.53
1377,19.904,0.000909,0.00073258,2048,102891.31,1787804221.55
1378,17.425,0.002202,0.00073213,2048,117530.93,1787804221.567
1379,16.631,0.001534,0.00073169,2048,123146.49,1787804221.584
1380,17.028,0.001944,0.00073124,2048,120275.32,1787804221.602
1381,24.953,0.001057,0.00073079,2048,82073.97,1787804221.627
1382,23.558,0.001682,0.00073034,2048,86935.11,1787804221.65
1383,16.921,0.001502,0.00072989,2048,121035.9,1787804221.668
1384,15.989,0.001066,0.00072944,2048,128084.06,1787804221.684
1385,15.956,0.001359,0.00072899,2048,128348.95,1787804221.7
1386,15.87,0.00091,0.00072854,2048,129045.27,1787804221.716
1387,16.159,0.001551,0.00072809,2048,126741.3,1787804221.732
1388,18.285,0.001879,0.00072763,2048,112004.99,1787804221.751
1389,18.215,0.001202,0.00072718,2048,112435.42,1787804221.769
1390,20.504,0.000612,0.00072673,2048,99883.92,1787804221.789
1391,18.647,0.001268,0.00072628,2048,109829.41,1787804221.808
1392,16.703,0.003092,0.00072583,2048,122611.97,1787804221.825
1393,17.343,0.001503,0.00072538,2048,118089.35,1787804221.843
1394,19.966,0.001261,0.00072492,2048,102573.86,1787804221.863
1395,21.664,0.00249,0.00072447,2048,94532.53,1787804221.885
1396,22.642,0.001898,0.00072402,2048,90449.78,1787804221.908
1397,30.614,0.000908,0.00072357,2048,66897.28,1787804221.938
1398,18.454,0.0012,0.00072311,2048,110979.25,1787804221.958
1399,16.785,0.001039,0.00072266,2048,122016.61,1787804221.974
1400,18.581,0.001115,0.00072221,2048,110219.52,1787804221.993
1401,19.444,0.000928,0.00072175,2048,105325.96,1787804222.012
1402,18.21,0.001016,0.0007213,2048,112468.15,1787804222.031
1403,15.973,0.00106,0.00072085,2048,128215.56,1787804222.047
1404,15.519,0.000514,0.00072039,2048,131967.27,1787804222.063
1405,15.65,0.000987,0.00071994,2048,130865.13,1787804222.079
1406,15.042,0.000821,0.00071948,2048,136149.39,1787804222.094
1407,14.557,0.000633,0.00071903,2048,140685.43,1787804222.109
1408,14.766,0.001019,0.00071857,2048,138699.82,1787804222.124
1409,15.463,0.00072,0.00071812,2048,132448.62,1787804222.139
1410,15.261,0.000718,0.00071766,2048,134201.8,1787804222.155
1411,15.004,0.000717,0.00071721,2048,136500.57,1787804222.17
1412,14.971,0.000803,0.00071675,2048,136799.64,1787804222.185
1413,15.062,0.000624,0.00071629,2048,135970.42,1787804222.2
1414,15.017,0.00062,0.00071584,2048,136381.5,1787804222.216
1415,15.81,0.000645,0.00071538,2048,129537.45,1787804222.231
1416,18.534,0.00062,0.00071493,2048,110500.82,1787804222.25
1417,20.501,0.000551,0.00071447,2048,99895.62,1787804222.271
1418,21.052,0.000692,0.00071401,2048,97281.53,1787804222.292
1419,20.389,0.000785,0.00071355,2048,100445.33,1787804222.313
1420,16.613,0.000777,0.0007131,2048,123273.24,1787804222.329
1421,15.876,0.00069,0.00071264,2048,129002.19,1787804222.346
1422,16.259,0.000606,0.00071218,2048,125963.33,1787804222.362
1423,16.083,0.000797,0.00071172,2048,127339.43,1787804222.378
1424,17.422,0.00067,0.00071127,2048,117549.15,1787804222.396
1425,18.678,0.000506,0.00071081,2048,109646.54,1787804222.415
1426,15.269,0.000805,0.00071035,2048,134125.34,1787804222.43
1427,15.885,0.000517,0.00070989,2048,128925.85,1787804222.446
1428,16.083,0.000662,0.00070943,2048,127335.47,1787804222.463
1429,15.541,0.000502,0.00070897,2048,131783.0,1787804222.478
1430,14.992,0.000775,0.00070851,2048,136604.37,1787804222.493
1431,14.787,0.000789,0.00070805,2048,138500.03,1787804222.508
1432,14.661,0.000731,0.00070759,2048,139692.24,1787804222.523
1433,14.687,0.000549,0.00070713,2048,139441.15,1787804222.538
1434,15.444,0.000586,0.00070667,2048,132606.42,1787804222.554
1435,15.335,0.000545,0.00070621,2048,133552.44,1787804222.569
1436,15.18,0.001305,0.00070575,2048,134912.58,1787804222.585
1437,15.71,0.000687,0.00070529,2048,130359.51,1787804222.6
1438,14.532,0.000545,0.00070483,2048,140930.36,1787804222.615
1439,17.166,0.000704,0.00070437,2048,119305.6,1787804222.632
1440,16.793,0.000553,0.00070391,2048,121951.95,1787804222.649
1441,17.926,0.000821,0.00070345,2048,114244.91,1787804222.668
1442,16.838,0.000825,0.00070299,2048,121628.2,1787804222.685
1443,16.603,0.00074,0.00070252,2048,123350.46,1787804222.701
1444,16.639,0.000829,0.00070206,2048,123082.1,1787804222.718
1445,15.03,0.000568,0.0007016,2048,136263.53,1787804222.733
1446,16.302,0.001184,0.00070114,2048,125629.53,1787804222.75
1447,16.187,0.000533,0.00070068,2048,126523.63,1787804222.766
1448,16.48,0.000623,0.00070021,2048,124274.86,1787804222.783
1449,15.854,0.000696,0.00069975,2048,129180.39,1787804222.799
1450,15.621,0.001074,0.00069929,2048,131105.56,1787804222.815
1451,15.171,0.00081,0.00069882,2048,134997.07,1787804222.83
1452,16.048,0.001299,0.00069836,2048,127613.17,1787804222.846
1453,17.158,0.001069,0.0006979,2048,119362.62,1787804222.864
1454,17.911,0.000637,0.00069743,2048,114340.59,1787804222.882
1455,18.308,0.00056,0.00069697,2048,111864.28,1787804222.9
1456,17.684,0.000641,0.00069651,2048,115807.63,1787804222.918
1457,16.367,0.001418,0.00069604,2048,125128.31,1787804222.935
1458,20.103,0.000754,0.00069558,2048,101876.36,1787804222.955
1459,16.421,0.000902,0.00069511,2048,124716.07,1787804222.972
1460,15.124,0.00064,0.00069465,2048,135416.6,1787804222.987
1461,14.694,0.000815,0.00069418,2048,139377.56,1787804223.002
1462,16.407,0.000634,0.00069372,2048,124821.73,1787804223.018
1463,20.478,0.000936,0.00069325,2048,100010.26,1787804223.039
1464,17.628,0.000608,0.00069279,2048,116180.12,1787804223.057
1465,20.173,0.001034,0.00069232,2048,101522.34,1787804223.077
1466,17.616,0.000537,0.00069186,2048,116259.93,1787804223.095
1467,15.223,0.000535,0.00069139,2048,134534.16,1787804223.11
1468,14.898,0.000631,0.00069092,2048,137466.27,1787804223.125
1469,15.997,0.000532,0.00069046,2048,128028.01,1787804223.141
1470,24.438,0.000588,0.00068999,2048,83803.91,1787804223.166
1471,16.123,0.001183,0.00068952,2048,127023.51,1787804223.182
1472,15.03,0.000706,0.00068906,2048,136258.09,1787804223.198
1473,15.056,0.001091,0.00068859,2048,136029.12,1787804223.214
1474,15.692,0.000543,0.00068812,2048,130510.7,1787804223.229
1475,16.3,0.000549,0.00068766,2048,125644.94,1787804223.246
1476,16.992,0.000542,0.00068719,2048,120525.89,1787804223.263
1477,17.764,0.000615,0.00068672,2048,115291.95,1787804223.281
1478,17.25,0.000705,0.00068625,2048,118723.95,1787804223.299
1479,16.491,0.000741,0.00068579,2048,124186.69,1787804223.315
1480,17.851,0.000478,0.00068532,2048,114726.82,1787804223.333
1481,16.812,0.000604,0.00068485,2048,121820.65,1787804223.35
1482,15.743,0.000801,0.00068438,2048,130085.43,1787804223.366
1483,21.843,0.000537,0.00068391,2048,93761.73,1787804223.388
1484,20.117,0.000501,0.00068344,2048,101803.43,1787804223.408
1485,19.569,0.000605,0.00068297,2048,104654.79,1787804223.428
1486,20.735,0.000902,0.00068251,2048,98768.29,1787804223.449
1487,21.519,0.000551,0.00068204,2048,95170.38,1787804223.471
1488,18.056,0.000652,0.00068157,2048,113426.16,1787804223.489
1489,18.692,0.000789,0.0006811,2048,109567.93,1787804223.508
1490,18.212,0.000593,0.00068063,2048,112451.48,1787804223.526
1491,17.227,0.000513,0.00068016,2048,118881.08,1787804223.544
1492,16.749,0.000722,0.00067969,2048,122276.69,1787804223.56
1493,16.975,0.000857,0.00067922,2048,120645.88,1787804223.578
1494,14.667,0.000455,0.00067875,2048,139637.95,1787804223.592
1495,14.612,0.000608,0.00067828,2048,140162.61,1787804223.607
1496,14.841,0.000648,0.00067781,2048,137996.09,1787804223.622
1497,16.385,0.000574,0.00067734,2048,124992.37,1787804223.639
1498,15.735,0.000811,0.00067687,2048,130158.19,1787804223.655
1499,16.497,0.000839,0.00067639,2048,124146.04,1787804223.671
1500,15.93,0.000677,0.00067592,2048,128560.04,1787804223.687
1501,14.992,0.000626,0.00067545,2048,136608.01,1787804223.703
1502,16.252,0.001213,0.00067498,2048,126016.04,1787804223.719
1503,16.451,0.000986,0.00067451,2048,124490.16,1787804223.736
1504,16.738,0.000847,0.00067404,2048,122354.12,1787804223.752
1505,17.038,0.000586,0.00067356,2048,120198.37,1787804223.77
1506,22.538,0.000754,0.00067309,2048,90867.95,1787804223.793
1507,22.31,0.000881,0.00067262,2048,91799.05,1787804223.815
1508,22.395,0.000818,0.00067215,2048,91450.62,1787804223.837
1509,28.478,0.001155,0.00067168,2048,71914.41,1787804223.866
1510,23.354,0.001323,0.0006712,2048,87693.38,1787804223.89
1511,20.141,0.001295,0.00067073,2048,101682.12,1787804223.91
1512,19.205,0.000762,0.00067026,2048,106640.01,1787804223.93
1513,15.152,0.001391,0.00066978,2048,135161.89,1787804223.945
1514,17.217,0.00324,0.00066931,2048,118955.65,1787804223.962
1515,21.567,0.000741,0.00066884,2048,94958.13,1787804223.984
1516,21.775,0.000807,0.00066836,2048,94053.68,1787804224.006
1517,24.393,0.001189,0.00066789,2048,83958.51,1787804224.031
1518,22.128,0.002554,0.00066742,2048,92550.75,1787804224.053
1519,21.783,0.000818,0.00066694,2048,94016.54,1787804224.075
1520,22.452,0.001337,0.00066647,2048,91218.85,1787804224.098
1521,17.885,0.001424,0.00066599,2048,114510.65,1787804224.115
1522,16.589,0.000888,0.00066552,2048,123457.53,1787804224.132
1523,16.934,0.00204,0.00066505,2048,120942.26,1787804224.15
1524,18.873,0.001215,0.00066457,2048,108514.23,1787804224.168
1525,22.035,0.000483,0.0006641,2048,92940.94,1787804224.191
1526,22.131,0.001806,0.00066362,2048,92538.2,1787804224.213
1527,17.061,0.001659,0.00066315,2048,120042.67,1787804224.23
1528,15.586,0.001739,0.00066267,2048,131396.6,1787804224.246
1529,17.269,0.001957,0.0006622,2048,118593.33,1787804224.264
1530,16.114,0.001439,0.00066172,2048,127096.03,1787804224.28
1531,18.2,0.000682,0.00066124,2048,112526.24,1787804224.298
1532,15.484,0.001257,0.00066077,2048,132268.13,1787804224.314
1533,15.845,0.002542,0.00066029,2048,129248.05,1787804224.33
1534,16.583,0.001323,0.00065982,2048,123502.2,1787804224.347
1535,16.237,0.000873,0.00065934,2048,126133.23,1787804224.363
1536,17.172,0.001721,0.00065886,2048,119266.7,1787804224.381
1537,15.771,0.000865,0.00065839,2048,129861.07,1787804224.397
1538,17.316,0.000736,0.00065791,2048,118271.44,1787804224.414
1539,14.939,0.001577,0.00065744,2048,137087.17,1787804224.429
1540,15.677,0.001191,0.00065696,2048,130636.41,1787804224.445
1541,16.824,0.000683,0.00065648,2048,121731.58,1787804224.462
1542,17.382,0.000495,0.000656,2048,117825.75,1787804224.48
1543,17.044,0.001497,0.00065553,2048,120156.06,1787804224.497
1544,15.306,0.001831,0.00065505,2048,133800.24,1787804224.512
1545,15.873,0.000865,0.00065457,2048,129028.19,1787804224.528
1546,15.475,0.000756,0.0006541,2048,132340.78,1787804224.544
1547,15.282,0.000822,0.00065362,2048,134018.26,1787804224.559
1548,16.518,0.001267,0.00065314,2048,123987.46,1787804224.576
1549,16.196,0.001312,0.00065266,2048,126452.54,1787804224.592
1550,15.426,0.000948,0.00065218,2048,132759.43,1787804224.608
1551,15.223,0.00088,0.00065171,2048,134537.69,1787804224.623
1552,15.623,0.000702,0.00065123,2048,131085.42,1787804224.639
1553,16.09,0.000644,0.00065075,2048,127282.45,1787804224.656
1554,19.249,0.001315,0.00065027,2048,106392.37,1787804224.675
1555,24.973,0.000475,0.00064979,2048,82008.57,1787804224.7
1556,16.373,0.000592,0.00064931,2048,125083.98,1787804224.717
1557,16.375,0.000695,0.00064884,2048,125066.41,1787804224.733
1558,15.829,0.000505,0.00064836,2048,129386.87,1787804224.749
1559,17.223,0.000444,0.00064788,2048,118907.31,1787804224.767
1560,15.429,0.000808,0.0006474,2048,132736.19,1787804224.782
1561,16.935,0.000896,0.00064692,2048,120929.41,1787804224.799
1562,17.609,0.000507,0.00064644,2048,116306.14,1787804224.817
1563,16.254,0.000561,0.00064596,2048,125999.75,1787804224.834
1564,16.258,0.000718,0.00064548,2048,125968.75,1787804224.85
1565,15.657,0.000555,0.000645,2048,130803.28,1787804224.866
1566,14.797,0.000775,0.00064452,2048,138401.76,1787804224.88
1567,17.373,0.000652,0.00064404,2048,117885.43,1787804224.898
1568,15.646,0.000799,0.00064356,2048,130896.08,1787804224.914
1569,16.704,0.000516,0.00064308,2048,122603.16,1787804224.931
1570,15.716,0.000663,0.0006426,2048,130314.72,1787804224.946
1571,16.622,0.000749,0.00064212,2048,123212.43,1787804224.963
1572,18.218,0.000646,0.00064164,2048,112415.06,1787804224.982
1573,15.33,0.000834,0.00064116,2048,133590.77,1787804224.997
1574,15.206,0.000761,0.00064068,2048,134680.14,1787804225.013
1575,15.331,0.000751,0.0006402,2048,133589.03,1787804225.028
1576,16.406,0.001037,0.00063972,2048,124836.18,1787804225.045
1577,16.023,0.000718,0.00063923,2048,127818.66,1787804225.061
1578,16.944,0.000695,0.00063875,2048,120871.6,1787804225.078
1579,15.168,0.000739,0.00063827,2048,135023.77,1787804225.093
1580,15.179,0.001725,0.00063779,2048,134919.69,1787804225.109
1581,16.347,0.000804,0.00063731,2048,125282.93,1787804225.125
1582,15.639,0.000897,0.00063683,2048,130958.01,1787804225.141
1583,15.284,0.000712,0.00063635,2048,133994.58,1787804225.156
1584,17.957,0.000495,0.00063586,2048,114048.96,1787804225.174
1585,17.349,0.000723,0.00063538,2048,118049.87,1787804225.192
1586,16.555,0.000488,0.0006349,2048,123706.61,1787804225.209
1587,16.085,0.001267,0.00063442,2048,127322.01,1787804225.225
1588,16.228,0.000536,0.00063394,2048,126204.74,1787804225.242
1589,23.222,0.001899,0.00063345,2048,88192.99,1787804225.265
1590,16.951,0.000588,0.00063297,2048,120821.68,1787804225.282
1591,17.111,0.000725,0.00063249,2048,119688.39,1787804225.299
1592,16.362,0.000958,0.00063201,2048,125165.78,1787804225.316
1593,15.698,0.000787,0.00063152,2048,130464.14,1787804225.332
1594,20.885,0.000671,0.00063104,2048,98063.16,1787804225.353
1595,16.707,0.001014,0.00063056,2048,122581.88,1787804225.37
1596,17.79,0.001103,0.00063007,2048,115120.21,1787804225.388
1597,20.155,0.000896,0.00062959,2048,101613.01,1787804225.408
1598,22.051,0.000781,0.00062911,2048,92873.92,1787804225.431
1599,16.88,0.001258,0.00062863,2048,121330.61,1787804225.448
1600,23.993,0.000643,0.00062814,2048,85359.3,1787804225.472
1601,25.869,0.001213,0.00062766,2048,79166.89,1787804225.498
1602,48.889,0.001552,0.00062717,2048,41890.99,1787804225.548
1603,17.646,0.001516,0.00062669,2048,116058.32,1787804225.566
1604,20.115,0.00055,0.00062621,2048,101815.58,1787804225.586
1605,22.098,0.000844,0.00062572,2048,92676.39,1787804225.609
1606,21.972,0.001918,0.00062524,2048,93211.24,1787804225.631
1607,21.736,0.000878,0.00062476,2048,94222.0,1787804225.653
1608,20.33,0.00151,0.00062427,2048,100738.82,1787804225.673
1609,16.8,0.000855,0.00062379,2048,121902.59,1787804225.69
1610,14.716,0.001193,0.0006233,2048,139166.36,1787804225.705
1611,19.477,0.002548,0.00062282,2048,105148.04,1787804225.725
1612,22.148,0.001863,0.00062233,2048,92468.43,1787804225.747
1613,16.444,0.001838,0.00062185,2048,124540.88,1787804225.764
1614,18.428,0.00166,0.00062137,2048,111132.21,1787804225.782
1615,16.037,0.001715,0.00062088,2048,127708.66,1787804225.798
1616,15.43,0.000549,0.0006204,2048,132725.87,1787804225.814
1617,15.116,0.001835,0.00061991,2048,135481.99,1787804225.829
1618,15.066,0.000904,0.00061943,2048,135938.83,1787804225.845
1619,15.196,0.001068,0.00061894,2048,134770.53,1787804225.86
1620,16.364,0.001083,0.00061846,2048,125152.01,1787804225.876
1621,17.514,0.001804,0.00061797,2048,116935.69,1787804225.894
1622,22.496,0.00116,0.00061749,2048,91039.62,1787804225.917
1623,21.722,0.001008,0.000617,2048,94284.03,1787804225.939
1624,21.442,0.001139,0.00061651,2048,95515.26,1787804225.96
1625,21.576,0.000718,0.00061603,2048,94922.04,1787804225.982
1626,26.005,0.000808,0.00061554,2048,78754.69,1787804226.008
1627,21.391,0.001223,0.00061506,2048,95741.2,1787804226.03
1628,20.856,0.000531,0.00061457,2048,98196.69,1787804226.051
1629,17.036,0.000486,0.00061409,2048,120213.19,1787804226.068
1630,16.849,0.001037,0.0006136,2048,121551.68,1787804226.085
1631,24.237,0.000808,0.00061311,2048,84499.95,1787804226.109
1632,17.016,0.000679,0.00061263,2048,120357.31,1787804226.126
1633,17.666,0.000687,0.00061214,2048,115929.56,1787804226.144
1634,15.201,0.000934,0.00061166,2048,134724.43,1787804226.159
1635,15.783,0.000798,0.00061117,2048,129755.76,1787804226.175
1636,16.187,0.000538,0.00061068,2048,126522.06,1787804226.192
1637,15.177,0.000654,0.0006102,2048,134944.59,1787804226.207
1638,15.584,0.00101,0.00060971,2048,131414.31,1787804226.223
1639,15.408,0.000679,0.00060922,2048,132915.38,1787804226.238
1640,16.741,0.000521,0.00060874,2048,122335.12,1787804226.255
1641,18.284,0.000758,0.00060825,2048,112009.28,1787804226.274
1642,23.298,0.0013,0.00060776,2048,87904.54,1787804226.297
1643,15.352,0.001334,0.00060728,2048,133406.29,1787804226.313
1644,15.031,0.000656,0.00060679,2048,136249.03,1787804226.328
1645,15.068,0.001109,0.0006063,2048,135920.78,1787804226.343
1646,14.815,0.001047,0.00060582,2048,138240.14,1787804226.358
1647,15.969,0.000956,0.00060533,2048,128252.5,1787804226.374
1648,20.401,0.000826,0.00060484,2048,100385.76,1787804226.395
1649,23.855,0.000673,0.00060435,2048,85853.46,1787804226.419
1650,17.064,0.001645,0.00060387,2048,120015.94,1787804226.436
1651,17.193,0.000617,0.00060338,2048,119115.47,1787804226.453
1652,17.224,0.00169,0.00060289,2048,118905.24,1787804226.471
1653,17.197,0.000975,0.0006024,2048,119088.46,1787804226.488
1654,17.938,0.000594,0.00060192,2048,114171.03,1787804226.506
1655,17.712,0.000875,0.00060143,2048,115630.43,1787804226.524
1656,17.132,0.001287,0.00060094,2048,119543.77,1787804226.541
1657,17.158,0.000956,0.00060045,2048,119360.54,1787804226.559
1658,16.886,0.000958,0.00059997,2048,121286.06,1787804226.576
1659,19.605,0.001462,0.00059948,2048,104461.55,1787804226.596
1660,17.063,0.001107,0.00059899,2048,120029.3,1787804226.613
1661,16.481,0.000872,0.0005985,2048,124263.55,1787804226.629
1662,17.037,0.000844,0.00059801,2048,120211.07,1787804226.647
1663,16.992,0.000843,0.00059753,2048,120528.73,1787804226.664
1664,17.683,0.000694,0.00059704,2048,115820.73,1787804226.682
1665,17.696,0.000701,0.00059655,2048,115734.33,1787804226.7
1666,17.573,0.00083,0.00059606,2048,116539.11,1787804226.717
1667,16.616,0.000648,0.00059557,2048,123250.99,1787804226.735
1668,15.617,0.000877,0.00059508,2048,131140.82,1787804226.751
1669,16.023,0.000919,0.0005946,2048,127813.07,1787804226.766
1670,16.859,0.001069,0.00059411,2048,121479.58,1787804226.783
1671,15.956,0.00086,0.00059362,2048,128348.95,1787804226.8
1672,16.304,0.000663,0.00059313,2048,125612.58,1787804226.816
1673,16.401,0.000526,0.00059264,2048,124868.15,1787804226.833
1674,14.615,0.000655,0.00059215,2048,140130.96,1787804226.847
1675,14.845,0.000647,0.00059166,2048,137955.19,1787804226.863
1676,14.812,0.000585,0.00059118,2048,138269.07,1787804226.878
1677,18.326,0.000638,0.00059069,2048,111755.62,1787804226.897
1678,14.825,0.000455,0.0005902,2048,138145.96,1787804226.912
1679,14.805,0.000859,0.00058971,2048,138331.65,1787804226.927
1680,15.038,0.000517,0.00058922,2048,136184.7,1787804226.942
1681,15.607,0.000871,0.00058873,2048,131222.33,1787804226.958
1682,16.433,0.000627,0.00058824,2048,124623.48,1787804226.974
1683,18.1,0.000752,0.00058775,2048,113147.92,1787804226.992
1684,22.5,0.000656,0.00058726,2048,91021.01,1787804227.015
1685,19.868,0.000588,0.00058677,2048,103080.85,1787804227.035
1686,17.971,0.000412,0.00058629,2048,113960.75,1787804227.053
1687,15.741,0.000622,0.0005858,2048,130109.4,1787804227.069
1688,21.564,0.000716,0.00058531,2048,94975.31,1787804227.091
1689,15.92,0.000552,0.00058482,2048,128641.6,1787804227.107
1690,15.881,0.000496,0.00058433,2048,128962.38,1787804227.123
1691,15.51,0.000629,0.00058384,2048,132041.29,1787804227.139
1692,16.601,0.000827,0.00058335,2048,123366.81,1787804227.156
1693,16.645,0.000848,0.00058286,2048,123040.69,1787804227.172
1694,16.647,0.000725,0.00058237,2048,123023.69,1787804227.189
1695,24.962,0.000538,0.00058188,2048,82043.39,1787804227.214
1696,22.068,0.000549,0.00058139,2048,92804.48,1787804227.237
1697,21.852,0.00067,0.0005809,2048,93723.11,1787804227.259
1698,22.266,0.000579,0.00058041,2048,91978.39,1787804227.281
1699,19.109,0.000625,0.00057992,2048,107176.87,1787804227.3
1700,18.048,0.000839,0.00057943,2048,113475.18,1787804227.319
1701,17.446,0.00058,0.00057894,2048,117388.79,1787804227.336
1702,19.239,0.000488,0.00057845,2048,106452.65,1787804227.356
1703,15.309,0.000488,0.00057796,2048,133777.52,1787804227.371
1704,16.04,0.000883,0.00057747,2048,127677.61,1787804227.387
1705,19.733,0.000475,0.00057698,2048,103786.06,1787804227.407
1706,17.378,0.000672,0.00057649,2048,117848.8,1787804227.425
1707,17.912,0.000565,0.000576,2048,114336.12,1787804227.443
1708,17.122,0.001309,0.00057551,2048,119614.29,1787804227.46
1709,17.353,0.000651,0.00057502,2048,118019.26,1787804227.477
1710,17.583,0.000434,0.00057453,2048,116475.48,1787804227.495
1711,17.023,0.000476,0.00057404,2048,120304.29,1787804227.513
1712,17.463,0.000423,0.00057355,2048,117273.17,1787804227.53
1713,15.973,0.000534,0.00057306,2048,128216.37,1787804227.546
1714,15.295,0.00071,0.00057257,2048,133898.22,1787804227.562
1715,15.395,0.00045,0.00057208,2048,133027.61,1787804227.577
1716,24.712,0.000752,0.00057159,2048,82874.05,1787804227.602
1717,17.778,0.000508,0.0005711,2048,115197.91,1787804227.621
1718,15.827,0.000732,0.00057061,2048,129399.13,1787804227.636
1719,19.244,0.000661,0.00057012,2048,106423.89,1787804227.656
1720,17.256,0.000628,0.00056963,2048,118685.42,1787804227.673
1721,16.126,0.000557,0.00056914,2048,126999.09,1787804227.689
1722,18.973,0.000535,0.00056865,2048,107944.0,1787804227.708
1723,20.043,0.000794,0.00056816,2048,102178.78,1787804227.729
1724,16.19,0.00056,0.00056767,2048,126496.28,1787804227.745
1725,15.838,0.000605,0.00056718,2048,129312.52,1787804227.761
1726,16.511,0.000754,0.00056669,2048,124036.27,1787804227.778
1727,25.939,0.000967,0.0005662,2048,78953.25,1787804227.804
1728,45.618,0.001416,0.0005657,2048,44894.07,1787804227.85
1729,15.517,0.000608,0.00056521,2048,131983.42,1787804227.866
1730,15.658,0.000735,0.00056472,2048,130795.76,1787804227.881
1731,16.597,0.00047,0.00056423,2048,123395.05,1787804227.898
1732,15.945,0.000596,0.00056374,2048,128441.52,1787804227.914
1733,16.025,0.000629,0.00056325,2048,127801.11,1787804227.93
1734,15.104,0.000554,0.00056276,2048,135595.02,1787804227.946
1735,15.874,0.000756,0.00056227,2048,129017.63,1787804227.962
1736,15.867,0.000738,0.00056178,2048,129075.36,1787804227.978
1737,17.248,0.000684,0.00056129,2048,118736.34,1787804227.995
1738,29.906,0.000916,0.0005608,2048,68480.55,1787804228.025
1739,21.958,0.000625,0.00056031,2048,93269.39,1787804228.047
1740,15.924,0.000906,0.00055982,2048,128608.48,1787804228.063
1741,16.375,0.000897,0.00055933,2048,125065.65,1787804228.08
1742,18.166,0.000607,0.00055884,2048,112738.08,1787804228.098
1743,16.464,0.000684,0.00055834,2048,124390.35,1787804228.116
1744,17.058,0.001159,0.00055785,2048,120058.86,1787804228.133
1745,26.103,0.000833,0.00055736,2048,78458.11,1787804228.159
1746,23.46,0.000534,0.00055687,2048,87299.39,1787804228.183
1747,19.312,0.000755,0.00055638,2048,106049.15,1787804228.202
1748,21.566,0.002106,0.00055589,2048,94962.97,1787804228.224
1749,19.373,0.001626,0.0005554,2048,105716.32,1787804228.244
1750,17.346,0.001092,0.00055491,2048,118064.84,1787804228.261
1751,17.397,0.002524,0.00055442,2048,117724.15,1787804228.279
1752,19.339,0.000786,0.00055393,2048,105899.99,1787804228.298
1753,16.831,0.000551,0.00055344,2048,121679.51,1787804228.315
1754,14.571,0.002431,0.00055295,2048,140557.01,1787804228.33
1755,15.366,0.00235,0.00055245,2048,133284.74,1787804228.345
1756,15.239,0.000698,0.00055196,2048,134394.67,1787804228.361
1757,14.991,0.000645,0.00055147,2048,136611.66,1787804228.376
1758,18.368,0.000847,0.00055098,2048,111499.47,1787804228.395
1759,23.269,0.000933,0.00055049,2048,88012.58,1787804228.418
1760,21.664,0.001103,0.00055,2048,94535.58,1787804228.44
1761,18.815,0.00075,0.00054951,2048,108847.01,1787804228.459
1762,17.64,0.000634,0.00054902,2048,116100.43,1787804228.476
1763,17.379,0.000944,0.00054853,2048,117843.37,1787804228.494
1764,17.503,0.001069,0.00054804,2048,117010.52,1787804228.512
1765,17.182,0.002142,0.00054755,2048,119191.04,1787804228.529
1766,17.312,0.001119,0.00054705,2048,118298.76,1787804228.547
1767,17.608,0.000806,0.00054656,2048,116314.07,1787804228.564
1768,17.075,0.001007,0.00054607,2048,119944.24,1787804228.582
1769,16.886,0.000702,0.00054558,2048,121286.06,1787804228.598
1770,16.724,0.000972,0.00054509,2048,122460.21,1787804228.615
1771,17.105,0.002047,0.0005446,2048,119731.07,1787804228.633
1772,17.642,0.001174,0.00054411,2048,116085.3,1787804228.65
1773,16.979,0.001357,0.00054362,2048,120623.14,1787804228.667
1774,17.008,0.001288,0.00054313,2048,120411.09,1787804228.685
1775,17.41,0.001254,0.00054264,2048,117634.9,1787804228.702
1776,17.101,0.001174,0.00054215,2048,119761.18,1787804228.72
1777,17.054,0.001219,0.00054166,2048,120089.13,1787804228.737
1778,17.238,0.000714,0.00054116,2048,118810.73,1787804228.754
1779,17.193,0.001261,0.00054067,2048,119121.02,1787804228.772
1780,17.211,0.002061,0.00054018,2048,118994.36,1787804228.789
1781,18.588,0.000503,0.00053969,2048,110179.2,1787804228.808
1782,18.106,0.00071,0.0005392,2048,113109.8,1787804228.826
1783,16.972,0.001271,0.00053871,2048,120671.47,1787804228.844
1784,17.075,0.001371,0.00053822,2048,119942.14,1787804228.861
1785,16.854,0.001035,0.00053773,2048,121512.02,1787804228.878
1786,16.447,0.001438,0.00053724,2048,124524.22,1787804228.894
1787,17.609,0.000986,0.00053675,2048,116304.82,1787804228.912
1788,16.866,0.000894,0.00053626,2048,121426.28,1787804228.929
1789,16.454,0.002717,0.00053577,2048,124467.46,1787804228.946
1790,18.141,0.000941,0.00053528,2048,112891.58,1787804228.964
1791,15.516,0.001437,0.00053479,2048,131988.53,1787804228.98
1792,16.426,0.001747,0.0005343,2048,124681.14,1787804228.996
1793,21.585,0.000606,0.0005338,2048,94879.83,1787804229.018
1794,19.401,0.000865,0.00053331,2048,105559.94,1787804229.038
1795,23.574,0.000776,0.00053282,2048,86875.37,1787804229.062
1796,20.146,0.001062,0.00053233,2048,101657.9,1787804229.082
1797,18.481,0.000924,0.00053184,2048,110814.12,1787804229.1
1798,16.498,0.001086,0.00053135,2048,124133.25,1787804229.117
1799,15.259,0.00117,0.00053086,2048,134215.87,1787804229.133
1800,15.274,0.001002,0.00053037,2048,134084.06,1787804229.148
1801,15.19,0.000773,0.00052988,2048,134821.99,1787804229.164
1802,14.839,0.00116,0.00052939,2048,138010.97,1787804229.179
1803,15.416,0.0013,0.0005289,2048,132852.43,1787804229.194
1804,15.877,0.00078,0.00052841,2048,128991.62,1787804229.21
1805,15.657,0.000769,0.00052792,2048,130803.28,1787804229.226
1806,15.733,0.000826,0.00052743,2048,130169.77,1787804229.242
1807,15.181,0.00082,0.00052694,2048,134904.59,1787804229.257
1808,15.174,0.000525,0.00052645,2048,134965.04,1787804229.273
1809,15.642,0.000616,0.00052596,2048,130932.9,1787804229.288
1810,19.081,0.000659,0.00052547,2048,107333.03,1787804229.308
1811,17.076,0.000636,0.00052498,2048,119934.41,1787804229.325
1812,16.689,0.00117,0.00052449,2048,122715.56,1787804229.342
1813,16.487,0.000816,0.000524,2048,124218.33,1787804229.358
1814,15.841,0.000967,0.00052351,2048,129282.32,1787804229.374
1815,16.006,0.000656,0.00052302,2048,127952.82,1787804229.391
1816,18.393,0.000616,0.00052253,2048,111344.29,1787804229.41
1817,25.002,0.000592,0.00052204,2048,81913.45,1787804229.435
1818,18.088,0.000788,0.00052155,2048,113222.99,1787804229.453
1819,17.509,0.000761,0.00052106,2048,116968.42,1787804229.471
1820,19.792,0.000506,0.00052057,2048,103474.58,1787804229.491
1821,15.609,0.000955,0.00052008,2048,131206.36,1787804229.507
1822,23.022,0.001685,0.00051959,2048,88956.46,1787804229.53
1823,15.006,0.000932,0.0005191,2048,136475.1,1787804229.545
1824,15.31,0.001897,0.00051861,2048,133767.03,1787804229.56
1825,16.715,0.000486,0.00051812,2048,122521.75,1787804229.577
1826,15.383,0.000745,0.00051763,2048,133131.38,1787804229.592
1827,15.972,0.000784,0.00051714,2048,128220.38,1787804229.609
1828,16.088,0.000646,0.00051665,2048,127302.23,1787804229.625
1829,24.211,0.0006,0.00051616,2048,84588.6,1787804229.649
1830,29.507,0.001444,0.00051567,2048,69407.96,1787804229.679
1831,29.765,0.000604,0.00051518,2048,68804.72,1787804229.709
1832,27.056,0.001043,0.00051469,2048,75693.74,1787804229.736
1833,15.723,0.000641,0.0005142,2048,130252.56,1787804229.752
1834,16.041,0.000608,0.00051371,2048,127672.04,1787804229.769
1835,15.215,0.000626,0.00051323,2048,134603.12,1787804229.784
1836,16.178,0.000587,0.00051274,2048,126595.58,1787804229.801
1837,19.664,0.000622,0.00051225,2048,104147.6,1787804229.821
1838,26.627,0.002216,0.00051176,2048,76914.7,1787804229.848
1839,15.903,0.00114,0.00051127,2048,128783.16,1787804229.864
1840,15.169,0.001058,0.00051078,2048,135011.31,1787804229.879
1841,16.028,0.000849,0.00051029,2048,127779.58,1787804229.895
1842,16.491,0.000828,0.0005098,2048,124191.21,1787804229.912
1843,19.879,0.000772,0.00050931,2048,103021.22,1787804229.932
1844,15.394,0.000889,0.00050882,2048,133037.98,1787804229.947
1845,14.914,0.001098,0.00050834,2048,137322.48,1787804229.962
1846,15.678,0.001267,0.00050785,2048,130633.07,1787804229.978
1847,15.708,0.000581,0.00050736,2048,130377.77,1787804229.994
1848,15.524,0.000877,0.00050687,2048,131926.46,1787804230.01
1849,15.051,0.00156,0.00050638,2048,136067.98,1787804230.025
1850,18.537,0.001051,0.00050589,2048,110484.72,1787804230.044
1851,15.739,0.000767,0.0005054,2048,130120.14,1787804230.06
1852,14.757,0.000431,0.00050492,2048,138786.3,1787804230.075
1853,14.764,0.001235,0.00050443,2048,138712.04,1787804230.09
1854,16.621,0.000628,0.00050394,2048,123214.65,1787804230.106
1855,17.774,0.000691,0.00050345,2048,115223.19,1787804230.124
1856,16.932,0.000542,0.00050296,2048,120951.55,1787804230.141
1857,15.27,0.000474,0.00050247,2048,134116.55,1787804230.156
1858,15.479,0.000506,0.00050199,2048,132309.14,1787804230.172
1859,15.568,0.00114,0.0005015,2048,131553.59,1787804230.188
1860,16.146,0.001096,0.00050101,2048,126844.13,1787804230.204
1861,17.862,0.000736,0.00050052,2048,114659.38,1787804230.222
1862,16.793,0.00051,0.00050003,2048,121957.76,1787804230.239
1863,16.849,0.000745,0.00049955,2048,121551.68,1787804230.256
1864,15.109,0.000486,0.00049906,2048,135545.66,1787804230.272
1865,14.877,0.000677,0.00049857,2048,137659.39,1787804230.287
1866,14.981,0.001315,0.00049808,2048,136701.93,1787804230.302
1867,16.649,0.000523,0.0004976,2048,123013.35,1787804230.319
1868,15.774,0.00078,0.00049711,2048,129831.43,1787804230.334
1869,15.439,0.000664,0.00049662,2048,132646.78,1787804230.35
1870,15.242,0.001057,0.00049613,2048,134361.16,1787804230.365
1871,16.322,0.000584,0.00049565,2048,125474.05,1787804230.382
1872,16.527,0.000664,0.00049516,2048,123919.94,1787804230.399
1873,20.301,0.000889,0.00049467,2048,100882.72,1787804230.419
1874,19.22,0.000689,0.00049418,2048,106554.56,1787804230.439
1875,17.562,0.000779,0.0004937,2048,116614.76,1787804230.456
1876,17.55,0.000561,0.00049321,2048,116693.16,1787804230.474
1877,16.409,0.000633,0.00049272,2048,124807.27,1787804230.491
1878,17.156,0.000727,0.00049224,2048,119377.23,1787804230.508
1879,20.439,0.000529,0.00049175,2048,100199.13,1787804230.529
1880,17.557,0.000466,0.00049126,2048,116651.95,1787804230.546
1881,16.412,0.000711,0.00049078,2048,124787.5,1787804230.563
1882,16.93,0.000605,0.00049029,2048,120965.12,1787804230.58
1883,16.043,0.000519,0.0004898,2048,127656.13,1787804230.597
1884,17.412,0.000745,0.00048932,2048,117621.38,1787804230.614
1885,17.103,0.000606,0.00048883,2048,119747.87,1787804230.631
1886,16.762,0.001058,0.00048834,2048,122178.21,1787804230.648
1887,17.956,0.000708,0.00048786,2048,114059.12,1787804230.666
1888,17.721,0.000764,0.00048737,2048,115570.4,1787804230.684
1889,18.076,0.00169,0.00048689,2048,113298.78,1787804230.702
1890,16.929,0.0007,0.0004864,2048,120973.7,1787804230.719
1891,23.616,0.000555,0.00048591,2048,86719.77,1787804230.743
1892,17.836,0.000553,0.00048543,2048,114824.59,1787804230.761
1893,16.465,0.000433,0.00048494,2048,124388.08,1787804230.778
1894,16.357,0.001163,0.00048446,2048,125205.57,1787804230.794
1895,16.455,0.000567,0.00048397,2048,124459.14,1787804230.811
1896,17.159,0.000394,0.00048349,2048,119354.27,1787804230.828
1897,15.483,0.000545,0.000483,2048,132274.96,1787804230.844
1898,16.334,0.000979,0.00048251,2048,125383.4,1787804230.86
1899,15.26,0.001108,0.00048203,2048,134210.6,1787804230.876
1900,15.84,0.001413,0.00048154,2048,129294.56,1787804230.892
1901,15.294,0.000683,0.00048106,2048,133906.1,1787804230.907
1902,15.631,0.000917,0.00048057,2048,131017.5,1787804230.923
1903,17.027,0.000793,0.00048009,2048,120277.44,1787804230.94
1904,16.782,0.000633,0.0004796,2048,122038.42,1787804230.957
1905,17.484,0.000634,0.00047912,2048,117138.35,1787804230.975
1906,16.164,0.000645,0.00047863,2048,126703.66,1787804230.991
1907,14.79,0.000644,0.00047815,2048,138470.07,1787804231.006
1908,15.711,0.000585,0.00047767,2048,130355.36,1787804231.022
1909,16.444,0.00174,0.00047718,2048,124543.15,1787804231.039
1910,16.159,0.000711,0.0004767,2048,126739.73,1787804231.055
1911,16.297,0.000645,0.00047621,2048,125667.3,1787804231.071
1912,17.409,0.000971,0.00047573,2048,117640.3,1787804231.089
1913,14.96,0.000676,0.00047524,2048,136898.4,1787804231.104
1914,16.07,0.000624,0.00047476,2048,127439.27,1787804231.12
1915,16.604,0.000885,0.00047428,2048,123343.03,1787804231.137
1916,16.195,0.001241,0.00047379,2048,126461.13,1787804231.154
1917,15.224,0.000756,0.00047331,2048,134527.09,1787804231.169
1918,15.396,0.000763,0.00047283,2048,133018.11,1787804231.184
1919,15.2,0.000472,0.00047234,2048,134736.84,1787804231.2
1920,15.301,0.000782,0.00047186,2048,133848.34,1787804231.215
1921,16.303,0.001402,0.00047137,2048,125622.59,1787804231.232
1922,15.518,0.000701,0.00047089,2048,131978.32,1787804231.247
1923,14.877,0.000633,0.00047041,2048,137664.01,1787804231.262
1924,15.139,0.000922,0.00046993,2048,135280.63,1787804231.278
1925,14.971,0.000644,0.00046944,2048,136795.98,1787804231.293
1926,15.793,0.000872,0.00046896,2048,129674.42,1787804231.309
1927,22.691,0.001734,0.00046848,2048,90255.25,1787804231.332
1928,14.671,0.000609,0.00046799,2048,139597.02,1787804231.347
1929,14.555,0.000576,0.00046751,2048,140703.79,1787804231.362
1930,14.806,0.000482,0.00046703,2048,138323.24,1787804231.376
1931,15.442,0.001103,0.00046655,2048,132624.45,1787804231.392
1932,19.428,0.000858,0.00046606,2048,105417.04,1787804231.412
1933,19.712,0.00082,0.00046558,2048,103897.69,1787804231.432
1934,16.8,0.000703,0.0004651,2048,121902.59,1787804231.449
1935,16.647,0.000951,0.00046462,2048,123028.13,1787804231.465
1936,16.844,0.000598,0.00046414,2048,121587.04,1787804231.482
1937,17.277,0.000645,0.00046365,2048,118539.1,1787804231.5
1938,17.677,0.000658,0.00046317,2048,115856.76,1787804231.518
1939,16.654,0.000642,0.00046269,2048,122972.72,1787804231.535
1940,16.372,0.000692,0.00046221,2048,125092.38,1787804231.551
1941,15.638,0.000466,0.00046173,2048,130962.2,1787804231.567
1942,18.062,0.000632,0.00046125,2048,113387.85,1787804231.585
1943,16.138,0.000828,0.00046077,2048,126904.65,1787804231.602
1944,19.378,0.000994,0.00046028,2048,105684.68,1787804231.621
1945,16.87,0.000864,0.0004598,2048,121402.53,1787804231.639
1946,15.208,0.000522,0.00045932,2048,134669.51,1787804231.654
1947,16.141,0.000559,0.00045884,2048,126881.07,1787804231.67
1948,14.578,0.001341,0.00045836,2048,140481.81,1787804231.685
1949,14.805,0.000762,0.00045788,2048,138336.32,1787804231.7
1950,14.868,0.00059,0.0004574,2048,137741.79,1787804231.715
1951,17.902,0.000413,0.00045692,2048,114398.07,1787804231.733
1952,17.669,0.00104,0.00045644,2048,115906.6,1787804231.751
1953,15.89,0.000837,0.00045596,2048,128882.85,1787804231.767
1954,20.336,0.00068,0.00045548,2048,100707.11,1787804231.787
1955,17.35,0.000755,0.000455,2048,118043.07,1787804231.805
1956,16.993,0.000722,0.00045452,2048,120518.8,1787804231.822
1957,17.372,0.000631,0.00045404,2048,117893.57,1787804231.84
1958,15.457,0.000458,0.00045356,2048,132493.18,1787804231.855
1959,15.006,0.000428,0.00045308,2048,136476.92,1787804231.87
1960,14.995,0.000498,0.0004526,2048,136576.13,1787804231.885
1961,15.991,0.000417,0.00045212,2048,128071.24,1787804231.902
1962,15.517,0.000583,0.00045164,2048,131986.83,1787804231.917
1963,16.648,0.00066,0.00045116,2048,123014.09,1787804231.935
1964,23.447,0.000809,0.00045069,2048,87345.18,1787804231.958
1965,20.349,0.00036,0.00045021,2048,100645.25,1787804231.978
1966,17.156,0.000499,0.00044973,2048,119375.84,1787804231.996
1967,15.114,0.000594,0.00044925,2048,135506.2,1787804232.011
1968,20.965,0.000513,0.00044877,2048,97684.29,1787804232.032
1969,21.643,0.000709,0.00044829,2048,94628.19,1787804232.054
1970,14.931,0.000459,0.00044782,2048,137159.7,1787804232.069
1971,15.532,0.000387,0.00044734,2048,131855.11,1787804232.085
1972,15.204,0.00049,0.00044686,2048,134697.85,1787804232.1
1973,15.494,0.000353,0.00044638,2048,132181.91,1787804232.116
1974,17.504,0.000574,0.0004459,2048,117002.5,1787804232.133
1975,16.351,0.000677,0.00044543,2048,125256.11,1787804232.15
1976,15.379,0.00054,0.00044495,2048,133168.61,1787804232.165
1977,15.677,0.000388,0.00044447,2048,130637.24,1787804232.181
1978,17.185,0.000562,0.000444,2048,119171.62,1787804232.199
1979,16.02,0.001168,0.00044352,2048,127842.59,1787804232.215
1980,17.516,0.000421,0.00044304,2048,116920.34,1787804232.232
1981,15.878,0.000402,0.00044256,2048,128984.31,1787804232.249
1982,15.007,0.000395,0.00044209,2048,136466.92,1787804232.264
1983,16.29,0.000643,0.00044161,2048,125721.3,1787804232.28
1984,14.768,0.000628,0.00044114,2048,138675.41,1787804232.295
1985,16.153,0.000446,0.00044066,2048,126785.24,1787804232.312
1986,19.556,0.000467,0.00044018,2048,104725.43,1787804232.331
1987,16.908,0.000748,0.00043971,2048,121128.96,1787804232.348
1988,15.763,0.000483,0.00043923,2048,129927.8,1787804232.364
1989,15.349,0.000434,0.00043876,2048,133431.5,1787804232.38
1990,15.567,0.00044,0.00043828,2048,131556.97,1787804232.395
1991,16.379,0.000329,0.0004378,2048,125035.1,1787804232.412
1992,16.804,0.000366,0.00043733,2048,121878.65,1787804232.429
1993,17.445,0.00049,0.00043685,2048,117395.52,1787804232.447
1994,16.04,0.000568,0.00043638,2048,127681.59,1787804232.463
1995,16.037,0.000547,0.0004359,2048,127707.87,1787804232.479
1996,16.832,0.000448,0.00043543,2048,121673.0,1787804232.496
1997,16.406,0.000459,0.00043495,2048,124829.33,1787804232.513
1998,16.358,0.000487,0.00043448,2048,125200.21,1787804232.529
1999,15.632,0.00053,0.00043401,2048,131016.66,1787804232.545
2000,15.169,0.000501,0.00043353,2048,135013.09,1787804232.56
2001,15.345,0.000544,0.00043306,2048,133461.06,1787804232.576
2002,15.059,0.000789,0.00043258,2048,135998.41,1787804232.591
2003,14.949,0.000559,0.00043211,2048,136995.46,1787804232.606
2004,15.102,0.000633,0.00043164,2048,135612.97,1787804232.621
2005,25.204,0.00041,0.00043116,2048,81255.98,1787804232.647
2006,18.971,0.000548,0.00043069,2048,107952.54,1787804232.666
2007,16.003,0.000463,0.00043022,2048,127977.6,1787804232.682
2008,15.337,0.000493,0.00042974,2048,133535.03,1787804232.698
2009,15.533,0.000727,0.00042927,2048,131847.47,1787804232.713
2010,16.019,0.000552,0.0004288,2048,127848.18,1787804232.729
2011,16.638,0.000556,0.00042832,2048,123088.76,1787804232.746
2012,15.398,0.000621,0.00042785,2048,133003.42,1787804232.762
2013,15.388,0.000617,0.00042738,2048,133092.45,1787804232.777
2014,15.582,0.000484,0.00042691,2048,131430.33,1787804232.793
2015,15.186,0.00045,0.00042644,2048,134856.62,1787804232.809
2016,15.243,0.000866,0.00042596,2048,134355.87,1787804232.824
2017,15.762,0.001359,0.00042549,2048,129935.22,1787804232.84
2018,15.546,0.000408,0.00042502,2048,131737.22,1787804232.855
2019,15.849,0.000486,0.00042455,2048,129222.77,1787804232.872
2020,15.877,0.000362,0.00042408,2048,128987.56,1787804232.888
2021,15.844,0.000687,0.00042361,2048,129258.66,1787804232.904
2022,15.925,0.000759,0.00042313,2048,128598.79,1787804232.92
2023,17.407,0.0006,0.00042266,2048,117655.85,1787804232.938
2024,17.652,0.000494,0.00042219,2048,116019.53,1787804232.956
2025,16.41,0.000563,0.00042172,2048,124798.91,1787804232.972
2026,16.688,0.000464,0.00042125,2048,122719.24,1787804232.99
2027,22.292,0.000499,0.00042078,2048,91872.76,1787804233.012
2028,19.035,0.000425,0.00042031,2048,107592.97,1787804233.031
2029,16.704,0.000539,0.00041984,2048,122605.36,1787804233.048
2030,15.708,0.0007,0.00041937,2048,130376.94,1787804233.064
2031,14.861,0.000559,0.0004189,2048,137806.67,1787804233.079
2032,15.01,0.000488,0.00041843,2048,136441.46,1787804233.094
2033,15.315,0.000438,0.00041796,2048,133727.73,1787804233.11
2034,15.131,0.000873,0.00041749,2048,135346.79,1787804233.125
2035,15.759,0.000567,0.00041703,2048,129958.31,1787804233.141
2036,15.68,0.001501,0.00041656,2048,130615.58,1787804233.157
2037,15.709,0.000413,0.00041609,2048,130369.46,1787804233.173
2038,15.3,0.000683,0.00041562,2048,133852.71,1787804233.188
2039,14.856,0.000486,0.00041515,2048,137859.54,1787804233.203
2040,16.004,0.000662,0.00041468,2048,127968.81,1787804233.219
2041,17.124,0.000531,0.00041421,2048,119598.22,1787804233.237
2042,16.824,0.000621,0.00041375,2048,121730.14,1787804233.254
2043,16.033,0.000415,0.00041328,2048,127734.95,1787804233.27
2044,16.011,0.000415,0.00041281,2048,127914.46,1787804233.286
2045,14.842,0.00047,0.00041234,2048,137989.58,1787804233.301
2046,14.91,0.000675,0.00041188,2048,137362.08,1787804233.316
2047,15.163,0.000643,0.00041141,2048,135061.17,1787804233.331
2048,16.415,0.000886,0.00041094,2048,124762.42,1787804233.347
2049,15.417,0.000579,0.00041048,2048,132843.82,1787804233.363
2050,14.924,0.000371,0.00041001,2048,137232.3,1787804233.378
2051,16.636,0.000517,0.00040954,2048,123108.0,1787804233.395
2052,34.121,0.000693,0.00040908,2048,60022.39,1787804233.429
2053,17.035,0.000723,0.00040861,2048,120220.25,1787804233.446
2054,17.263,0.000667,0.00040814,2048,118637.29,1787804233.464
2055,16.653,0.000491,0.00040768,2048,122983.8,1787804233.481
2056,17.865,0.000468,0.00040721,2048,114640.13,1787804233.499
2057,17.271,0.000646,0.00040675,2048,118580.28,1787804233.516
2058,17.323,0.000552,0.00040628,2048,118222.96,1787804233.534
2059,17.417,0.000678,0.00040582,2048,117586.94,1787804233.551
2060,18.005,0.00047,0.00040535,2048,113747.44,1787804233.569
2061,18.239,0.00049,0.00040489,2048,112289.32,1787804233.588
2062,21.187,0.000742,0.00040442,2048,96663.05,1787804233.609
2063,21.119,0.000495,0.00040396,2048,96972.45,1787804233.63
2064,17.498,0.000399,0.00040349,2048,117042.62,1787804233.649
2065,26.327,0.000521,0.00040303,2048,77791.16,1787804233.675
2066,15.561,0.000452,0.00040257,2048,131611.92,1787804233.691
2067,15.11,0.000565,0.0004021,2048,135542.97,1787804233.706
2068,17.477,0.000407,0.00040164,2048,117185.27,1787804233.724
2069,18.118,0.000751,0.00040118,2048,113035.51,1787804233.742
2070,23.828,0.000603,0.00040071,2048,85950.75,1787804233.766
2071,15.323,0.000431,0.00040025,2048,133657.91,1787804233.782
2072,14.605,0.000427,0.00039979,2048,140222.11,1787804233.796
2073,15.333,0.000438,0.00039932,2048,133570.73,1787804233.812
2074,14.556,0.000675,0.00039886,2048,140697.99,1787804233.827
2075,15.548,0.000684,0.0003984,2048,131720.27,1787804233.842
2076,16.725,0.000524,0.00039794,2048,122453.62,1787804233.859
2077,16.509,0.000524,0.00039748,2048,124055.8,1787804233.876
2078,15.185,0.000428,0.00039701,2048,134868.16,1787804233.891
2079,16.264,0.000471,0.00039655,2048,125919.96,1787804233.908
2080,16.0,0.000465,0.00039609,2048,128001.6,1787804233.924
2081,16.126,0.000731,0.00039563,2048,126997.51,1787804233.94
2082,22.363,0.000464,0.00039517,2048,91578.2,1787804233.963
2083,17.324,0.00035,0.00039471,2048,118219.55,1787804233.98
2084,14.807,0.000457,0.00039425,2048,138309.22,1787804233.995
2085,14.907,0.000433,0.00039379,2048,137387.89,1787804234.01
2086,15.422,0.00041,0.00039333,2048,132799.03,1787804234.026
2087,16.183,0.000632,0.00039287,2048,126552.55,1787804234.042
2088,17.364,0.000483,0.00039241,2048,117943.14,1787804234.06
2089,15.56,0.000521,0.00039195,2048,131617.84,1787804234.076
2090,15.941,0.000381,0.00039149,2048,128472.14,1787804234.091
2091,16.265,0.000487,0.00039103,2048,125912.22,1787804234.108
2092,15.349,0.000474,0.00039057,2048,133426.28,1787804234.124
2093,15.785,0.0004,0.00039011,2048,129740.14,1787804234.139
2094,18.076,0.000418,0.00038965,2048,113298.15,1787804234.158
2095,22.247,0.000424,0.00038919,2048,92056.94,1787804234.18
2096,16.587,0.000341,0.00038873,2048,123467.95,1787804234.197
2097,16.48,0.000504,0.00038828,2048,124271.84,1787804234.214
2098,15.246,0.000488,0.00038782,2048,134326.79,1787804234.229
2099,18.667,0.000934,0.00038736,2048,109711.15,1787804234.247
2100,24.595,0.000401,0.0003869,2048,83268.96,1787804234.273
2101,15.218,0.000445,0.00038645,2048,134577.47,1787804234.288
2102,14.547,0.000347,0.00038599,2048,140784.07,1787804234.303
2103,15.19,0.000331,0.00038553,2048,134826.43,1787804234.318
2104,14.803,0.000471,0.00038507,2048,138350.33,1787804234.333
2105,15.226,0.00043,0.00038462,2048,134502.35,1787804234.349
2106,15.847,0.000389,0.00038416,2048,129237.45,1787804234.365
2107,15.532,0.000346,0.00038371,2048,131857.66,1787804234.38
2108,17.391,0.00156,0.00038325,2048,117760.71,1787804234.398
2109,21.635,0.000317,0.00038279,2048,94662.74,1787804234.42
2110,20.588,0.000431,0.00038234,2048,99474.94,1787804234.44
2111,17.669,0.000764,0.00038188,2048,115907.25,1787804234.458
2112,17.531,0.000334,0.00038143,2048,116820.3,1787804234.476
2113,17.194,0.000348,0.00038097,2048,119108.55,1787804234.493
2114,17.815,0.000336,0.00038052,2048,114962.53,1787804234.511
2115,17.617,0.000392,0.00038006,2048,116248.71,1787804234.529
2116,16.933,0.000345,0.00037961,2048,120947.98,1787804234.546
2117,18.33,0.00041,0.00037915,2048,111728.19,1787804234.565
2118,17.315,0.000533,0.0003787,2048,118278.27,1787804234.582
2119,17.064,0.000616,0.00037825,2048,120019.46,1787804234.599
2120,15.511,0.00035,0.00037779,2048,132032.78,1787804234.615
2121,15.565,0.000498,0.00037734,2048,131574.72,1787804234.631
2122,15.691,0.000503,0.00037689,2048,130518.18,1787804234.647
2123,16.911,0.000516,0.00037643,2048,121107.47,1787804234.664
2124,16.705,0.000362,0.00037598,2048,122600.96,1787804234.681
2125,15.966,0.000572,0.00037553,2048,128269.37,1787804234.697
2126,15.976,0.00053,0.00037508,2048,128192.29,1787804234.713
2127,16.396,0.000486,0.00037462,2048,124910.8,1787804234.73
2128,16.694,0.00044,0.00037417,2048,122676.6,1787804234.747
2129,16.338,0.000579,0.00037372,2048,125349.64,1787804234.763
2130,14.912,0.000736,0.00037327,2048,137338.13,1787804234.778
2131,18.34,0.000494,0.00037282,2048,111667.88,1787804234.797
2132,15.648,0.000638,0.00037237,2048,130881.02,1787804234.812
2133,19.746,0.000955,0.00037191,2048,103719.31,1787804234.832
2134,20.846,0.000529,0.00037146,2048,98242.38,1787804234.853
2135,17.929,0.000489,0.00037101,2048,114230.89,1787804234.871
2136,15.573,0.000546,0.00037056,2048,131509.66,1787804234.887
2137,15.762,0.000392,0.00037011,2048,129934.4,1787804234.903
2138,15.562,0.000384,0.00036966,2048,131605.16,1787804234.919
2139,15.533,0.000531,0.00036921,2048,131850.02,1787804234.934
2140,15.661,0.000725,0.00036876,2048,130772.37,1787804234.95
2141,17.014,0.000652,0.00036831,2048,120375.0,1787804234.967
2142,16.476,0.000454,0.00036787,2048,124303.52,1787804234.984
2143,15.87,0.000576,0.00036742,2048,129045.27,1787804235.0
2144,15.621,0.000573,0.00036697,2048,131102.21,1787804235.016
2145,15.571,0.000593,0.00036652,2048,131530.78,1787804235.032
2146,15.904,0.000594,0.00036607,2048,128775.06,1787804235.048
2147,16.402,0.000511,0.00036562,2048,124865.87,1787804235.064
2148,15.858,0.000551,0.00036518,2048,129147.8,1787804235.08
2149,15.159,0.000581,0.00036473,2048,135104.82,1787804235.096
2150,14.888,0.000574,0.00036428,2048,137563.22,1787804235.111
2151,14.363,0.000727,0.00036383,2048,142587.6,1787804235.126
2152,15.909,0.00088,0.00036339,2048,128735.4,1787804235.142
2153,18.836,0.000543,0.00036294,2048,108726.24,1787804235.161
2154,16.264,0.000542,0.0003625,2048,125919.96,1787804235.177
2155,15.257,0.000528,0.00036205,2048,134235.23,1787804235.193
2156,15.309,0.000617,0.0003616,2048,133781.01,1787804235.208
2157,15.882,0.000502,0.00036116,2048,128954.26,1787804235.224
2158,16.757,0.000518,0.00036071,2048,122218.31,1787804235.241
2159,17.7,0.00082,0.00036027,2048,115706.87,1787804235.259
2160,15.892,0.000606,0.00035982,2048,128871.49,1787804235.275
2161,15.42,0.000543,0.00035938,2048,132812.8,1787804235.291
2162,15.675,0.000412,0.00035893,2048,130658.07,1787804235.307
2163,15.891,0.00039,0.00035849,2048,128875.55,1787804235.323
2164,15.445,0.000799,0.00035804,2048,132600.41,1787804235.338
2165,15.785,0.000848,0.0003576,2048,129740.96,1787804235.354
2166,16.238,0.000835,0.00035716,2048,126121.58,1787804235.371
2167,15.922,0.001384,0.00035671,2048,128628.67,1787804235.387
2168,16.715,0.000946,0.00035627,2048,122526.14,1787804235.403
2169,19.613,0.000548,0.00035583,2048,104417.88,1787804235.423
2170,16.381,0.000603,0.00035538,2048,125021.37,1787804235.44
2171,15.662,0.000495,0.00035494,2048,130764.86,1787804235.456
2172,18.045,0.000638,0.0003545,2048,113492.16,1787804235.474
2173,18.458,0.000739,0.00035406,2048,110955.2,1787804235.492
2174,14.919,0.001314,0.00035362,2048,137278.3,1787804235.508
2175,14.886,0.000451,0.00035317,2048,137577.09,1787804235.523
2176,15.104,0.001019,0.00035273,2048,135594.12,1787804235.538
2177,15.291,0.000424,0.00035229,2048,133932.37,1787804235.553
2178,15.865,0.000435,0.00035185,2048,129091.63,1787804235.569
2179,15.038,0.000561,0.00035141,2048,136190.13,1787804235.585
2180,14.956,0.000449,0.00035097,2048,136938.67,1787804235.6
2181,14.728,0.00044,0.00035053,2048,139058.64,1787804235.615
2182,15.099,0.000563,0.00035009,2048,135639.92,1787804235.63
2183,15.192,0.00051,0.00034965,2048,134805.13,1787804235.645
2184,20.006,0.000343,0.00034921,2048,102370.82,1787804235.665
2185,15.418,0.000412,0.00034877,2048,132835.2,1787804235.681
2186,15.85,0.000625,0.00034833,2048,129208.91,1787804235.697
2187,15.217,0.000466,0.00034789,2048,134585.43,1787804235.712
2188,16.081,0.000968,0.00034746,2048,127352.1,1787804235.729
2189,15.263,0.00065,0.00034702,2048,134178.06,1787804235.744
2190,20.162,0.000539,0.00034658,2048,101578.74,1787804235.764
2191,15.156,0.000416,0.00034614,2048,135129.79,1787804235.779
2192,15.396,0.000516,0.0003457,2048,133018.11,1787804235.794
2193,15.61,0.000666,0.00034527,2048,131197.95,1787804235.81
2194,15.407,0.000433,0.00034483,2048,132923.14,1787804235.826
2195,15.567,0.000463,0.00034439,2048,131558.66,1787804235.841
2196,17.413,0.000587,0.00034396,2048,117610.58,1787804235.86
2197,19.827,0.000512,0.00034352,2048,103292.45,1787804235.88
2198,23.301,0.000542,0.00034308,2048,87893.22,1787804235.903
2199,18.419,0.000577,0.00034265,2048,111187.72,1787804235.922
2200,15.392,0.000542,0.00034221,2048,133059.59,1787804235.937
2201,15.357,0.001192,0.00034178,2048,133361.98,1787804235.953
2202,18.206,0.000479,0.00034134,2048,112487.92,1787804235.971
2203,16.275,0.000554,0.00034091,2048,125838.72,1787804235.988
2204,15.191,0.000498,0.00034047,2048,134814.0,1787804236.003
2205,15.806,0.000613,0.00034004,2048,129567.77,1787804236.019
2206,15.958,0.000591,0.00033961,2048,128338.49,1787804236.035
2207,16.068,0.000723,0.00033917,2048,127455.92,1787804236.052
2208,15.743,0.000638,0.00033874,2048,130089.56,1787804236.067
2209,16.373,0.00039,0.0003383,2048,125081.69,1787804236.084
2210,15.208,0.000791,0.00033787,2048,134669.51,1787804236.099
2211,15.051,0.000643,0.00033744,2048,136068.88,1787804236.115
2212,18.684,0.000634,0.00033701,2048,109611.33,1787804236.133
2213,20.348,0.000497,0.00033657,2048,100650.2,1787804236.154
2214,23.498,0.000573,0.00033614,2048,87157.84,1787804236.178
2215,15.839,0.000639,0.00033571,2048,129300.28,1787804236.194
2216,16.144,0.001462,0.00033528,2048,126858.28,1787804236.21
2217,15.223,0.000465,0.00033485,2048,134533.27,1787804236.226
2218,15.085,0.000488,0.00033442,2048,135759.5,1787804236.241
2219,16.012,0.000436,0.00033399,2048,127904.07,1787804236.257
2220,18.585,0.000639,0.00033356,2048,110195.21,1787804236.276
2221,15.589,0.000521,0.00033312,2048,131374.69,1787804236.292
2222,16.33,0.000442,0.00033269,2048,125413.35,1787804236.308
2223,15.702,0.000418,0.00033227,2048,130432.57,1787804236.324
2224,15.183,0.000327,0.00033184,2048,134887.7,1787804236.339
2225,15.244,0.000977,0.00033141,2048,134344.41,1787804236.354
2226,17.497,0.000663,0.00033098,2048,117047.97,1787804236.372
2227,17.496,0.000783,0.00033055,2048,117053.99,1787804236.39
2228,16.329,0.000669,0.00033012,2048,125421.8,1787804236.406
2229,16.849,0.000526,0.00032969,2048,121552.4,1787804236.423
2230,18.066,0.000509,0.00032926,2048,113360.23,1787804236.442
2231,17.255,0.000435,0.00032884,2048,118690.92,1787804236.459
2232,24.394,0.001056,0.00032841,2048,83956.45,1787804236.483
2233,25.303,0.000426,0.00032798,2048,80938.06,1787804236.509
2234,16.545,0.000529,0.00032756,2048,123782.87,1787804236.526
2235,15.458,0.000523,0.00032713,2048,132488.03,1787804236.541
2236,15.315,0.000722,0.0003267,2048,133723.36,1787804236.557
2237,18.059,0.000457,0.00032628,2048,113407.94,1787804236.575
2238,15.408,0.000551,0.00032585,2048,132916.24,1787804236.591
2239,14.728,0.000463,0.00032543,2048,139051.09,1787804236.606
2240,15.294,0.000608,0.000325,2048,133909.6,1787804236.621
2241,16.558,0.000711,0.00032458,2048,123686.44,1787804236.638
2242,15.794,0.00051,0.00032415,2048,129668.67,1787804236.654
2243,19.055,0.000439,0.00032373,2048,107479.48,1787804236.673
2244,15.978,0.001057,0.0003233,2048,128173.03,1787804236.689
2245,16.366,0.000621,0.00032288,2048,125136.72,1787804236.706
2246,15.432,0.000464,0.00032245,2048,132712.97,1787804236.721
2247,15.835,0.000542,0.00032203,2048,129337.02,1787804236.737
2248,15.197,0.000719,0.00032161,2048,134764.33,1787804236.753
2249,17.118,0.000596,0.00032118,2048,119640.84,1787804236.77
2250,15.569,0.000469,0.00032076,2048,131545.99,1787804236.786
2251,15.118,0.000939,0.00032034,2048,135468.55,1787804236.801
2252,15.138,0.001186,0.00031992,2048,135291.36,1787804236.816
2253,15.118,0.000848,0.0003195,2048,135463.17,1787804236.832
2254,15.16,0.000513,0.00031907,2048,135092.35,1787804236.847
2255,16.19,0.000501,0.00031865,2048,126500.96,1787804236.863
2256,16.343,0.000627,0.00031823,2048,125313.59,1787804236.88
2257,16.834,0.000519,0.00031781,2048,121655.66,1787804236.897
2258,17.363,0.00077,0.00031739,2048,117950.61,1787804236.914
2259,20.885,0.000588,0.00031697,2048,98060.34,1787804236.935
2260,19.786,0.000767,0.00031655,2048,103510.15,1787804236.955
2261,23.751,0.000852,0.00031613,2048,86229.4,1787804236.979
2262,16.35,0.001303,0.00031571,2048,125262.24,1787804236.996
2263,15.409,0.000601,0.00031529,2048,132911.93,1787804237.011
2264,14.898,0.000585,0.00031488,2048,137469.04,1787804237.026
2265,17.16,0.000825,0.00031446,2048,119349.41,1787804237.044
2266,14.817,0.00072,0.00031404,2048,138219.61,1787804237.059
2267,17.063,0.000466,0.00031362,2048,120025.79,1787804237.076
2268,18.018,0.000639,0.0003132,2048,113666.64,1787804237.094
2269,21.342,0.000544,0.00031279,2048,95961.02,1787804237.116
2270,15.564,0.001097,0.00031237,2048,131588.25,1787804237.131
2271,14.987,0.000458,0.00031195,2048,136649.94,1787804237.147
2272,14.837,0.000374,0.00031154,2048,138034.23,1787804237.162
2273,17.356,0.000601,0.00031112,2048,117996.82,1787804237.179
2274,16.323,0.000419,0.0003107,2048,125463.29,1787804237.196
2275,17.319,0.000984,0.00031029,2048,118248.9,1787804237.213
2276,16.735,0.00087,0.00030987,2048,122376.79,1787804237.23
2277,16.036,0.000388,0.00030946,2048,127716.63,1787804237.246
2278,16.033,0.000433,0.00030904,2048,127732.56,1787804237.262
2279,17.235,0.000679,0.00030863,2048,118825.9,1787804237.28
2280,19.905,0.000517,0.00030822,2048,102890.79,1787804237.3
2281,16.302,0.000372,0.0003078,2048,125627.99,1787804237.316
2282,15.644,0.000448,0.00030739,2048,130909.46,1787804237.332
2283,15.356,0.000482,0.00030697,2048,133363.72,1787804237.348
2284,16.135,0.000506,0.00030656,2048,126932.18,1787804237.364
2285,16.795,0.000327,0.00030615,2048,121937.42,1787804237.381
2286,15.723,0.000299,0.00030574,2048,130251.73,1787804237.397
2287,19.654,0.000546,0.00030532,2048,104201.12,1787804237.417
2288,22.188,0.001368,0.00030491,2048,92301.31,1787804237.44
2289,17.3,0.00075,0.0003045,2048,118382.19,1787804237.457
2290,17.607,0.000491,0.00030409,2048,116315.39,1787804237.475
2291,17.968,0.000374,0.00030368,2048,113981.04,1787804237.493
2292,16.791,0.000357,0.00030327,2048,121973.73,1787804237.51
2293,19.11,0.000351,0.00030286,2048,107170.14,1787804237.529
2294,16.653,0.000363,0.00030245,2048,122978.63,1787804237.546
2295,18.47,0.00034,0.00030204,2048,110883.11,1787804237.565
2296,17.341,0.000327,0.00030163,2048,118101.61,1787804237.582
2297,18.099,0.000396,0.00030122,2048,113153.55,1787804237.601
2298,16.602,0.000603,0.00030081,2048,123358.63,1787804237.617
2299,16.792,0.000462,0.0003004,2048,121960.66,1787804237.634
2300,16.565,0.000346,0.00029999,2048,123631.18,1787804237.651
2301,16.786,0.000503,0.00029959,2048,122006.43,1787804237.668
2302,19.42,0.000399,0.00029918,2048,105460.46,1787804237.688
2303,16.637,0.000504,0.00029877,2048,123097.64,1787804237.704
2304,17.606,0.000452,0.00029836,2048,116325.96,1787804237.722
2305,17.831,0.000639,0.00029796,2048,114853.57,1787804237.74
2306,17.172,0.000329,0.00029755,2048,119263.92,1787804237.758
2307,17.342,0.000391,0.00029714,2048,118097.52,1787804237.775
2308,15.882,0.000422,0.00029674,2048,128954.26,1787804237.791
2309,15.276,0.00049,0.00029633,2048,134070.02,1787804237.807
2310,15.325,0.000398,0.00029593,2048,133636.97,1787804237.822
2311,15.34,0.000491,0.00029552,2048,133509.78,1787804237.838
2312,15.175,0.00061,0.00029512,2048,134962.37,1787804237.853
2313,15.288,0.000647,0.00029471,2048,133959.52,1787804237.868
2314,19.841,0.00037,0.00029431,2048,103220.08,1787804237.888
2315,17.133,0.000533,0.0002939,2048,119538.19,1787804237.905
2316,15.859,0.000452,0.0002935,2048,129136.4,1787804237.921
2317,15.887,0.00055,0.0002931,2048,128912.86,1787804237.938
2318,16.799,0.000398,0.0002927,2048,121914.2,1787804237.955
2319,16.881,0.000412,0.00029229,2048,121318.39,1787804237.972
2320,18.32,0.000596,0.00029189,2048,111789.17,1787804237.99
2321,17.795,0.000758,0.00029149,2048,115091.1,1787804238.008
2322,15.993,0.000318,0.00029109,2048,128060.03,1787804238.024
2323,20.001,0.000512,0.00029069,2048,102393.86,1787804238.044
2324,16.0,0.000378,0.00029028,2048,127997.6,1787804238.061
2325,17.396,0.000532,0.00028988,2048,117727.54,1787804238.078
2326,19.188,0.000406,0.00028948,2048,106731.71,1787804238.098
2327,15.366,0.000419,0.00028908,2048,133284.74,1787804238.114
2328,16.058,0.000439,0.00028868,2048,127540.06,1787804238.13
2329,15.826,0.000388,0.00028828,2048,129406.49,1787804238.146
2330,15.613,0.000493,0.00028789,2048,131170.22,1787804238.162
2331,15.8,0.000535,0.00028749,2048,129616.97,1787804238.177
2332,16.345,0.000416,0.00028709,2048,125301.32,1787804238.194
2333,15.043,0.001,0.00028669,2048,136145.77,1787804238.209
2334,15.236,0.000545,0.00028629,2048,134415.84,1787804238.225
2335,15.357,0.000372,0.00028589,2048,133359.38,1787804238.24
2336,15.539,0.000425,0.0002855,2048,131794.02,1787804238.256
2337,15.616,0.000385,0.0002851,2048,131147.54,1787804238.272
2338,19.567,0.000462,0.0002847,2048,104666.55,1787804238.291
2339,15.546,0.000542,0.00028431,2048,131741.46,1787804238.307
2340,15.309,0.000439,0.00028391,2048,133781.01,1787804238.323
2341,15.571,0.000547,0.00028351,2048,131528.24,1787804238.338
2342,15.543,0.000499,0.00028312,2048,131765.19,1787804238.354
2343,15.456,0.000449,0.00028272,2048,132501.75,1787804238.37
2344,18.056,0.000399,0.00028233,2048,113424.9,1787804238.388
2345,16.742,0.000568,0.00028194,2048,122327.08,1787804238.405
2346,17.34,0.000955,0.00028154,2048,118111.14,1787804238.422
2347,17.241,0.000481,0.00028115,2048,118783.17,1787804238.44
2348,15.375,0.000397,0.00028075,2048,133205.85,1787804238.455
2349,15.59,0.001013,0.00028036,2048,131365.42,1787804238.471
2350,17.131,0.000573,0.00027997,2048,119552.84,1787804238.488
2351,18.449,0.000519,0.00027958,2048,111008.13,1787804238.507
2352,17.749,0.000586,0.00027918,2048,115386.78,1787804238.525
2353,32.942,0.000414,0.00027879,2048,62170.44,1787804238.558
2354,24.635,0.000626,0.0002784,2048,83134.77,1787804238.583
2355,15.682,0.000512,0.00027801,2048,130598.09,1787804238.599
2356,15.141,0.000582,0.00027762,2048,135264.55,1787804238.614
2357,16.325,0.000324,0.00027723,2048,125450.22,1787804238.631
2358,15.092,0.000504,0.00027684,2048,135701.03,1787804238.646
2359,15.258,0.000587,0.00027645,2048,134223.79,1787804238.662
2360,16.309,0.001445,0.00027606,2048,125577.92,1787804238.678
2361,19.653,0.000784,0.00027567,2048,104210.66,1787804238.697
2362,18.855,0.000444,0.00027528,2048,108618.98,1787804238.716
2363,16.646,0.000903,0.00027489,2048,123031.08,1787804238.733
2364,17.849,0.001105,0.0002745,2048,114742.25,1787804238.751
2365,19.241,0.000576,0.00027411,2048,106439.37,1787804238.771
2366,15.699,0.000554,0.00027373,2048,130450.85,1787804238.787
2367,16.181,0.000564,0.00027334,2048,126571.33,1787804238.803
2368,15.274,0.000532,0.00027295,2048,134087.58,1787804238.818
2369,15.13,0.000763,0.00027257,2048,135362.0,1787804238.834
2370,15.35,0.0009,0.00027218,2048,133422.8,1787804238.849
2371,15.373,0.000692,0.00027179,2048,133216.25,1787804238.865
2372,16.372,0.00089,0.00027141,2048,125094.68,1787804238.881
2373,15.501,0.000433,0.00027102,2048,132122.21,1787804238.897
2374,15.205,0.000587,0.00027064,2048,134695.19,1787804238.913
2375,15.804,0.000422,0.00027025,2048,129587.45,1787804238.929
2376,21.134,0.000515,0.00026987,2048,96906.38,1787804238.95
2377,17.634,0.000465,0.00026948,2048,116139.28,1787804238.968
2378,17.278,0.00051,0.0002691,2048,118533.61,1787804238.985
2379,18.365,0.00042,0.00026872,2048,111514.04,1787804239.004
2380,17.17,0.000587,0.00026833,2048,119279.2,1787804239.021
2381,15.442,0.000465,0.00026795,2048,132627.03,1787804239.037
2382,15.34,0.000602,0.00026757,2048,133503.69,1787804239.052
2383,18.741,0.000632,0.00026719,2048,109276.79,1787804239.071
2384,20.55,0.000458,0.00026681,2048,99658.88,1787804239.092
2385,17.705,0.000395,0.00026642,2048,115673.54,1787804239.11
2386,18.053,0.001113,0.00026604,2048,113444.38,1787804239.128
2387,16.706,0.000529,0.00026566,2048,122592.15,1787804239.145
2388,15.436,0.000621,0.00026528,2048,132674.28,1787804239.161
2389,15.804,0.000523,0.0002649,2048,129586.63,1787804239.177
2390,26.496,0.00051,0.00026452,2048,77294.39,1787804239.203
2391,19.839,0.000694,0.00026414,2048,103232.57,1787804239.223
2392,16.2,0.000395,0.00026376,2048,126420.53,1787804239.24
2393,14.889,0.000597,0.00026339,2048,137546.59,1787804239.255
2394,17.147,0.000491,0.00026301,2048,119435.02,1787804239.272
2395,16.862,0.000375,0.00026263,2048,121455.09,1787804239.289
2396,15.598,0.000476,0.00026225,2048,131302.25,1787804239.305
2397,15.05,0.000472,0.00026188,2048,136077.93,1787804239.32
2398,14.784,0.000493,0.0002615,2048,138524.39,1787804239.335
2399,15.361,0.000568,0.00026112,2048,133322.92,1787804239.351
2400,14.914,0.000452,0.00026075,2048,137321.56,1787804239.366
2401,16.471,0.000429,0.00026037,2048,124343.52,1787804239.382
2402,16.625,0.000478,0.00025999,2048,123189.45,1787804239.399
2403,20.187,0.000452,0.00025962,2048,101449.92,1787804239.419
2404,21.527,0.000543,0.00025924,2048,95134.13,1787804239.441
2405,18.613,0.000431,0.00025887,2048,110029.44,1787804239.46
2406,17.209,0.000524,0.0002585,2048,119008.19,1787804239.477
2407,15.838,0.000379,0.00025812,2048,129305.17,1787804239.493
2408,15.963,0.00036,0.00025775,2048,128297.49,1787804239.51
2409,17.376,0.000379,0.00025738,2048,117862.36,1787804239.527
2410,16.04,0.000529,0.000257,2048,127677.61,1787804239.543
2411,15.219,0.000426,0.00025663,2048,134572.17,1787804239.558
2412,14.598,0.000466,0.00025626,2048,140288.39,1787804239.573
2413,15.731,0.000332,0.00025589,2048,130190.45,1787804239.589
2414,16.958,0.00051,0.00025552,2048,120768.96,1787804239.606
2415,16.578,0.00116,0.00025514,2048,123534.98,1787804239.623
2416,15.459,0.00079,0.00025477,2048,132479.46,1787804239.639
2417,15.724,0.000313,0.0002544,2048,130248.41,1787804239.655
2418,15.42,0.000281,0.00025403,2048,132811.94,1787804239.67
2419,18.551,0.000446,0.00025366,2048,110400.74,1787804239.689
2420,16.161,0.000732,0.00025329,2048,126724.83,1787804239.705
2421,15.735,0.000989,0.00025293,2048,130154.88,1787804239.721
2422,15.302,0.000343,0.00025256,2048,133836.09,1787804239.737
2423,15.664,0.000581,0.00025219,2048,130749.83,1787804239.752
2424,15.8,0.000386,0.00025182,2048,129617.79,1787804239.768
2425,15.981,0.000441,0.00025145,2048,128154.59,1787804239.785
2426,17.6,0.000745,0.00025109,2048,116366.94,1787804239.802
2427,15.431,0.000454,0.00025072,2048,132723.29,1787804239.818
2428,16.483,0.000468,0.00025035,2048,124252.24,1787804239.835
2429,15.305,0.000272,0.00024999,2048,133811.61,1787804239.85
2430,16.439,0.001052,0.00024962,2048,124584.82,1787804239.867
2431,17.907,0.000524,0.00024926,2048,114369.96,1787804239.885
2432,21.188,0.000461,0.00024889,2048,96656.21,1787804239.906
2433,20.547,0.000459,0.00024853,2048,99675.86,1787804239.927
2434,21.753,0.00052,0.00024816,2048,94146.2,1787804239.949
2435,18.427,0.000403,0.0002478,2048,111139.45,1787804239.967
2436,16.344,0.000499,0.00024743,2048,125308.22,1787804239.984
2437,29.136,0.000473,0.00024707,2048,70289.84,1787804240.013
2438,21.866,0.000474,0.00024671,2048,93660.54,1787804240.035
2439,15.481,0.000563,0.00024635,2048,132289.49,1787804240.051
2440,14.831,0.000996,0.00024598,2048,138092.86,1787804240.066
2441,15.254,0.000684,0.00024562,2048,134263.39,1787804240.081
2442,19.169,0.000385,0.00024526,2048,106838.05,1787804240.101
2443,14.798,0.000478,0.0002449,2048,138399.89,1787804240.116
2444,14.463,0.000466,0.00024454,2048,141606.63,1787804240.131
2445,19.597,0.000541,0.00024418,2048,104506.33,1787804240.151
2446,16.957,0.00037,0.00024382,2048,120775.37,1787804240.168
2447,18.573,0.000441,0.00024346,2048,110269.97,1787804240.186
2448,17.375,0.000501,0.0002431,2048,117871.18,1787804240.204
2449,17.018,0.000569,0.00024274,2048,120343.17,1787804240.221
2450,15.335,0.000817,0.00024238,2048,133547.22,1787804240.237
2451,15.47,0.000614,0.00024203,2048,132383.55,1787804240.252
2452,15.533,0.000531,0.00024167,2048,131846.63,1787804240.267
2453,15.999,0.000709,0.00024131,2048,128009.6,1787804240.285
2454,17.162,0.000373,0.00024095,2048,119334.8,1787804240.302
2455,16.081,0.000541,0.0002406,2048,127352.89,1787804240.318
2456,14.791,0.000471,0.00024024,2048,138458.83,1787804240.333
2457,16.622,0.000368,0.00023988,2048,123207.24,1787804240.349
2458,15.923,0.000584,0.00023953,2048,128622.21,1787804240.365
2459,15.265,0.000327,0.00023917,2048,134164.88,1787804240.381
2460,17.078,0.000499,0.00023882,2048,119921.77,1787804240.398
2461,17.282,0.000411,0.00023846,2048,118502.75,1787804240.416
2462,19.663,0.000447,0.00023811,2048,104156.6,1787804240.435
2463,15.811,0.000572,0.00023776,2048,129531.71,1787804240.451
2464,15.455,0.000452,0.0002374,2048,132518.04,1787804240.467
2465,15.606,0.000442,0.00023705,2048,131228.21,1787804240.483
2466,17.718,0.000427,0.0002367,2048,115586.71,1787804240.501
2467,17.318,0.000381,0.00023635,2048,118259.14,1787804240.518
2468,15.95,0.000377,0.00023599,2048,128405.28,1787804240.534
2469,16.093,0.000444,0.00023564,2048,127263.46,1787804240.551
2470,16.731,0.000364,0.00023529,2048,122405.31,1787804240.568
2471,16.321,0.000352,0.00023494,2048,125486.35,1787804240.584
2472,17.223,0.00042,0.00023459,2048,118908.69,1787804240.602
2473,15.254,0.000915,0.00023424,2048,134257.23,1787804240.617
2474,22.612,0.001024,0.00023389,2048,90571.78,1787804240.64
2475,15.647,0.000639,0.00023354,2048,130890.22,1787804240.656
2476,17.159,0.000561,0.00023319,2048,119352.19,1787804240.673
2477,16.952,0.000561,0.00023284,2048,120810.99,1787804240.691
2478,19.153,0.000888,0.0002325,2048,106930.65,1787804240.71
2479,27.252,0.000542,0.00023215,2048,75149.9,1787804240.737
2480,17.454,0.000406,0.0002318,2048,117334.31,1787804240.754
2481,15.292,0.000724,0.00023146,2048,133922.73,1787804240.77
2482,16.201,0.000998,0.00023111,2048,126409.61,1787804240.786
2483,15.4,0.00083,0.00023076,2048,132987.01,1787804240.802
2484,15.291,0.000507,0.00023042,2048,133936.75,1787804240.817
2485,15.717,0.000489,0.00023007,2048,130301.45,1787804240.833
2486,15.603,0.000373,0.00022973,2048,131255.13,1787804240.849
2487,14.649,0.000377,0.00022938,2048,139802.86,1787804240.864
2488,15.264,0.00044,0.00022904,2048,134169.27,1787804240.879
2489,20.39,0.00038,0.00022869,2048,100440.41,1787804240.9
2490,27.35,0.000503,0.00022835,2048,74882.27,1787804240.927
2491,16.587,0.000614,0.00022801,2048,123468.7,1787804240.944
2492,15.359,0.000426,0.00022766,2048,133344.62,1787804240.959
2493,17.73,0.000318,0.00022732,2048,115507.83,1787804240.977
2494,15.291,0.000362,0.00022698,2048,133935.87,1787804240.993
2495,18.058,0.000383,0.00022664,2048,113411.08,1787804241.011
2496,15.27,0.000474,0.0002263,2048,134121.82,1787804241.027
2497,14.918,0.000306,0.00022596,2048,137284.74,1787804241.042
2498,14.594,0.000333,0.00022562,2048,140334.53,1787804241.057
2499,14.629,0.000344,0.00022528,2048,139994.94,1787804241.071
2500,15.447,0.000245,0.00022494,2048,132582.38,1787804241.087
2501,16.449,0.000633,0.0002246,2048,124507.56,1787804241.104
2502,16.143,0.000471,0.00022426,2048,126869.28,1787804241.12
2503,19.542,0.00042,0.00022392,2048,104798.85,1787804241.14
2504,17.157,0.000381,0.00022358,2048,119368.19,1787804241.157
2505,15.781,0.000384,0.00022324,2048,129773.02,1787804241.173
2506,16.798,0.00034,0.00022291,2048,121921.45,1787804241.19
2507,23.506,0.000347,0.00022257,2048,87126.32,1787804241.214
2508,18.298,0.000646,0.00022223,2048,111924.8,1787804241.233
2509,16.095,0.000498,0.0002219,2048,127242.11,1787804241.249
2510,24.031,0.000519,0.00022156,2048,85223.61,1787804241.273
2511,21.009,0.000303,0.00022123,2048,97483.42,1787804241.294
2512,17.99,0.000385,0.00022089,2048,113843.55,1787804241.312
2513,18.617,0.000325,0.00022056,2048,110004.03,1787804241.331
2514,17.23,0.0003,0.00022022,2048,118859.69,1787804241.348
2515,16.841,0.00038,0.00021989,2048,121607.98,1787804241.365
2516,15.455,0.000643,0.00021955,2048,132515.46,1787804241.381
2517,16.599,0.000448,0.00021922,2048,123383.16,1787804241.398
2518,20.577,0.000354,0.00021889,2048,99529.57,1787804241.419
2519,18.66,0.000454,0.00021856,2048,109753.48,1787804241.438
2520,16.981,0.000313,0.00021823,2048,120606.8,1787804241.455
2521,17.403,0.000387,0.00021789,2048,117678.83,1787804241.473
2522,17.539,0.000532,0.00021756,2048,116765.02,1787804241.491
2523,20.334,0.00031,0.00021723,2048,100718.5,1787804241.511
2524,17.119,0.000297,0.0002169,2048,119629.66,1787804241.528
2525,17.006,0.000322,0.00021657,2048,120428.08,1787804241.545
2526,16.877,0.000504,0.00021624,2048,121346.42,1787804241.562
2527,17.517,0.000592,0.00021591,2048,116912.99,1787804241.58
2528,18.753,0.000618,0.00021558,2048,109209.19,1787804241.599
2529,18.759,0.000352,0.00021526,2048,109176.59,1787804241.618
2530,16.839,0.000507,0.00021493,2048,121623.87,1787804241.635
2531,17.558,0.000598,0.0002146,2048,116640.66,1787804241.653
2532,16.853,0.000279,0.00021427,2048,121520.67,1787804241.67
2533,16.748,0.000546,0.00021395,2048,122283.99,1787804241.687
2534,16.413,0.000341,0.00021362,2048,124775.34,1787804241.703
2535,17.21,0.000414,0.0002133,2048,119001.96,1787804241.721
2536,17.192,0.000353,0.00021297,2048,119127.25,1787804241.738
2537,15.475,0.000406,0.00021264,2048,132339.07,1787804241.753
2538,14.8,0.000376,0.00021232,2048,138380.25,1787804241.768
2539,15.316,0.000508,0.000212,2048,133714.63,1787804241.784
2540,16.916,0.000535,0.00021167,2048,121068.81,1787804241.801
2541,17.078,0.000324,0.00021135,2048,119923.88,1787804241.819
2542,22.671,0.000441,0.00021103,2048,90336.47,1787804241.842
2543,19.954,0.000383,0.0002107,2048,102637.61,1787804241.862
2544,20.432,0.000497,0.00021038,2048,100232.47,1787804241.882
2545,15.889,0.000775,0.00021006,2048,128894.2,1787804241.898
2546,15.376,0.000359,0.00020974,2048,133197.19,1787804241.913
2547,16.771,0.00036,0.00020942,2048,122118.47,1787804241.93
2548,15.51,0.000261,0.0002091,2048,132040.44,1787804241.946
2549,15.272,0.000376,0.00020878,2048,134104.26,1787804241.961
2550,15.499,0.000639,0.00020846,2048,132140.97,1787804241.977
2551,16.03,0.00048,0.00020814,2048,127757.26,1787804241.993
2552,17.086,0.000401,0.00020782,2048,119864.92,1787804242.01
2553,16.303,0.000404,0.0002075,2048,125624.9,1787804242.027
2554,14.863,0.000296,0.00020718,2048,137795.54,1787804242.042
2555,15.144,0.000516,0.00020686,2048,135235.08,1787804242.058
2556,15.595,0.000424,0.00020655,2048,131324.14,1787804242.074
2557,14.935,0.000321,0.00020623,2048,137128.47,1787804242.089
2558,16.533,0.000604,0.00020591,2048,123874.96,1787804242.105
2559,16.948,0.000605,0.0002056,2048,120837.37,1787804242.122
2560,18.124,0.000612,0.00020528,2048,113000.58,1787804242.141
2561,17.248,0.00038,0.00020496,2048,118741.16,1787804242.158
2562,19.058,0.000405,0.00020465,2048,107463.13,1787804242.177
2563,17.063,0.00058,0.00020434,2048,120027.9,1787804242.195
2564,15.375,0.000419,0.00020402,2048,133200.65,1787804242.21
2565,15.926,0.000407,0.00020371,2048,128592.33,1787804242.226
2566,15.277,0.00063,0.00020339,2048,134056.86,1787804242.242
2567,15.522,0.000565,0.00020308,2048,131945.16,1787804242.257
2568,15.672,0.000341,0.00020277,2048,130680.59,1787804242.273
2569,15.831,0.000307,0.00020246,2048,129367.25,1787804242.289
2570,17.926,0.000397,0.00020215,2048,114250.01,1787804242.307
2571,18.128,0.000369,0.00020183,2048,112972.53,1787804242.326
2572,32.776,0.000397,0.00020152,2048,62484.55,1787804242.359
2573,21.122,0.000456,0.00020121,2048,96960.06,1787804242.38
2574,22.27,0.000617,0.0002009,2048,91962.69,1787804242.402
2575,16.382,0.000506,0.00020059,2048,125016.79,1787804242.419
2576,15.141,0.000473,0.00020028,2048,135263.66,1787804242.434
2577,24.211,0.000746,0.00019998,2048,84589.65,1787804242.458
2578,15.496,0.000656,0.00019967,2048,132163.99,1787804242.474
2579,15.142,0.000391,0.00019936,2048,135252.94,1787804242.489
2580,17.11,0.000295,0.00019905,2048,119694.68,1787804242.507
2581,16.642,0.000751,0.00019874,2048,123062.87,1787804242.524
2582,22.24,0.000582,0.00019844,2048,92087.16,1787804242.546
2583,18.177,0.000576,0.00019813,2048,112666.76,1787804242.564
2584,15.81,0.000471,0.00019783,2048,129540.72,1787804242.58
2585,15.58,0.000298,0.00019752,2048,131448.05,1787804242.596
2586,16.325,0.000669,0.00019722,2048,125453.3,1787804242.613
2587,20.152,0.000501,0.00019691,2048,101628.64,1787804242.633
2588,15.681,0.000642,0.00019661,2048,130602.25,1787804242.649
2589,15.872,0.000713,0.0001963,2048,129031.44,1787804242.665
2590,15.692,0.000395,0.000196,2048,130514.03,1787804242.681
2591,15.633,0.000488,0.0001957,2048,131002.41,1787804242.696
2592,17.453,0.000441,0.0001954,2048,117344.4,1787804242.714
2593,22.073,0.000787,0.00019509,2048,92784.72,1787804242.736
2594,15.408,0.000612,0.00019479,2048,132917.96,1787804242.752
2595,15.139,0.000415,0.00019449,2048,135276.17,1787804242.767
2596,15.671,0.000334,0.00019419,2048,130689.76,1787804242.783
2597,16.287,0.000765,0.00019389,2048,125748.32,1787804242.8
2598,15.473,0.000709,0.00019359,2048,132358.74,1787804242.815
2599,16.525,0.000596,0.00019329,2048,123931.93,1787804242.832
2600,22.197,0.000458,0.00019299,2048,92265.14,1787804242.854
2601,23.475,0.000565,0.00019269,2048,87241.0,1787804242.879
2602,16.304,0.000888,0.00019239,2048,125611.81,1787804242.894
2603,18.305,0.000582,0.0001921,2048,111883.22,1787804242.913
2604,15.245,0.000402,0.0001918,2048,134335.6,1787804242.928
2605,16.656,0.000829,0.0001915,2048,122955.74,1787804242.945
2606,16.239,0.000839,0.00019121,2048,126120.02,1787804242.962
2607,18.825,0.000707,0.00019091,2048,108792.08,1787804242.981
2608,16.48,0.000806,0.00019061,2048,124268.07,1787804242.998
2609,16.761,0.000733,0.00019032,2048,122185.5,1787804243.015
2610,16.5,0.000586,0.00019002,2048,124124.22,1787804243.031
2611,15.214,0.000546,0.00018973,2048,134617.28,1787804243.047
2612,15.728,0.000576,0.00018944,2048,130215.29,1787804243.063
2613,14.853,0.000579,0.00018914,2048,137882.75,1787804243.078
2614,15.34,0.000651,0.00018885,2048,133511.52,1787804243.093
2615,16.761,0.000925,0.00018856,2048,122191.33,1787804243.11
2616,16.202,0.000882,0.00018826,2048,126404.15,1787804243.127
2617,16.11,0.000699,0.00018797,2048,127122.85,1787804243.143
2618,16.128,0.000464,0.00018768,2048,126985.7,1787804243.159
2619,15.77,0.000581,0.00018739,2048,129867.66,1787804243.175
2620,15.908,0.000836,0.0001871,2048,128736.21,1787804243.191
2621,16.082,0.0007,0.00018681,2048,127350.51,1787804243.207
2622,16.387,0.000389,0.00018652,2048,124973.3,1787804243.224
2623,17.63,0.000641,0.00018623,2048,116163.65,1787804243.242
2624,14.709,0.000952,0.00018594,2048,139231.64,1787804243.257
2625,15.69,0.000317,0.00018565,2048,130529.0,1787804243.273
2626,15.438,0.000458,0.00018537,2048,132662.25,1787804243.288
2627,14.615,0.000385,0.00018508,2048,140134.8,1787804243.303
2628,15.942,0.000409,0.00018479,2048,128462.46,1787804243.319
2629,17.122,0.000384,0.00018451,2048,119612.19,1787804243.336
2630,15.877,0.000372,0.00018422,2048,128992.44,1787804243.352
2631,16.901,0.000559,0.00018393,2048,121177.7,1787804243.369
2632,16.95,0.000531,0.00018365,2048,120825.25,1787804243.386
2633,20.036,0.0005,0.00018336,2048,102215.5,1787804243.407
2634,16.551,0.000373,0.00018308,2048,123738.75,1787804243.423
2635,28.45,0.000375,0.00018279,2048,71986.95,1787804243.452
2636,16.515,0.000512,0.00018251,2048,124008.48,1787804243.469
2637,16.32,0.000499,0.00018223,2048,125492.5,1787804243.485
2638,16.142,0.000371,0.00018195,2048,126873.21,1787804243.501
2639,18.334,0.000377,0.00018166,2048,111705.03,1787804243.52
2640,16.726,0.000383,0.00018138,2048,122441.17,1787804243.537
2641,15.848,0.000515,0.0001811,2048,129227.66,1787804243.553
2642,15.877,0.00102,0.00018082,2048,128992.44,1787804243.569
2643,15.411,0.000455,0.00018054,2048,132888.64,1787804243.584
2644,15.873,0.000444,0.00018026,2048,129027.38,1787804243.6
2645,16.554,0.000425,0.00017998,2048,123715.58,1787804243.617
2646,18.534,0.00043,0.0001797,2048,110502.01,1787804243.636
2647,15.946,0.000581,0.00017942,2048,128431.05,1787804243.652
2648,16.009,0.000789,0.00017914,2048,127929.64,1787804243.668
2649,15.217,0.000485,0.00017887,2048,134585.43,1787804243.684
2650,15.222,0.000605,0.00017859,2048,134545.65,1787804243.699
2651,16.275,0.000585,0.00017831,2048,125837.17,1787804243.716
2652,17.349,0.000686,0.00017803,2048,118049.87,1787804243.733
2653,15.009,0.000351,0.00017776,2048,136450.55,1787804243.748
2654,15.11,0.000536,0.00017748,2048,135536.69,1787804243.764
2655,15.051,0.000575,0.00017721,2048,136067.08,1787804243.779
2656,15.532,0.000482,0.00017693,2048,131859.36,1787804243.795
2657,15.752,0.000445,0.00017666,2048,130011.94,1787804243.81
2658,20.372,0.000546,0.00017638,2048,100530.63,1787804243.831
2659,20.304,0.001039,0.00017611,2048,100866.82,1787804243.851
2660,17.068,0.000547,0.00017584,2048,119994.14,1787804243.869
2661,16.3,0.000607,0.00017557,2048,125641.09,1787804243.885
2662,15.185,0.00085,0.00017529,2048,134866.39,1787804243.901
2663,15.723,0.000476,0.00017502,2048,130255.04,1787804243.916
2664,15.665,0.00067,0.00017475,2048,130736.48,1787804243.932
2665,16.104,0.000401,0.00017448,2048,127176.53,1787804243.949
2666,17.321,0.000505,0.00017421,2048,118239.34,1787804243.966
2667,26.414,0.000471,0.00017394,2048,77533.47,1787804243.993
2668,24.778,0.000853,0.00017367,2048,82654.3,1787804244.018
2669,17.728,0.000479,0.0001734,2048,115524.77,1787804244.036
2670,15.743,0.000531,0.00017313,2048,130092.04,1787804244.051
2671,16.621,0.001028,0.00017287,2048,123220.58,1787804244.068
2672,16.696,0.000787,0.0001726,2048,122662.64,1787804244.085
2673,16.979,0.000604,0.00017233,2048,120618.88,1787804244.102
2674,15.302,0.000817,0.00017206,2048,133839.59,1787804244.118
2675,15.696,0.000975,0.0001718,2048,130476.61,1787804244.134
2676,21.75,0.000463,0.00017153,2048,94160.49,1787804244.156
2677,15.457,0.000518,0.00017127,2048,132496.6,1787804244.171
2678,15.474,0.000543,0.000171,2048,132347.62,1787804244.187
2679,15.848,0.000442,0.00017074,2048,129226.03,1787804244.203
2680,16.627,0.000359,0.00017047,2048,123176.86,1787804244.22
2681,17.49,0.000494,0.00017021,2048,117096.82,1787804244.238
2682,20.821,0.000531,0.00016995,2048,98362.23,1787804244.259
2683,16.348,0.000498,0.00016968,2048,125273.73,1787804244.275
2684,16.627,0.000322,0.00016942,2048,123171.67,1787804244.292
2685,19.149,0.000328,0.00016916,2048,106947.96,1787804244.311
2686,18.113,0.00034,0.0001689,2048,113069.21,1787804244.33
2687,16.508,0.000404,0.00016864,2048,124058.81,1787804244.346
2688,15.456,0.00039,0.00016838,2048,132506.89,1787804244.362
2689,16.28,0.000351,0.00016812,2048,125800.07,1787804244.378
2690,16.721,0.000288,0.00016786,2048,122480.71,1787804244.395
2691,18.716,0.000311,0.0001676,2048,109423.34,1787804244.414
2692,18.063,0.000413,0.00016734,2048,113379.69,1787804244.432
2693,19.41,0.000402,0.00016708,2048,105510.45,1787804244.452
2694,18.996,0.000472,0.00016683,2048,107813.31,1787804244.471
2695,18.713,0.000325,0.00016657,2048,109444.39,1787804244.49
2696,15.636,0.000708,0.00016631,2048,130977.28,1787804244.505
2697,16.285,0.000336,0.00016606,2048,125763.76,1787804244.522
2698,16.938,0.000587,0.0001658,2048,120911.56,1787804244.539
2699,15.212,0.000358,0.00016554,2048,134628.78,1787804244.554
2700,15.742,0.00035,0.00016529,2048,130097.0,1787804244.57
2701,15.586,0.000365,0.00016504,2048,131399.13,1787804244.586
2702,20.198,0.000313,0.00016478,2048,101396.68,1787804244.607
2703,19.436,0.000332,0.00016453,2048,105372.02,1787804244.626
2704,16.622,0.00047,0.00016427,2048,123210.95,1787804244.643
2705,15.645,0.00036,0.00016402,2048,130907.79,1787804244.659
2706,14.637,0.000523,0.00016377,2048,139919.38,1787804244.674
2707,14.984,0.00032,0.00016352,2048,136677.3,1787804244.689
2708,14.507,0.000317,0.00016327,2048,141177.12,1787804244.703
2709,17.131,0.00047,0.00016302,2048,119551.45,1787804244.721
2710,16.373,0.000366,0.00016277,2048,125082.45,1787804244.737
2711,22.026,0.00053,0.00016252,2048,92979.76,1787804244.759
2712,15.809,0.000378,0.00016227,2048,129546.46,1787804244.775
2713,21.914,0.000609,0.00016202,2048,93455.38,1787804244.797
2714,21.658,0.001009,0.00016177,2048,94562.21,1787804244.819
2715,22.259,0.000421,0.00016152,2048,92008.97,1787804244.842
2716,16.38,0.000522,0.00016127,2048,125031.29,1787804244.858
2717,17.138,0.000592,0.00016103,2048,119499.13,1787804244.876
2718,14.8,0.000608,0.00016078,2048,138375.57,1787804244.891
2719,15.708,0.000434,0.00016053,2048,130379.42,1787804244.907
2720,14.919,0.000418,0.00016029,2048,137278.3,1787804244.922
2721,15.87,0.000336,0.00016004,2048,129045.27,1787804244.938
2722,15.126,0.000396,0.0001598,2048,135395.11,1787804244.953
2723,14.933,0.000305,0.00015955,2048,137146.84,1787804244.968
2724,16.638,0.000375,0.00015931,2048,123092.46,1787804244.985
2725,14.976,0.000999,0.00015907,2048,136749.4,1787804244.999
2726,23.9,0.000499,0.00015882,2048,85691.81,1787804245.024
2727,17.76,0.000335,0.00015858,2048,115312.72,1787804245.042
2728,18.353,0.000261,0.00015834,2048,111589.39,1787804245.061
2729,33.274,0.00048,0.0001581,2048,61549.56,1787804245.094
2730,21.266,0.000354,0.00015786,2048,96303.96,1787804245.116
2731,16.925,0.000333,0.00015762,2048,121005.86,1787804245.133
2732,15.562,0.000389,0.00015738,2048,131600.93,1787804245.149
2733,17.168,0.0005,0.00015714,2048,119289.62,1787804245.166
2734,15.476,0.000447,0.0001569,2048,132334.79,1787804245.182
2735,14.902,0.00032,0.00015666,2048,137434.91,1787804245.197
2736,14.638,0.000415,0.00015642,2048,139910.78,1787804245.212
2737,18.002,0.000374,0.00015618,2048,113764.5,1787804245.23
2738,15.858,0.000468,0.00015595,2048,129144.54,1787804245.246
2739,15.153,0.000518,0.00015571,2048,135155.65,1787804245.261
2740,15.03,0.000341,0.00015547,2048,136258.09,1787804245.277
2741,15.402,0.000313,0.00015524,2048,132967.15,1787804245.292
2742,14.978,0.000324,0.000155,2048,136729.31,1787804245.307
2743,15.017,0.000312,0.00015477,2048,136374.23,1787804245.323
2744,17.19,0.000293,0.00015453,2048,119141.11,1787804245.34
2745,15.856,0.000325,0.0001543,2048,129162.46,1787804245.356
2746,14.686,0.000456,0.00015406,2048,139453.49,1787804245.371
2747,15.911,0.000322,0.00015383,2048,128719.22,1787804245.387
2748,15.416,0.000323,0.0001536,2048,132850.71,1787804245.402
2749,19.102,0.000306,0.00015337,2048,107215.03,1787804245.422
2750,19.108,0.000338,0.00015314,2048,107178.0,1787804245.441
2751,20.454,0.000291,0.0001529,2048,100125.16,1787804245.462
2752,22.706,0.000407,0.00015267,2048,90195.23,1787804245.484
2753,16.687,0.000283,0.00015244,2048,122731.01,1787804245.501
2754,25.029,0.000367,0.00015221,2048,81824.43,1787804245.526
2755,20.469,0.000465,0.00015198,2048,100052.76,1787804245.547
2756,16.287,0.000349,0.00015176,2048,125746.77,1787804245.564
2757,14.667,0.00035,0.00015153,2048,139633.19,1787804245.579
2758,15.127,0.000392,0.0001513,2048,135387.95,1787804245.594
2759,16.466,0.000407,0.00015107,2048,124376.75,1787804245.611
2760,18.969,0.000407,0.00015085,2048,107965.06,1787804245.63
2761,19.305,0.000296,0.00015062,2048,106085.96,1787804245.649
2762,31.316,0.000413,0.00015039,2048,65398.09,1787804245.681
2763,22.459,0.000351,0.00015017,2048,91187.58,1787804245.703
2764,15.462,0.000336,0.00014994,2048,132452.9,1787804245.719
2765,15.747,0.000477,0.00014972,2048,130059.82,1787804245.735
2766,15.014,0.000407,0.00014949,2048,136402.39,1787804245.75
2767,21.708,0.000348,0.00014927,2048,94343.97,1787804245.772
2768,18.355,0.000292,0.00014905,2048,111576.01,1787804245.79
2769,16.192,0.000412,0.00014882,2048,126479.87,1787804245.807
2770,14.958,0.00033,0.0001486,2048,136919.45,1787804245.822
2771,16.104,0.000363,0.00014838,2048,127170.21,1787804245.838
2772,19.512,0.000323,0.00014816,2048,104963.74,1787804245.858
2773,15.986,0.000361,0.00014794,2048,128115.3,1787804245.874
2774,16.213,0.000389,0.00014772,2048,126319.17,1787804245.89
2775,16.406,0.000306,0.0001475,2048,124834.66,1787804245.907
2776,21.872,0.000297,0.00014728,2048,93636.13,1787804245.929
2777,17.094,0.000436,0.00014706,2048,119810.22,1787804245.946
2778,15.511,0.000291,0.00014684,2048,132037.88,1787804245.962
2779,16.166,0.000338,0.00014662,2048,126682.5,1787804245.978
2780,14.937,0.000345,0.00014641,2048,137105.52,1787804245.993
2781,14.551,0.000405,0.00014619,2048,140748.28,1787804246.008
2782,21.422,0.000303,0.00014597,2048,95604.88,1787804246.03
2783,16.56,0.000353,0.00014576,2048,123668.51,1787804246.046
2784,16.869,0.000277,0.00014554,2048,121406.13,1787804246.064
2785,15.798,0.000436,0.00014533,2048,129639.95,1787804246.079
2786,15.192,0.000235,0.00014511,2048,134803.36,1787804246.095
2787,15.171,0.000429,0.0001449,2048,134993.51,1787804246.109
2788,15.951,0.000323,0.00014469,2048,128390.79,1787804246.126
2789,17.234,0.000372,0.00014447,2048,118836.93,1787804246.143
2790,15.473,0.000215,0.00014426,2048,132360.45,1787804246.159
2791,15.385,0.000295,0.00014405,2048,133117.54,1787804246.174
2792,15.309,0.000337,0.00014384,2048,133775.77,1787804246.19
2793,16.233,0.000393,0.00014363,2048,126161.98,1787804246.206
2794,15.933,0.000441,0.00014341,2048,128541.48,1787804246.222
2795,15.993,0.000339,0.0001432,2048,128060.03,1787804246.238
2796,17.061,0.000374,0.000143,2048,120038.45,1787804246.256
2797,16.196,0.000425,0.00014279,2048,126451.76,1787804246.273
2798,15.445,0.00032,0.00014258,2048,132596.11,1787804246.289
2799,15.451,0.000291,0.00014237,2048,132544.62,1787804246.304
2800,15.101,0.000322,0.00014216,2048,135618.36,1787804246.319
2801,15.826,0.000351,0.00014195,2048,129408.94,1787804246.335
2802,17.18,0.000282,0.00014175,2048,119205.61,1787804246.353
2803,16.778,0.000372,0.00014154,2048,122061.7,1787804246.37
2804,15.239,0.000313,0.00014134,2048,134389.38,1787804246.385
2805,15.489,0.000277,0.00014113,2048,132221.16,1787804246.401
2806,17.231,0.000366,0.00014093,2048,118857.62,1787804246.418
2807,20.064,0.000521,0.00014072,2048,102072.35,1787804246.437
2808,19.374,0.000308,0.00014052,2048,105709.23,1787804246.458
2809,20.597,0.00044,0.00014031,2048,99430.51,1787804246.478
2810,17.662,0.000213,0.00014011,2048,115952.53,1787804246.496
2811,18.63,0.00038,0.00013991,2048,109931.4,1787804246.515
2812,17.626,0.000322,0.00013971,2048,116193.97,1787804246.532
2813,17.647,0.000293,0.00013951,2048,116052.4,1787804246.55
2814,18.125,0.000822,0.0001393,2048,112989.99,1787804246.569
2815,16.361,0.000289,0.0001391,2048,125174.19,1787804246.585
2816,23.802,0.000253,0.0001389,2048,86043.19,1787804246.609
2817,15.669,0.000337,0.00013871,2048,130706.44,1787804246.625
2818,15.387,0.000383,0.00013851,2048,133097.64,1787804246.64
2819,19.491,0.000243,0.00013831,2048,105075.75,1787804246.661
2820,24.784,0.00032,0.00013811,2048,82633.29,1787804246.686
2821,15.297,0.000381,0.00013791,2048,133878.96,1787804246.701
2822,15.981,0.000602,0.00013772,2048,128152.98,1787804246.717
2823,15.666,0.000752,0.00013752,2048,130730.64,1787804246.733
2824,20.572,0.000504,0.00013732,2048,99551.34,1787804246.754
2825,14.793,0.000443,0.00013713,2048,138444.79,1787804246.769
2826,15.181,0.000309,0.00013693,2048,134905.47,1787804246.784
2827,16.351,0.000349,0.00013674,2048,125255.34,1787804246.801
2828,24.44,0.00034,0.00013654,2048,83797.4,1787804246.825
2829,25.832,0.00036,0.00013635,2048,79282.43,1787804246.851
2830,15.478,0.000309,0.00013616,2048,132320.26,1787804246.867
2831,15.547,0.000442,0.00013596,2048,131731.29,1787804246.883
2832,20.223,0.000246,0.00013577,2048,101270.83,1787804246.903
2833,27.283,0.000458,0.00013558,2048,75065.88,1787804246.93
2834,20.053,0.000514,0.00013539,2048,102130.89,1787804246.951
2835,17.063,0.00076,0.0001352,2048,120028.6,1787804246.968
2836,29.684,0.000384,0.00013501,2048,68993.63,1787804246.998
2837,18.898,0.000434,0.00013482,2048,108371.83,1787804247.017
2838,15.174,0.000369,0.00013463,2048,134966.82,1787804247.032
2839,16.629,0.000433,0.00013444,2048,123161.3,1787804247.049
2840,16.602,0.000394,0.00013425,2048,123357.15,1787804247.066
2841,15.732,0.000404,0.00013407,2048,130178.04,1787804247.082
2842,15.485,0.000354,0.00013388,2048,132258.73,1787804247.097
2843,15.581,0.000598,0.00013369,2048,131442.98,1787804247.113
2844,15.52,0.000763,0.00013351,2048,131956.21,1787804247.129
2845,16.507,0.000249,0.00013332,2048,124070.83,1787804247.145
2846,17.391,0.000502,0.00013314,2048,117764.77,1787804247.163
2847,16.209,0.000465,0.00013295,2048,126350.34,1787804247.18
2848,15.978,0.000525,0.00013277,2048,128179.45,1787804247.196
2849,15.889,0.0006,0.00013258,2048,128894.2,1787804247.212
2850,19.984,0.000472,0.0001324,2048,102479.93,1787804247.232
2851,27.24,0.00056,0.00013222,2048,75182.45,1787804247.259
2852,27.11,0.00069,0.00013204,2048,75543.8,1787804247.287
2853,16.185,0.000541,0.00013185,2048,126539.26,1787804247.303
2854,15.658,0.00083,0.00013167,2048,130799.94,1787804247.319
2855,15.238,0.000311,0.00013149,2048,134397.31,1787804247.335
2856,15.558,0.000468,0.00013131,2048,131639.0,1787804247.35
2857,16.021,0.000547,0.00013113,2048,127835.41,1787804247.366
2858,17.75,0.000498,0.00013095,2048,115378.98,1787804247.384
2859,16.865,0.000481,0.00013077,2048,121432.76,1787804247.401
2860,17.935,0.000649,0.0001306,2048,114187.58,1787804247.419
2861,20.923,0.000582,0.00013042,2048,97883.65,1787804247.44
2862,15.957,0.000486,0.00013024,2048,128342.51,1787804247.456
2863,25.254,0.000503,0.00013006,2048,81097.35,1787804247.482
2864,23.663,0.000485,0.00012989,2048,86549.35,1787804247.505
2865,23.973,0.000429,0.00012971,2048,85428.02,1787804247.53
2866,20.685,0.000412,0.00012954,2048,99009.9,1787804247.55
2867,14.823,0.000481,0.00012936,2048,138160.87,1787804247.565
2868,15.204,0.0006,0.00012919,2048,134700.51,1787804247.581
2869,13.872,0.000992,0.00012902,2048,147631.27,1787804247.595
2870,15.012,0.00038,0.00012884,2048,136426.01,1787804247.61
2871,28.476,0.000501,0.00012867,2048,71920.72,1787804247.639
2872,27.573,0.0003,0.0001285,2048,74274.21,1787804247.666
2873,16.247,0.000675,0.00012833,2048,126050.94,1787804247.684
2874,15.589,0.000331,0.00012815,2048,131378.06,1787804247.699
2875,14.877,0.000429,0.00012798,2048,137662.16,1787804247.714
2876,15.011,0.000387,0.00012781,2048,136428.74,1787804247.73
2877,15.123,0.000422,0.00012764,2048,135424.66,1787804247.745
2878,15.405,0.000348,0.00012748,2048,132939.53,1787804247.76
2879,14.36,0.000722,0.00012731,2048,142620.37,1787804247.775
2880,14.585,0.000385,0.00012714,2048,140414.39,1787804247.79
2881,14.583,0.000437,0.00012697,2048,140437.5,1787804247.805
2882,14.933,0.000572,0.0001268,2048,137145.92,1787804247.82
2883,14.824,0.000548,0.00012664,2048,138158.07,1787804247.835
2884,15.424,0.00031,0.00012647,2048,132779.22,1787804247.85
2885,14.766,0.000318,0.00012631,2048,138700.76,1787804247.865
2886,14.087,0.000555,0.00012614,2048,145379.17,1787804247.879
2887,14.622,0.001157,0.00012598,2048,140061.0,1787804247.894
2888,16.299,0.000661,0.00012581,2048,125652.65,1787804247.91
2889,15.889,0.000408,0.00012565,2048,128895.01,1787804247.926
2890,15.845,0.000388,0.00012548,2048,129256.21,1787804247.942
2891,16.611,0.000622,0.00012532,2048,123289.57,1787804247.959
2892,16.244,0.000428,0.00012516,2048,126074.99,1787804247.975
2893,15.414,0.000368,0.000125,2048,132864.5,1787804247.991
2894,15.287,0.000479,0.00012484,2048,133973.55,1787804248.006
2895,15.593,0.000447,0.00012468,2048,131341.83,1787804248.022
2896,14.992,0.000534,0.00012452,2048,136604.37,1787804248.037
2897,16.3,0.000617,0.00012436,2048,125647.26,1787804248.054
2898,17.837,0.000319,0.0001242,2048,114818.8,1787804248.072
2899,14.934,0.000371,0.00012404,2048,137133.06,1787804248.087
2900,14.996,0.000559,0.00012388,2048,136565.2,1787804248.102
2901,15.013,0.000781,0.00012372,2048,136413.29,1787804248.118
2902,15.338,0.00038,0.00012357,2048,133525.45,1787804248.134
2903,16.479,0.000424,0.00012341,2048,124276.37,1787804248.15
2904,18.605,0.000274,0.00012325,2048,110078.53,1787804248.169
2905,16.844,0.000323,0.0001231,2048,121582.71,1787804248.186
2906,15.757,0.00061,0.00012294,2048,129970.68,1787804248.202
2907,20.229,0.000303,0.00012279,2048,101239.79,1787804248.222
2908,15.965,0.000484,0.00012264,2048,128276.6,1787804248.238
2909,19.132,0.000614,0.00012248,2048,107046.91,1787804248.258
2910,16.476,0.000338,0.00012233,2048,124301.26,1787804248.274
2911,31.252,0.000542,0.00012218,2048,65531.6,1787804248.306
2912,17.735,0.000458,0.00012202,2048,115475.26,1787804248.324
2913,16.502,0.000325,0.00012187,2048,124106.17,1787804248.34
2914,17.184,0.000417,0.00012172,2048,119179.25,1787804248.358
2915,17.177,0.000656,0.00012157,2048,119231.98,1787804248.375
2916,22.066,0.000498,0.00012142,2048,92812.47,1787804248.397
2917,17.192,0.000317,0.00012127,2048,119123.1,1787804248.414
2918,15.578,0.000396,0.00012112,2048,131464.92,1787804248.43
2919,20.492,0.000387,0.00012098,2048,99942.42,1787804248.451
2920,18.137,0.000394,0.00012083,2048,112920.21,1787804248.469
2921,15.926,0.000334,0.00012068,2048,128593.94,1787804248.485
2922,15.734,0.000337,0.00012053,2048,130168.11,1787804248.501
2923,15.617,0.000274,0.00012039,2048,131136.62,1787804248.517
2924,15.02,0.000581,0.00012024,2048,136355.16,1787804248.532
2925,15.215,0.000658,0.0001201,2048,134601.36,1787804248.547
2926,15.398,0.000727,0.00011995,2048,133000.83,1787804248.563
2927,18.606,0.000277,0.00011981,2048,110070.25,1787804248.582
2928,20.306,0.000459,0.00011966,2048,100857.39,1787804248.602
2929,14.832,0.000369,0.00011952,2048,138084.48,1787804248.617
2930,29.296,0.000333,0.00011938,2048,69907.39,1787804248.647
2931,28.676,0.000378,0.00011923,2048,71419.6,1787804248.675
2932,15.054,0.000772,0.00011909,2048,136040.87,1787804248.691
2933,16.832,0.000235,0.00011895,2048,121675.9,1787804248.708
2934,17.386,0.000353,0.00011881,2048,117795.93,1787804248.725
2935,19.633,0.000355,0.00011867,2048,104312.57,1787804248.745
2936,19.64,0.000493,0.00011853,2048,104274.33,1787804248.765
2937,15.543,0.000448,0.00011839,2048,131760.1,1787804248.781
2938,16.579,0.000528,0.00011825,2048,123527.53,1787804248.797
2939,15.542,0.000375,0.00011812,2048,131774.52,1787804248.813
2940,20.888,0.000303,0.00011798,2048,98047.66,1787804248.834
2941,18.866,0.000312,0.00011784,2048,108552.77,1787804248.853
2942,19.991,0.000373,0.0001177,2048,102443.54,1787804248.873
2943,29.884,0.000237,0.00011757,2048,68532.57,1787804248.904
2944,26.815,0.000399,0.00011743,2048,76376.02,1787804248.931
2945,28.795,0.000283,0.0001173,2048,71124.45,1787804248.959
2946,16.198,0.00049,0.00011716,2048,126436.92,1787804248.976
2947,14.408,0.000444,0.00011703,2048,142142.27,1787804248.99
2948,15.006,0.000294,0.0001169,2048,136475.1,1787804249.006
2949,14.686,0.000601,0.00011676,2048,139452.54,1787804249.02
2950,15.864,0.000453,0.00011663,2048,129099.77,1787804249.036
2951,15.542,0.000562,0.0001165,2048,131773.67,1787804249.052
2952,20.069,0.000365,0.00011637,2048,102046.92,1787804249.072
2953,15.796,0.000323,0.00011624,2048,129652.26,1787804249.088
2954,15.975,0.00035,0.0001161,2048,128196.3,1787804249.105
2955,15.917,0.000345,0.00011598,2048,128671.5,1787804249.121
2956,16.234,0.000325,0.00011585,2048,126154.98,1787804249.137
2957,15.687,0.000237,0.00011572,2048,130557.29,1787804249.153
2958,16.146,0.000379,0.00011559,2048,126842.56,1787804249.169
2959,22.686,0.000401,0.00011546,2048,90277.53,1787804249.192
2960,15.768,0.000332,0.00011533,2048,129884.96,1787804249.208
2961,15.1,0.000483,0.00011521,2048,135629.14,1787804249.223
2962,15.634,0.00027,0.00011508,2048,130999.9,1787804249.239
2963,17.552,0.000315,0.00011495,2048,116681.86,1787804249.257
2964,17.263,0.000557,0.00011483,2048,118633.17,1787804249.274
2965,15.741,0.000493,0.0001147,2048,130109.4,1787804249.29
2966,15.07,0.000487,0.00011458,2048,135901.84,1787804249.305
2967,14.849,0.000286,0.00011446,2048,137925.46,1787804249.32
2968,15.719,0.000462,0.00011433,2048,130290.67,1787804249.336
2969,27.941,0.000333,0.00011421,2048,73296.78,1787804249.364
2970,23.0,0.000369,0.00011409,2048,89043.09,1787804249.388
2971,17.349,0.000364,0.00011397,2048,118043.75,1787804249.405
2972,17.404,0.000422,0.00011385,2048,117676.8,1787804249.423
2973,19.563,0.000475,0.00011373,2048,104687.95,1787804249.443
2974,20.247,0.000408,0.00011361,2048,101149.79,1787804249.463
2975,16.825,0.000292,0.00011349,2048,121722.18,1787804249.48
2976,16.705,0.000334,0.00011337,2048,122596.56,1787804249.497
2977,17.265,0.000424,0.00011325,2048,118619.43,1787804249.514
2978,16.647,0.000512,0.00011313,2048,123027.39,1787804249.531
2979,16.288,0.000395,0.00011301,2048,125734.42,1787804249.547
2980,15.966,0.000289,0.0001129,2048,128270.17,1787804249.563
2981,18.916,0.000362,0.00011278,2048,108268.13,1787804249.583
2982,27.655,0.000428,0.00011266,2048,74055.06,1787804249.611
2983,26.746,0.000299,0.00011255,2048,76571.34,1787804249.638
2984,29.113,0.000312,0.00011243,2048,70347.79,1787804249.667
2985,15.349,0.000351,0.00011232,2048,133432.37,1787804249.682
2986,15.106,0.000289,0.00011221,2048,135578.86,1787804249.698
2987,15.493,0.000308,0.00011209,2048,132186.17,1787804249.714
2988,16.3,0.000296,0.00011198,2048,125645.71,1787804249.73
2989,18.052,0.000356,0.00011187,2048,113447.52,1787804249.748
2990,17.534,0.000327,0.00011176,2048,116800.31,1787804249.766
2991,18.922,0.000299,0.00011164,2048,108235.52,1787804249.784
2992,20.02,0.00033,0.00011153,2048,102298.72,1787804249.805
2993,23.129,0.000262,0.00011142,2048,88545.7,1787804249.829
2994,16.771,0.000651,0.00011131,2048,122113.37,1787804249.846
2995,16.761,0.000419,0.0001112,2048,122188.41,1787804249.862
2996,16.843,0.000384,0.0001111,2048,121591.37,1787804249.879
2997,15.501,0.000442,0.00011099,2048,132117.1,1787804249.895
2998,14.951,0.000395,0.00011088,2048,136980.8,1787804249.91
2999,15.556,0.000351,0.00011077,2048,131657.61,1787804249.926
3000,15.39,0.000338,0.00011067,2048,133072.56,1787804249.941
3001,16.937,0.000343,0.00011056,2048,120920.13,1787804249.958
3002,15.179,0.000362,0.00011046,2048,134918.81,1787804249.974
3003,14.152,0.000299,0.00011035,2048,144716.57,1787804249.988
3004,14.068,0.000823,0.00011025,2048,145582.76,1787804250.002
3005,14.125,0.000205,0.00011014,2048,144991.15,1787804250.017
3006,14.542,0.000279,0.00011004,2048,140832.48,1787804250.032
3007,14.213,0.000362,0.00010994,2048,144092.42,1787804250.046
3008,15.629,0.000351,0.00010983,2048,131036.78,1787804250.062
3009,16.794,0.00027,0.00010973,2048,121951.95,1787804250.079
3010,15.983,0.000312,0.00010963,2048,128138.55,1787804250.095
3011,15.604,0.000255,0.00010953,2048,131248.4,1787804250.111
3012,15.074,0.000608,0.00010943,2048,135859.47,1787804250.126
3013,16.204,0.001024,0.00010933,2048,126389.33,1787804250.142
3014,15.688,0.000312,0.00010923,2048,130548.97,1787804250.158
3015,16.249,0.00031,0.00010913,2048,126034.65,1787804250.174
3016,15.389,0.00033,0.00010903,2048,133080.34,1787804250.19
3017,16.648,0.000319,0.00010894,2048,123017.04,1787804250.207
3018,15.765,0.000393,0.00010884,2048,129911.32,1787804250.223
3019,15.256,0.000407,0.00010874,2048,134245.79,1787804250.238
3020,15.467,0.000476,0.00010865,2048,132407.52,1787804250.254
3021,19.84,0.000243,0.00010855,2048,103227.37,1787804250.274
3022,17.283,0.000368,0.00010846,2048,118500.69,1787804250.291
3023,15.323,0.000383,0.00010836,2048,133651.8,1787804250.306
3024,14.948,0.00037,0.00010827,2048,137011.04,1787804250.321
3025,14.789,0.000308,0.00010817,2048,138485.99,1787804250.336
3026,15.346,0.00032,0.00010808,2048,133454.1,1787804250.352
3027,17.585,0.000286,0.00010799,2048,116462.89,1787804250.371
3028,17.548,0.000445,0.0001079,2048,116707.79,1787804250.388
3029,15.812,0.000329,0.00010781,2048,129518.61,1787804250.404
3030,17.038,0.000385,0.00010772,2048,120199.78,1787804250.422
3031,19.431,0.000267,0.00010763,2048,105398.59,1787804250.441
3032,17.715,0.000266,0.00010754,2048,115605.63,1787804250.459
3033,17.136,0.000404,0.00010745,2048,119514.47,1787804250.476
3034,18.559,0.0003,0.00010736,2048,110348.39,1787804250.495
3035,15.218,0.000363,0.00010727,2048,134579.24,1787804250.51
3036,14.755,0.000266,0.00010718,2048,138798.53,1787804250.525
3037,14.842,0.000306,0.00010709,2048,137984.94,1787804250.54
3038,14.713,0.000322,0.00010701,2048,139195.68,1787804250.555
3039,22.433,0.000275,0.00010692,2048,91296.11,1787804250.578
3040,18.094,0.000291,0.00010684,2048,113184.19,1787804250.596
3041,19.091,0.000425,0.00010675,2048,107273.99,1787804250.615
3042,15.756,0.000373,0.00010667,2048,129983.05,1787804250.631
3043,15.923,0.000318,0.00010658,2048,128621.4,1787804250.647
3044,15.483,0.000402,0.0001065,2048,132278.38,1787804250.663
3045,16.161,0.00033,0.00010642,2048,126728.75,1787804250.679
3046,21.722,0.000434,0.00010633,2048,94283.16,1787804250.701
3047,17.009,0.000416,0.00010625,2048,120406.84,1787804250.718
3048,15.958,0.000359,0.00010617,2048,128340.1,1787804250.734
3049,16.729,0.000199,0.00010609,2048,122420.68,1787804250.751
3050,17.659,0.000378,0.00010601,2048,115976.83,1787804250.769
3051,15.479,0.000307,0.00010593,2048,132310.85,1787804250.784
3052,15.918,0.000297,0.00010585,2048,128657.76,1787804250.8
3053,22.073,0.00031,0.00010577,2048,92783.46,1787804250.823
3054,16.561,0.00034,0.00010569,2048,123662.54,1787804250.839
3055,16.935,0.00033,0.00010562,2048,120935.12,1787804250.857
3056,18.837,0.000321,0.00010554,2048,108723.35,1787804250.876
3057,20.345,0.000316,0.00010546,2048,100663.06,1787804250.897
3058,18.987,0.000215,0.00010539,2048,107864.98,1787804250.916
3059,15.466,0.000425,0.00010531,2048,132418.64,1787804250.932
3060,14.82,0.00038,0.00010524,2048,138195.36,1787804250.947
3061,15.478,0.000452,0.00010516,2048,132316.84,1787804250.962
3062,19.283,0.000299,0.00010509,2048,106209.74,1787804250.982
3063,16.519,0.000351,0.00010502,2048,123979.2,1787804250.998
3064,15.606,0.000318,0.00010494,2048,131227.37,1787804251.014
3065,16.495,0.000256,0.00010487,2048,124155.83,1787804251.031
3066,15.628,0.00035,0.0001048,2048,131047.68,1787804251.047
3067,15.313,0.000309,0.00010473,2048,133743.44,1787804251.062
3068,21.867,0.000402,0.00010466,2048,93657.54,1787804251.084
3069,17.229,0.000325,0.00010459,2048,118870.04,1787804251.102
3070,17.176,0.00036,0.00010452,2048,119236.14,1787804251.119
3071,17.475,0.000305,0.00010445,2048,117198.01,1787804251.137
3072,16.725,0.000308,0.00010438,2048,122452.88,1787804251.153
3073,17.114,0.00038,0.00010431,2048,119670.9,1787804251.171
3074,18.0,0.000471,0.00010424,2048,113775.25,1787804251.189
3075,16.924,0.000535,0.00010418,2048,121013.01,1787804251.206
3076,15.98,0.00041,0.00010411,2048,128157.79,1787804251.222
3077,34.242,0.000381,0.00010404,2048,59809.94,1787804251.256
3078,16.363,0.000315,0.00010398,2048,125158.89,1787804251.273
3079,18.967,0.000379,0.00010391,2048,107976.44,1787804251.292
3080,20.409,0.000229,0.00010385,2048,100345.43,1787804251.313
3081,20.104,0.000462,0.00010379,2048,101868.25,1787804251.333
3082,18.45,0.000504,0.00010372,2048,111000.91,1787804251.352
3083,27.992,0.000501,0.00010366,2048,73164.28,1787804251.38
3084,19.6,0.000349,0.0001036,2048,104491.93,1787804251.4
3085,19.877,0.00043,0.00010354,2048,103034.18,1787804251.42
3086,51.101,0.000259,0.00010347,2048,40077.49,1787804251.471
3087,27.025,0.000374,0.00010341,2048,75780.56,1787804251.499
3088,20.166,0.000232,0.00010335,2048,101557.08,1787804251.519
3089,27.322,0.0006,0.00010329,2048,74958.18,1787804251.547
3090,39.846,0.000312,0.00010324,2048,51398.53,1787804251.587
3091,30.538,0.000404,0.00010318,2048,67065.08,1787804251.618
3092,18.807,0.00035,0.00010312,2048,108894.47,1787804251.637
3093,34.6,0.000306,0.00010306,2048,59190.41,1787804251.672
3094,21.074,0.000294,0.000103,2048,97180.9,1787804251.693
3095,23.296,0.000245,0.00010295,2048,87910.96,1787804251.717
3096,20.89,0.000465,0.00010289,2048,98036.87,1787804251.738
3097,18.025,0.000264,0.00010284,2048,113620.6,1787804251.756
3098,48.226,0.000298,0.00010278,2048,42466.28,1787804251.805
3099,28.189,0.00028,0.00010273,2048,72651.42,1787804251.833
3100,25.654,0.000338,0.00010267,2048,79830.67,1787804251.859
3101,25.852,0.000602,0.00010262,2048,79218.64,1787804251.885
3102,28.981,0.000357,0.00010257,2048,70667.72,1787804251.914
3103,22.246,0.000532,0.00010252,2048,92060.67,1787804251.937
3104,48.312,0.000472,0.00010247,2048,42391.39,1787804251.985
3105,40.826,0.000336,0.00010241,2048,50164.11,1787804252.027
3106,38.99,0.000264,0.00010236,2048,52526.69,1787804252.066
3107,15.478,0.000611,0.00010231,2048,132314.27,1787804252.082
3108,15.761,0.000509,0.00010226,2048,129941.82,1787804252.098
3109,25.901,0.000338,0.00010222,2048,79070.0,1787804252.124
3110,27.067,0.000308,0.00010217,2048,75662.7,1787804252.151
3111,17.305,0.000334,0.00010212,2048,118345.93,1787804252.169
3112,17.312,0.00032,0.00010207,2048,118300.13,1787804252.186
3113,18.036,0.000252,0.00010202,2048,113549.42,1787804252.204
3114,16.64,0.000389,0.00010198,2048,123078.4,1787804252.221
3115,15.776,0.000296,0.00010193,2048,129817.44,1787804252.237
3116,18.004,0.000333,0.00010189,2048,113755.03,1787804252.255
3117,17.656,0.000378,0.00010184,2048,115992.59,1787804252.273
3118,23.542,0.000413,0.0001018,2048,86993.83,1787804252.297
3119,17.623,0.000681,0.00010176,2048,116208.47,1787804252.315
3120,14.47,0.00034,0.00010171,2048,141538.12,1787804252.329
3121,21.398,0.000345,0.00010167,2048,95710.77,1787804252.351
3122,18.175,0.000246,0.00010163,2048,112683.5,1787804252.369
3123,17.681,0.00034,0.00010159,2048,115828.59,1787804252.387
3124,17.823,0.000437,0.00010155,2048,114907.7,1787804252.405
3125,17.198,0.00035,0.00010151,2048,119083.61,1787804252.422
3126,15.26,0.000257,0.00010147,2048,134208.84,1787804252.438
3127,14.807,0.00028,0.00010143,2048,138313.89,1787804252.453
3128,15.385,0.000605,0.00010139,2048,133117.54,1787804252.468
3129,16.121,0.000644,0.00010135,2048,127040.84,1787804252.485
3130,17.409,0.000558,0.00010131,2048,117640.3,1787804252.502
3131,18.339,0.000347,0.00010127,2048,111677.01,1787804252.521
3132,16.206,0.000199,0.00010124,2048,126373.73,1787804252.537
3133,15.24,0.000377,0.0001012,2048,134383.2,1787804252.553
3134,15.637,0.000322,0.00010117,2048,130972.25,1787804252.568
3135,16.255,0.000324,0.00010113,2048,125989.68,1787804252.585
3136,17.511,0.00045,0.0001011,2048,116956.39,1787804252.602
3137,15.374,0.000318,0.00010106,2048,133210.18,1787804252.618
3138,15.384,0.000362,0.00010103,2048,133122.73,1787804252.634
3139,15.143,0.000363,0.000101,2048,135247.58,1787804252.649
3140,15.767,0.00044,0.00010096,2048,129891.55,1787804252.665
3141,18.25,0.000576,0.00010093,2048,112217.33,1787804252.683
3142,16.18,0.000641,0.0001009,2048,126576.8,1787804252.7
3143,16.376,0.000736,0.00010087,2048,125064.12,1787804252.716
3144,22.429,0.000678,0.00010084,2048,91309.14,1787804252.739
3145,17.527,0.00036,0.00010081,2048,116848.96,1787804252.757
3146,16.5,0.000396,0.00010078,2048,124119.71,1787804252.773
3147,15.939,0.000762,0.00010075,2048,128490.67,1787804252.789
3148,16.463,0.000563,0.00010072,2048,124397.9,1787804252.806
3149,16.421,0.000574,0.0001007,2048,124722.15,1787804252.823
3150,16.642,0.000206,0.00010067,2048,123061.39,1787804252.839
3151,15.73,0.000509,0.00010064,2048,130196.25,1787804252.856
3152,15.499,0.000709,0.00010062,2048,132138.41,1787804252.871
3153,17.26,0.000515,0.00010059,2048,118652.41,1787804252.889
3154,18.684,0.001199,0.00010057,2048,109610.16,1787804252.908
3155,18.874,0.000431,0.00010054,2048,108507.91,1787804252.927
3156,15.949,0.000293,0.00010052,2048,128406.89,1787804252.943
3157,21.421,0.000361,0.00010049,2048,95608.9,1787804252.964
3158,17.531,0.00061,0.00010047,2048,116823.63,1787804252.982
3159,17.066,0.000326,0.00010045,2048,120003.28,1787804252.999
3160,21.691,0.000638,0.00010043,2048,94417.04,1787804253.021
3161,14.973,0.000453,0.00010041,2048,136784.1,1787804253.037
3162,16.148,0.000416,0.00010039,2048,126826.07,1787804253.053
3163,15.43,0.00022,0.00010037,2048,132732.75,1787804253.068
3164,14.916,0.0007,0.00010035,2048,137297.62,1787804253.084
3165,15.581,0.000894,0.00010033,2048,131442.99,1787804253.099
3166,16.002,0.000728,0.00010031,2048,127980.0,1787804253.115
3167,14.857,0.000517,0.00010029,2048,137847.48,1787804253.13
3168,14.845,0.000297,0.00010027,2048,137957.05,1787804253.146
3169,15.211,0.000334,0.00010026,2048,134635.87,1787804253.161
3170,14.926,0.000522,0.00010024,2048,137212.99,1787804253.176
3171,15.424,0.000452,0.00010023,2048,132779.22,1787804253.192
3172,16.77,0.000364,0.00010021,2048,122125.75,1787804253.209
3173,16.171,0.000631,0.0001002,2048,126644.12,1787804253.225
3174,16.078,0.000378,0.00010018,2048,127381.4,1787804253.241
3175,17.549,0.000345,0.00010017,2048,116699.15,1787804253.26
3176,17.394,0.00039,0.00010015,2048,117740.4,1787804253.277
3177,16.053,0.000316,0.00010014,2048,127576.61,1787804253.294
3178,21.267,0.000377,0.00010013,2048,96300.34,1787804253.315
3179,15.883,0.000537,0.00010012,2048,128943.71,1787804253.331
3180,15.533,0.000485,0.00010011,2048,131851.72,1787804253.346
3181,28.521,0.000336,0.0001001,2048,71807.75,1787804253.375
3182,26.714,0.000477,0.00010009,2048,76663.63,1787804253.402
3183,29.992,0.000518,0.00010008,2048,68285.33,1787804253.433
3184,62.272,0.00056,0.00010007,2048,32887.82,1787804253.495
3185,42.13,0.000449,0.00010006,2048,48610.98,1787804253.538
3186,59.193,0.00062,0.00010005,2048,34598.51,1787804253.597
3187,21.728,0.000461,0.00010005,2048,94257.56,1787804253.619
3188,23.819,0.000535,0.00010004,2048,85980.34,1787804253.644
3189,15.177,0.000591,0.00010003,2048,134940.14,1787804253.659
3190,15.97,0.000396,0.00010003,2048,128239.65,1787804253.675
3191,16.083,0.000409,0.00010002,2048,127336.26,1787804253.691
3192,16.494,0.000298,0.00010002,2048,124163.35,1787804253.708
3193,30.167,0.000449,0.00010001,2048,67888.75,1787804253.739
3194,28.055,0.000387,0.00010001,2048,72999.21,1787804253.767
3195,28.921,0.000327,0.00010001,2048,70814.33,1787804253.796
3196,16.466,0.000416,0.0001,2048,124380.53,1787804253.813
3197,16.041,0.000437,0.0001,2048,127674.43,1787804253.829
3198,16.927,0.000414,0.0001,2048,120993.71,1787804253.846
3199,20.968,0.000476,0.0001,2048,97674.04,1787804253.867
3200,21.772,0.000798,0.0001,2048,94067.07,1787804253.889
