step,elapsed_ms,loss,lr,tokens,tokens_per_sec,timestamp
1,215.406,1.312422,3.13e-06,2048,9507.63,1787761814.986
2,200.467,1.263383,6.25e-06,2048,10216.15,1787761815.187
3,207.246,1.316215,9.37e-06,2048,9882.0,1787761815.396
4,224.649,1.316435,1.25e-05,2048,9116.44,1787761815.623
5,222.99,1.250408,1.563e-05,2048,9184.26,1787761815.847
6,209.288,1.32413,1.875e-05,2048,9785.54,1787761816.058
7,190.543,1.218189,2.187e-05,2048,10748.26,1787761816.251
8,190.914,1.340214,2.5e-05,2048,10727.33,1787761816.443
9,156.736,1.272584,2.813e-05,2048,13066.58,1787761816.602
10,191.444,1.206925,3.125e-05,2048,10697.64,1787761816.795
11,194.89,1.257892,3.438e-05,2048,10508.48,1787761816.992
12,195.876,1.227099,3.75e-05,2048,10455.58,1787761817.189
13,184.545,1.241617,4.063e-05,2048,11097.57,1787761817.375
14,188.748,1.196411,4.375e-05,2048,10850.43,1787761817.566
15,184.879,1.216504,4.688e-05,2048,11077.51,1787761817.752
16,158.466,1.211653,5e-05,2048,12923.92,1787761817.913
17,132.559,1.205881,5.312e-05,2048,15449.76,1787761818.046
18,192.242,1.189736,5.625e-05,2048,10653.24,1787761818.239
19,193.731,1.203562,5.937e-05,2048,10571.36,1787761818.435
20,171.984,1.115312,6.25e-05,2048,11908.11,1787761818.609
21,162.927,1.111172,6.563e-05,2048,12570.02,1787761818.773
22,187.626,1.222879,6.875e-05,2048,10915.35,1787761818.962
23,167.673,1.198072,7.187e-05,2048,12214.25,1787761819.131
24,170.943,1.057515,7.5e-05,2048,11980.58,1787761819.303
25,202.998,1.211995,7.813e-05,2048,10088.77,1787761819.509
26,239.167,1.069021,8.125e-05,2048,8563.05,1787761819.749
27,214.109,1.148791,8.438e-05,2048,9565.24,1787761819.965
28,218.434,1.035854,8.75e-05,2048,9375.84,1787761820.185
29,216.722,1.107652,9.062e-05,2048,9449.89,1787761820.403
30,213.307,1.002929,9.375e-05,2048,9601.19,1787761820.618
31,274.453,1.035682,9.688e-05,2048,7462.1,1787761820.895
32,277.277,0.874285,0.0001,2048,7386.12,1787761821.174
33,264.91,1.049494,0.00010312,2048,7730.92,1787761821.441
34,241.368,1.011232,0.00010625,2048,8484.96,1787761821.684
35,244.734,1.036184,0.00010938,2048,8368.27,1787761821.931
36,242.955,0.842358,0.0001125,2048,8429.55,1787761822.175
37,221.952,0.920853,0.00011563,2048,9227.21,1787761822.399
38,216.826,1.08588,0.00011875,2048,9445.38,1787761822.618
39,208.991,0.804751,0.00012187,2048,9799.49,1787761822.829
40,197.792,1.11198,0.000125,2048,10354.32,1787761823.028
41,157.299,0.947301,0.00012812,2048,13019.77,1787761823.187
42,223.678,0.900393,0.00013125,2048,9156.02,1787761823.413
43,187.848,0.74336,0.00013438,2048,10902.42,1787761823.602
44,188.834,0.935944,0.0001375,2048,10845.51,1787761823.792
45,201.925,0.807291,0.00014063,2048,10142.39,1787761823.996
46,213.169,0.864257,0.00014375,2048,9607.42,1787761824.21
47,194.471,0.940591,0.00014688,2048,10531.13,1787761824.406
48,192.694,0.845565,0.00015,2048,10628.26,1787761824.602
49,179.925,0.70938,0.00015313,2048,11382.5,1787761824.782
50,173.862,0.660134,0.00015625,2048,11779.44,1787761824.958
51,159.846,0.956815,0.00015937,2048,12812.37,1787761825.119
52,188.198,1.111523,0.0001625,2048,10882.18,1787761825.31
53,182.224,0.935216,0.00016563,2048,11238.89,1787761825.494
54,151.585,1.083896,0.00016875,2048,13510.54,1787761825.647
55,197.519,0.856722,0.00017187,2048,10368.61,1787761825.847
56,176.488,0.735519,0.000175,2048,11604.21,1787761826.025
57,191.42,0.933151,0.00017813,2048,10698.99,1787761826.217
58,219.132,0.685703,0.00018125,2048,9345.95,1787761826.438
59,237.727,0.754114,0.00018438,2048,8614.92,1787761826.678
60,234.95,0.720698,0.0001875,2048,8716.76,1787761826.914
61,225.645,0.614306,0.00019062,2048,9076.22,1787761827.142
62,268.471,0.877925,0.00019375,2048,7628.37,1787761827.412
63,247.207,0.768027,0.00019688,2048,8284.56,1787761827.661
64,228.793,0.543984,0.0002,2048,8951.32,1787761827.892
65,237.381,0.609682,0.00020313,2048,8627.49,1787761828.131
66,222.838,0.640184,0.00020625,2048,9190.54,1787761828.356
67,227.853,0.624537,0.00020938,2048,8988.25,1787761828.585
68,215.613,0.54603,0.0002125,2048,9498.5,1787761828.803
69,207.859,0.529075,0.00021563,2048,9852.84,1787761829.012
70,185.645,0.486047,0.00021875,2048,11031.8,1787761829.199
71,177.534,0.531901,0.00022187,2048,11535.84,1787761829.379
72,182.719,0.360917,0.000225,2048,11208.46,1787761829.563
73,200.176,0.479723,0.00022813,2048,10230.99,1787761829.766
74,187.069,0.503608,0.00023125,2048,10947.84,1787761829.954
75,199.621,0.345666,0.00023437,2048,10259.42,1787761830.155
76,210.057,0.402588,0.0002375,2048,9749.75,1787761830.367
77,196.917,0.465581,0.00024063,2048,10400.32,1787761830.566
78,201.52,0.380861,0.00024375,2048,10162.77,1787761830.768
79,190.06,0.507697,0.00024688,2048,10775.57,1787761830.961
80,183.812,0.590454,0.00025,2048,11141.82,1787761831.146
81,172.868,0.48016,0.00025312,2048,11847.17,1787761831.32
82,157.146,0.361628,0.00025625,2048,13032.47,1787761831.479
83,189.501,0.363073,0.00025938,2048,10807.33,1787761831.669
84,179.805,0.438739,0.0002625,2048,11390.14,1787761831.851
85,178.896,0.414103,0.00026563,2048,11448.02,1787761832.031
86,169.341,0.327945,0.00026875,2048,12093.95,1787761832.202
87,187.076,0.298297,0.00027187,2048,10947.45,1787761832.391
88,196.538,0.273007,0.000275,2048,10420.38,1787761832.59
89,211.171,0.46021,0.00027812,2048,9698.31,1787761832.802
90,198.399,0.231741,0.00028125,2048,10322.65,1787761833.002
91,180.667,0.398035,0.00028438,2048,11335.75,1787761833.185
92,222.689,0.252294,0.0002875,2048,9196.69,1787761833.41
93,200.41,0.248152,0.00029063,2048,10219.06,1787761833.613
94,178.094,0.392345,0.00029375,2048,11499.52,1787761833.792
95,157.098,0.360765,0.00029687,2048,13036.42,1787761833.95
96,211.097,0.312982,0.0003,2048,9701.7,1787761834.162
97,190.048,0.357144,0.00030313,2048,10776.25,1787761834.354
98,181.402,0.263694,0.00030625,2048,11289.84,1787761834.538
99,163.218,0.306252,0.00030938,2048,12547.66,1787761834.703
100,154.49,0.284401,0.0003125,2048,13256.56,1787761834.858
101,170.48,0.355328,0.00031562,2048,12013.13,1787761835.03
102,180.09,0.338784,0.00031875,2048,11372.12,1787761835.211
103,195.089,0.240195,0.00032188,2048,10497.77,1787761835.407
104,193.984,0.492821,0.000325,2048,10557.56,1787761835.604
105,158.344,0.353008,0.00032813,2048,12933.84,1787761835.763
106,158.713,0.241009,0.00033125,2048,12903.84,1787761835.924
107,170.681,0.491642,0.00033437,2048,11999.01,1787761836.096
108,148.011,0.413723,0.0003375,2048,13836.85,1787761836.245
109,135.433,0.255175,0.00034062,2048,15121.81,1787761836.382
110,122.784,0.267667,0.00034375,2048,16679.67,1787761836.506
111,138.259,0.280562,0.00034688,2048,14812.79,1787761836.646
112,207.376,0.361482,0.00035,2048,9875.76,1787761836.854
113,208.937,0.252226,0.00035313,2048,9801.98,1787761837.065
114,189.501,0.230284,0.00035625,2048,10807.34,1787761837.256
115,139.194,0.278792,0.00035937,2048,14713.28,1787761837.397
116,146.399,0.302609,0.0003625,2048,13989.18,1787761837.544
117,163.12,0.226291,0.00036563,2048,12555.18,1787761837.709
118,150.996,0.175673,0.00036875,2048,13563.26,1787761837.861
119,173.262,0.174975,0.00037188,2048,11820.28,1787761838.036
120,179.798,0.189427,0.000375,2048,11390.57,1787761838.218
121,181.096,0.343822,0.00037812,2048,11308.93,1787761838.4
122,198.402,0.172822,0.00038125,2048,10322.46,1787761838.601
123,173.696,0.170327,0.00038438,2048,11790.73,1787761838.776
124,182.401,0.164817,0.0003875,2048,11228.03,1787761838.959
125,178.315,0.172845,0.00039063,2048,11485.32,1787761839.139
126,151.794,0.139565,0.00039375,2048,13491.95,1787761839.293
127,139.838,0.164049,0.00039687,2048,14645.52,1787761839.435
128,172.38,0.194807,0.0004,2048,11880.76,1787761839.608
129,176.64,0.11244,0.00040313,2048,11594.22,1787761839.787
130,164.281,0.147402,0.00040625,2048,12466.42,1787761839.953
131,160.887,0.128522,0.00040938,2048,12729.42,1787761840.115
132,149.118,0.145521,0.0004125,2048,13734.12,1787761840.265
133,132.176,0.162532,0.00041563,2048,15494.49,1787761840.399
134,171.254,0.138756,0.00041875,2048,11958.84,1787761840.571
135,201.873,0.120595,0.00042187,2048,10144.99,1787761840.774
136,213.233,0.131841,0.000425,2048,9604.54,1787761840.99
137,179.646,0.149086,0.00042813,2048,11400.19,1787761841.171
138,165.004,0.216165,0.00043125,2048,12411.84,1787761841.338
139,179.54,0.119788,0.00043438,2048,11406.95,1787761841.519
140,157.642,0.143827,0.0004375,2048,12991.49,1787761841.679
141,167.917,0.134846,0.00044062,2048,12196.53,1787761841.848
142,150.22,0.119135,0.00044375,2048,13633.31,1787761842.0
143,156.326,0.120875,0.00044688,2048,13100.83,1787761842.157
144,189.425,0.134326,0.00045,2048,10811.69,1787761842.348
145,157.178,0.115721,0.00045313,2048,13029.85,1787761842.508
146,142.501,0.107574,0.00045625,2048,14371.85,1787761842.651
147,117.725,0.10656,0.00045937,2048,17396.49,1787761842.77
148,125.637,0.18449,0.0004625,2048,16300.93,1787761842.897
149,120.152,0.130031,0.00046563,2048,17045.09,1787761843.018
150,138.165,0.098177,0.00046875,2048,14822.91,1787761843.158
151,160.832,0.099741,0.00047188,2048,12733.77,1787761843.32
152,123.993,0.143224,0.000475,2048,16517.01,1787761843.446
153,157.557,0.102107,0.00047813,2048,12998.5,1787761843.604
154,129.745,0.138998,0.00048125,2048,15784.77,1787761843.735
155,109.657,0.10374,0.00048437,2048,18676.42,1787761843.846
156,121.822,0.070481,0.0004875,2048,16811.37,1787761843.969
157,104.727,0.084549,0.00049062,2048,19555.57,1787761844.075
158,119.532,0.098931,0.00049375,2048,17133.56,1787761844.195
159,141.855,0.105433,0.00049688,2048,14437.29,1787761844.338
160,165.561,0.091037,0.0005,2048,12370.06,1787761844.505
161,145.942,0.256064,0.00050313,2048,14032.96,1787761844.652
162,114.283,0.218553,0.00050625,2048,17920.39,1787761844.768
163,122.463,0.237221,0.00050938,2048,16723.42,1787761844.891
164,119.528,0.456051,0.0005125,2048,17134.12,1787761845.012
165,141.591,0.105248,0.00051563,2048,14464.24,1787761845.155
166,113.31,0.084902,0.00051875,2048,18074.37,1787761845.269
167,124.256,0.199551,0.00052187,2048,16482.05,1787761845.394
168,120.883,0.150522,0.000525,2048,16942.0,1787761845.517
169,116.943,0.128331,0.00052812,2048,17512.79,1787761845.635
170,122.204,0.544563,0.00053125,2048,16758.93,1787761845.757
171,122.902,0.092974,0.00053438,2048,16663.72,1787761845.882
172,168.137,0.113249,0.0005375,2048,12180.51,1787761846.052
173,159.702,0.076544,0.00054062,2048,12823.85,1787761846.212
174,133.857,0.082878,0.00054375,2048,15299.92,1787761846.348
175,187.937,0.400649,0.00054688,2048,10897.25,1787761846.536
176,174.074,0.126569,0.00055,2048,11765.08,1787761846.712
177,180.701,0.134524,0.00055313,2048,11333.66,1787761846.895
178,172.997,0.115332,0.00055625,2048,11838.34,1787761847.07
179,170.076,0.096883,0.00055937,2048,12041.69,1787761847.242
180,196.952,0.074967,0.0005625,2048,10398.47,1787761847.44
181,185.185,0.069698,0.00056563,2048,11059.23,1787761847.627
182,210.493,0.133752,0.00056875,2048,9729.55,1787761847.839
183,207.618,0.095785,0.00057188,2048,9864.26,1787761848.049
184,187.877,0.088109,0.000575,2048,10900.76,1787761848.239
185,168.169,0.074576,0.00057812,2048,12178.2,1787761848.409
186,161.931,0.098181,0.00058125,2048,12647.39,1787761848.572
187,149.489,0.097815,0.00058438,2048,13699.99,1787761848.723
188,139.609,0.082984,0.0005875,2048,14669.55,1787761848.863
189,145.241,0.251388,0.00059063,2048,14100.73,1787761849.011
190,121.961,0.060705,0.00059375,2048,16792.29,1787761849.134
191,160.012,0.190341,0.00059688,2048,12799.01,1787761849.294
192,151.682,0.068685,0.0006,2048,13501.9,1787761849.447
193,169.065,0.060366,0.00060313,2048,12113.66,1787761849.618
194,177.147,0.101239,0.00060625,2048,11560.99,1787761849.797
195,162.718,0.081934,0.00060937,2048,12586.18,1787761849.961
196,135.946,0.087029,0.0006125,2048,15064.81,1787761850.099
197,151.975,0.069738,0.00061562,2048,13475.94,1787761850.252
198,158.459,0.046092,0.00061875,2048,12924.51,1787761850.411
199,121.898,0.0552,0.00062187,2048,16800.88,1787761850.535
200,171.757,0.168286,0.000625,2048,11923.8,1787761850.709
201,175.97,0.108748,0.00062813,2048,11638.34,1787761850.885
202,177.715,0.084067,0.00063125,2048,11524.08,1787761851.064
203,171.095,0.089394,0.00063438,2048,11969.94,1787761851.238
204,134.686,0.307154,0.0006375,2048,15205.7,1787761851.374
205,160.644,0.064416,0.00064063,2048,12748.65,1787761851.536
206,171.342,0.065948,0.00064375,2048,11952.71,1787761851.708
207,185.291,0.055701,0.00064687,2048,11052.89,1787761851.895
208,181.04,0.04494,0.00065,2048,11312.4,1787761852.078
209,161.653,0.07168,0.00065312,2048,12669.1,1787761852.24
210,169.125,0.062197,0.00065625,2048,12109.38,1787761852.412
211,153.026,0.048008,0.00065938,2048,13383.39,1787761852.567
212,118.675,0.123876,0.0006625,2048,17257.22,1787761852.687
213,167.162,0.090468,0.00066562,2048,12251.61,1787761852.855
214,126.223,0.063729,0.00066875,2048,16225.2,1787761852.982
215,130.614,0.033808,0.00067188,2048,15679.78,1787761853.114
216,154.22,0.042912,0.000675,2048,13279.73,1787761853.27
217,149.582,0.065125,0.00067813,2048,13691.45,1787761853.422
218,150.155,0.042653,0.00068125,2048,13639.21,1787761853.573
219,139.146,0.02815,0.00068437,2048,14718.31,1787761853.713
220,144.762,0.029871,0.0006875,2048,14147.38,1787761853.86
221,171.402,0.107483,0.00069063,2048,11948.55,1787761854.032
222,162.933,0.044587,0.00069375,2048,12569.56,1787761854.196
223,174.474,0.04183,0.00069688,2048,11738.15,1787761854.372
224,169.043,0.051375,0.0007,2048,12115.3,1787761854.542
225,192.047,0.095648,0.00070312,2048,10664.07,1787761854.736
226,167.329,0.090637,0.00070625,2048,12239.34,1787761854.904
227,166.59,0.06709,0.00070938,2048,12293.63,1787761855.072
228,164.128,0.064042,0.0007125,2048,12478.05,1787761855.238
229,148.079,0.037226,0.00071563,2048,13830.48,1787761855.388
230,188.968,0.043334,0.00071875,2048,10837.79,1787761855.578
231,192.842,0.034967,0.00072188,2048,10620.12,1787761855.772
232,179.298,0.034397,0.000725,2048,11422.32,1787761855.953
233,153.026,0.03342,0.00072813,2048,13383.35,1787761856.107
234,176.865,0.023811,0.00073125,2048,11579.49,1787761856.285
235,193.088,0.028175,0.00073438,2048,10606.58,1787761856.48
236,175.199,0.027532,0.0007375,2048,11689.59,1787761856.657
237,190.676,0.035027,0.00074062,2048,10740.73,1787761856.85
238,222.989,0.025609,0.00074375,2048,9184.32,1787761857.074
239,193.866,0.023525,0.00074687,2048,10563.97,1787761857.27
240,156.821,0.023632,0.00075,2048,13059.48,1787761857.429
241,199.294,0.077782,0.00075313,2048,10276.29,1787761857.629
242,180.478,0.100533,0.00075625,2048,11347.62,1787761857.812
243,160.755,0.064985,0.00075938,2048,12739.91,1787761857.973
244,191.746,0.047265,0.0007625,2048,10680.8,1787761858.167
245,263.725,0.02323,0.00076563,2048,7765.65,1787761858.432
246,233.517,0.021112,0.00076875,2048,8770.24,1787761858.667
247,205.263,0.026695,0.00077187,2048,9977.42,1787761858.874
248,207.535,0.045557,0.000775,2048,9868.21,1787761859.083
249,197.878,0.021131,0.00077812,2048,10349.83,1787761859.283
250,186.937,0.020061,0.00078125,2048,10955.59,1787761859.471
251,190.602,0.013467,0.00078438,2048,10744.92,1787761859.664
252,171.058,0.018798,0.0007875,2048,11972.58,1787761859.836
253,175.9,0.017485,0.00079062,2048,11642.96,1787761860.014
254,188.953,0.014166,0.00079375,2048,10838.66,1787761860.206
255,175.997,0.018236,0.00079688,2048,11636.54,1787761860.383
256,169.321,0.018573,0.0008,2048,12095.33,1787761860.554
257,205.178,0.020334,0.00080313,2048,9981.58,1787761860.761
258,200.798,0.017854,0.00080625,2048,10199.3,1787761860.963
259,183.851,0.145316,0.00080937,2048,11139.44,1787761861.149
260,146.99,0.026111,0.0008125,2048,13932.89,1787761861.297
261,187.556,0.034624,0.00081563,2048,10919.41,1787761861.486
262,191.594,0.028564,0.00081875,2048,10689.25,1787761861.68
263,217.017,0.040303,0.00082188,2048,9437.05,1787761861.899
264,223.432,0.42056,0.000825,2048,9166.09,1787761862.123
265,224.061,0.032691,0.00082812,2048,9140.38,1787761862.35
266,218.331,0.03674,0.00083125,2048,9380.25,1787761862.57
267,229.692,0.032614,0.00083438,2048,8916.29,1787761862.801
268,222.343,0.023913,0.0008375,2048,9210.99,1787761863.025
269,247.9,0.030984,0.00084063,2048,8261.38,1787761863.275
270,265.937,0.033405,0.00084375,2048,7701.07,1787761863.544
271,227.9,0.029039,0.00084688,2048,8986.4,1787761863.775
272,196.534,0.027291,0.00085,2048,10420.61,1787761863.973
273,212.752,0.029891,0.00085313,2048,9626.24,1787761864.188
274,200.887,0.017489,0.00085625,2048,10194.8,1787761864.391
275,233.227,0.021651,0.00085938,2048,8781.16,1787761864.626
276,232.734,0.012774,0.0008625,2048,8799.73,1787761864.861
277,222.785,0.031015,0.00086562,2048,9192.72,1787761865.085
278,235.896,0.031735,0.00086875,2048,8681.81,1787761865.323
279,217.086,0.018885,0.00087187,2048,9434.04,1787761865.541
280,222.49,0.246945,0.000875,2048,9204.92,1787761865.767
281,213.368,0.021815,0.00087813,2048,9598.45,1787761865.982
282,211.677,0.027631,0.00088125,2048,9675.11,1787761866.196
283,200.457,0.036517,0.00088438,2048,10216.68,1787761866.397
284,200.876,0.015575,0.0008875,2048,10195.33,1787761866.6
285,202.971,0.014745,0.00089063,2048,10090.12,1787761866.804
286,195.308,0.014227,0.00089375,2048,10486.0,1787761867.001
287,219.72,0.014502,0.00089687,2048,9320.98,1787761867.223
288,215.644,0.013436,0.0009,2048,9497.12,1787761867.441
289,261.543,0.009685,0.00090312,2048,7830.45,1787761867.705
290,260.823,0.011507,0.00090625,2048,7852.06,1787761867.968
291,236.417,0.014557,0.00090938,2048,8662.65,1787761868.206
292,263.274,0.011079,0.0009125,2048,7778.97,1787761868.471
293,275.365,0.017632,0.00091562,2048,7437.4,1787761868.749
294,283.782,0.010516,0.00091875,2048,7216.81,1787761869.034
295,291.681,0.009041,0.00092188,2048,7021.36,1787761869.328
296,265.637,0.011815,0.000925,2048,7709.77,1787761869.596
297,295.013,0.015945,0.00092813,2048,6942.07,1787761869.893
298,293.969,0.009127,0.00093125,2048,6966.71,1787761870.188
299,247.147,0.792339,0.00093437,2048,8286.57,1787761870.438
300,237.645,0.050576,0.0009375,2048,8617.9,1787761870.678
301,255.381,0.290775,0.00094063,2048,8019.37,1787761870.935
302,242.105,0.377986,0.00094375,2048,8459.14,1787761871.179
303,257.605,0.014947,0.00094688,2048,7950.15,1787761871.439
304,229.382,0.015941,0.00095,2048,8928.35,1787761871.67
305,224.693,0.054289,0.00095312,2048,9114.65,1787761871.896
306,231.784,0.01191,0.00095625,2048,8835.8,1787761872.13
307,179.847,0.010569,0.00095938,2048,11387.44,1787761872.312
308,196.52,0.010451,0.0009625,2048,10421.32,1787761872.511
309,228.409,0.009413,0.00096563,2048,8966.36,1787761872.741
310,213.258,0.013656,0.00096875,2048,9603.4,1787761872.955
311,219.023,0.009675,0.00097188,2048,9350.62,1787761873.177
312,223.239,0.010991,0.000975,2048,9174.03,1787761873.402
313,216.256,0.006971,0.00097813,2048,9470.25,1787761873.621
314,188.606,0.012748,0.00098125,2048,10858.61,1787761873.811
315,174.34,0.00635,0.00098438,2048,11747.13,1787761873.986
316,176.19,0.008018,0.0009875,2048,11623.81,1787761874.163
317,209.014,0.007812,0.00099062,2048,9798.39,1787761874.375
318,227.767,0.007868,0.00099375,2048,8991.63,1787761874.604
319,222.567,0.006493,0.00099687,2048,9201.7,1787761874.829
320,202.492,0.007309,0.001,2048,10113.99,1787761875.032
321,192.076,0.010786,0.001,2048,10662.44,1787761875.227
322,180.44,0.006769,0.001,2048,11350.01,1787761875.408
323,183.237,0.007328,0.001,2048,11176.77,1787761875.593
324,188.162,0.00991,0.001,2048,10884.25,1787761875.784
325,232.277,0.005979,0.00099999,2048,8817.05,1787761876.019
326,218.074,0.005723,0.00099999,2048,9391.29,1787761876.238
327,194.222,1.121486,0.00099999,2048,10544.63,1787761876.435
328,192.496,0.01351,0.00099998,2048,10639.2,1787761876.629
329,197.633,0.006332,0.00099998,2048,10362.66,1787761876.828
330,197.024,0.007877,0.00099997,2048,10394.66,1787761877.027
331,207.244,0.01078,0.00099997,2048,9882.07,1787761877.236
332,217.143,0.00699,0.00099996,2048,9431.56,1787761877.455
333,195.523,0.00554,0.00099995,2048,10474.49,1787761877.652
334,190.676,0.005912,0.00099995,2048,10740.73,1787761877.844
335,189.128,0.004308,0.00099994,2048,10828.63,1787761878.036
336,206.917,0.01023,0.00099993,2048,9897.68,1787761878.244
337,226.965,0.032339,0.00099992,2048,9023.42,1787761878.472
338,199.574,0.005601,0.00099991,2048,10261.87,1787761878.674
339,215.316,0.004272,0.0009999,2048,9511.62,1787761878.891
340,218.992,0.00426,0.00099989,2048,9351.96,1787761879.111
341,217.605,0.005428,0.00099988,2048,9411.55,1787761879.33
342,203.262,0.005554,0.00099987,2048,10075.65,1787761879.535
343,219.068,0.004892,0.00099986,2048,9348.68,1787761879.757
344,227.097,0.003809,0.00099985,2048,9018.17,1787761879.986
345,225.161,0.006429,0.00099983,2048,9095.7,1787761880.214
346,235.018,0.008266,0.00099982,2048,8714.24,1787761880.45
347,236.545,0.004,0.0009998,2048,8657.98,1787761880.689
348,218.302,0.005062,0.00099979,2048,9381.48,1787761880.909
349,236.033,0.00684,0.00099977,2048,8676.76,1787761881.147
350,215.219,0.00427,0.00099976,2048,9515.9,1787761881.364
351,196.258,0.003899,0.00099974,2048,10435.26,1787761881.562
352,208.142,0.003654,0.00099973,2048,9839.45,1787761881.772
353,212.578,0.004564,0.00099971,2048,9634.11,1787761881.987
354,206.861,0.004645,0.00099969,2048,9900.39,1787761882.196
355,226.541,0.007008,0.00099967,2048,9040.31,1787761882.424
356,195.917,0.003277,0.00099965,2048,10453.38,1787761882.622
357,194.983,0.004137,0.00099963,2048,10503.46,1787761882.818
358,202.937,0.007749,0.00099961,2048,10091.8,1787761883.023
359,211.234,0.006129,0.00099959,2048,9695.4,1787761883.236
360,211.908,0.004275,0.00099957,2048,9664.55,1787761883.45
361,270.486,0.003607,0.00099955,2048,7571.55,1787761883.723
362,249.426,0.004704,0.00099953,2048,8210.87,1787761883.975
363,224.735,0.005737,0.00099951,2048,9112.95,1787761884.201
364,212.607,0.005843,0.00099948,2048,9632.79,1787761884.416
365,219.14,0.005193,0.00099946,2048,9345.61,1787761884.637
366,182.302,0.004901,0.00099943,2048,11234.09,1787761884.821
367,177.386,0.003581,0.00099941,2048,11545.42,1787761884.999
368,185.037,0.004891,0.00099938,2048,11068.07,1787761885.186
369,187.437,0.005465,0.00099936,2048,10926.34,1787761885.374
370,196.122,0.004314,0.00099933,2048,10442.45,1787761885.573
371,188.968,0.00352,0.0009993,2048,10837.8,1787761885.764
372,214.608,0.004147,0.00099928,2048,9542.97,1787761885.98
373,200.756,0.004699,0.00099925,2048,10201.43,1787761886.182
374,221.098,0.003215,0.00099922,2048,9262.85,1787761886.405
375,210.542,0.002976,0.00099919,2048,9727.25,1787761886.617
376,222.875,0.003638,0.00099916,2048,9189.02,1787761886.842
377,196.989,0.004288,0.00099913,2048,10396.54,1787761887.04
378,194.397,0.003159,0.0009991,2048,10535.16,1787761887.237
379,202.043,0.002901,0.00099907,2048,10136.46,1787761887.441
380,215.14,0.002984,0.00099904,2048,9519.37,1787761887.658
381,202.061,0.002776,0.000999,2048,10135.57,1787761887.861
382,214.725,0.00273,0.00099897,2048,9537.78,1787761888.078
383,206.008,0.002581,0.00099894,2048,9941.36,1787761888.286
384,192.084,0.003284,0.0009989,2048,10662.02,1787761888.479
385,188.34,0.003136,0.00099887,2048,10873.97,1787761888.67
386,247.993,0.002298,0.00099883,2048,8258.28,1787761888.919
387,242.062,0.002815,0.0009988,2048,8460.64,1787761889.163
388,251.639,0.003082,0.00099876,2048,8138.65,1787761889.417
389,221.255,0.002486,0.00099873,2048,9256.28,1787761889.639
390,207.882,0.002581,0.00099869,2048,9851.73,1787761889.849
391,215.418,0.00274,0.00099865,2048,9507.12,1787761890.067
392,217.952,0.002314,0.00099861,2048,9396.56,1787761890.286
393,201.218,0.002389,0.00099857,2048,10178.04,1787761890.489
394,214.915,0.002504,0.00099853,2048,9529.33,1787761890.706
395,183.311,0.002495,0.00099849,2048,11172.25,1787761890.891
396,188.429,0.002138,0.00099845,2048,10868.83,1787761891.081
397,175.179,0.002313,0.00099841,2048,11690.89,1787761891.258
398,176.537,0.002383,0.00099837,2048,11600.95,1787761891.437
399,168.164,0.002029,0.00099833,2048,12178.62,1787761891.606
400,173.933,0.001881,0.00099829,2048,11774.66,1787761891.782
401,205.302,0.002503,0.00099824,2048,9975.54,1787761891.988
402,178.345,0.002036,0.0009982,2048,11483.35,1787761892.168
403,185.412,0.001827,0.00099816,2048,11045.67,1787761892.355
404,177.084,0.002045,0.00099811,2048,11565.15,1787761892.534
405,181.673,0.003215,0.00099807,2048,11273.0,1787761892.717
406,176.126,0.001863,0.00099802,2048,11628.04,1787761892.894
407,179.318,0.002035,0.00099798,2048,11421.08,1787761893.076
408,187.52,0.002986,0.00099793,2048,10921.48,1787761893.265
409,198.297,0.002187,0.00099788,2048,10327.92,1787761893.465
410,201.848,0.00212,0.00099783,2048,10146.24,1787761893.668
411,223.745,0.002132,0.00099778,2048,9153.28,1787761893.893
412,244.839,0.002866,0.00099774,2048,8364.69,1787761894.14
413,276.448,0.002203,0.00099769,2048,7408.27,1787761894.418
414,275.378,0.00215,0.00099764,2048,7437.05,1787761894.696
415,260.051,0.002701,0.00099759,2048,7875.37,1787761894.959
416,252.813,0.002523,0.00099753,2048,8100.84,1787761895.213
417,257.763,0.002266,0.00099748,2048,7945.27,1787761895.473
418,289.727,0.001843,0.00099743,2048,7068.73,1787761895.764
419,212.987,0.002533,0.00099738,2048,9615.6,1787761895.98
420,224.762,0.002401,0.00099733,2048,9111.84,1787761896.206
421,238.612,0.00207,0.00099727,2048,8582.98,1787761896.446
422,236.124,0.002105,0.00099722,2048,8673.4,1787761896.684
423,251.052,0.001846,0.00099716,2048,8157.68,1787761896.937
424,222.923,0.002888,0.00099711,2048,9187.03,1787761897.162
425,208.556,0.001699,0.00099705,2048,9819.9,1787761897.373
426,193.161,0.0019,0.000997,2048,10602.55,1787761897.567
427,213.71,0.002362,0.00099694,2048,9583.07,1787761897.783
428,191.527,0.00168,0.00099688,2048,10693.03,1787761897.976
429,170.59,0.001704,0.00099682,2048,12005.4,1787761898.148
430,195.444,0.001748,0.00099676,2048,10478.7,1787761898.344
431,202.632,0.001991,0.00099671,2048,10106.99,1787761898.549
432,228.353,0.00169,0.00099665,2048,8968.57,1787761898.779
433,217.046,0.001687,0.00099659,2048,9435.8,1787761898.999
434,218.326,0.002122,0.00099653,2048,9380.46,1787761899.218
435,241.088,0.001694,0.00099646,2048,8494.83,1787761899.462
436,228.847,0.001508,0.0009964,2048,8949.22,1787761899.692
437,222.101,0.00153,0.00099634,2048,9221.04,1787761899.915
438,218.474,0.002205,0.00099628,2048,9374.1,1787761900.136
439,208.337,0.001524,0.00099621,2048,9830.21,1787761900.347
440,202.203,0.001591,0.00099615,2048,10128.44,1787761900.55
441,222.084,0.001571,0.00099609,2048,9221.73,1787761900.775
442,185.719,0.001613,0.00099602,2048,11027.39,1787761900.962
443,186.897,0.001448,0.00099596,2048,10957.88,1787761901.151
444,211.492,0.001349,0.00099589,2048,9683.6,1787761901.364
445,215.008,0.001504,0.00099582,2048,9525.21,1787761901.58
446,234.63,0.001584,0.00099576,2048,8728.63,1787761901.817
447,263.03,0.001444,0.00099569,2048,7786.18,1787761902.082
448,227.322,0.001471,0.00099562,2048,9009.24,1787761902.311
449,210.396,0.001693,0.00099555,2048,9734.0,1787761902.523
450,200.828,0.001482,0.00099548,2048,10197.79,1787761902.725
451,194.405,0.001289,0.00099541,2048,10534.72,1787761902.923
452,187.845,0.001714,0.00099534,2048,10902.63,1787761903.112
453,229.508,0.001412,0.00099527,2048,8923.43,1787761903.343
454,208.323,0.001283,0.0009952,2048,9830.88,1787761903.553
455,196.945,0.001327,0.00099513,2048,10398.82,1787761903.752
456,192.497,0.001522,0.00099506,2048,10639.12,1787761903.946
457,193.612,0.001424,0.00099498,2048,10577.86,1787761904.142
458,228.107,0.001359,0.00099491,2048,8978.23,1787761904.371
459,232.612,0.001704,0.00099484,2048,8804.36,1787761904.606
460,216.163,0.001746,0.00099476,2048,9474.32,1787761904.825
461,199.41,0.001436,0.00099469,2048,10270.32,1787761905.026
462,200.95,0.001302,0.00099461,2048,10191.61,1787761905.229
463,221.936,0.001481,0.00099454,2048,9227.9,1787761905.452
464,222.192,0.001596,0.00099446,2048,9217.26,1787761905.676
465,201.258,0.001419,0.00099438,2048,10176.0,1787761905.879
466,208.426,0.001198,0.00099431,2048,9826.01,1787761906.089
467,188.868,0.001534,0.00099423,2048,10843.56,1787761906.279
468,180.292,0.001327,0.00099415,2048,11359.33,1787761906.462
469,154.209,0.001407,0.00099407,2048,13280.69,1787761906.618
470,227.497,0.001206,0.00099399,2048,9002.3,1787761906.846
471,238.335,0.001331,0.00099391,2048,8592.94,1787761907.087
472,233.492,0.002424,0.00099383,2048,8771.19,1787761907.323
473,226.141,0.001273,0.00099375,2048,9056.29,1787761907.551
474,208.079,0.001995,0.00099367,2048,9842.4,1787761907.76
475,184.36,0.001786,0.00099358,2048,11108.68,1787761907.946
476,197.598,0.001637,0.0009935,2048,10364.48,1787761908.145
477,181.18,0.001216,0.00099342,2048,11303.66,1787761908.329
478,187.733,0.001842,0.00099333,2048,10909.12,1787761908.518
479,184.525,0.001694,0.00099325,2048,11098.78,1787761908.704
480,192.875,0.001474,0.00099316,2048,10618.28,1787761908.899
481,210.826,0.001284,0.00099308,2048,9714.17,1787761909.111
482,222.153,0.001581,0.00099299,2048,9218.87,1787761909.335
483,203.897,0.001501,0.00099291,2048,10044.3,1787761909.541
484,201.122,0.001174,0.00099282,2048,10182.86,1787761909.743
485,198.873,0.001182,0.00099273,2048,10298.03,1787761909.944
486,216.736,0.001753,0.00099264,2048,9449.28,1787761910.163
487,207.645,0.001363,0.00099255,2048,9863.0,1787761910.373
488,217.927,0.001465,0.00099246,2048,9397.64,1787761910.592
489,234.173,0.001599,0.00099237,2048,8745.66,1787761910.829
490,209.212,0.001859,0.00099228,2048,9789.14,1787761911.039
491,202.098,0.001728,0.00099219,2048,10133.7,1787761911.243
492,175.155,0.002346,0.0009921,2048,11692.49,1787761911.42
493,153.419,0.002367,0.00099201,2048,13349.1,1787761911.576
494,200.646,0.002583,0.00099192,2048,10207.05,1787761911.778
495,195.701,0.001384,0.00099183,2048,10464.94,1787761911.975
496,202.772,0.003504,0.00099173,2048,10099.99,1787761912.18
497,198.45,0.002347,0.00099164,2048,10320.0,1787761912.38
498,196.628,0.002135,0.00099154,2048,10415.62,1787761912.578
499,201.36,0.001459,0.00099145,2048,10170.85,1787761912.781
500,194.069,0.00417,0.00099135,2048,10552.97,1787761912.976
501,216.856,0.00327,0.00099126,2048,9444.07,1787761913.196
502,180.812,0.001737,0.00099116,2048,11326.69,1787761913.378
503,189.032,0.002838,0.00099106,2048,10834.16,1787761913.569
504,184.03,0.002348,0.00099097,2048,11128.64,1787761913.754
505,185.112,0.00202,0.00099087,2048,11063.56,1787761913.942
506,194.375,0.002899,0.00099077,2048,10536.31,1787761914.138
507,164.026,0.002336,0.00099067,2048,12485.86,1787761914.303
508,166.306,0.001956,0.00099057,2048,12314.66,1787761914.471
509,192.193,0.001214,0.00099047,2048,10655.96,1787761914.665
510,195.038,0.002041,0.00099037,2048,10500.51,1787761914.861
511,210.171,0.001229,0.00099027,2048,9744.43,1787761915.073
512,204.721,0.001461,0.00099017,2048,10003.86,1787761915.28
513,256.562,0.001286,0.00099006,2048,7982.47,1787761915.539
514,259.361,0.001222,0.00098996,2048,7896.33,1787761915.8
515,232.391,0.00121,0.00098986,2048,8812.72,1787761916.034
516,276.245,0.00109,0.00098975,2048,7413.72,1787761916.312
517,262.796,0.00153,0.00098965,2048,7793.11,1787761916.576
518,252.24,0.001481,0.00098954,2048,8119.24,1787761916.831
519,230.468,0.000968,0.00098944,2048,8886.26,1787761917.064
520,256.705,0.001274,0.00098933,2048,7978.04,1787761917.322
521,275.19,0.001413,0.00098923,2048,7442.13,1787761917.6
522,228.646,0.001502,0.00098912,2048,8957.07,1787761917.83
523,218.132,0.001189,0.00098901,2048,9388.81,1787761918.049
524,217.817,0.000943,0.0009889,2048,9402.38,1787761918.27
525,201.577,0.00095,0.0009888,2048,10159.86,1787761918.473
526,190.623,0.001358,0.00098869,2048,10743.71,1787761918.666
527,220.674,0.001081,0.00098858,2048,9280.67,1787761918.888
528,233.613,0.001106,0.00098847,2048,8766.64,1787761919.123
529,233.342,0.001295,0.00098836,2048,8776.83,1787761919.359
530,240.392,0.001684,0.00098824,2048,8519.4,1787761919.601
531,207.379,0.001391,0.00098813,2048,9875.64,1787761919.81
532,229.396,0.000959,0.00098802,2048,8927.78,1787761920.042
533,248.836,0.001225,0.00098791,2048,8230.31,1787761920.292
534,207.576,0.001958,0.00098779,2048,9866.26,1787761920.502
535,230.373,0.001489,0.00098768,2048,8889.92,1787761920.733
536,211.26,0.001317,0.00098757,2048,9694.21,1787761920.946
537,220.625,0.001033,0.00098745,2048,9282.73,1787761921.168
538,195.169,0.003645,0.00098734,2048,10493.45,1787761921.365
539,198.177,0.001515,0.00098722,2048,10334.21,1787761921.565
540,220.273,0.000893,0.0009871,2048,9297.54,1787761921.787
541,211.059,0.001842,0.00098699,2048,9703.45,1787761922.001
542,213.828,0.001967,0.00098687,2048,9577.79,1787761922.217
543,238.424,0.001157,0.00098675,2048,8589.74,1787761922.457
544,237.936,0.001032,0.00098663,2048,8607.36,1787761922.697
545,219.463,0.001315,0.00098651,2048,9331.87,1787761922.918
546,214.857,0.001855,0.00098639,2048,9531.93,1787761923.134
547,208.575,0.001597,0.00098627,2048,9819.02,1787761923.345
548,195.981,0.001204,0.00098615,2048,10449.98,1787761923.543
549,205.163,0.001121,0.00098603,2048,9982.32,1787761923.75
550,195.522,0.00125,0.00098591,2048,10474.51,1787761923.947
551,196.27,0.001253,0.00098579,2048,10434.62,1787761924.145
552,198.571,0.001285,0.00098567,2048,10313.72,1787761924.346
553,211.024,0.001152,0.00098554,2048,9705.06,1787761924.557
554,215.292,0.001124,0.00098542,2048,9512.64,1787761924.775
555,308.002,0.001249,0.0009853,2048,6649.3,1787761925.086
556,262.171,0.001501,0.00098517,2048,7811.7,1787761925.35
557,269.16,0.0026,0.00098505,2048,7608.85,1787761925.621
558,235.338,0.001474,0.00098492,2048,8702.37,1787761925.857
559,245.672,0.001682,0.00098479,2048,8336.3,1787761926.106
560,221.522,0.00166,0.00098467,2048,9245.14,1787761926.33
561,203.289,0.001466,0.00098454,2048,10074.35,1787761926.535
562,228.599,0.001803,0.00098441,2048,8958.9,1787761926.765
563,233.662,0.001641,0.00098428,2048,8764.78,1787761927.0
564,262.035,0.001189,0.00098415,2048,7815.76,1787761927.264
565,231.146,0.001642,0.00098402,2048,8860.2,1787761927.497
566,277.657,0.003262,0.0009839,2048,7376.0,1787761927.777
567,255.669,0.001443,0.00098376,2048,8010.35,1787761928.035
568,222.713,0.001152,0.00098363,2048,9195.69,1787761928.26
569,216.077,0.002359,0.0009835,2048,9478.09,1787761928.478
570,211.538,0.00192,0.00098337,2048,9681.47,1787761928.69
571,206.336,0.00158,0.00098324,2048,9925.55,1787761928.899
572,205.6,0.003323,0.0009831,2048,9961.07,1787761929.106
573,193.242,0.001107,0.00098297,2048,10598.12,1787761929.301
574,203.212,0.001356,0.00098284,2048,10078.12,1787761929.506
575,194.785,0.003688,0.0009827,2048,10514.18,1787761929.703
576,183.415,0.001048,0.00098257,2048,11165.92,1787761929.888
577,189.747,0.001686,0.00098243,2048,10793.31,1787761930.08
578,209.313,0.001914,0.0009823,2048,9784.41,1787761930.29
579,238.883,0.001322,0.00098216,2048,8573.22,1787761930.532
580,215.006,0.001176,0.00098202,2048,9525.31,1787761930.748
581,185.083,0.001072,0.00098188,2048,11065.29,1787761930.936
582,204.17,0.002015,0.00098175,2048,10030.85,1787761931.141
583,200.858,0.001512,0.00098161,2048,10196.28,1787761931.343
584,196.996,0.001034,0.00098147,2048,10396.14,1787761931.542
585,208.271,0.0013,0.00098133,2048,9833.36,1787761931.752
586,190.311,0.001599,0.00098119,2048,10761.36,1787761931.944
587,195.93,0.001073,0.00098105,2048,10452.72,1787761932.143
588,189.608,0.001072,0.00098091,2048,10801.21,1787761932.334
589,190.837,0.001406,0.00098077,2048,10731.69,1787761932.526
590,196.018,0.001414,0.00098062,2048,10448.0,1787761932.724
591,224.664,0.001588,0.00098048,2048,9115.84,1787761932.95
592,202.525,0.00089,0.00098034,2048,10112.33,1787761933.155
593,179.686,0.000928,0.00098019,2048,11397.68,1787761933.336
594,178.202,0.000941,0.00098005,2048,11492.56,1787761933.517
595,171.894,0.000741,0.0009799,2048,11914.34,1787761933.691
596,179.638,0.001161,0.00097976,2048,11400.71,1787761933.872
597,176.064,0.000892,0.00097961,2048,11632.16,1787761934.05
598,188.921,0.001121,0.00097947,2048,10840.48,1787761934.24
599,187.914,0.001076,0.00097932,2048,10898.63,1787761934.43
600,200.615,0.001266,0.00097917,2048,10208.63,1787761934.632
601,191.446,0.001115,0.00097902,2048,10697.51,1787761934.826
602,179.121,0.001075,0.00097888,2048,11433.58,1787761935.007
603,183.198,0.001059,0.00097873,2048,11179.17,1787761935.192
604,178.717,0.00087,0.00097858,2048,11459.43,1787761935.372
605,173.486,0.001246,0.00097843,2048,11804.96,1787761935.547
606,159.058,0.001036,0.00097828,2048,12875.77,1787761935.707
607,166.803,0.000777,0.00097813,2048,12277.99,1787761935.877
608,177.54,0.000752,0.00097798,2048,11535.45,1787761936.056
609,178.595,0.000797,0.00097782,2048,11467.3,1787761936.236
610,203.2,0.000962,0.00097767,2048,10078.73,1787761936.442
611,210.897,0.000763,0.00097752,2048,9710.9,1787761936.655
612,227.205,0.000777,0.00097736,2048,9013.88,1787761936.884
613,231.691,0.000903,0.00097721,2048,8839.36,1787761937.117
614,246.044,0.00093,0.00097706,2048,8323.71,1787761937.365
615,295.832,0.001003,0.0009769,2048,6922.84,1787761937.663
616,296.395,0.000922,0.00097675,2048,6909.7,1787761937.961
617,233.822,0.000818,0.00097659,2048,8758.8,1787761938.197
618,239.71,0.000964,0.00097643,2048,8543.65,1787761938.439
619,269.912,0.000866,0.00097628,2048,7587.66,1787761938.711
620,261.824,0.00093,0.00097612,2048,7822.05,1787761938.974
621,228.591,0.000642,0.00097596,2048,8959.24,1787761939.205
622,230.491,0.001032,0.0009758,2048,8885.39,1787761939.437
623,336.773,0.000844,0.00097564,2048,6081.25,1787761939.776
624,254.8,0.000976,0.00097548,2048,8037.67,1787761940.033
625,229.391,0.00073,0.00097532,2048,8928.0,1787761940.264
626,209.173,0.000715,0.00097516,2048,9790.93,1787761940.474
627,216.776,0.00071,0.000975,2048,9447.52,1787761940.693
628,215.63,0.000745,0.00097484,2048,9497.73,1787761940.91
629,196.131,0.000789,0.00097468,2048,10442.0,1787761941.108
630,197.756,0.000679,0.00097452,2048,10356.21,1787761941.308
631,187.572,0.000765,0.00097435,2048,10918.46,1787761941.499
632,204.131,0.000681,0.00097419,2048,10032.76,1787761941.705
633,189.943,0.000657,0.00097402,2048,10782.16,1787761941.896
634,206.454,0.000694,0.00097386,2048,9919.86,1787761942.104
635,183.237,0.000705,0.00097369,2048,11176.79,1787761942.289
636,170.457,0.000626,0.00097353,2048,12014.78,1787761942.461
637,201.666,0.000659,0.00097336,2048,10155.39,1787761942.665
638,218.112,0.000642,0.0009732,2048,9389.65,1787761942.884
639,196.2,0.000725,0.00097303,2048,10438.33,1787761943.082
640,206.649,0.000589,0.00097286,2048,9910.54,1787761943.291
641,189.785,0.000686,0.00097269,2048,10791.17,1787761943.482
642,176.898,0.000801,0.00097252,2048,11577.27,1787761943.661
643,191.698,0.000578,0.00097236,2048,10683.49,1787761943.854
644,198.845,0.000704,0.00097219,2048,10299.48,1787761944.054
645,200.953,0.000666,0.00097202,2048,10191.43,1787761944.258
646,192.901,0.000707,0.00097185,2048,10616.82,1787761944.453
647,210.602,0.000696,0.00097167,2048,9724.49,1787761944.665
648,208.833,0.000672,0.0009715,2048,9806.9,1787761944.875
649,183.625,0.000653,0.00097133,2048,11153.16,1787761945.062
650,190.42,0.000682,0.00097116,2048,10755.17,1787761945.253
651,231.474,0.000712,0.00097098,2048,8847.65,1787761945.487
652,243.244,0.000694,0.00097081,2048,8419.53,1787761945.731
653,221.735,0.000623,0.00097064,2048,9236.25,1787761945.955
654,209.174,0.000746,0.00097046,2048,9790.89,1787761946.166
655,185.738,0.000646,0.00097029,2048,11026.27,1787761946.353
656,208.534,0.000654,0.00097011,2048,9820.93,1787761946.564
657,203.441,0.00104,0.00096994,2048,10066.8,1787761946.769
658,199.362,0.000588,0.00096976,2048,10272.79,1787761946.971
659,183.204,0.000624,0.00096958,2048,11178.78,1787761947.155
660,205.811,0.000716,0.0009694,2048,9950.89,1787761947.363
661,203.561,0.000997,0.00096923,2048,10060.88,1787761947.568
662,204.847,0.000886,0.00096905,2048,9997.69,1787761947.774
663,196.275,0.000622,0.00096887,2048,10434.31,1787761947.973
664,184.059,0.000961,0.00096869,2048,11126.89,1787761948.159
665,199.497,0.000822,0.00096851,2048,10265.83,1787761948.36
666,223.313,0.000692,0.00096833,2048,9171.0,1787761948.585
667,219.537,0.000949,0.00096815,2048,9328.72,1787761948.807
668,221.054,0.000748,0.00096796,2048,9264.71,1787761949.031
669,253.785,0.000687,0.00096778,2048,8069.81,1787761949.286
670,222.399,0.000642,0.0009676,2048,9208.66,1787761949.51
671,203.861,0.000656,0.00096742,2048,10046.06,1787761949.716
672,212.738,0.000708,0.00096723,2048,9626.86,1787761949.93
673,197.705,0.000585,0.00096705,2048,10358.85,1787761950.13
674,225.439,0.000665,0.00096686,2048,9084.48,1787761950.357
675,220.339,0.000617,0.00096668,2048,9294.77,1787761950.58
676,204.385,0.000609,0.00096649,2048,10020.3,1787761950.786
677,212.217,0.000546,0.00096631,2048,9650.48,1787761951.0
678,195.115,0.000702,0.00096612,2048,10496.4,1787761951.196
679,196.656,0.000599,0.00096593,2048,10414.11,1787761951.395
680,221.718,0.000704,0.00096575,2048,9236.94,1787761951.618
681,205.243,0.000584,0.00096556,2048,9978.41,1787761951.825
682,210.134,0.000605,0.00096537,2048,9746.17,1787761952.037
683,209.677,0.00061,0.00096518,2048,9767.38,1787761952.248
684,202.572,0.000623,0.00096499,2048,10109.99,1787761952.453
685,232.669,0.00058,0.0009648,2048,8802.2,1787761952.689
686,252.78,0.000596,0.00096461,2048,8101.92,1787761952.942
687,245.809,0.000578,0.00096442,2048,8331.68,1787761953.19
688,248.092,0.000533,0.00096423,2048,8255.0,1787761953.44
689,265.775,0.000583,0.00096404,2048,7705.78,1787761953.708
690,215.616,0.00076,0.00096384,2048,9498.38,1787761953.925
691,247.403,0.000568,0.00096365,2048,8277.99,1787761954.175
692,220.358,0.000709,0.00096346,2048,9293.98,1787761954.397
693,197.434,0.000625,0.00096326,2048,10373.07,1787761954.596
694,200.388,0.000898,0.00096307,2048,10220.17,1787761954.798
695,235.715,0.000651,0.00096287,2048,8688.45,1787761955.036
696,250.458,0.000722,0.00096268,2048,8177.0,1787761955.288
697,233.38,0.000779,0.00096248,2048,8775.39,1787761955.523
698,197.144,0.000646,0.00096228,2048,10388.35,1787761955.723
699,204.581,0.000891,0.00096209,2048,10010.71,1787761955.928
700,242.508,0.000645,0.00096189,2048,8445.08,1787761956.173
701,211.758,0.000623,0.00096169,2048,9671.44,1787761956.386
702,204.134,0.000707,0.00096149,2048,10032.64,1787761956.593
703,218.578,0.001094,0.00096129,2048,9369.67,1787761956.814
704,214.439,0.000545,0.0009611,2048,9550.5,1787761957.031
705,195.585,0.000654,0.0009609,2048,10471.17,1787761957.229
706,198.706,0.00081,0.0009607,2048,10306.66,1787761957.429
707,192.426,0.000757,0.00096049,2048,10643.04,1787761957.623
708,201.765,0.000663,0.00096029,2048,10150.42,1787761957.827
709,204.688,0.000734,0.00096009,2048,10005.46,1787761958.033
710,224.787,0.000854,0.00095989,2048,9110.86,1787761958.259
711,211.078,0.000611,0.00095969,2048,9702.58,1787761958.472
712,215.756,0.001351,0.00095948,2048,9492.21,1787761958.689
713,217.264,0.001269,0.00095928,2048,9426.33,1787761958.909
714,212.069,0.000652,0.00095907,2048,9657.22,1787761959.122
715,205.397,0.001364,0.00095887,2048,9970.94,1787761959.329
716,189.996,0.001711,0.00095866,2048,10779.2,1787761959.521
717,197.828,0.001102,0.00095846,2048,10352.44,1787761959.72
718,204.528,0.00269,0.00095825,2048,10013.29,1787761959.927
719,213.684,0.001883,0.00095805,2048,9584.23,1787761960.143
720,208.258,0.000906,0.00095784,2048,9833.95,1787761960.353
721,202.338,0.001286,0.00095763,2048,10121.67,1787761960.558
722,210.406,0.000737,0.00095742,2048,9733.57,1787761960.769
723,219.97,0.00306,0.00095721,2048,9310.34,1787761960.991
724,228.694,0.002445,0.000957,2048,8955.21,1787761961.222
725,242.864,0.001074,0.0009568,2048,8432.7,1787761961.466
726,221.67,0.000832,0.00095659,2048,9238.97,1787761961.689
727,223.894,0.002184,0.00095637,2048,9147.2,1787761961.915
728,203.984,0.002024,0.00095616,2048,10040.0,1787761962.121
729,203.678,0.00106,0.00095595,2048,10055.1,1787761962.326
730,174.867,0.001145,0.00095574,2048,11711.78,1787761962.503
731,188.86,0.000719,0.00095553,2048,10843.98,1787761962.693
732,228.155,0.001208,0.00095531,2048,8976.36,1787761962.923
733,227.446,0.001315,0.0009551,2048,9004.32,1787761963.153
734,234.521,0.000834,0.00095489,2048,8732.7,1787761963.39
735,243.742,0.000665,0.00095467,2048,8402.34,1787761963.635
736,289.287,0.001334,0.00095446,2048,7079.48,1787761963.926
737,268.815,0.000908,0.00095424,2048,7618.62,1787761964.197
738,289.005,0.00082,0.00095403,2048,7086.39,1787761964.488
739,243.599,0.000812,0.00095381,2048,8407.26,1787761964.734
740,234.527,0.001176,0.00095359,2048,8732.48,1787761964.97
741,206.873,0.000873,0.00095338,2048,9899.79,1787761965.179
742,234.859,0.000647,0.00095316,2048,8720.14,1787761965.416
743,225.993,0.000763,0.00095294,2048,9062.21,1787761965.644
744,245.514,0.000962,0.00095272,2048,8341.67,1787761965.891
745,229.96,0.000601,0.0009525,2048,8905.9,1787761966.123
746,227.041,0.001365,0.00095228,2048,9020.38,1787761966.352
747,252.586,0.000923,0.00095206,2048,8108.12,1787761966.607
748,223.164,0.00069,0.00095184,2048,9177.09,1787761966.831
749,221.273,0.000713,0.00095162,2048,9255.54,1787761967.054
750,211.445,0.000867,0.0009514,2048,9685.73,1787761967.268
751,237.031,0.001283,0.00095118,2048,8640.23,1787761967.507
752,235.875,0.000562,0.00095095,2048,8682.57,1787761967.744
753,218.168,0.001126,0.00095073,2048,9387.25,1787761967.964
754,198.385,0.001086,0.00095051,2048,10323.35,1787761968.164
755,197.881,0.000605,0.00095028,2048,10349.64,1787761968.363
756,193.672,0.000916,0.00095006,2048,10574.57,1787761968.559
757,181.858,0.00084,0.00094983,2048,11261.56,1787761968.743
758,201.174,0.000958,0.00094961,2048,10180.25,1787761968.946
759,227.053,0.000729,0.00094938,2048,9019.92,1787761969.175
760,193.68,0.000567,0.00094915,2048,10574.13,1787761969.37
761,184.134,0.000652,0.00094893,2048,11122.35,1787761969.556
762,185.985,0.000735,0.0009487,2048,11011.66,1787761969.744
763,163.214,0.000716,0.00094847,2048,12547.98,1787761969.908
764,187.806,0.000758,0.00094824,2048,10904.89,1787761970.097
765,205.351,0.000609,0.00094802,2048,9973.15,1787761970.306
766,226.649,0.000658,0.00094779,2048,9035.99,1787761970.534
767,225.952,0.001046,0.00094756,2048,9063.86,1787761970.761
768,205.277,0.000528,0.00094733,2048,9976.75,1787761970.969
769,205.128,0.000478,0.0009471,2048,9984.0,1787761971.175
770,204.296,0.000893,0.00094686,2048,10024.65,1787761971.382
771,207.199,0.000535,0.00094663,2048,9884.2,1787761971.591
772,197.485,0.000484,0.0009464,2048,10370.41,1787761971.79
773,190.006,0.000684,0.00094617,2048,10778.63,1787761971.981
774,189.952,0.000519,0.00094594,2048,10781.67,1787761972.173
775,205.155,0.000529,0.0009457,2048,9982.67,1787761972.381
776,192.287,0.000448,0.00094547,2048,10650.75,1787761972.575
777,201.67,0.00065,0.00094523,2048,10155.19,1787761972.778
778,211.479,0.000596,0.000945,2048,9684.19,1787761972.991
779,212.457,0.00073,0.00094476,2048,9639.62,1787761973.205
780,177.343,0.000675,0.00094453,2048,11548.24,1787761973.384
781,167.006,0.000505,0.00094429,2048,12263.05,1787761973.553
782,171.447,0.000645,0.00094405,2048,11945.36,1787761973.726
783,179.429,0.000565,0.00094382,2048,11414.0,1787761973.907
784,197.694,0.000651,0.00094358,2048,10359.44,1787761974.108
785,197.762,0.000557,0.00094334,2048,10355.91,1787761974.306
786,188.838,0.000646,0.0009431,2048,10845.27,1787761974.497
787,185.989,0.000643,0.00094286,2048,11011.38,1787761974.684
788,168.132,0.000521,0.00094262,2048,12180.94,1787761974.854
789,172.265,0.000489,0.00094238,2048,11888.64,1787761975.029
790,178.966,0.000471,0.00094214,2048,11443.51,1787761975.209
791,187.877,0.000504,0.0009419,2048,10900.73,1787761975.398
792,202.105,0.000464,0.00094166,2048,10133.36,1787761975.602
793,188.105,0.000436,0.00094142,2048,10887.52,1787761975.793
794,171.455,0.000493,0.00094118,2048,11944.8,1787761975.966
795,189.654,0.000584,0.00094093,2048,10798.63,1787761976.157
796,170.915,0.000488,0.00094069,2048,11982.57,1787761976.33
797,218.88,0.000505,0.00094045,2048,9356.72,1787761976.55
798,202.057,0.000432,0.0009402,2048,10135.75,1787761976.754
799,184.684,0.00055,0.00093996,2048,11089.22,1787761976.94
800,176.889,0.000804,0.00093971,2048,11577.85,1787761977.119
801,175.022,0.000792,0.00093947,2048,11701.41,1787761977.296
802,192.382,0.000473,0.00093922,2048,10645.48,1787761977.49
803,162.371,0.000763,0.00093897,2048,12613.08,1787761977.653
804,204.579,0.000761,0.00093873,2048,10010.81,1787761977.859
805,205.43,0.00051,0.00093848,2048,9969.33,1787761978.067
806,198.354,0.000521,0.00093823,2048,10324.97,1787761978.267
807,182.773,0.000779,0.00093798,2048,11205.19,1787761978.451
808,197.799,0.000719,0.00093773,2048,10353.96,1787761978.651
809,185.7,0.000831,0.00093748,2048,11028.56,1787761978.838
810,182.687,0.001154,0.00093723,2048,11210.41,1787761979.022
811,204.286,0.001007,0.00093698,2048,10025.15,1787761979.23
812,198.02,0.000623,0.00093673,2048,10342.38,1787761979.429
813,192.184,0.000639,0.00093648,2048,10656.46,1787761979.623
814,183.894,0.001161,0.00093623,2048,11136.83,1787761979.809
815,173.644,0.000721,0.00093598,2048,11794.23,1787761979.984
816,169.713,0.000554,0.00093573,2048,12067.4,1787761980.156
817,185.217,0.000461,0.00093547,2048,11057.27,1787761980.342
818,186.74,0.000864,0.00093522,2048,10967.1,1787761980.531
819,198.256,0.000631,0.00093496,2048,10330.06,1787761980.73
820,185.895,0.000584,0.00093471,2048,11017.0,1787761980.918
821,181.066,0.000456,0.00093446,2048,11310.81,1787761981.1
822,188.906,0.000668,0.0009342,2048,10841.38,1787761981.29
823,189.695,0.000718,0.00093394,2048,10796.26,1787761981.482
824,179.385,0.001113,0.00093369,2048,11416.78,1787761981.663
825,195.546,0.000829,0.00093343,2048,10473.24,1787761981.86
826,175.532,0.00057,0.00093317,2048,11667.36,1787761982.038
827,180.372,0.00086,0.00093292,2048,11354.28,1787761982.219
828,183.832,0.000565,0.00093266,2048,11140.59,1787761982.404
829,184.683,0.000677,0.0009324,2048,11089.27,1787761982.592
830,196.583,0.000843,0.00093214,2048,10418.0,1787761982.79
831,210.24,0.000572,0.00093188,2048,9741.24,1787761983.002
832,202.125,0.000536,0.00093162,2048,10132.35,1787761983.206
833,204.429,0.000894,0.00093136,2048,10018.17,1787761983.412
834,197.637,0.000643,0.0009311,2048,10362.45,1787761983.612
835,186.063,0.00061,0.00093084,2048,11007.02,1787761983.8
836,188.924,0.000536,0.00093058,2048,10840.37,1787761983.99
837,184.682,0.00061,0.00093032,2048,11089.31,1787761984.176
838,174.461,0.000587,0.00093005,2048,11739.01,1787761984.353
839,179.467,0.000705,0.00092979,2048,11411.6,1787761984.533
840,188.018,0.000437,0.00092953,2048,10892.58,1787761984.723
841,174.237,0.000637,0.00092926,2048,11754.1,1787761984.899
842,178.054,0.00067,0.000929,2048,11502.1,1787761985.079
843,215.882,0.000517,0.00092873,2048,9486.65,1787761985.297
844,186.893,0.000694,0.00092847,2048,10958.14,1787761985.485
845,201.369,0.000503,0.0009282,2048,10170.38,1787761985.688
846,197.956,0.000457,0.00092794,2048,10345.71,1787761985.888
847,187.245,0.000525,0.00092767,2048,10937.56,1787761986.077
848,177.322,0.000476,0.0009274,2048,11549.58,1787761986.256
849,212.368,0.000452,0.00092713,2048,9643.62,1787761986.47
850,190.061,0.00052,0.00092687,2048,10775.51,1787761986.662
851,196.464,0.000435,0.0009266,2048,10424.3,1787761986.861
852,200.933,0.000426,0.00092633,2048,10192.45,1787761987.062
853,178.563,0.000631,0.00092606,2048,11469.31,1787761987.243
854,176.916,0.000577,0.00092579,2048,11576.12,1787761987.422
855,163.664,0.00042,0.00092552,2048,12513.47,1787761987.587
856,186.088,0.000503,0.00092525,2048,11005.56,1787761987.775
857,188.858,0.000464,0.00092498,2048,10844.12,1787761987.964
858,190.065,0.000424,0.00092471,2048,10775.26,1787761988.157
859,201.119,0.000494,0.00092443,2048,10183.03,1787761988.359
860,184.749,0.000412,0.00092416,2048,11085.29,1787761988.546
861,213.055,0.000424,0.00092389,2048,9612.53,1787761988.761
862,227.167,0.000398,0.00092362,2048,9015.39,1787761988.99
863,205.583,0.000373,0.00092334,2048,9961.91,1787761989.196
864,198.532,0.000505,0.00092307,2048,10315.71,1787761989.397
865,211.367,0.000449,0.00092279,2048,9689.33,1787761989.612
866,192.324,0.000472,0.00092252,2048,10648.69,1787761989.806
867,173.431,0.000576,0.00092224,2048,11808.72,1787761989.98
868,188.708,0.000873,0.00092197,2048,10852.75,1787761990.171
869,188.689,0.000445,0.00092169,2048,10853.86,1787761990.361
870,208.573,0.000552,0.00092141,2048,9819.13,1787761990.572
871,209.635,0.000482,0.00092113,2048,9769.38,1787761990.783
872,202.459,0.000765,0.00092086,2048,10115.64,1787761990.988
873,190.926,0.000622,0.00092058,2048,10726.69,1787761991.18
874,190.601,0.000693,0.0009203,2048,10744.93,1787761991.372
875,178.085,0.000751,0.00092002,2048,11500.15,1787761991.552
876,191.369,0.001154,0.00091974,2048,10701.85,1787761991.745
877,194.046,0.000494,0.00091946,2048,10554.2,1787761991.941
878,194.132,0.001247,0.00091918,2048,10549.53,1787761992.137
879,215.388,0.000758,0.0009189,2048,9508.44,1787761992.354
880,178.279,0.000926,0.00091862,2048,11487.62,1787761992.534
881,203.531,0.000438,0.00091834,2048,10062.34,1787761992.738
882,192.531,0.000821,0.00091805,2048,10637.26,1787761992.933
883,196.125,0.000807,0.00091777,2048,10442.34,1787761993.131
884,156.03,0.000615,0.00091749,2048,13125.66,1787761993.29
885,164.192,0.000725,0.00091721,2048,12473.23,1787761993.455
886,182.86,0.001139,0.00091692,2048,11199.85,1787761993.64
887,168.906,0.000964,0.00091664,2048,12125.05,1787761993.81
888,183.776,0.000812,0.00091635,2048,11144.01,1787761993.996
889,163.319,0.001335,0.00091607,2048,12539.85,1787761994.161
890,191.009,0.000828,0.00091578,2048,10722.01,1787761994.353
891,243.843,0.000819,0.00091549,2048,8398.86,1787761994.599
892,224.491,0.000844,0.00091521,2048,9122.87,1787761994.825
893,238.768,0.001237,0.00091492,2048,8577.35,1787761995.066
894,193.186,0.000796,0.00091463,2048,10601.18,1787761995.261
895,173.732,0.000733,0.00091435,2048,11788.24,1787761995.436
896,176.053,0.000689,0.00091406,2048,11632.88,1787761995.614
897,191.648,0.000779,0.00091377,2048,10686.28,1787761995.808
898,257.25,0.000851,0.00091348,2048,7961.12,1787761996.066
899,243.474,0.000592,0.00091319,2048,8411.57,1787761996.311
900,204.064,0.000695,0.0009129,2048,10036.07,1787761996.517
901,210.468,0.000638,0.00091261,2048,9730.7,1787761996.73
902,199.456,0.000671,0.00091232,2048,10267.94,1787761996.931
903,201.86,0.000544,0.00091203,2048,10145.67,1787761997.135
904,208.443,0.001217,0.00091174,2048,9825.22,1787761997.345
905,210.509,0.000716,0.00091144,2048,9728.8,1787761997.557
906,191.434,0.000517,0.00091115,2048,10698.22,1787761997.75
907,207.309,0.000656,0.00091086,2048,9878.97,1787761997.959
908,205.11,0.001314,0.00091056,2048,9984.87,1787761998.166
909,220.115,0.000461,0.00091027,2048,9304.23,1787761998.388
910,200.649,0.001001,0.00090998,2048,10206.9,1787761998.591
911,198.57,0.000574,0.00090968,2048,10313.74,1787761998.791
912,180.41,0.000508,0.00090939,2048,11351.95,1787761998.973
913,178.465,0.000641,0.00090909,2048,11475.64,1787761999.153
914,199.046,0.00077,0.00090879,2048,10289.09,1787761999.354
915,179.401,0.000624,0.0009085,2048,11415.77,1787761999.534
916,194.835,0.000593,0.0009082,2048,10511.44,1787761999.732
917,187.694,0.001165,0.0009079,2048,10911.37,1787761999.921
918,184.855,0.001271,0.00090761,2048,11078.97,1787762000.108
919,214.259,0.000635,0.00090731,2048,9558.53,1787762000.325
920,194.39,0.000569,0.00090701,2048,10535.5,1787762000.52
921,199.074,0.000883,0.00090671,2048,10287.62,1787762000.721
922,203.093,0.000891,0.00090641,2048,10084.04,1787762000.926
923,175.7,0.000688,0.00090611,2048,11656.24,1787762001.104
924,170.234,0.000473,0.00090581,2048,12030.49,1787762001.276
925,166.331,0.000868,0.00090551,2048,12312.8,1787762001.443
926,208.354,0.000445,0.00090521,2048,9829.44,1787762001.653
927,176.2,0.000455,0.00090491,2048,11623.18,1787762001.831
928,180.506,0.000948,0.0009046,2048,11345.86,1787762002.013
929,195.108,0.000692,0.0009043,2048,10496.75,1787762002.21
930,201.501,0.000608,0.000904,2048,10163.73,1787762002.414
931,190.086,0.000872,0.0009037,2048,10774.09,1787762002.605
932,191.077,0.001597,0.00090339,2048,10718.19,1787762002.798
933,194.027,0.001048,0.00090309,2048,10555.23,1787762002.994
934,212.228,0.001163,0.00090278,2048,9650.0,1787762003.207
935,227.732,0.002239,0.00090248,2048,8993.03,1787762003.437
936,232.919,0.001017,0.00090217,2048,8792.76,1787762003.672
937,213.855,0.001817,0.00090187,2048,9576.58,1787762003.889
938,206.977,0.004187,0.00090156,2048,9894.83,1787762004.097
939,225.556,0.002136,0.00090126,2048,9079.79,1787762004.324
940,205.312,0.003398,0.00090095,2048,9975.08,1787762004.53
941,229.507,0.004217,0.00090064,2048,8923.49,1787762004.762
942,258.882,0.002017,0.00090033,2048,7910.93,1787762005.022
943,266.397,0.002477,0.00090002,2048,7687.77,1787762005.291
944,243.287,0.001398,0.00089972,2048,8418.02,1787762005.536
945,260.966,0.001102,0.00089941,2048,7847.78,1787762005.799
946,297.121,0.001376,0.0008991,2048,6892.82,1787762006.098
947,271.044,0.001927,0.00089879,2048,7555.97,1787762006.372
948,258.191,0.000892,0.00089848,2048,7932.1,1787762006.631
949,306.317,0.000659,0.00089817,2048,6685.88,1787762006.94
950,281.457,0.001298,0.00089785,2048,7276.41,1787762007.223
951,298.359,0.001697,0.00089754,2048,6864.22,1787762007.523
952,312.452,0.000599,0.00089723,2048,6554.6,1787762007.837
953,310.2,0.001543,0.00089692,2048,6602.2,1787762008.15
954,217.281,0.002655,0.00089661,2048,9425.58,1787762008.369
955,263.188,0.001312,0.00089629,2048,7781.52,1787762008.635
956,301.334,0.001001,0.00089598,2048,6796.44,1787762008.938
957,240.973,0.002642,0.00089566,2048,8498.88,1787762009.181
958,254.969,0.001883,0.00089535,2048,8032.34,1787762009.438
959,215.399,0.001011,0.00089504,2048,9507.94,1787762009.656
960,211.294,0.003262,0.00089472,2048,9692.64,1787762009.869
961,224.597,0.001187,0.0008944,2048,9118.55,1787762010.095
962,254.762,0.00074,0.00089409,2048,8038.87,1787762010.352
963,240.947,0.001731,0.00089377,2048,8499.8,1787762010.594
964,259.832,0.001379,0.00089345,2048,7882.03,1787762010.856
965,235.187,0.000769,0.00089314,2048,8707.97,1787762011.093
966,242.072,0.001469,0.00089282,2048,8460.3,1787762011.337
967,236.031,0.001305,0.0008925,2048,8676.82,1787762011.575
968,206.981,0.000537,0.00089218,2048,9894.62,1787762011.784
969,194.185,0.001153,0.00089186,2048,10546.63,1787762011.981
970,196.467,0.000792,0.00089154,2048,10424.16,1787762012.179
971,196.092,0.000721,0.00089122,2048,10444.08,1787762012.376
972,191.273,0.00092,0.0008909,2048,10707.2,1787762012.569
973,202.769,0.001495,0.00089058,2048,10100.14,1787762012.775
974,186.893,0.000785,0.00089026,2048,10958.14,1787762012.963
975,176.107,0.000797,0.00088994,2048,11629.29,1787762013.141
976,169.426,0.001484,0.00088962,2048,12087.85,1787762013.311
977,186.906,0.000892,0.0008893,2048,10957.39,1787762013.5
978,229.454,0.001587,0.00088897,2048,8925.52,1787762013.731
979,263.201,0.002797,0.00088865,2048,7781.11,1787762013.996
980,222.808,0.00097,0.00088833,2048,9191.77,1787762014.221
981,207.419,0.001913,0.000888,2048,9873.76,1787762014.43
982,224.999,0.002363,0.00088768,2048,9102.26,1787762014.657
983,238.334,0.006162,0.00088736,2048,8592.98,1787762014.897
984,276.359,0.000898,0.00088703,2048,7410.65,1787762015.175
985,245.435,0.004142,0.0008867,2048,8344.35,1787762015.424
986,246.644,0.005162,0.00088638,2048,8303.45,1787762015.672
987,227.61,0.002283,0.00088605,2048,8997.86,1787762015.901
988,210.792,0.002004,0.00088573,2048,9715.72,1787762016.114
989,198.298,0.004472,0.0008854,2048,10327.92,1787762016.314
990,203.058,0.001147,0.00088507,2048,10085.81,1787762016.518
991,167.868,0.001027,0.00088474,2048,12200.07,1787762016.688
992,185.068,0.001866,0.00088442,2048,11066.21,1787762016.875
993,188.057,0.002959,0.00088409,2048,10890.34,1787762017.065
994,185.827,0.000866,0.00088376,2048,11020.97,1787762017.253
995,180.259,0.000864,0.00088343,2048,11361.44,1787762017.435
996,171.74,0.00212,0.0008831,2048,11924.98,1787762017.608
997,181.567,0.003521,0.00088277,2048,11279.57,1787762017.792
998,171.867,0.00073,0.00088244,2048,11916.2,1787762017.965
999,177.318,0.003167,0.00088211,2048,11549.84,1787762018.143
1000,162.698,0.002693,0.00088177,2048,12587.74,1787762018.308
1001,173.058,0.001734,0.00088144,2048,11834.16,1787762018.482
1002,197.222,0.002162,0.00088111,2048,10384.26,1787762018.681
1003,183.055,0.003144,0.00088078,2048,11187.89,1787762018.866
1004,209.748,0.001519,0.00088045,2048,9764.08,1787762019.077
1005,222.583,0.001121,0.00088011,2048,9201.05,1787762019.302
1006,204.093,0.001908,0.00087978,2048,10034.67,1787762019.507
1007,230.102,0.003805,0.00087944,2048,8900.39,1787762019.74
1008,207.272,0.001525,0.00087911,2048,9880.72,1787762019.949
1009,264.245,0.002409,0.00087877,2048,7750.39,1787762020.215
1010,258.1,0.001401,0.00087844,2048,7934.89,1787762020.476
1011,240.206,0.001585,0.0008781,2048,8526.02,1787762020.718
1012,193.753,0.001047,0.00087777,2048,10570.14,1787762020.914
1013,204.39,0.001003,0.00087743,2048,10020.07,1787762021.12
1014,195.321,0.001865,0.00087709,2048,10485.33,1787762021.317
1015,206.659,0.001064,0.00087676,2048,9910.05,1787762021.525
1016,187.693,0.001058,0.00087642,2048,10911.45,1787762021.715
1017,194.436,0.001101,0.00087608,2048,10533.01,1787762021.91
1018,192.797,0.000951,0.00087574,2048,10622.57,1787762022.105
1019,214.838,0.001277,0.0008754,2048,9532.77,1787762022.321
1020,236.957,0.000928,0.00087506,2048,8642.92,1787762022.561
1021,254.975,0.00091,0.00087472,2048,8032.18,1787762022.817
1022,259.572,0.000908,0.00087438,2048,7889.91,1787762023.08
1023,239.773,0.000602,0.00087404,2048,8541.41,1787762023.321
1024,221.594,0.000744,0.0008737,2048,9242.14,1787762023.544
1025,202.485,0.000969,0.00087336,2048,10114.31,1787762023.748
1026,216.468,0.000826,0.00087302,2048,9460.98,1787762023.966
1027,227.341,0.000652,0.00087268,2048,9008.5,1787762024.197
1028,245.071,0.000835,0.00087234,2048,8356.77,1787762024.444
1029,258.402,0.000821,0.00087199,2048,7925.63,1787762024.705
1030,227.396,0.000681,0.00087165,2048,9006.3,1787762024.933
1031,259.225,0.000886,0.00087131,2048,7900.47,1787762025.195
1032,269.249,0.000733,0.00087096,2048,7606.34,1787762025.466
1033,227.335,0.00106,0.00087062,2048,9008.72,1787762025.695
1034,199.811,0.000732,0.00087027,2048,10249.69,1787762025.897
1035,243.108,0.000819,0.00086993,2048,8424.25,1787762026.141
1036,296.465,0.001143,0.00086958,2048,6908.06,1787762026.44
1037,268.387,0.000543,0.00086924,2048,7630.78,1787762026.71
1038,226.522,0.000713,0.00086889,2048,9041.06,1787762026.939
1039,261.638,0.000667,0.00086854,2048,7827.62,1787762027.202
1040,264.403,0.000558,0.0008682,2048,7745.75,1787762027.469
1041,230.228,0.000454,0.00086785,2048,8895.53,1787762027.701
1042,259.332,0.000581,0.0008675,2048,7897.2,1787762027.962
1043,248.943,0.000545,0.00086716,2048,8226.77,1787762028.213
1044,251.753,0.0006,0.00086681,2048,8134.96,1787762028.467
1045,237.074,0.000571,0.00086646,2048,8638.65,1787762028.707
1046,231.486,0.000438,0.00086611,2048,8847.18,1787762028.94
1047,212.855,0.000417,0.00086576,2048,9621.55,1787762029.155
1048,194.096,0.000549,0.00086541,2048,10551.49,1787762029.351
1049,225.238,0.000734,0.00086506,2048,9092.61,1787762029.578
1050,213.16,0.000476,0.00086471,2048,9607.82,1787762029.793
1051,188.552,0.000386,0.00086436,2048,10861.74,1787762029.984
1052,213.047,0.000478,0.00086401,2048,9612.88,1787762030.199
1053,210.548,0.00044,0.00086365,2048,9726.98,1787762030.41
1054,214.322,0.000638,0.0008633,2048,9555.73,1787762030.626
1055,234.236,0.000567,0.00086295,2048,8743.33,1787762030.863
1056,200.261,0.000421,0.0008626,2048,10226.68,1787762031.064
1057,211.401,0.000489,0.00086224,2048,9687.76,1787762031.278
1058,195.138,0.000537,0.00086189,2048,10495.14,1787762031.475
1059,183.191,0.000438,0.00086154,2048,11179.61,1787762031.66
1060,185.14,0.000436,0.00086118,2048,11061.89,1787762031.846
1061,190.906,0.000511,0.00086083,2048,10727.8,1787762032.039
1062,189.313,0.000397,0.00086047,2048,10818.03,1787762032.23
1063,186.58,0.000473,0.00086012,2048,10976.52,1787762032.419
1064,179.751,0.00048,0.00085976,2048,11393.51,1787762032.6
1065,203.338,0.000369,0.0008594,2048,10071.88,1787762032.805
1066,184.083,0.000389,0.00085905,2048,11125.4,1787762032.992
1067,213.659,0.000505,0.00085869,2048,9585.35,1787762033.207
1068,208.248,0.000433,0.00085833,2048,9834.4,1787762033.417
1069,219.541,0.000329,0.00085797,2048,9328.53,1787762033.638
1070,211.008,0.000371,0.00085762,2048,9705.8,1787762033.851
1071,261.461,0.000498,0.00085726,2048,7832.92,1787762034.114
1072,231.442,0.000493,0.0008569,2048,8848.85,1787762034.347
1073,207.488,0.000378,0.00085654,2048,9870.46,1787762034.557
1074,224.459,0.000541,0.00085618,2048,9124.15,1787762034.784
1075,244.341,0.000387,0.00085582,2048,8381.71,1787762035.029
1076,234.937,0.000364,0.00085546,2048,8717.23,1787762035.266
1077,261.415,0.000397,0.0008551,2048,7834.29,1787762035.529
1078,308.675,0.000669,0.00085474,2048,6634.81,1787762035.84
1079,252.549,0.000478,0.00085438,2048,8109.33,1787762036.095
1080,279.761,0.000444,0.00085402,2048,7320.52,1787762036.376
1081,272.225,0.00046,0.00085365,2048,7523.19,1787762036.651
1082,254.934,0.000491,0.00085329,2048,8033.44,1787762036.908
1083,296.571,0.000472,0.00085293,2048,6905.59,1787762037.207
1084,268.002,0.000628,0.00085257,2048,7641.75,1787762037.477
1085,263.888,0.00035,0.0008522,2048,7760.87,1787762037.743
1086,289.745,0.000395,0.00085184,2048,7068.29,1787762038.035
1087,278.333,0.000405,0.00085147,2048,7358.09,1787762038.315
1088,264.997,0.000524,0.00085111,2048,7728.39,1787762038.582
1089,212.52,0.000493,0.00085074,2048,9636.76,1787762038.796
1090,231.8,0.000416,0.00085038,2048,8835.2,1787762039.03
1091,223.804,0.000553,0.00085001,2048,9150.86,1787762039.255
1092,227.989,0.00039,0.00084965,2048,8982.89,1787762039.486
1093,246.054,0.000437,0.00084928,2048,8323.37,1787762039.733
1094,225.687,0.000486,0.00084891,2048,9074.52,1787762039.961
1095,245.937,0.000422,0.00084855,2048,8327.33,1787762040.209
1096,239.372,0.000436,0.00084818,2048,8555.73,1787762040.45
1097,263.539,0.000644,0.00084781,2048,7771.15,1787762040.716
1098,258.104,0.000455,0.00084744,2048,7934.8,1787762040.975
1099,249.063,0.00043,0.00084707,2048,8222.83,1787762041.228
1100,231.762,0.000356,0.00084671,2048,8836.66,1787762041.462
1101,285.781,0.00043,0.00084634,2048,7166.33,1787762041.749
1102,229.923,0.000532,0.00084597,2048,8907.33,1787762041.98
1103,248.352,0.00045,0.0008456,2048,8246.37,1787762042.232
1104,266.394,0.000394,0.00084523,2048,7687.88,1787762042.5
1105,249.544,0.000472,0.00084486,2048,8206.97,1787762042.751
1106,246.514,0.000403,0.00084448,2048,8307.84,1787762043.0
1107,281.149,0.000497,0.00084411,2048,7284.38,1787762043.283
1108,255.698,0.000426,0.00084374,2048,8009.46,1787762043.54
1109,262.532,0.000387,0.00084337,2048,7800.94,1787762043.805
1110,237.698,0.000332,0.000843,2048,8615.97,1787762044.044
1111,252.445,0.000379,0.00084262,2048,8112.65,1787762044.298
1112,244.129,0.000372,0.00084225,2048,8388.99,1787762044.545
1113,249.253,0.000392,0.00084188,2048,8216.54,1787762044.796
1114,216.912,0.000373,0.0008415,2048,9441.63,1787762045.015
1115,220.75,0.000499,0.00084113,2048,9277.46,1787762045.236
1116,211.477,0.000411,0.00084076,2048,9684.27,1787762045.451
1117,205.125,0.000335,0.00084038,2048,9984.15,1787762045.657
1118,205.804,0.000326,0.00084001,2048,9951.24,1787762045.865
1119,203.194,0.000322,0.00083963,2048,10079.02,1787762046.07
1120,220.849,0.000331,0.00083925,2048,9273.32,1787762046.293
1121,226.479,0.000364,0.00083888,2048,9042.79,1787762046.521
1122,219.78,0.000282,0.0008385,2048,9318.42,1787762046.743
1123,209.933,0.000332,0.00083812,2048,9755.52,1787762046.954
1124,200.82,0.000541,0.00083775,2048,10198.21,1787762047.157
1125,212.041,0.000285,0.00083737,2048,9658.5,1787762047.372
1126,224.388,0.000294,0.00083699,2048,9127.07,1787762047.598
1127,229.013,0.000293,0.00083661,2048,8942.74,1787762047.829
1128,230.704,0.000407,0.00083624,2048,8877.18,1787762048.061
1129,208.759,0.000488,0.00083586,2048,9810.36,1787762048.271
1130,211.351,0.000294,0.00083548,2048,9690.03,1787762048.485
1131,221.443,0.000376,0.0008351,2048,9248.43,1787762048.709
1132,212.875,0.000577,0.00083472,2048,9620.68,1787762048.923
1133,223.415,0.000416,0.00083434,2048,9166.78,1787762049.148
1134,222.471,0.000321,0.00083396,2048,9205.69,1787762049.372
1135,241.288,0.000381,0.00083358,2048,8487.8,1787762049.616
1136,229.273,0.000341,0.00083319,2048,8932.59,1787762049.847
1137,222.77,0.000516,0.00083281,2048,9193.33,1787762050.072
1138,221.635,0.000331,0.00083243,2048,9240.43,1787762050.295
1139,231.169,0.000377,0.00083205,2048,8859.33,1787762050.528
1140,261.419,0.000669,0.00083167,2048,7834.16,1787762050.791
1141,241.719,0.000532,0.00083128,2048,8472.64,1787762051.035
1142,247.034,0.000826,0.0008309,2048,8290.36,1787762051.284
1143,229.837,0.000415,0.00083052,2048,8910.65,1787762051.515
1144,216.862,0.000605,0.00083013,2048,9443.8,1787762051.735
1145,210.736,0.000808,0.00082975,2048,9718.31,1787762051.947
1146,215.897,0.000377,0.00082936,2048,9486.0,1787762052.164
1147,223.117,0.000706,0.00082898,2048,9179.06,1787762052.389
1148,267.243,0.00064,0.00082859,2048,7663.44,1787762052.659
1149,249.865,0.000495,0.00082821,2048,8196.41,1787762052.911
1150,228.834,0.000553,0.00082782,2048,8949.7,1787762053.141
1151,209.057,0.00078,0.00082743,2048,9796.36,1787762053.353
1152,193.136,0.000583,0.00082705,2048,10603.92,1787762053.547
1153,196.68,0.00055,0.00082666,2048,10412.83,1787762053.746
1154,194.072,0.000597,0.00082627,2048,10552.77,1787762053.942
1155,197.849,0.000495,0.00082589,2048,10351.34,1787762054.142
1156,183.191,0.000758,0.0008255,2048,11179.58,1787762054.327
1157,176.148,0.000575,0.00082511,2048,11626.61,1787762054.504
1158,170.379,0.000292,0.00082472,2048,12020.25,1787762054.676
1159,153.786,0.000749,0.00082433,2048,13317.22,1787762054.831
1160,163.329,0.000474,0.00082394,2048,12539.12,1787762054.996
1161,177.833,0.000269,0.00082355,2048,11516.44,1787762055.176
1162,205.917,0.000925,0.00082316,2048,9945.76,1787762055.383
1163,185.666,0.001201,0.00082277,2048,11030.54,1787762055.571
1164,173.345,0.000368,0.00082238,2048,11814.61,1787762055.746
1165,194.68,0.000602,0.00082199,2048,10519.81,1787762055.942
1166,161.849,0.002961,0.0008216,2048,12653.79,1787762056.105
1167,190.928,0.00052,0.00082121,2048,10726.57,1787762056.297
1168,219.719,0.00078,0.00082082,2048,9321.0,1787762056.519
1169,199.266,0.0016,0.00082042,2048,10277.72,1787762056.72
1170,187.77,0.000616,0.00082003,2048,10906.98,1787762056.909
1171,210.723,0.00077,0.00081964,2048,9718.92,1787762057.122
1172,193.097,0.000522,0.00081925,2048,10606.07,1787762057.317
1173,191.61,0.000607,0.00081885,2048,10688.4,1787762057.511
1174,191.622,0.001691,0.00081846,2048,10687.72,1787762057.704
1175,233.868,0.000917,0.00081806,2048,8757.09,1787762057.939
1176,189.146,0.000468,0.00081767,2048,10827.64,1787762058.13
1177,212.119,0.000473,0.00081728,2048,9654.96,1787762058.343
1178,210.593,0.001315,0.00081688,2048,9724.91,1787762058.555
1179,166.692,0.000895,0.00081649,2048,12286.12,1787762058.724
1180,176.289,0.000479,0.00081609,2048,11617.29,1787762058.902
1181,200.661,0.000485,0.00081569,2048,10206.26,1787762059.104
1182,186.952,0.00054,0.0008153,2048,10954.7,1787762059.293
1183,160.641,0.001195,0.0008149,2048,12748.93,1787762059.454
1184,168.746,0.000486,0.0008145,2048,12136.62,1787762059.625
1185,165.503,0.000821,0.00081411,2048,12374.37,1787762059.792
1186,225.697,0.000578,0.00081371,2048,9074.12,1787762060.019
1187,189.256,0.000887,0.00081331,2048,10821.32,1787762060.21
1188,200.832,0.000509,0.00081291,2048,10197.6,1787762060.412
1189,186.238,0.000947,0.00081251,2048,10996.67,1787762060.601
1190,187.573,0.000696,0.00081211,2048,10918.44,1787762060.79
1191,187.727,0.000366,0.00081172,2048,10909.46,1787762060.979
1192,178.442,0.000345,0.00081132,2048,11477.09,1787762061.159
1193,187.246,0.000439,0.00081092,2048,10937.48,1787762061.349
1194,161.92,0.00051,0.00081052,2048,12648.24,1787762061.512
1195,176.436,0.000515,0.00081012,2048,11607.58,1787762061.69
1196,179.167,0.000712,0.00080972,2048,11430.64,1787762061.87
1197,197.219,0.000699,0.00080931,2048,10384.38,1787762062.07
1198,187.633,0.000391,0.00080891,2048,10914.94,1787762062.259
1199,194.338,0.000561,0.00080851,2048,10538.37,1787762062.455
1200,184.358,0.000604,0.00080811,2048,11108.81,1787762062.64
1201,197.676,0.000671,0.00080771,2048,10360.38,1787762062.84
1202,142.421,0.000299,0.0008073,2048,14379.94,1787762062.984
1203,184.639,0.000398,0.0008069,2048,11091.9,1787762063.171
1204,180.405,0.000544,0.0008065,2048,11352.26,1787762063.352
1205,190.757,0.000511,0.0008061,2048,10736.16,1787762063.544
1206,167.564,0.000347,0.00080569,2048,12222.19,1787762063.714
1207,180.432,0.000544,0.00080529,2048,11350.56,1787762063.896
1208,187.185,0.00045,0.00080488,2048,10941.04,1787762064.086
1209,207.606,0.000479,0.00080448,2048,9864.82,1787762064.295
1210,198.2,0.000482,0.00080407,2048,10333.0,1787762064.495
1211,224.327,0.000329,0.00080367,2048,9129.51,1787762064.722
1212,181.419,0.000448,0.00080326,2048,11288.82,1787762064.904
1213,193.012,0.00035,0.00080286,2048,10610.76,1787762065.1
1214,218.25,0.000577,0.00080245,2048,9383.75,1787762065.32
1215,169.257,0.000296,0.00080204,2048,12099.97,1787762065.49
1216,178.339,0.000431,0.00080164,2048,11483.74,1787762065.67
1217,180.974,0.000607,0.00080123,2048,11316.57,1787762065.852
1218,178.317,0.000336,0.00080082,2048,11485.18,1787762066.033
1219,165.827,0.000418,0.00080041,2048,12350.18,1787762066.201
1220,170.533,0.000438,0.00080001,2048,12009.44,1787762066.372
1221,173.725,0.00057,0.0007996,2048,11788.73,1787762066.547
1222,169.984,0.000661,0.00079919,2048,12048.18,1787762066.719
1223,180.714,0.000469,0.00079878,2048,11332.81,1787762066.901
1224,180.466,0.000272,0.00079837,2048,11348.42,1787762067.082
1225,187.651,0.000284,0.00079796,2048,10913.9,1787762067.272
1226,180.797,0.000359,0.00079755,2048,11327.62,1787762067.455
1227,194.152,0.000264,0.00079714,2048,10548.45,1787762067.65
1228,168.027,0.00032,0.00079673,2048,12188.55,1787762067.82
1229,177.375,0.00035,0.00079632,2048,11546.17,1787762067.999
1230,172.334,0.000264,0.00079591,2048,11883.92,1787762068.173
1231,175.95,0.000303,0.0007955,2048,11639.7,1787762068.351
1232,172.783,0.000295,0.00079509,2048,11853.0,1787762068.525
1233,170.194,0.000582,0.00079468,2048,12033.3,1787762068.697
1234,148.336,0.000335,0.00079426,2048,13806.45,1787762068.846
1235,159.16,0.000335,0.00079385,2048,12867.51,1787762069.006
1236,204.911,0.000369,0.00079344,2048,9994.56,1787762069.213
1237,229.315,0.000331,0.00079303,2048,8930.95,1787762069.444
1238,236.797,0.000383,0.00079261,2048,8648.77,1787762069.682
1239,189.898,0.000346,0.0007922,2048,10784.73,1787762069.874
1240,191.15,0.000339,0.00079178,2048,10714.11,1787762070.067
1241,184.925,0.00038,0.00079137,2048,11074.78,1787762070.254
1242,189.055,0.000364,0.00079096,2048,10832.81,1787762070.445
1243,191.496,0.000498,0.00079054,2048,10694.76,1787762070.639
1244,217.744,0.00039,0.00079013,2048,9405.52,1787762070.858
1245,232.005,0.000469,0.00078971,2048,8827.4,1787762071.092
1246,249.407,0.000441,0.0007893,2048,8211.48,1787762071.343
1247,225.444,0.000592,0.00078888,2048,9084.28,1787762071.571
1248,242.482,0.000457,0.00078846,2048,8445.99,1787762071.814
1249,205.976,0.000451,0.00078805,2048,9942.93,1787762072.022
1250,253.056,0.000266,0.00078763,2048,8093.06,1787762072.277
1251,236.172,0.000549,0.00078721,2048,8671.64,1787762072.516
1252,225.849,0.000495,0.0007868,2048,9068.01,1787762072.743
1253,221.285,0.000333,0.00078638,2048,9255.04,1787762072.966
1254,252.937,0.000522,0.00078596,2048,8096.89,1787762073.221
1255,216.261,0.000537,0.00078554,2048,9470.04,1787762073.438
1256,206.926,0.000348,0.00078512,2048,9897.25,1787762073.647
1257,208.048,0.000546,0.00078471,2048,9843.9,1787762073.857
1258,194.937,0.000425,0.00078429,2048,10505.96,1787762074.054
1259,183.155,0.000323,0.00078387,2048,11181.81,1787762074.239
1260,182.089,0.000352,0.00078345,2048,11247.23,1787762074.423
1261,167.885,0.000385,0.00078303,2048,12198.83,1787762074.593
1262,175.871,0.000508,0.00078261,2048,11644.92,1787762074.77
1263,170.365,0.00045,0.00078219,2048,12021.23,1787762074.942
1264,202.642,0.000519,0.00078177,2048,10106.52,1787762075.147
1265,232.516,0.000391,0.00078135,2048,8807.98,1787762075.381
1266,194.627,0.000376,0.00078093,2048,10522.7,1787762075.577
1267,198.512,0.000252,0.0007805,2048,10316.78,1787762075.777
1268,187.505,0.00055,0.00078008,2048,10922.4,1787762075.966
1269,165.949,0.000368,0.00077966,2048,12341.14,1787762076.134
1270,209.821,0.000281,0.00077924,2048,9760.71,1787762076.345
1271,184.282,0.000408,0.00077882,2048,11113.38,1787762076.531
1272,193.418,0.000366,0.00077839,2048,10588.48,1787762076.727
1273,187.589,0.000404,0.00077797,2048,10917.47,1787762076.915
1274,179.206,0.000428,0.00077755,2048,11428.18,1787762077.095
1275,202.865,0.000526,0.00077712,2048,10095.36,1787762077.3
1276,206.784,0.000289,0.0007767,2048,9904.06,1787762077.508
1277,202.927,0.000383,0.00077627,2048,10092.31,1787762077.713
1278,184.546,0.000341,0.00077585,2048,11097.53,1787762077.899
1279,190.923,0.000509,0.00077542,2048,10726.86,1787762078.093
1280,195.678,0.000273,0.000775,2048,10466.18,1787762078.29
1281,175.687,0.000391,0.00077457,2048,11657.09,1787762078.467
1282,188.01,0.000322,0.00077415,2048,10893.07,1787762078.657
1283,210.021,0.000784,0.00077372,2048,9751.42,1787762078.869
1284,220.581,0.000317,0.0007733,2048,9284.56,1787762079.091
1285,194.471,0.000355,0.00077287,2048,10531.12,1787762079.288
1286,191.599,0.000484,0.00077244,2048,10689.0,1787762079.481
1287,199.727,0.000451,0.00077202,2048,10254.0,1787762079.683
1288,176.291,0.000393,0.00077159,2048,11617.14,1787762079.86
1289,177.13,0.000498,0.00077116,2048,11562.12,1787762080.038
1290,190.039,0.000361,0.00077074,2048,10776.71,1787762080.23
1291,237.129,0.000423,0.00077031,2048,8636.63,1787762080.469
1292,251.632,0.000296,0.00076988,2048,8138.87,1787762080.722
1293,254.3,0.000569,0.00076945,2048,8053.47,1787762080.978
1294,259.696,0.000514,0.00076902,2048,7886.15,1787762081.24
1295,231.081,0.000256,0.00076859,2048,8862.7,1787762081.473
1296,209.216,0.000295,0.00076816,2048,9788.93,1787762081.683
1297,232.397,0.000352,0.00076773,2048,8812.49,1787762081.919
1298,209.081,0.000411,0.00076731,2048,9795.25,1787762082.13
1299,183.517,0.000321,0.00076688,2048,11159.74,1787762082.315
1300,216.057,0.000333,0.00076644,2048,9478.96,1787762082.533
1301,182.637,0.000308,0.00076601,2048,11213.49,1787762082.717
1302,197.576,0.000535,0.00076558,2048,10365.64,1787762082.916
1303,183.491,0.000291,0.00076515,2048,11161.29,1787762083.102
1304,209.45,0.000326,0.00076472,2048,9777.99,1787762083.313
1305,200.694,0.000275,0.00076429,2048,10204.58,1787762083.516
1306,211.252,0.000333,0.00076386,2048,9694.57,1787762083.729
1307,187.97,0.00025,0.00076343,2048,10895.37,1787762083.919
1308,187.097,0.000281,0.00076299,2048,10946.19,1787762084.108
1309,183.82,0.000275,0.00076256,2048,11141.36,1787762084.293
1310,179.307,0.000225,0.00076213,2048,11421.76,1787762084.474
1311,192.766,0.000366,0.0007617,2048,10624.26,1787762084.668
1312,197.028,0.000309,0.00076126,2048,10394.47,1787762084.867
1313,174.964,0.000392,0.00076083,2048,11705.26,1787762085.044
1314,159.161,0.000253,0.00076039,2048,12867.47,1787762085.205
1315,178.133,0.000369,0.00075996,2048,11497.03,1787762085.385
1316,157.428,0.000598,0.00075953,2048,13009.13,1787762085.544
1317,168.17,0.000276,0.00075909,2048,12178.18,1787762085.713
1318,193.327,0.000272,0.00075866,2048,10593.47,1787762085.909
1319,166.107,0.00069,0.00075822,2048,12329.39,1787762086.076
1320,158.863,0.000339,0.00075779,2048,12891.64,1787762086.237
1321,146.347,0.000323,0.00075735,2048,13994.1,1787762086.384
1322,154.748,0.00042,0.00075692,2048,13234.39,1787762086.54
1323,193.72,0.000472,0.00075648,2048,10571.93,1787762086.736
1324,202.41,0.000323,0.00075604,2048,10118.06,1787762086.939
1325,198.91,0.000469,0.00075561,2048,10296.12,1787762087.14
1326,239.818,0.000489,0.00075517,2048,8539.82,1787762087.381
1327,193.063,0.000339,0.00075473,2048,10607.92,1787762087.576
1328,198.651,0.00041,0.0007543,2048,10309.53,1787762087.777
1329,186.191,0.000634,0.00075386,2048,10999.47,1787762087.965
1330,191.494,0.000372,0.00075342,2048,10694.84,1787762088.159
1331,203.905,0.000377,0.00075298,2048,10043.91,1787762088.365
1332,165.249,0.000536,0.00075254,2048,12393.39,1787762088.532
1333,202.156,0.000791,0.00075211,2048,10130.8,1787762088.736
1334,175.029,0.000598,0.00075167,2048,11700.95,1787762088.913
1335,163.569,0.000383,0.00075123,2048,12520.69,1787762089.077
1336,190.22,0.000541,0.00075079,2048,10766.48,1787762089.269
1337,200.198,0.000631,0.00075035,2048,10229.87,1787762089.471
1338,195.15,0.000621,0.00074991,2048,10494.51,1787762089.669
1339,225.073,0.000816,0.00074947,2048,9099.25,1787762089.896
1340,268.392,0.000558,0.00074903,2048,7630.63,1787762090.166
1341,186.183,0.000414,0.00074859,2048,10999.93,1787762090.355
1342,183.173,0.000418,0.00074815,2048,11180.67,1787762090.539
1343,196.621,0.000544,0.00074771,2048,10415.96,1787762090.738
1344,216.8,0.000536,0.00074727,2048,9446.49,1787762090.956
1345,249.204,0.000348,0.00074683,2048,8218.15,1787762091.207
1346,242.299,0.000719,0.00074638,2048,8452.36,1787762091.451
1347,267.175,0.000367,0.00074594,2048,7665.38,1787762091.72
1348,263.953,0.00036,0.0007455,2048,7758.95,1787762091.985
1349,249.044,0.000263,0.00074506,2048,8223.45,1787762092.237
1350,243.001,0.000528,0.00074462,2048,8427.93,1787762092.482
1351,252.748,0.00032,0.00074417,2048,8102.93,1787762092.738
1352,326.803,0.000262,0.00074373,2048,6266.78,1787762093.067
1353,262.325,0.000344,0.00074329,2048,7807.1,1787762093.331
1354,241.006,0.000271,0.00074284,2048,8497.72,1787762093.574
1355,322.263,0.000225,0.0007424,2048,6355.07,1787762093.898
1356,247.223,0.000249,0.00074196,2048,8284.02,1787762094.146
1357,238.402,0.000313,0.00074151,2048,8590.52,1787762094.386
1358,271.107,0.00031,0.00074107,2048,7554.22,1787762094.66
1359,283.922,0.000307,0.00074062,2048,7213.25,1787762094.945
1360,278.872,0.000248,0.00074018,2048,7343.88,1787762095.227
1361,269.633,0.000322,0.00073973,2048,7595.52,1787762095.498
1362,343.299,0.000369,0.00073929,2048,5965.65,1787762095.844
1363,321.588,0.000358,0.00073884,2048,6368.39,1787762096.167
1364,247.306,0.000486,0.0007384,2048,8281.24,1787762096.416
1365,311.254,0.00045,0.00073795,2048,6579.84,1787762096.728
1366,276.242,0.000601,0.0007375,2048,7413.78,1787762097.008
1367,242.296,0.000898,0.00073706,2048,8452.46,1787762097.252
1368,282.864,0.000494,0.00073661,2048,7240.22,1787762097.537
1369,264.232,0.00055,0.00073617,2048,7750.77,1787762097.804
1370,279.046,0.00055,0.00073572,2048,7339.29,1787762098.085
1371,277.105,0.000558,0.00073527,2048,7390.71,1787762098.363
1372,281.059,0.001527,0.00073482,2048,7286.74,1787762098.646
1373,265.523,0.000815,0.00073438,2048,7713.06,1787762098.914
1374,265.979,0.000623,0.00073393,2048,7699.85,1787762099.182
1375,320.312,0.000705,0.00073348,2048,6393.77,1787762099.504
1376,263.423,0.00087,0.00073303,2048,7774.58,1787762099.769
1377,308.487,0.000591,0.00073258,2048,6638.86,1787762100.08
1378,280.895,0.000526,0.00073213,2048,7290.99,1787762100.363
1379,348.625,0.000523,0.00073169,2048,5874.5,1787762100.713
1380,308.519,0.000749,0.00073124,2048,6638.17,1787762101.024
1381,390.377,0.000344,0.00073079,2048,5246.2,1787762101.416
1382,279.042,0.000602,0.00073034,2048,7339.41,1787762101.698
1383,342.332,0.001008,0.00072989,2048,5982.5,1787762102.042
1384,241.692,0.000655,0.00072944,2048,8473.58,1787762102.286
1385,280.885,0.000992,0.00072899,2048,7291.24,1787762102.569
1386,271.641,0.000576,0.00072854,2048,7539.36,1787762102.842
1387,243.507,0.000774,0.00072809,2048,8410.44,1787762103.087
1388,299.388,0.000706,0.00072763,2048,6840.63,1787762103.389
1389,265.536,0.000604,0.00072718,2048,7712.71,1787762103.657
1390,246.498,0.000584,0.00072673,2048,8308.38,1787762103.905
1391,269.035,0.001058,0.00072628,2048,7612.39,1787762104.176
1392,259.3,0.000317,0.00072583,2048,7898.18,1787762104.438
1393,242.225,0.000437,0.00072538,2048,8454.96,1787762104.681
1394,315.636,0.000934,0.00072492,2048,6488.48,1787762104.999
1395,248.958,0.000678,0.00072447,2048,8226.29,1787762105.25
1396,269.028,0.000748,0.00072402,2048,7612.6,1787762105.521
1397,266.473,0.000805,0.00072357,2048,7685.58,1787762105.79
1398,279.988,0.000622,0.00072311,2048,7314.59,1787762106.072
1399,264.066,0.000442,0.00072266,2048,7755.65,1787762106.337
1400,263.553,0.001239,0.00072221,2048,7770.74,1787762106.603
1401,272.473,0.000402,0.00072175,2048,7516.34,1787762106.878
1402,272.843,0.000443,0.0007213,2048,7506.14,1787762107.152
1403,257.305,0.000634,0.00072085,2048,7959.41,1787762107.411
1404,310.269,0.000476,0.00072039,2048,6600.72,1787762107.724
1405,315.742,0.000322,0.00071994,2048,6486.32,1787762108.042
1406,319.29,0.000275,0.00071948,2048,6414.23,1787762108.364
1407,284.714,0.000461,0.00071903,2048,7193.18,1787762108.651
1408,227.528,0.000427,0.00071857,2048,9001.09,1787762108.881
1409,233.463,0.000268,0.00071812,2048,8772.28,1787762109.116
1410,242.005,0.000278,0.00071766,2048,8462.62,1787762109.36
1411,222.269,0.000434,0.00071721,2048,9214.06,1787762109.584
1412,253.038,0.00035,0.00071675,2048,8093.66,1787762109.839
1413,285.794,0.0004,0.00071629,2048,7166.0,1787762110.126
1414,330.68,0.000427,0.00071584,2048,6193.3,1787762110.459
1415,245.137,0.000282,0.00071538,2048,8354.5,1787762110.706
1416,311.137,0.000341,0.00071493,2048,6582.31,1787762111.019
1417,279.442,0.000246,0.00071447,2048,7328.9,1787762111.301
1418,268.066,0.00028,0.00071401,2048,7639.92,1787762111.57
1419,260.893,0.000297,0.00071355,2048,7849.95,1787762111.833
1420,287.924,0.000413,0.0007131,2048,7113.0,1787762112.123
1421,238.495,0.000271,0.00071264,2048,8587.2,1787762112.364
1422,263.933,0.000269,0.00071218,2048,7759.54,1787762112.63
1423,249.894,0.000252,0.00071172,2048,8195.47,1787762112.882
1424,308.691,0.000275,0.00071127,2048,6634.47,1787762113.193
1425,302.57,0.000244,0.00071081,2048,6768.69,1787762113.498
1426,285.445,0.000256,0.00071035,2048,7174.76,1787762113.785
1427,300.379,0.000285,0.00070989,2048,6818.06,1787762114.087
1428,290.753,0.00029,0.00070943,2048,7043.78,1787762114.38
1429,270.872,0.000299,0.00070897,2048,7560.78,1787762114.652
1430,238.345,0.000247,0.00070851,2048,8592.6,1787762114.893
1431,283.086,0.000343,0.00070805,2048,7234.56,1787762115.178
1432,255.571,0.00044,0.00070759,2048,8013.43,1787762115.436
1433,263.754,0.000291,0.00070713,2048,7764.81,1787762115.701
1434,257.515,0.000419,0.00070667,2048,7952.92,1787762115.96
1435,234.948,0.000218,0.00070621,2048,8716.84,1787762116.197
1436,252.539,0.00026,0.00070575,2048,8109.63,1787762116.451
1437,244.538,0.000278,0.00070529,2048,8374.97,1787762116.698
1438,286.612,0.000245,0.00070483,2048,7145.55,1787762116.986
1439,335.583,0.000298,0.00070437,2048,6102.82,1787762117.324
1440,241.104,0.000193,0.00070391,2048,8494.27,1787762117.566
1441,326.782,0.000231,0.00070345,2048,6267.17,1787762117.897
1442,272.412,0.000296,0.00070299,2048,7518.02,1787762118.171
1443,263.665,0.000298,0.00070252,2048,7767.42,1787762118.436
1444,296.338,0.000254,0.00070206,2048,6911.03,1787762118.735
1445,289.628,0.000273,0.0007016,2048,7071.13,1787762119.027
1446,287.644,0.000263,0.00070114,2048,7119.91,1787762119.317
1447,257.466,0.000254,0.00070068,2048,7954.45,1787762119.575
1448,251.811,0.00034,0.00070021,2048,8133.09,1787762119.829
1449,253.354,0.000252,0.00069975,2048,8083.57,1787762120.085
1450,297.958,0.000397,0.00069929,2048,6873.45,1787762120.385
1451,254.543,0.000274,0.00069882,2048,8045.8,1787762120.641
1452,258.777,0.000286,0.00069836,2048,7914.15,1787762120.902
1453,251.493,0.000256,0.0006979,2048,8143.35,1787762121.156
1454,267.405,0.0003,0.00069743,2048,7658.8,1787762121.425
1455,239.506,0.000259,0.00069697,2048,8550.93,1787762121.666
1456,235.189,0.000305,0.00069651,2048,8707.91,1787762121.903
1457,281.826,0.000268,0.00069604,2048,7266.9,1787762122.188
1458,255.148,0.000297,0.00069558,2048,8026.71,1787762122.444
1459,262.789,0.000211,0.00069511,2048,7793.32,1787762122.709
1460,257.159,0.000294,0.00069465,2048,7963.93,1787762122.969
1461,255.737,0.000345,0.00069418,2048,8008.24,1787762123.227
1462,363.04,0.000282,0.00069372,2048,5641.26,1787762123.592
1463,239.37,0.000341,0.00069325,2048,8555.79,1787762123.834
1464,242.598,0.000426,0.00069279,2048,8441.95,1787762124.079
1465,305.693,0.000343,0.00069232,2048,6699.54,1787762124.386
1466,267.993,0.000214,0.00069186,2048,7641.98,1787762124.656
1467,256.706,0.00034,0.00069139,2048,7977.99,1787762124.915
1468,284.481,0.000324,0.00069092,2048,7199.06,1787762125.201
1469,246.338,0.000288,0.00069046,2048,8313.77,1787762125.449
1470,247.981,0.000291,0.00068999,2048,8258.68,1787762125.699
1471,260.354,0.000333,0.00068952,2048,7866.22,1787762125.962
1472,264.582,0.00048,0.00068906,2048,7740.5,1787762126.229
1473,254.603,0.000274,0.00068859,2048,8043.89,1787762126.485
1474,280.605,0.000329,0.00068812,2048,7298.51,1787762126.767
1475,263.919,0.000333,0.00068766,2048,7759.96,1787762127.034
1476,252.181,0.000383,0.00068719,2048,8121.15,1787762127.288
1477,275.199,0.000264,0.00068672,2048,7441.89,1787762127.565
1478,258.966,0.00028,0.00068625,2048,7908.38,1787762127.826
1479,286.544,0.00029,0.00068579,2048,7147.23,1787762128.115
1480,339.551,0.000309,0.00068532,2048,6031.5,1787762128.457
1481,309.709,0.000223,0.00068485,2048,6612.65,1787762128.768
1482,281.599,0.000298,0.00068438,2048,7272.75,1787762129.052
1483,213.577,0.000227,0.00068391,2048,9589.04,1787762129.268
1484,251.653,0.000322,0.00068344,2048,8138.18,1787762129.521
1485,267.266,0.000337,0.00068297,2048,7662.78,1787762129.79
1486,306.772,0.000177,0.00068251,2048,6675.96,1787762130.099
1487,263.101,0.000429,0.00068204,2048,7784.08,1787762130.364
1488,236.687,0.00032,0.00068157,2048,8652.78,1787762130.602
1489,255.224,0.000307,0.0006811,2048,8024.33,1787762130.86
1490,271.011,0.000448,0.00068063,2048,7556.89,1787762131.132
1491,345.035,0.0003,0.00068016,2048,5935.64,1787762131.479
1492,287.427,0.000475,0.00067969,2048,7125.28,1787762131.768
1493,249.704,0.000413,0.00067922,2048,8201.72,1787762132.02
1494,215.644,0.000236,0.00067875,2048,9497.15,1787762132.237
1495,279.662,0.000299,0.00067828,2048,7323.12,1787762132.52
1496,353.534,0.000537,0.00067781,2048,5792.93,1787762132.876
1497,245.451,0.000225,0.00067734,2048,8343.82,1787762133.123
1498,262.098,0.000267,0.00067687,2048,7813.88,1787762133.386
1499,237.693,0.000305,0.00067639,2048,8616.16,1787762133.626
1500,292.178,0.000234,0.00067592,2048,7009.42,1787762133.92
1501,284.933,0.000403,0.00067545,2048,7187.66,1787762134.207
1502,225.355,0.000341,0.00067498,2048,9087.88,1787762134.434
1503,242.337,0.000234,0.00067451,2048,8451.02,1787762134.678
1504,248.113,0.000358,0.00067404,2048,8254.29,1787762134.928
1505,256.287,0.000321,0.00067356,2048,7991.03,1787762135.187
1506,259.602,0.000451,0.00067309,2048,7889.01,1787762135.448
1507,220.177,0.00021,0.00067262,2048,9301.62,1787762135.671
1508,315.172,0.000283,0.00067215,2048,6498.03,1787762135.988
1509,233.191,0.000382,0.00067168,2048,8782.49,1787762136.222
1510,287.866,0.000337,0.0006712,2048,7114.43,1787762136.513
1511,274.465,0.00037,0.00067073,2048,7461.78,1787762136.789
1512,261.801,0.000289,0.00067026,2048,7822.73,1787762137.053
1513,261.976,0.000354,0.00066978,2048,7817.5,1787762137.319
1514,294.743,0.00052,0.00066931,2048,6948.43,1787762137.615
1515,253.971,0.000283,0.00066884,2048,8063.91,1787762137.87
1516,247.756,0.000437,0.00066836,2048,8266.2,1787762138.12
1517,255.089,0.000459,0.00066789,2048,8028.56,1787762138.377
1518,244.067,0.00025,0.00066742,2048,8391.13,1787762138.623
1519,235.799,0.000262,0.00066694,2048,8685.38,1787762138.861
1520,243.454,0.000442,0.00066647,2048,8412.26,1787762139.106
1521,272.165,0.000261,0.00066599,2048,7524.84,1787762139.38
1522,250.181,0.000325,0.00066552,2048,8186.07,1787762139.632
1523,247.459,0.00063,0.00066505,2048,8276.1,1787762139.881
1524,260.548,0.000253,0.00066457,2048,7860.36,1787762140.144
1525,239.584,0.000491,0.0006641,2048,8548.15,1787762140.385
1526,243.88,0.000541,0.00066362,2048,8397.57,1787762140.631
1527,255.934,0.000404,0.00066315,2048,8002.05,1787762140.888
1528,243.096,0.000289,0.00066267,2048,8424.66,1787762141.134
1529,230.473,0.000411,0.0006622,2048,8886.08,1787762141.366
1530,228.495,0.000694,0.00066172,2048,8962.99,1787762141.597
1531,253.708,0.000272,0.00066124,2048,8072.28,1787762141.853
1532,239.954,0.000843,0.00066077,2048,8534.99,1787762142.095
1533,215.226,0.000811,0.00066029,2048,9515.59,1787762142.313
1534,223.739,0.000421,0.00065982,2048,9153.52,1787762142.537
1535,260.821,0.000279,0.00065934,2048,7852.14,1787762142.801
1536,242.317,0.000419,0.00065886,2048,8451.74,1787762143.044
1537,275.777,0.000231,0.00065839,2048,7426.29,1787762143.322
1538,253.721,0.000392,0.00065791,2048,8071.86,1787762143.578
1539,239.235,0.000279,0.00065744,2048,8560.63,1787762143.818
1540,228.358,0.000361,0.00065696,2048,8968.39,1787762144.048
1541,223.339,0.00037,0.00065648,2048,9169.93,1787762144.274
1542,226.199,0.000216,0.000656,2048,9053.96,1787762144.502
1543,213.715,0.000301,0.00065553,2048,9582.86,1787762144.717
1544,223.218,0.000224,0.00065505,2048,9174.9,1787762144.943
1545,218.567,0.00023,0.00065457,2048,9370.12,1787762145.164
1546,215.864,0.000295,0.0006541,2048,9487.45,1787762145.381
1547,223.01,0.000303,0.00065362,2048,9183.44,1787762145.606
1548,198.742,0.000339,0.00065314,2048,10304.81,1787762145.806
1549,195.852,0.000241,0.00065266,2048,10456.85,1787762146.005
1550,199.369,0.000358,0.00065218,2048,10272.4,1787762146.205
1551,219.136,0.00032,0.00065171,2048,9345.8,1787762146.426
1552,197.536,0.000576,0.00065123,2048,10367.74,1787762146.625
1553,246.971,0.000246,0.00065075,2048,8292.46,1787762146.874
1554,212.224,0.000217,0.00065027,2048,9650.16,1787762147.088
1555,215.883,0.000294,0.00064979,2048,9486.61,1787762147.306
1556,208.354,0.00041,0.00064931,2048,9829.42,1787762147.516
1557,219.139,0.000366,0.00064884,2048,9345.65,1787762147.737
1558,217.044,0.000363,0.00064836,2048,9435.86,1787762147.957
1559,199.766,0.000239,0.00064788,2048,10251.99,1787762148.159
1560,198.98,0.000358,0.0006474,2048,10292.5,1787762148.36
1561,222.111,0.000328,0.00064692,2048,9220.6,1787762148.583
1562,224.305,0.000352,0.00064644,2048,9130.43,1787762148.81
1563,206.394,0.000282,0.00064596,2048,9922.75,1787762149.018
1564,182.521,0.000308,0.00064548,2048,11220.65,1787762149.202
1565,203.648,0.000325,0.000645,2048,10056.56,1787762149.407
1566,216.066,0.000344,0.00064452,2048,9478.58,1787762149.625
1567,204.942,0.000203,0.00064404,2048,9993.07,1787762149.832
1568,192.789,0.000208,0.00064356,2048,10623.03,1787762150.027
1569,211.352,0.00022,0.00064308,2048,9689.98,1787762150.241
1570,203.394,0.000211,0.0006426,2048,10069.11,1787762150.446
1571,218.86,0.000302,0.00064212,2048,9357.6,1787762150.667
1572,223.644,0.000324,0.00064164,2048,9157.41,1787762150.892
1573,225.529,0.000321,0.00064116,2048,9080.86,1787762151.119
1574,206.063,0.000293,0.00064068,2048,9938.69,1787762151.327
1575,241.3,0.000264,0.0006402,2048,8487.36,1787762151.571
1576,207.683,0.000471,0.00063972,2048,9861.16,1787762151.78
1577,206.446,0.000242,0.00063923,2048,9920.27,1787762151.988
1578,193.827,0.000217,0.00063875,2048,10566.13,1787762152.184
1579,194.102,0.000323,0.00063827,2048,10551.16,1787762152.379
1580,204.517,0.000393,0.00063779,2048,10013.83,1787762152.586
1581,217.961,0.000269,0.00063731,2048,9396.17,1787762152.806
1582,217.811,0.000281,0.00063683,2048,9402.66,1787762153.025
1583,217.848,0.000444,0.00063635,2048,9401.06,1787762153.244
1584,219.856,0.000257,0.00063586,2048,9315.18,1787762153.467
1585,213.019,0.000267,0.00063538,2048,9614.17,1787762153.682
1586,178.377,0.000328,0.0006349,2048,11481.28,1787762153.862
1587,159.715,0.0003,0.00063442,2048,12822.82,1787762154.024
1588,186.689,0.000325,0.00063394,2048,10970.09,1787762154.211
1589,171.156,0.000361,0.00063345,2048,11965.71,1787762154.385
1590,156.806,0.000291,0.00063297,2048,13060.7,1787762154.543
1591,188.643,0.000322,0.00063249,2048,10856.46,1787762154.733
1592,165.296,0.000403,0.00063201,2048,12389.89,1787762154.899
1593,147.995,0.000425,0.00063152,2048,13838.34,1787762155.049
1594,173.05,0.000382,0.00063104,2048,11834.73,1787762155.223
1595,190.781,0.000212,0.00063056,2048,10734.84,1787762155.415
1596,215.206,0.000272,0.00063007,2048,9516.47,1787762155.633
1597,202.634,0.000467,0.00062959,2048,10106.87,1787762155.837
1598,200.36,0.0004,0.00062911,2048,10221.63,1787762156.04
1599,196.342,0.000355,0.00062863,2048,10430.77,1787762156.238
1600,185.513,0.000213,0.00062814,2048,11039.66,1787762156.425
1601,179.043,0.000321,0.00062766,2048,11438.57,1787762156.606
1602,179.096,0.0003,0.00062717,2048,11435.22,1787762156.787
1603,179.479,0.000419,0.00062669,2048,11410.78,1787762156.969
1604,181.396,0.000247,0.00062621,2048,11290.23,1787762157.151
1605,242.209,0.000238,0.00062572,2048,8455.49,1787762157.396
1606,209.024,0.000291,0.00062524,2048,9797.93,1787762157.607
1607,199.512,0.000179,0.00062476,2048,10265.07,1787762157.808
1608,196.782,0.000221,0.00062427,2048,10407.48,1787762158.007
1609,210.491,0.00019,0.00062379,2048,9729.65,1787762158.219
1610,203.17,0.00046,0.0006233,2048,10080.2,1787762158.424
1611,243.055,0.000171,0.00062282,2048,8426.08,1787762158.668
1612,223.324,0.00029,0.00062233,2048,9170.54,1787762158.894
1613,223.079,0.000269,0.00062185,2048,9180.59,1787762159.119
1614,216.06,0.000257,0.00062137,2048,9478.86,1787762159.336
1615,224.824,0.000247,0.00062088,2048,9109.34,1787762159.563
1616,214.777,0.00031,0.0006204,2048,9535.47,1787762159.78
1617,217.802,0.00024,0.00061991,2048,9403.04,1787762159.999
1618,228.874,0.000304,0.00061943,2048,8948.16,1787762160.23
1619,218.012,0.000295,0.00061894,2048,9394.0,1787762160.449
1620,229.573,0.000248,0.00061846,2048,8920.9,1787762160.681
1621,214.352,0.00043,0.00061797,2048,9554.4,1787762160.897
1622,210.847,0.000418,0.00061749,2048,9713.19,1787762161.11
1623,211.216,0.000248,0.000617,2048,9696.22,1787762161.323
1624,215.042,0.00022,0.00061651,2048,9523.73,1787762161.54
1625,211.032,0.00021,0.00061603,2048,9704.68,1787762161.752
1626,207.715,0.000264,0.00061554,2048,9859.65,1787762161.961
1627,215.745,0.000257,0.00061506,2048,9492.69,1787762162.179
1628,256.048,0.000293,0.00061457,2048,7998.5,1787762162.437
1629,242.757,0.000213,0.00061409,2048,8436.41,1787762162.682
1630,249.735,0.000195,0.0006136,2048,8200.7,1787762162.933
1631,248.782,0.000333,0.00061311,2048,8232.1,1787762163.184
1632,247.741,0.000306,0.00061263,2048,8266.71,1787762163.433
1633,276.393,0.000224,0.00061214,2048,7409.74,1787762163.712
1634,218.341,0.000211,0.00061166,2048,9379.81,1787762163.932
1635,195.532,0.00028,0.00061117,2048,10474.01,1787762164.129
1636,203.387,0.000407,0.00061068,2048,10069.47,1787762164.335
1637,220.214,0.0003,0.0006102,2048,9300.04,1787762164.556
1638,206.551,0.000302,0.00060971,2048,9915.24,1787762164.765
1639,230.25,0.000332,0.00060922,2048,8894.67,1787762164.997
1640,205.884,0.000519,0.00060874,2048,9947.36,1787762165.205
1641,220.215,0.000421,0.00060825,2048,9300.01,1787762165.426
1642,204.361,0.000379,0.00060776,2048,10021.48,1787762165.633
1643,192.752,0.000325,0.00060728,2048,10625.07,1787762165.827
1644,196.984,0.000502,0.00060679,2048,10396.8,1787762166.025
1645,203.981,0.000368,0.0006063,2048,10040.15,1787762166.232
1646,183.531,0.000294,0.00060582,2048,11158.85,1787762166.416
1647,184.287,0.000462,0.00060533,2048,11113.12,1787762166.602
1648,185.517,0.000422,0.00060484,2048,11039.44,1787762166.79
1649,173.726,0.000347,0.00060435,2048,11788.67,1787762166.964
1650,199.061,0.000337,0.00060387,2048,10288.31,1787762167.166
1651,206.379,0.000247,0.00060338,2048,9923.51,1787762167.373
1652,189.959,0.000275,0.00060289,2048,10781.28,1787762167.565
1653,199.399,0.000335,0.0006024,2048,10270.87,1787762167.766
1654,192.451,0.00031,0.00060192,2048,10641.68,1787762167.959
1655,219.996,0.000191,0.00060143,2048,9309.27,1787762168.181
1656,209.838,0.000245,0.00060094,2048,9759.91,1787762168.393
1657,208.106,0.000338,0.00060045,2048,9841.15,1787762168.603
1658,212.123,0.000279,0.00059997,2048,9654.77,1787762168.817
1659,189.334,0.000185,0.00059948,2048,10816.87,1787762169.008
1660,192.777,0.000169,0.00059899,2048,10623.65,1787762169.203
1661,223.592,0.000177,0.0005985,2048,9159.52,1787762169.428
1662,224.281,0.000237,0.00059801,2048,9131.39,1787762169.654
1663,193.288,0.000342,0.00059753,2048,10595.6,1787762169.849
1664,202.779,0.000279,0.00059704,2048,10099.68,1787762170.054
1665,216.476,0.00028,0.00059655,2048,9460.65,1787762170.273
1666,206.21,0.000236,0.00059606,2048,9931.63,1787762170.48
1667,219.211,0.000212,0.00059557,2048,9342.58,1787762170.701
1668,207.461,0.000327,0.00059508,2048,9871.75,1787762170.91
1669,238.833,0.000234,0.0005946,2048,8575.04,1787762171.151
1670,268.938,0.000295,0.00059411,2048,7615.15,1787762171.422
1671,273.337,0.000253,0.00059362,2048,7492.58,1787762171.697
1672,245.527,0.000157,0.00059313,2048,8341.22,1787762171.944
1673,202.001,0.000257,0.00059264,2048,10138.57,1787762172.148
1674,213.687,0.000217,0.00059215,2048,9584.12,1787762172.363
1675,197.727,0.000218,0.00059166,2048,10357.7,1787762172.565
1676,194.314,0.000268,0.00059118,2048,10539.65,1787762172.76
1677,196.711,0.000348,0.00059069,2048,10411.2,1787762172.959
1678,188.924,0.000284,0.0005902,2048,10840.31,1787762173.149
1679,201.722,0.000186,0.00058971,2048,10152.59,1787762173.353
1680,240.64,0.000169,0.00058922,2048,8510.65,1787762173.595
1681,206.432,0.000346,0.00058873,2048,9920.95,1787762173.803
1682,182.968,0.000401,0.00058824,2048,11193.22,1787762173.987
1683,182.556,0.000251,0.00058775,2048,11218.46,1787762174.172
1684,169.912,0.000255,0.00058726,2048,12053.33,1787762174.343
1685,196.639,0.000203,0.00058677,2048,10415.05,1787762174.541
1686,213.187,0.000388,0.00058629,2048,9606.59,1787762174.756
1687,198.705,0.00026,0.0005858,2048,10306.72,1787762174.956
1688,168.88,0.000282,0.00058531,2048,12126.98,1787762175.128
1689,183.891,0.000244,0.00058482,2048,11137.02,1787762175.313
1690,185.067,0.000391,0.00058433,2048,11066.24,1787762175.5
1691,180.324,0.000281,0.00058384,2048,11357.32,1787762175.682
1692,183.402,0.000785,0.00058335,2048,11166.72,1787762175.868
1693,188.066,0.000459,0.00058286,2048,10889.78,1787762176.057
1694,224.701,0.000554,0.00058237,2048,9114.32,1787762176.284
1695,224.13,0.001396,0.00058188,2048,9137.55,1787762176.51
1696,205.346,0.000469,0.00058139,2048,9973.4,1787762176.717
1697,196.445,0.000282,0.0005809,2048,10425.29,1787762176.914
1698,180.823,0.000763,0.00058041,2048,11326.02,1787762177.097
1699,169.465,0.000657,0.00057992,2048,12085.08,1787762177.269
1700,185.212,0.000303,0.00057943,2048,11057.61,1787762177.455
1701,190.839,0.000257,0.00057894,2048,10731.55,1787762177.648
1702,204.535,0.000632,0.00057845,2048,10012.98,1787762177.854
1703,170.934,0.000762,0.00057796,2048,11981.25,1787762178.027
1704,221.844,0.0008,0.00057747,2048,9231.71,1787762178.251
1705,203.282,0.000366,0.00057698,2048,10074.68,1787762178.455
1706,229.547,0.000855,0.00057649,2048,8921.91,1787762178.687
1707,255.419,0.001056,0.000576,2048,8018.21,1787762178.944
1708,270.128,0.000493,0.00057551,2048,7581.58,1787762179.215
1709,226.433,0.000543,0.00057502,2048,9044.62,1787762179.444
1710,232.722,0.000797,0.00057453,2048,8800.18,1787762179.679
1711,218.294,0.000501,0.00057404,2048,9381.84,1787762179.899
1712,251.61,0.000552,0.00057355,2048,8139.58,1787762180.153
1713,260.401,0.000767,0.00057306,2048,7864.79,1787762180.415
1714,296.603,0.000334,0.00057257,2048,6904.86,1787762180.714
1715,273.904,0.000305,0.00057208,2048,7477.06,1787762180.99
1716,269.905,0.000703,0.00057159,2048,7587.85,1787762181.262
1717,226.137,0.000602,0.0005711,2048,9056.44,1787762181.489
1718,242.057,0.000375,0.00057061,2048,8460.82,1787762181.733
1719,251.672,0.000418,0.00057012,2048,8137.57,1787762181.987
1720,245.397,0.000539,0.00056963,2048,8345.64,1787762182.234
1721,230.872,0.000489,0.00056914,2048,8870.71,1787762182.466
1722,218.524,0.000236,0.00056865,2048,9371.97,1787762182.687
1723,262.088,0.000587,0.00056816,2048,7814.15,1787762182.951
1724,240.626,0.000573,0.00056767,2048,8511.14,1787762183.194
1725,243.925,0.000421,0.00056718,2048,8396.02,1787762183.44
1726,253.919,0.000742,0.00056669,2048,8065.55,1787762183.695
1727,218.55,0.000233,0.0005662,2048,9370.85,1787762183.916
1728,234.887,0.000273,0.0005657,2048,8719.07,1787762184.152
1729,199.868,0.000356,0.00056521,2048,10246.77,1787762184.355
1730,195.83,0.000319,0.00056472,2048,10458.06,1787762184.553
1731,206.655,0.000273,0.00056423,2048,9910.23,1787762184.761
1732,183.551,0.000188,0.00056374,2048,11157.66,1787762184.946
1733,170.019,0.000196,0.00056325,2048,12045.72,1787762185.117
1734,176.41,0.000214,0.00056276,2048,11609.35,1787762185.296
1735,173.678,0.000209,0.00056227,2048,11791.93,1787762185.471
1736,189.789,0.000306,0.00056178,2048,10790.91,1787762185.662
1737,236.1,0.000185,0.00056129,2048,8674.3,1787762185.9
1738,237.962,0.000248,0.0005608,2048,8606.41,1787762186.141
1739,202.376,0.000233,0.00056031,2048,10119.76,1787762186.344
1740,205.934,0.000212,0.00055982,2048,9944.91,1787762186.552
1741,227.15,0.000223,0.00055933,2048,9016.05,1787762186.781
1742,204.023,0.000288,0.00055884,2048,10038.08,1787762186.987
1743,188.297,0.000268,0.00055834,2048,10876.43,1787762187.177
1744,180.616,0.00026,0.00055785,2048,11339.0,1787762187.359
1745,161.872,0.000301,0.00055736,2048,12651.95,1787762187.522
1746,178.054,0.000333,0.00055687,2048,11502.11,1787762187.702
1747,189.04,0.000335,0.00055638,2048,10833.69,1787762187.893
1748,165.1,0.000274,0.00055589,2048,12404.6,1787762188.06
1749,181.399,0.000393,0.0005554,2048,11290.05,1787762188.243
1750,159.209,0.000315,0.00055491,2048,12863.59,1787762188.404
1751,202.684,0.000196,0.00055442,2048,10104.38,1787762188.608
1752,235.39,0.000254,0.00055393,2048,8700.46,1787762188.845
1753,199.306,0.000406,0.00055344,2048,10275.65,1787762189.046
1754,188.748,0.000212,0.00055295,2048,10850.45,1787762189.237
1755,186.226,0.000199,0.00055245,2048,10997.4,1787762189.425
1756,203.291,0.000269,0.00055196,2048,10074.23,1787762189.629
1757,185.173,0.000395,0.00055147,2048,11059.93,1787762189.817
1758,198.323,0.000306,0.00055098,2048,10326.6,1787762190.016
1759,181.789,0.000273,0.00055049,2048,11265.8,1787762190.2
1760,169.951,0.000432,0.00055,2048,12050.52,1787762190.371
1761,158.375,0.000452,0.00054951,2048,12931.33,1787762190.532
1762,176.423,0.000273,0.00054902,2048,11608.46,1787762190.71
1763,169.012,0.000382,0.00054853,2048,12117.5,1787762190.881
1764,183.621,0.000395,0.00054804,2048,11153.4,1787762191.066
1765,178.249,0.000318,0.00054755,2048,11489.51,1787762191.248
1766,183.0,0.000378,0.00054705,2048,11191.25,1787762191.432
1767,221.744,0.000434,0.00054656,2048,9235.89,1787762191.656
1768,194.933,0.000253,0.00054607,2048,10506.19,1787762191.852
1769,175.957,0.000255,0.00054558,2048,11639.19,1787762192.029
1770,169.741,0.000357,0.00054509,2048,12065.48,1787762192.201
1771,173.084,0.000332,0.0005446,2048,11832.38,1787762192.375
1772,182.032,0.000371,0.00054411,2048,11250.74,1787762192.559
1773,165.896,0.000269,0.00054362,2048,12345.05,1787762192.728
1774,183.913,0.000246,0.00054313,2048,11135.68,1787762192.912
1775,163.4,0.000237,0.00054264,2048,12533.67,1787762193.077
1776,161.965,0.000326,0.00054215,2048,12644.67,1787762193.241
1777,158.607,0.000208,0.00054166,2048,12912.42,1787762193.401
1778,187.794,0.00031,0.00054116,2048,10905.56,1787762193.591
1779,180.599,0.00022,0.00054067,2048,11340.03,1787762193.773
1780,168.179,0.000311,0.00054018,2048,12177.48,1787762193.942
1781,258.081,0.000236,0.00053969,2048,7935.5,1787762194.202
1782,221.91,0.000198,0.0005392,2048,9228.96,1787762194.426
1783,216.812,0.00028,0.00053871,2048,9445.97,1787762194.645
1784,222.267,0.000219,0.00053822,2048,9214.14,1787762194.87
1785,202.295,0.000206,0.00053773,2048,10123.85,1787762195.073
1786,203.992,0.000242,0.00053724,2048,10039.59,1787762195.28
1787,203.875,0.000215,0.00053675,2048,10045.35,1787762195.485
1788,172.577,0.000436,0.00053626,2048,11867.19,1787762195.659
1789,170.224,0.000165,0.00053577,2048,12031.21,1787762195.831
1790,187.7,0.000176,0.00053528,2048,10911.0,1787762196.021
1791,174.839,0.000186,0.00053479,2048,11713.65,1787762196.197
1792,171.851,0.000223,0.0005343,2048,11917.31,1787762196.37
1793,168.746,0.000161,0.0005338,2048,12136.6,1787762196.54
1794,162.557,0.000176,0.00053331,2048,12598.67,1787762196.705
1795,174.447,0.000162,0.00053282,2048,11739.98,1787762196.881
1796,200.545,0.000198,0.00053233,2048,10212.15,1787762197.083
1797,229.44,0.000162,0.00053184,2048,8926.1,1787762197.314
1798,186.126,0.000193,0.00053135,2048,11003.28,1787762197.502
1799,181.702,0.000207,0.00053086,2048,11271.21,1787762197.686
1800,181.988,0.00017,0.00053037,2048,11253.48,1787762197.869
1801,190.935,0.000191,0.00052988,2048,10726.16,1787762198.062
1802,177.779,0.000173,0.00052939,2048,11519.93,1787762198.242
1803,169.869,0.000165,0.0005289,2048,12056.36,1787762198.413
1804,120.966,0.000167,0.00052841,2048,16930.34,1787762198.536
1805,175.877,0.000197,0.00052792,2048,11644.52,1787762198.713
1806,190.6,0.000177,0.00052743,2048,10744.99,1787762198.906
1807,204.525,0.000157,0.00052694,2048,10013.43,1787762199.111
1808,209.327,0.000223,0.00052645,2048,9783.75,1787762199.323
1809,208.02,0.000213,0.00052596,2048,9845.21,1787762199.532
1810,249.544,0.000184,0.00052547,2048,8206.96,1787762199.784
1811,221.971,0.000195,0.00052498,2048,9226.42,1787762200.007
1812,202.39,0.000161,0.00052449,2048,10119.06,1787762200.212
1813,205.161,0.000238,0.000524,2048,9982.42,1787762200.419
1814,213.271,0.000222,0.00052351,2048,9602.8,1787762200.634
1815,211.078,0.000227,0.00052302,2048,9702.59,1787762200.846
1816,201.153,0.000205,0.00052253,2048,10181.29,1787762201.049
1817,199.897,0.000199,0.00052204,2048,10245.3,1787762201.251
1818,206.769,0.000282,0.00052155,2048,9904.79,1787762201.459
1819,190.674,0.0003,0.00052106,2048,10740.86,1787762201.652
1820,190.95,0.000247,0.00052057,2048,10725.3,1787762201.845
1821,204.012,0.000236,0.00052008,2048,10038.61,1787762202.05
1822,198.134,0.000271,0.00051959,2048,10336.47,1787762202.25
1823,198.214,0.00027,0.0005191,2048,10332.27,1787762202.45
1824,213.997,0.000251,0.00051861,2048,9570.25,1787762202.666
1825,216.846,0.000255,0.00051812,2048,9444.47,1787762202.884
1826,186.288,0.000304,0.00051763,2048,10993.73,1787762203.073
1827,203.993,0.000291,0.00051714,2048,10039.56,1787762203.279
1828,219.312,0.000342,0.00051665,2048,9338.28,1787762203.5
1829,211.321,0.000226,0.00051616,2048,9691.4,1787762203.713
1830,205.164,0.000229,0.00051567,2048,9982.26,1787762203.92
1831,193.034,0.00025,0.00051518,2048,10609.52,1787762204.115
1832,208.681,0.000227,0.00051469,2048,9814.02,1787762204.325
1833,205.248,0.000203,0.0005142,2048,9978.19,1787762204.532
1834,233.966,0.000272,0.00051371,2048,8753.41,1787762204.767
1835,228.74,0.000202,0.00051323,2048,8953.41,1787762204.998
1836,205.082,0.000161,0.00051274,2048,9986.24,1787762205.205
1837,209.071,0.000229,0.00051225,2048,9795.72,1787762205.416
1838,205.637,0.000235,0.00051176,2048,9959.28,1787762205.624
1839,227.819,0.00024,0.00051127,2048,8989.57,1787762205.853
1840,223.45,0.000196,0.00051078,2048,9165.37,1787762206.079
1841,199.64,0.00032,0.00051029,2048,10258.48,1787762206.281
1842,207.733,0.000229,0.0005098,2048,9858.8,1787762206.49
1843,219.743,0.000251,0.00050931,2048,9319.98,1787762206.712
1844,225.532,0.000206,0.00050882,2048,9080.77,1787762206.939
1845,238.034,0.000275,0.00050834,2048,8603.83,1787762207.178
1846,234.193,0.000355,0.00050785,2048,8744.94,1787762207.414
1847,249.892,0.000246,0.00050736,2048,8195.54,1787762207.666
1848,203.631,0.000135,0.00050687,2048,10057.42,1787762207.872
1849,214.119,0.000235,0.00050638,2048,9564.76,1787762208.087
1850,202.065,0.000138,0.00050589,2048,10135.36,1787762208.291
1851,203.575,0.000311,0.0005054,2048,10060.15,1787762208.497
1852,209.948,0.000188,0.00050492,2048,9754.8,1787762208.708
1853,222.237,0.000153,0.00050443,2048,9215.39,1787762208.933
1854,221.745,0.000363,0.00050394,2048,9235.82,1787762209.156
1855,225.488,0.0002,0.00050345,2048,9082.52,1787762209.384
1856,201.785,0.000168,0.00050296,2048,10149.39,1787762209.588
1857,207.069,0.000221,0.00050247,2048,9890.4,1787762209.796
1858,201.464,0.000148,0.00050199,2048,10165.57,1787762209.998
1859,184.609,0.000161,0.0005015,2048,11093.69,1787762210.186
1860,207.044,0.000134,0.00050101,2048,9891.63,1787762210.395
1861,192.608,0.000153,0.00050052,2048,10633.01,1787762210.589
1862,225.227,0.000145,0.00050003,2048,9093.05,1787762210.816
1863,226.026,0.000161,0.00049955,2048,9060.9,1787762211.044
1864,213.168,0.000181,0.00049906,2048,9607.43,1787762211.258
1865,202.392,0.000128,0.00049857,2048,10118.98,1787762211.463
1866,221.854,0.000182,0.00049808,2048,9231.3,1787762211.686
1867,231.225,0.000151,0.0004976,2048,8857.17,1787762211.918
1868,239.029,0.000157,0.00049711,2048,8567.99,1787762212.16
1869,261.464,0.000259,0.00049662,2048,7832.81,1787762212.424
1870,230.28,0.000148,0.00049613,2048,8893.51,1787762212.656
1871,209.937,0.00014,0.00049565,2048,9755.3,1787762212.867
1872,189.936,0.00022,0.00049516,2048,10782.59,1787762213.059
1873,198.222,0.000167,0.00049467,2048,10331.86,1787762213.261
1874,179.067,0.000212,0.00049418,2048,11437.05,1787762213.441
1875,197.4,0.000148,0.0004937,2048,10374.85,1787762213.639
1876,207.747,0.00021,0.00049321,2048,9858.16,1787762213.849
1877,216.587,0.000259,0.00049272,2048,9455.8,1787762214.068
1878,219.384,0.000222,0.00049224,2048,9335.22,1787762214.289
1879,223.764,0.000211,0.00049175,2048,9152.5,1787762214.515
1880,245.015,0.00015,0.00049126,2048,8358.68,1787762214.761
1881,235.082,0.000185,0.00049078,2048,8711.86,1787762214.999
1882,234.304,0.000192,0.00049029,2048,8740.78,1787762215.235
1883,229.92,0.000216,0.0004898,2048,8907.45,1787762215.467
1884,216.041,0.000197,0.00048932,2048,9479.69,1787762215.685
1885,223.628,0.000376,0.00048883,2048,9158.09,1787762215.91
1886,229.707,0.000163,0.00048834,2048,8915.69,1787762216.142
1887,211.552,0.000248,0.00048786,2048,9680.86,1787762216.355
1888,212.599,0.000246,0.00048737,2048,9633.16,1787762216.57
1889,209.852,0.000145,0.00048689,2048,9759.27,1787762216.781
1890,223.684,0.000227,0.0004864,2048,9155.77,1787762217.007
1891,246.304,0.000162,0.00048591,2048,8314.93,1787762217.255
1892,205.642,0.000183,0.00048543,2048,9959.05,1787762217.463
1893,210.808,0.000248,0.00048494,2048,9714.99,1787762217.676
1894,211.778,0.000275,0.00048446,2048,9670.51,1787762217.89
1895,208.008,0.000313,0.00048397,2048,9845.76,1787762218.099
1896,198.153,0.00021,0.00048349,2048,10335.46,1787762218.299
1897,216.813,0.000218,0.000483,2048,9445.95,1787762218.518
1898,212.289,0.000281,0.00048251,2048,9647.22,1787762218.732
1899,210.592,0.00029,0.00048203,2048,9724.98,1787762218.943
1900,172.627,0.000234,0.00048154,2048,11863.75,1787762219.118
1901,184.616,0.000246,0.00048106,2048,11093.28,1787762219.305
1902,193.756,0.000188,0.00048057,2048,10570.0,1787762219.501
1903,207.201,0.000405,0.00048009,2048,9884.12,1787762219.709
1904,215.968,0.000262,0.0004796,2048,9482.91,1787762219.927
1905,229.791,0.000222,0.00047912,2048,8912.46,1787762220.159
1906,216.993,0.000234,0.00047863,2048,9438.08,1787762220.377
1907,214.368,0.000316,0.00047815,2048,9553.65,1787762220.593
1908,203.161,0.000282,0.00047767,2048,10080.66,1787762220.799
1909,211.383,0.000194,0.00047718,2048,9688.58,1787762221.012
1910,215.036,0.00027,0.0004767,2048,9523.98,1787762221.23
1911,198.219,0.000277,0.00047621,2048,10332.03,1787762221.43
1912,195.876,0.000333,0.00047573,2048,10455.57,1787762221.628
1913,196.289,0.000194,0.00047524,2048,10433.62,1787762221.826
1914,177.192,0.000265,0.00047476,2048,11558.1,1787762222.004
1915,211.878,0.000361,0.00047428,2048,9665.93,1787762222.218
1916,203.045,0.00041,0.00047379,2048,10086.43,1787762222.423
1917,196.979,0.0002,0.00047331,2048,10397.04,1787762222.621
1918,197.601,0.000153,0.00047283,2048,10364.3,1787762222.821
1919,204.104,0.000182,0.00047234,2048,10034.12,1787762223.026
1920,203.271,0.000499,0.00047186,2048,10075.23,1787762223.231
1921,206.31,0.000166,0.00047137,2048,9926.8,1787762223.44
1922,223.538,0.000148,0.00047089,2048,9161.75,1787762223.665
1923,207.683,0.000275,0.00047041,2048,9861.16,1787762223.874
1924,210.418,0.000315,0.00046993,2048,9733.01,1787762224.086
1925,223.558,0.000222,0.00046944,2048,9160.93,1787762224.311
1926,216.676,0.000166,0.00046896,2048,9451.9,1787762224.53
1927,222.215,0.000219,0.00046848,2048,9216.32,1787762224.754
1928,194.66,0.000232,0.00046799,2048,10520.92,1787762224.952
1929,211.232,0.000176,0.00046751,2048,9695.49,1787762225.164
1930,207.428,0.000231,0.00046703,2048,9873.3,1787762225.373
1931,184.261,0.000333,0.00046655,2048,11114.66,1787762225.559
1932,184.378,0.00021,0.00046606,2048,11107.62,1787762225.745
1933,188.311,0.000222,0.00046558,2048,10875.62,1787762225.935
1934,182.197,0.000162,0.0004651,2048,11240.57,1787762226.119
1935,195.682,0.000145,0.00046462,2048,10465.98,1787762226.317
1936,178.144,0.000269,0.00046414,2048,11496.34,1787762226.496
1937,191.358,0.00056,0.00046365,2048,10702.43,1787762226.689
1938,197.573,0.00025,0.00046317,2048,10365.77,1787762226.888
1939,198.725,0.000272,0.00046269,2048,10305.72,1787762227.089
1940,204.367,0.000405,0.00046221,2048,10021.17,1787762227.295
1941,186.58,0.000215,0.00046173,2048,10976.51,1787762227.483
1942,212.109,0.000349,0.00046125,2048,9655.4,1787762227.697
1943,183.852,0.000329,0.00046077,2048,11139.41,1787762227.882
1944,185.079,0.0002,0.00046028,2048,11065.57,1787762228.068
1945,185.154,0.000218,0.0004598,2048,11061.09,1787762228.256
1946,223.406,0.000322,0.00045932,2048,9167.18,1787762228.481
1947,231.078,0.00036,0.00045884,2048,8862.83,1787762228.714
1948,220.276,0.000389,0.00045836,2048,9297.41,1787762228.936
1949,213.351,0.000353,0.00045788,2048,9599.2,1787762229.152
1950,238.397,0.000178,0.0004574,2048,8590.71,1787762229.391
1951,224.377,0.000203,0.00045692,2048,9127.5,1787762229.618
1952,221.575,0.000349,0.00045644,2048,9242.91,1787762229.841
1953,215.656,0.000305,0.00045596,2048,9496.6,1787762230.059
1954,245.422,0.000278,0.00045548,2048,8344.8,1787762230.306
1955,200.396,0.000258,0.000455,2048,10219.74,1787762230.508
1956,229.26,0.00043,0.00045452,2048,8933.09,1787762230.739
1957,207.015,0.000501,0.00045404,2048,9893.02,1787762230.947
1958,196.855,0.000237,0.00045356,2048,10403.6,1787762231.147
1959,210.115,0.000393,0.00045308,2048,9747.04,1787762231.359
1960,198.922,0.000352,0.0004526,2048,10295.51,1787762231.559
1961,272.674,0.000292,0.00045212,2048,7510.81,1787762231.833
1962,216.687,0.000391,0.00045164,2048,9451.43,1787762232.052
1963,219.566,0.000277,0.00045116,2048,9327.48,1787762232.274
1964,194.409,0.000355,0.00045069,2048,10534.49,1787762232.47
1965,200.497,0.000342,0.00045021,2048,10214.6,1787762232.673
1966,242.526,0.000336,0.00044973,2048,8444.44,1787762232.917
1967,197.506,0.000163,0.00044925,2048,10369.29,1787762233.116
1968,206.351,0.000351,0.00044877,2048,9924.83,1787762233.325
1969,193.849,0.000429,0.00044829,2048,10564.91,1787762233.52
1970,206.249,0.000531,0.00044782,2048,9929.75,1787762233.728
1971,194.23,0.000321,0.00044734,2048,10544.22,1787762233.924
1972,204.255,0.000285,0.00044686,2048,10026.67,1787762234.129
1973,193.373,0.000386,0.00044638,2048,10590.91,1787762234.325
1974,223.204,0.000303,0.0004459,2048,9175.45,1787762234.55
1975,194.68,0.000251,0.00044543,2048,10519.84,1787762234.745
1976,194.324,0.000189,0.00044495,2048,10539.1,1787762234.941
1977,197.465,0.000177,0.00044447,2048,10371.45,1787762235.141
1978,180.626,0.000192,0.000444,2048,11338.34,1787762235.323
1979,180.845,0.000296,0.00044352,2048,11324.63,1787762235.505
1980,201.936,0.000199,0.00044304,2048,10141.81,1787762235.708
1981,219.152,0.000247,0.00044256,2048,9345.12,1787762235.93
1982,223.979,0.000242,0.00044209,2048,9143.71,1787762236.155
1983,239.309,0.000191,0.00044161,2048,8557.96,1787762236.397
1984,229.139,0.000221,0.00044114,2048,8937.81,1787762236.629
1985,223.904,0.000192,0.00044066,2048,9146.76,1787762236.854
1986,228.317,0.000224,0.00044018,2048,8969.98,1787762237.085
1987,215.737,0.000168,0.00043971,2048,9493.02,1787762237.302
1988,209.825,0.000211,0.00043923,2048,9760.52,1787762237.513
1989,214.692,0.000149,0.00043876,2048,9539.26,1787762237.73
1990,226.196,0.000167,0.00043828,2048,9054.08,1787762237.958
1991,205.401,0.000155,0.0004378,2048,9970.72,1787762238.165
1992,197.766,0.000251,0.00043733,2048,10355.67,1787762238.365
1993,206.928,0.000169,0.00043685,2048,9897.18,1787762238.574
1994,217.2,0.000203,0.00043638,2048,9429.1,1787762238.792
1995,206.643,0.000186,0.0004359,2048,9910.81,1787762239.0
1996,202.022,0.000142,0.00043543,2048,10137.5,1787762239.204
1997,222.946,0.000151,0.00043495,2048,9186.08,1787762239.428
1998,242.868,0.000186,0.00043448,2048,8432.56,1787762239.674
1999,232.887,0.00017,0.00043401,2048,8793.98,1787762239.909
2000,170.573,0.000128,0.00043353,2048,12006.61,1787762240.081
2001,184.57,0.00018,0.00043306,2048,11096.06,1787762240.267
2002,173.068,0.00021,0.00043258,2048,11833.48,1787762240.442
2003,150.855,0.00019,0.00043211,2048,13575.97,1787762240.594
2004,161.913,0.000229,0.00043164,2048,12648.79,1787762240.758
2005,129.036,0.000152,0.00043116,2048,15871.5,1787762240.888
2006,108.673,0.000141,0.00043069,2048,18845.48,1787762240.997
2007,115.247,0.000156,0.00043022,2048,17770.47,1787762241.114
2008,120.392,0.000281,0.00042974,2048,17011.07,1787762241.235
2009,107.636,0.000165,0.00042927,2048,19027.04,1787762241.343
2010,177.32,0.000213,0.0004288,2048,11549.73,1787762241.522
2011,171.356,0.000202,0.00042832,2048,11951.73,1787762241.694
2012,170.144,0.000177,0.00042785,2048,12036.83,1787762241.866
2013,179.042,0.000155,0.00042738,2048,11438.65,1787762242.047
2014,172.315,0.000208,0.00042691,2048,11885.2,1787762242.221
2015,169.718,0.00029,0.00042644,2048,12067.05,1787762242.392
2016,180.881,0.000174,0.00042596,2048,11322.38,1787762242.575
2017,173.031,0.000157,0.00042549,2048,11836.05,1787762242.75
2018,171.943,0.000227,0.00042502,2048,11910.96,1787762242.924
2019,172.46,0.000239,0.00042455,2048,11875.2,1787762243.098
2020,173.501,0.000344,0.00042408,2048,11803.96,1787762243.273
2021,164.211,0.000143,0.00042361,2048,12471.72,1787762243.438
2022,170.87,0.000178,0.00042313,2048,11985.72,1787762243.611
2023,219.894,0.000303,0.00042266,2048,9313.6,1787762243.833
2024,276.956,0.000238,0.00042219,2048,7394.67,1787762244.111
2025,288.373,0.000138,0.00042172,2048,7101.91,1787762244.402
2026,225.176,0.000164,0.00042125,2048,9095.1,1787762244.629
2027,250.413,0.000205,0.00042078,2048,8178.48,1787762244.881
2028,219.128,0.000309,0.00042031,2048,9346.13,1787762245.102
2029,211.532,0.00016,0.00041984,2048,9681.73,1787762245.315
2030,194.521,0.000143,0.00041937,2048,10528.4,1787762245.512
2031,203.737,0.00028,0.0004189,2048,10052.16,1787762245.716
2032,151.209,0.000203,0.00041843,2048,13544.13,1787762245.87
2033,158.004,0.000244,0.00041796,2048,12961.71,1787762246.03
2034,155.424,0.000214,0.00041749,2048,13176.88,1787762246.186
2035,120.499,0.000171,0.00041703,2048,16996.03,1787762246.309
2036,140.948,0.000219,0.00041656,2048,14530.2,1787762246.45
2037,119.179,0.000237,0.00041609,2048,17184.25,1787762246.57
2038,166.956,0.000213,0.00041562,2048,12266.68,1787762246.739
2039,170.471,0.000342,0.00041515,2048,12013.79,1787762246.911
2040,161.345,0.000284,0.00041468,2048,12693.32,1787762247.073
2041,148.484,0.000253,0.00041421,2048,13792.73,1787762247.224
2042,173.673,0.000253,0.00041375,2048,11792.28,1787762247.399
2043,153.067,0.00022,0.00041328,2048,13379.76,1787762247.554
2044,170.321,0.00017,0.00041281,2048,12024.37,1787762247.725
2045,195.235,0.000183,0.00041234,2048,10489.93,1787762247.922
2046,179.945,0.000314,0.00041188,2048,11381.26,1787762248.104
2047,161.996,0.000179,0.00041141,2048,12642.32,1787762248.267
2048,168.226,0.000185,0.00041094,2048,12174.11,1787762248.436
2049,203.771,0.000271,0.00041048,2048,10050.5,1787762248.642
2050,203.087,0.000157,0.00041001,2048,10084.36,1787762248.846
2051,195.772,0.000225,0.00040954,2048,10461.15,1787762249.043
2052,210.234,0.000509,0.00040908,2048,9741.51,1787762249.255
2053,244.758,0.000206,0.00040861,2048,8367.43,1787762249.502
2054,263.213,0.000174,0.00040814,2048,7780.77,1787762249.768
2055,255.791,0.000182,0.00040768,2048,8006.54,1787762250.026
2056,219.372,0.000634,0.00040721,2048,9335.74,1787762250.247
2057,195.205,0.000192,0.00040675,2048,10491.52,1787762250.444
2058,212.261,0.00021,0.00040628,2048,9648.51,1787762250.658
2059,185.194,0.000165,0.00040582,2048,11058.7,1787762250.844
2060,271.169,0.000536,0.00040535,2048,7552.49,1787762251.117
2061,242.175,0.000162,0.00040489,2048,8456.71,1787762251.362
2062,209.735,0.000245,0.00040442,2048,9764.72,1787762251.574
2063,242.672,0.000285,0.00040396,2048,8439.38,1787762251.817
2064,224.103,0.000481,0.00040349,2048,9138.64,1787762252.044
2065,206.005,0.000181,0.00040303,2048,9941.52,1787762252.252
2066,188.14,0.00016,0.00040257,2048,10885.51,1787762252.441
2067,177.88,0.000226,0.0004021,2048,11513.39,1787762252.62
2068,199.571,0.000266,0.00040164,2048,10262.02,1787762252.821
2069,229.44,0.000258,0.00040118,2048,8926.1,1787762253.053
2070,226.067,0.000202,0.00040071,2048,9059.26,1787762253.28
2071,220.709,0.000254,0.00040025,2048,9279.18,1787762253.503
2072,242.129,0.000403,0.00039979,2048,8458.32,1787762253.747
2073,216.931,0.000177,0.00039932,2048,9440.78,1787762253.965
2074,210.783,0.000171,0.00039886,2048,9716.17,1787762254.179
2075,240.819,0.000221,0.0003984,2048,8504.31,1787762254.421
2076,256.437,0.000211,0.00039794,2048,7986.36,1787762254.679
2077,277.986,0.000132,0.00039748,2048,7367.28,1787762254.959
2078,278.377,0.000257,0.00039701,2048,7356.94,1787762255.24
2079,358.787,0.000182,0.00039655,2048,5708.12,1787762255.6
2080,281.848,0.000354,0.00039609,2048,7266.33,1787762255.884
2081,242.076,0.000263,0.00039563,2048,8460.15,1787762256.127
2082,273.462,0.000219,0.00039517,2048,7489.16,1787762256.403
2083,276.149,0.000378,0.00039471,2048,7416.29,1787762256.681
2084,237.113,0.00031,0.00039425,2048,8637.24,1787762256.92
2085,291.665,0.000237,0.00039379,2048,7021.75,1787762257.214
2086,264.929,0.00036,0.00039333,2048,7730.36,1787762257.481
2087,254.882,0.000167,0.00039287,2048,8035.09,1787762257.738
2088,254.112,0.000178,0.00039241,2048,8059.44,1787762257.994
2089,279.117,0.000253,0.00039195,2048,7337.41,1787762258.276
2090,235.063,0.000208,0.00039149,2048,8712.56,1787762258.513
2091,230.74,0.000145,0.00039103,2048,8875.77,1787762258.745
2092,217.142,0.000128,0.00039057,2048,9431.62,1787762258.963
2093,190.254,0.000206,0.00039011,2048,10764.56,1787762259.156
2094,232.76,0.000226,0.00038965,2048,8798.76,1787762259.39
2095,219.652,0.000197,0.00038919,2048,9323.84,1787762259.611
2096,225.13,0.000174,0.00038873,2048,9096.97,1787762259.837
2097,208.267,0.000202,0.00038828,2048,9833.54,1787762260.048
2098,223.185,0.000158,0.00038782,2048,9176.24,1787762260.273
2099,220.523,0.000205,0.00038736,2048,9287.0,1787762260.495
2100,229.774,0.00023,0.0003869,2048,8913.11,1787762260.726
2101,204.425,0.000148,0.00038645,2048,10018.36,1787762260.932
2102,192.451,0.000179,0.00038599,2048,10641.69,1787762261.127
2103,193.71,0.000133,0.00038553,2048,10572.51,1787762261.322
2104,191.539,0.000219,0.00038507,2048,10692.36,1787762261.516
2105,200.449,0.000254,0.00038462,2048,10217.05,1787762261.717
2106,218.089,0.00018,0.00038416,2048,9390.64,1787762261.937
2107,204.665,0.000166,0.00038371,2048,10006.58,1787762262.144
2108,203.648,0.000279,0.00038325,2048,10056.56,1787762262.35
2109,215.582,0.000136,0.00038279,2048,9499.87,1787762262.567
2110,241.905,0.000315,0.00038234,2048,8466.12,1787762262.811
2111,226.151,0.000422,0.00038188,2048,9055.89,1787762263.039
2112,217.07,0.000883,0.00038143,2048,9434.74,1787762263.258
2113,213.626,0.000191,0.00038097,2048,9586.85,1787762263.473
2114,211.223,0.000232,0.00038052,2048,9695.91,1787762263.686
2115,208.831,0.000439,0.00038006,2048,9806.99,1787762263.897
2116,199.354,0.000704,0.00037961,2048,10273.19,1787762264.098
2117,199.078,0.000371,0.00037915,2048,10287.44,1787762264.298
2118,200.283,0.000286,0.0003787,2048,10225.55,1787762264.5
2119,173.039,0.00044,0.00037825,2048,11835.48,1787762264.676
2120,191.984,0.000352,0.00037779,2048,10667.56,1787762264.869
2121,184.642,0.00043,0.00037734,2048,11091.71,1787762265.055
2122,167.975,0.000243,0.00037689,2048,12192.3,1787762265.225
2123,166.465,0.000308,0.00037643,2048,12302.91,1787762265.393
2124,178.76,0.000311,0.00037598,2048,11456.68,1787762265.572
2125,211.883,0.000333,0.00037553,2048,9665.69,1787762265.787
2126,233.738,0.000264,0.00037508,2048,8761.94,1787762266.023
2127,222.519,0.000384,0.00037462,2048,9203.7,1787762266.247
2128,241.643,0.000192,0.00037417,2048,8475.32,1787762266.49
2129,273.577,0.000387,0.00037372,2048,7486.02,1787762266.766
2130,263.759,0.000509,0.00037327,2048,7764.66,1787762267.031
2131,264.858,0.000443,0.00037282,2048,7732.44,1787762267.298
2132,236.11,0.000409,0.00037237,2048,8673.92,1787762267.536
2133,222.676,0.000246,0.00037191,2048,9197.22,1787762267.761
2134,202.383,0.000262,0.00037146,2048,10119.44,1787762267.965
2135,200.523,0.000442,0.00037101,2048,10213.28,1787762268.167
2136,194.528,0.000446,0.00037056,2048,10528.06,1787762268.363
2137,179.979,0.000393,0.00037011,2048,11379.08,1787762268.545
2138,158.544,0.000145,0.00036966,2048,12917.58,1787762268.705
2139,221.231,0.000235,0.00036921,2048,9257.31,1787762268.928
2140,205.51,0.000337,0.00036876,2048,9965.46,1787762269.134
2141,186.61,0.000445,0.00036831,2048,10974.75,1787762269.324
2142,188.23,0.00032,0.00036787,2048,10880.28,1787762269.513
2143,212.667,0.000185,0.00036742,2048,9630.07,1787762269.728
2144,250.25,0.000333,0.00036697,2048,8183.82,1787762269.98
2145,250.909,0.000378,0.00036652,2048,8162.33,1787762270.234
2146,232.137,0.000312,0.00036607,2048,8822.36,1787762270.468
2147,221.259,0.000231,0.00036562,2048,9256.14,1787762270.691
2148,205.277,0.000247,0.00036518,2048,9976.77,1787762270.898
2149,194.456,0.000307,0.00036473,2048,10531.95,1787762271.095
2150,213.357,0.000327,0.00036428,2048,9598.92,1787762271.309
2151,207.825,0.000341,0.00036383,2048,9854.44,1787762271.519
2152,227.29,0.000498,0.00036339,2048,9010.5,1787762271.748
2153,245.305,0.000241,0.00036294,2048,8348.8,1787762271.995
2154,226.744,0.000373,0.0003625,2048,9032.22,1787762272.224
2155,216.153,0.000345,0.00036205,2048,9474.77,1787762272.442
2156,232.476,0.000299,0.0003616,2048,8809.5,1787762272.676
2157,210.582,0.000165,0.00036116,2048,9725.42,1787762272.888
2158,240.724,0.000246,0.00036071,2048,8507.68,1787762273.131
2159,247.395,0.000242,0.00036027,2048,8278.26,1787762273.38
2160,301.013,0.000183,0.00035982,2048,6803.68,1787762273.683
2161,240.508,0.000277,0.00035938,2048,8515.31,1787762273.926
2162,232.996,0.000336,0.00035893,2048,8789.86,1787762274.161
2163,218.849,0.000251,0.00035849,2048,9358.06,1787762274.382
2164,211.215,0.00016,0.00035804,2048,9696.27,1787762274.595
2165,214.349,0.000231,0.0003576,2048,9554.49,1787762274.81
2166,217.353,0.000244,0.00035716,2048,9422.46,1787762275.029
2167,213.77,0.000227,0.00035671,2048,9580.39,1787762275.246
2168,232.256,0.000167,0.00035627,2048,8817.85,1787762275.479
2169,210.157,0.000234,0.00035583,2048,9745.09,1787762275.691
2170,190.56,0.000234,0.00035538,2048,10747.26,1787762275.883
2171,179.171,0.000137,0.00035494,2048,11430.44,1787762276.064
2172,225.583,0.000344,0.0003545,2048,9078.71,1787762276.291
2173,220.168,0.000319,0.00035406,2048,9301.98,1787762276.513
2174,225.572,0.000374,0.00035362,2048,9079.15,1787762276.741
2175,221.443,0.00025,0.00035317,2048,9248.45,1787762276.964
2176,217.376,0.000197,0.00035273,2048,9421.45,1787762277.182
2177,224.975,0.00028,0.00035229,2048,9103.24,1787762277.41
2178,191.186,0.000191,0.00035185,2048,10712.11,1787762277.603
2179,192.432,0.000327,0.00035141,2048,10642.71,1787762277.797
2180,216.248,0.000229,0.00035097,2048,9470.6,1787762278.015
2181,224.297,0.000151,0.00035053,2048,9130.73,1787762278.241
2182,239.357,0.000292,0.00035009,2048,8556.26,1787762278.482
2183,200.746,0.000247,0.00034965,2048,10201.97,1787762278.684
2184,197.356,0.000561,0.00034921,2048,10377.19,1787762278.884
2185,218.056,0.000305,0.00034877,2048,9392.07,1787762279.104
2186,240.648,0.000162,0.00034833,2048,8510.36,1787762279.346
2187,224.782,0.000169,0.00034789,2048,9111.07,1787762279.573
2188,217.246,0.000216,0.00034746,2048,9427.09,1787762279.792
2189,181.658,0.000394,0.00034702,2048,11273.93,1787762279.975
2190,198.364,0.000162,0.00034658,2048,10324.43,1787762280.175
2191,232.865,0.000219,0.00034614,2048,8794.81,1787762280.409
2192,216.474,0.000185,0.0003457,2048,9460.7,1787762280.628
2193,235.313,0.000132,0.00034527,2048,8703.29,1787762280.865
2194,228.3,0.000199,0.00034483,2048,8970.65,1787762281.094
2195,212.671,0.000241,0.00034439,2048,9629.92,1787762281.309
2196,236.661,0.000177,0.00034396,2048,8653.73,1787762281.548
2197,204.607,0.000177,0.00034352,2048,10009.43,1787762281.755
2198,203.077,0.00019,0.00034308,2048,10084.86,1787762281.96
2199,223.456,0.000182,0.00034265,2048,9165.11,1787762282.185
2200,211.85,0.000257,0.00034221,2048,9667.22,1787762282.398
2201,211.954,0.000187,0.00034178,2048,9662.46,1787762282.612
2202,205.694,0.000147,0.00034134,2048,9956.52,1787762282.82
2203,194.883,0.000186,0.00034091,2048,10508.85,1787762283.016
2204,204.325,0.000174,0.00034047,2048,10023.26,1787762283.222
2205,196.313,0.000147,0.00034004,2048,10432.34,1787762283.42
2206,210.919,0.00015,0.00033961,2048,9709.89,1787762283.632
2207,190.783,0.000142,0.00033917,2048,10734.72,1787762283.827
2208,221.842,0.000327,0.00033874,2048,9231.81,1787762284.051
2209,245.863,0.000148,0.0003383,2048,8329.84,1787762284.298
2210,201.29,0.000168,0.00033787,2048,10174.36,1787762284.501
2211,217.752,0.000257,0.00033744,2048,9405.18,1787762284.721
2212,262.497,0.000187,0.00033701,2048,7802.0,1787762284.986
2213,217.852,0.000156,0.00033657,2048,9400.89,1787762285.205
2214,268.949,0.000211,0.00033614,2048,7614.84,1787762285.476
2215,275.5,0.000279,0.00033571,2048,7433.75,1787762285.755
2216,275.792,0.000246,0.00033528,2048,7425.89,1787762286.033
2217,246.045,0.000147,0.00033485,2048,8323.69,1787762286.281
2218,214.457,0.000369,0.00033442,2048,9549.72,1787762286.497
2219,239.312,0.000204,0.00033399,2048,8557.87,1787762286.738
2220,245.394,0.000144,0.00033356,2048,8345.77,1787762286.986
2221,231.654,0.000204,0.00033312,2048,8840.76,1787762287.219
2222,230.055,0.000289,0.00033269,2048,8902.22,1787762287.45
2223,242.2,0.000229,0.00033227,2048,8455.83,1787762287.695
2224,228.725,0.000239,0.00033184,2048,8953.97,1787762287.926
2225,224.608,0.000198,0.00033141,2048,9118.11,1787762288.152
2226,258.981,0.000181,0.00033098,2048,7907.92,1787762288.412
2227,225.321,0.000326,0.00033055,2048,9089.24,1787762288.64
2228,264.039,0.000186,0.00033012,2048,7756.42,1787762288.905
2229,261.325,0.000132,0.00032969,2048,7836.99,1787762289.168
2230,220.306,0.000234,0.00032926,2048,9296.14,1787762289.391
2231,244.836,0.000237,0.00032884,2048,8364.8,1787762289.637
2232,203.663,0.000245,0.00032841,2048,10055.85,1787762289.843
2233,194.446,0.000189,0.00032798,2048,10532.48,1787762290.039
2234,158.399,0.000147,0.00032756,2048,12929.37,1787762290.199
2235,240.979,0.000149,0.00032713,2048,8498.65,1787762290.442
2236,284.986,0.000209,0.0003267,2048,7186.32,1787762290.73
2237,258.138,0.000243,0.00032628,2048,7933.75,1787762290.99
2238,299.066,0.000169,0.00032585,2048,6848.0,1787762291.291
2239,241.778,0.000216,0.00032543,2048,8470.57,1787762291.535
2240,285.064,0.000195,0.000325,2048,7184.35,1787762291.822
2241,264.724,0.00029,0.00032458,2048,7736.36,1787762292.088
2242,282.739,0.000216,0.00032415,2048,7243.42,1787762292.375
2243,264.528,0.000131,0.00032373,2048,7742.1,1787762292.64
2244,267.747,0.000134,0.0003233,2048,7649.0,1787762292.911
2245,225.48,0.000178,0.00032288,2048,9082.86,1787762293.138
2246,215.636,0.000208,0.00032245,2048,9497.51,1787762293.355
2247,232.93,0.000112,0.00032203,2048,8792.33,1787762293.59
2248,213.796,0.00016,0.00032161,2048,9579.24,1787762293.806
2249,258.118,0.000215,0.00032118,2048,7934.35,1787762294.065
2250,229.773,0.000123,0.00032076,2048,8913.14,1787762294.297
2251,282.995,0.000184,0.00032034,2048,7236.89,1787762294.582
2252,232.587,0.000149,0.00031992,2048,8805.31,1787762294.817
2253,222.772,0.000173,0.0003195,2048,9193.25,1787762295.041
2254,187.903,0.000161,0.00031907,2048,10899.22,1787762295.23
2255,167.216,0.000142,0.00031865,2048,12247.65,1787762295.4
2256,157.004,0.000149,0.00031823,2048,13044.3,1787762295.558
2257,171.703,0.000214,0.00031781,2048,11927.59,1787762295.731
2258,185.4,0.000187,0.00031739,2048,11046.37,1787762295.918
2259,196.247,0.000166,0.00031697,2048,10435.84,1787762296.116
2260,155.081,0.000147,0.00031655,2048,13206.0,1787762296.272
2261,161.51,0.000187,0.00031613,2048,12680.32,1787762296.435
2262,174.41,0.000295,0.00031571,2048,11742.44,1787762296.612
2263,172.314,0.000217,0.00031529,2048,11885.31,1787762296.786
2264,171.67,0.000404,0.00031488,2048,11929.87,1787762296.959
2265,214.146,0.000259,0.00031446,2048,9563.58,1787762297.175
2266,200.031,0.000199,0.00031404,2048,10238.43,1787762297.376
2267,188.796,0.000186,0.00031362,2048,10847.7,1787762297.567
2268,174.038,0.000219,0.0003132,2048,11767.56,1787762297.743
2269,176.332,0.000213,0.00031279,2048,11614.47,1787762297.921
2270,184.361,0.000188,0.00031237,2048,11108.63,1787762298.107
2271,226.245,0.000122,0.00031195,2048,9052.13,1787762298.335
2272,197.146,0.000106,0.00031154,2048,10388.25,1787762298.534
2273,179.176,0.000122,0.00031112,2048,11430.1,1787762298.714
2274,174.305,0.000157,0.0003107,2048,11749.51,1787762298.89
2275,177.948,0.00014,0.00031029,2048,11509.01,1787762299.071
2276,163.165,0.000133,0.00030987,2048,12551.75,1787762299.235
2277,144.561,0.00013,0.00030946,2048,14167.04,1787762299.382
2278,136.323,0.000148,0.00030904,2048,15023.11,1787762299.519
2279,177.686,0.000134,0.00030863,2048,11525.93,1787762299.697
2280,188.632,0.000144,0.00030822,2048,10857.13,1787762299.888
2281,188.788,0.000124,0.0003078,2048,10848.13,1787762300.078
2282,171.243,0.000158,0.00030739,2048,11959.61,1787762300.251
2283,146.899,0.000158,0.00030697,2048,13941.6,1787762300.399
2284,155.615,0.000146,0.00030656,2048,13160.69,1787762300.557
2285,174.284,0.000157,0.00030615,2048,11750.91,1787762300.733
2286,193.663,0.000108,0.00030574,2048,10575.05,1787762300.927
2287,181.033,0.000128,0.00030532,2048,11312.87,1787762301.11
2288,181.306,0.000118,0.00030491,2048,11295.81,1787762301.293
2289,164.94,0.000147,0.0003045,2048,12416.62,1787762301.46
2290,154.782,0.000144,0.00030409,2048,13231.54,1787762301.617
2291,164.33,0.00012,0.00030368,2048,12462.74,1787762301.782
2292,160.451,0.000182,0.00030327,2048,12763.98,1787762301.943
2293,192.358,0.00013,0.00030286,2048,10646.79,1787762302.137
2294,178.38,0.000103,0.00030245,2048,11481.13,1787762302.318
2295,178.498,0.000112,0.00030204,2048,11473.55,1787762302.498
2296,145.352,0.000163,0.00030163,2048,14089.96,1787762302.644
2297,148.79,0.00017,0.00030122,2048,13764.36,1787762302.794
2298,129.213,0.00017,0.00030081,2048,15849.84,1787762302.925
2299,175.087,0.000202,0.0003004,2048,11697.05,1787762303.102
2300,164.776,0.000111,0.00029999,2048,12428.99,1787762303.267
2301,147.89,0.000104,0.00029959,2048,13848.1,1787762303.418
2302,160.079,0.000138,0.00029918,2048,12793.71,1787762303.578
2303,166.433,0.00024,0.00029877,2048,12305.29,1787762303.747
2304,159.07,0.000143,0.00029836,2048,12874.82,1787762303.907
2305,161.919,0.000128,0.00029796,2048,12648.3,1787762304.071
2306,165.004,0.000184,0.00029755,2048,12411.84,1787762304.238
2307,154.192,0.000128,0.00029714,2048,13282.18,1787762304.392
2308,130.502,0.000176,0.00029674,2048,15693.23,1787762304.525
2309,164.443,0.000235,0.00029633,2048,12454.19,1787762304.691
2310,160.689,0.00014,0.00029593,2048,12745.12,1787762304.852
2311,163.964,0.000168,0.00029552,2048,12490.52,1787762305.017
2312,182.025,0.000169,0.00029512,2048,11251.19,1787762305.202
2313,178.593,0.000157,0.00029471,2048,11467.4,1787762305.381
2314,183.283,0.00013,0.00029431,2048,11174.0,1787762305.566
2315,180.094,0.00013,0.0002939,2048,11371.83,1787762305.748
2316,196.902,0.000126,0.0002935,2048,10401.09,1787762305.946
2317,189.983,0.00015,0.0002931,2048,10779.9,1787762306.138
2318,194.678,0.000152,0.0002927,2048,10519.92,1787762306.334
2319,190.858,0.000207,0.00029229,2048,10730.47,1787762306.526
2320,203.846,0.000112,0.00029189,2048,10046.79,1787762306.732
2321,175.168,0.000122,0.00029149,2048,11691.65,1787762306.909
2322,180.627,0.000143,0.00029109,2048,11338.26,1787762307.091
2323,208.524,0.000144,0.00029069,2048,9821.43,1787762307.302
2324,253.488,0.000125,0.00029028,2048,8079.29,1787762307.557
2325,184.442,0.000155,0.00028988,2048,11103.76,1787762307.743
2326,160.814,0.00014,0.00028948,2048,12735.18,1787762307.906
2327,153.504,0.000143,0.00028908,2048,13341.68,1787762308.06
2328,165.995,0.000107,0.00028868,2048,12337.71,1787762308.228
2329,176.597,0.000125,0.00028828,2048,11597.05,1787762308.406
2330,170.551,0.00016,0.00028789,2048,12008.15,1787762308.578
2331,177.929,0.000151,0.00028749,2048,11510.22,1787762308.758
2332,173.807,0.000126,0.00028709,2048,11783.19,1787762308.933
2333,166.531,0.0002,0.00028669,2048,12297.97,1787762309.101
2334,175.474,0.000121,0.00028629,2048,11671.24,1787762309.278
2335,159.826,0.000247,0.00028589,2048,12813.91,1787762309.44
2336,199.024,0.000124,0.0002855,2048,10290.2,1787762309.64
2337,175.697,0.000151,0.0002851,2048,11656.42,1787762309.817
2338,195.702,0.000135,0.0002847,2048,10464.87,1787762310.015
2339,213.104,0.000242,0.00028431,2048,9610.34,1787762310.23
2340,206.457,0.000125,0.00028391,2048,9919.74,1787762310.438
2341,200.178,0.00011,0.00028351,2048,10230.89,1787762310.64
2342,218.993,0.000148,0.00028312,2048,9351.91,1787762310.861
2343,192.747,0.000113,0.00028272,2048,10625.32,1787762311.055
2344,209.43,0.000114,0.00028233,2048,9778.93,1787762311.267
2345,253.737,0.00014,0.00028194,2048,8071.33,1787762311.522
2346,246.739,0.000225,0.00028154,2048,8300.28,1787762311.771
2347,215.268,0.000135,0.00028115,2048,9513.74,1787762311.988
2348,213.859,0.000236,0.00028075,2048,9576.43,1787762312.204
2349,217.193,0.000152,0.00028036,2048,9429.39,1787762312.422
2350,259.027,0.000119,0.00027997,2048,7906.51,1787762312.683
2351,260.77,0.000209,0.00027958,2048,7853.66,1787762312.946
2352,213.924,0.000194,0.00027918,2048,9573.48,1787762313.162
2353,188.856,0.000132,0.00027879,2048,10844.26,1787762313.353
2354,189.645,0.000125,0.0002784,2048,10799.15,1787762313.545
2355,193.061,0.000113,0.00027801,2048,10608.04,1787762313.739
2356,173.243,0.000138,0.00027762,2048,11821.56,1787762313.914
2357,204.82,0.000231,0.00027723,2048,9999.02,1787762314.12
2358,200.173,0.000158,0.00027684,2048,10231.17,1787762314.323
2359,202.305,0.000163,0.00027645,2048,10123.35,1787762314.527
2360,212.461,0.000159,0.00027606,2048,9639.41,1787762314.741
2361,185.734,0.000158,0.00027567,2048,11026.5,1787762314.929
2362,204.439,0.000129,0.00027528,2048,10017.65,1787762315.134
2363,188.193,0.000143,0.00027489,2048,10882.46,1787762315.325
2364,195.986,0.000165,0.0002745,2048,10449.73,1787762315.523
2365,197.19,0.000151,0.00027411,2048,10385.92,1787762315.721
2366,197.25,0.000157,0.00027373,2048,10382.78,1787762315.92
2367,185.476,0.000113,0.00027334,2048,11041.85,1787762316.108
2368,186.821,0.000136,0.00027295,2048,10962.39,1787762316.296
2369,176.993,0.000129,0.00027257,2048,11571.09,1787762316.475
2370,194.058,0.000202,0.00027218,2048,10553.52,1787762316.67
2371,207.19,0.000182,0.00027179,2048,9884.67,1787762316.88
2372,212.219,0.000186,0.00027141,2048,9650.42,1787762317.094
2373,204.07,0.000139,0.00027102,2048,10035.77,1787762317.3
2374,192.899,0.000118,0.00027064,2048,10616.97,1787762317.494
2375,197.659,0.000251,0.00027025,2048,10361.28,1787762317.694
2376,208.4,0.0002,0.00026987,2048,9827.26,1787762317.904
2377,244.672,0.000217,0.00026948,2048,8370.4,1787762318.151
2378,235.511,0.000158,0.0002691,2048,8695.98,1787762318.389
2379,202.213,0.00019,0.00026872,2048,10127.91,1787762318.592
2380,234.362,0.000196,0.00026833,2048,8738.61,1787762318.829
2381,220.045,0.00017,0.00026795,2048,9307.2,1787762319.05
2382,216.485,0.000153,0.00026757,2048,9460.24,1787762319.269
2383,200.395,0.000323,0.00026719,2048,10219.84,1787762319.47
2384,185.77,0.000215,0.00026681,2048,11024.4,1787762319.658
2385,199.428,0.000152,0.00026642,2048,10269.39,1787762319.859
2386,259.889,0.000151,0.00026604,2048,7880.28,1787762320.12
2387,250.982,0.000115,0.00026566,2048,8159.94,1787762320.373
2388,269.72,0.000209,0.00026528,2048,7593.06,1787762320.644
2389,223.952,0.000251,0.0002649,2048,9144.82,1787762320.87
2390,230.771,0.000198,0.00026452,2048,8874.59,1787762321.103
2391,237.073,0.000173,0.00026414,2048,8638.7,1787762321.341
2392,238.842,0.000154,0.00026376,2048,8574.7,1787762321.582
2393,234.212,0.000287,0.00026339,2048,8744.22,1787762321.818
2394,207.3,0.000287,0.00026301,2048,9879.39,1787762322.027
2395,176.891,0.000219,0.00026263,2048,11577.78,1787762322.207
2396,224.729,0.000179,0.00026225,2048,9113.21,1787762322.433
2397,199.779,0.00019,0.00026188,2048,10251.35,1787762322.634
2398,169.681,0.000266,0.0002615,2048,12069.73,1787762322.806
2399,180.608,0.000353,0.00026112,2048,11339.47,1787762322.988
2400,196.616,0.0002,0.00026075,2048,10416.27,1787762323.186
2401,208.352,0.000241,0.00026037,2048,9829.5,1787762323.395
2402,227.806,0.000161,0.00025999,2048,8990.09,1787762323.624
2403,196.77,0.000284,0.00025962,2048,10408.07,1787762323.823
2404,188.92,0.000207,0.00025924,2048,10840.58,1787762324.014
2405,205.55,0.000164,0.00025887,2048,9963.5,1787762324.221
2406,197.913,0.000238,0.0002585,2048,10347.98,1787762324.419
2407,180.155,0.000146,0.00025812,2048,11367.98,1787762324.602
2408,165.957,0.000122,0.00025775,2048,12340.56,1787762324.769
2409,178.062,0.000196,0.00025738,2048,11501.59,1787762324.949
2410,129.315,0.000202,0.000257,2048,15837.27,1787762325.078
2411,177.645,0.000175,0.00025663,2048,11528.62,1787762325.258
2412,184.166,0.000133,0.00025626,2048,11120.39,1787762325.444
2413,163.245,0.000158,0.00025589,2048,12545.6,1787762325.61
2414,147.074,0.000193,0.00025552,2048,13924.98,1787762325.758
2415,121.44,0.000151,0.00025514,2048,16864.27,1787762325.88
2416,122.244,0.000106,0.00025477,2048,16753.31,1787762326.004
2417,101.934,0.000187,0.0002544,2048,20091.51,1787762326.107
2418,127.623,0.000231,0.00025403,2048,16047.31,1787762326.236
2419,110.919,0.000131,0.00025366,2048,18463.91,1787762326.348
2420,117.501,0.000215,0.00025329,2048,17429.58,1787762326.466
2421,123.23,0.000142,0.00025293,2048,16619.38,1787762326.591
2422,132.35,0.000331,0.00025256,2048,15474.07,1787762326.724
2423,128.523,0.000197,0.00025219,2048,15934.94,1787762326.854
2424,134.478,0.00022,0.00025182,2048,15229.28,1787762326.99
2425,107.862,0.000167,0.00025145,2048,18987.28,1787762327.099
2426,118.728,0.000143,0.00025109,2048,17249.5,1787762327.219
2427,107.035,0.000274,0.00025072,2048,19133.86,1787762327.327
2428,157.028,0.000189,0.00025035,2048,13042.25,1787762327.485
2429,222.963,0.000185,0.00024999,2048,9185.38,1787762327.709
2430,187.363,0.000122,0.00024962,2048,10930.66,1787762327.899
2431,182.634,0.000251,0.00024926,2048,11213.71,1787762328.083
2432,197.092,0.000412,0.00024889,2048,10391.08,1787762328.282
2433,181.993,0.0003,0.00024853,2048,11253.18,1787762328.465
2434,168.397,0.000139,0.00024816,2048,12161.73,1787762328.635
2435,169.862,0.000243,0.0002478,2048,12056.85,1787762328.805
2436,166.619,0.000232,0.00024743,2048,12291.49,1787762328.974
2437,188.682,0.000181,0.00024707,2048,10854.22,1787762329.164
2438,183.398,0.000177,0.00024671,2048,11166.98,1787762329.349
2439,174.269,0.000149,0.00024635,2048,11751.97,1787762329.525
2440,166.726,0.000199,0.00024598,2048,12283.61,1787762329.693
2441,150.279,0.000188,0.00024562,2048,13628.02,1787762329.845
2442,170.167,0.000171,0.00024526,2048,12035.22,1787762330.017
2443,160.85,0.000176,0.0002449,2048,12732.39,1787762330.179
2444,136.991,0.000167,0.00024454,2048,14949.84,1787762330.317
2445,154.854,0.000214,0.00024418,2048,13225.36,1787762330.474
2446,111.897,0.000208,0.00024382,2048,18302.48,1787762330.586
2447,159.178,0.000186,0.00024346,2048,12866.14,1787762330.747
2448,174.483,0.00036,0.0002431,2048,11737.56,1787762330.923
2449,199.041,0.000315,0.00024274,2048,10289.35,1787762331.123
2450,196.802,0.000242,0.00024238,2048,10406.38,1787762331.322
2451,169.822,0.000196,0.00024203,2048,12059.66,1787762331.493
2452,171.236,0.000191,0.00024167,2048,11960.09,1787762331.666
2453,167.71,0.000171,0.00024131,2048,12211.52,1787762331.835
2454,158.771,0.000191,0.00024095,2048,12899.05,1787762331.995
2455,176.041,0.000161,0.0002406,2048,11633.63,1787762332.173
2456,162.903,0.000217,0.00024024,2048,12571.9,1787762332.337
2457,179.003,0.000266,0.00023988,2048,11441.14,1787762332.518
2458,169.033,0.000196,0.00023953,2048,12116.01,1787762332.688
2459,175.138,0.000242,0.00023917,2048,11693.63,1787762332.865
2460,176.098,0.000132,0.00023882,2048,11629.86,1787762333.043
2461,175.386,0.000319,0.00023846,2048,11677.08,1787762333.22
2462,177.025,0.000189,0.00023811,2048,11568.96,1787762333.397
2463,153.365,0.000139,0.00023776,2048,13353.75,1787762333.553
2464,165.409,0.000162,0.0002374,2048,12381.42,1787762333.719
2465,158.876,0.000448,0.00023705,2048,12890.54,1787762333.881
2466,197.034,0.000241,0.0002367,2048,10394.12,1787762334.079
2467,181.595,0.000168,0.00023635,2048,11277.84,1787762334.263
2468,168.033,0.000175,0.00023599,2048,12188.05,1787762334.432
2469,185.359,0.000248,0.00023564,2048,11048.84,1787762334.62
2470,178.324,0.000168,0.00023529,2048,11484.7,1787762334.8
2471,173.503,0.000185,0.00023494,2048,11803.84,1787762334.974
2472,165.711,0.000133,0.00023459,2048,12358.9,1787762335.141
2473,174.582,0.000365,0.00023424,2048,11730.91,1787762335.317
2474,158.779,0.000202,0.00023389,2048,12898.46,1787762335.477
2475,171.815,0.000134,0.00023354,2048,11919.77,1787762335.651
2476,188.163,0.000384,0.00023319,2048,10884.16,1787762335.84
2477,193.108,0.000271,0.00023284,2048,10605.47,1787762336.035
2478,205.634,0.000196,0.0002325,2048,9959.46,1787762336.241
2479,188.821,0.00023,0.00023215,2048,10846.27,1787762336.433
2480,188.392,0.000225,0.0002318,2048,10870.94,1787762336.622
2481,192.47,0.000197,0.00023146,2048,10640.61,1787762336.816
2482,172.493,0.000249,0.00023111,2048,11872.92,1787762336.991
2483,172.605,0.00018,0.00023076,2048,11865.22,1787762337.165
2484,177.72,0.000193,0.00023042,2048,11523.75,1787762337.343
2485,190.261,0.000137,0.00023007,2048,10764.16,1787762337.536
2486,187.071,0.000244,0.00022973,2048,10947.71,1787762337.725
2487,173.144,0.000223,0.00022938,2048,11828.32,1787762337.9
2488,184.785,0.000202,0.00022904,2048,11083.14,1787762338.086
2489,156.944,0.000139,0.00022869,2048,13049.22,1787762338.244
2490,167.507,0.000133,0.00022835,2048,12226.38,1787762338.412
2491,152.267,0.000166,0.00022801,2048,13450.05,1787762338.566
2492,163.874,0.000217,0.00022766,2048,12497.38,1787762338.731
2493,156.239,0.000171,0.00022732,2048,13108.14,1787762338.889
2494,165.921,0.000165,0.00022698,2048,12343.24,1787762339.056
2495,167.371,0.000197,0.00022664,2048,12236.33,1787762339.225
2496,201.845,0.000213,0.0002263,2048,10146.41,1787762339.428
2497,201.008,0.000212,0.00022596,2048,10188.62,1787762339.631
2498,211.629,0.000193,0.00022562,2048,9677.31,1787762339.844
2499,189.788,0.000163,0.00022528,2048,10791.01,1787762340.035
2500,229.012,0.000148,0.00022494,2048,8942.78,1787762340.267
2501,222.154,0.000145,0.0002246,2048,9218.81,1787762340.49
2502,183.927,0.000154,0.00022426,2048,11134.88,1787762340.675
2503,202.531,0.000143,0.00022392,2048,10112.02,1787762340.88
2504,182.79,0.000109,0.00022358,2048,11204.08,1787762341.065
2505,170.736,0.00014,0.00022324,2048,11995.12,1787762341.237
2506,180.219,0.000147,0.00022291,2048,11363.97,1787762341.419
2507,175.441,0.000153,0.00022257,2048,11673.45,1787762341.596
2508,175.976,0.000219,0.00022223,2048,11637.93,1787762341.773
2509,161.773,0.000166,0.0002219,2048,12659.69,1787762341.937
2510,181.019,0.000143,0.00022156,2048,11313.72,1787762342.119
2511,180.365,0.000129,0.00022123,2048,11354.72,1787762342.3
2512,188.875,0.000137,0.00022089,2048,10843.15,1787762342.491
2513,175.849,0.000123,0.00022056,2048,11646.34,1787762342.668
2514,188.055,0.000151,0.00022022,2048,10890.41,1787762342.858
2515,173.631,0.000152,0.00021989,2048,11795.12,1787762343.032
2516,183.035,0.00016,0.00021955,2048,11189.11,1787762343.217
2517,176.907,0.000161,0.00021922,2048,11576.7,1787762343.396
2518,160.877,0.000174,0.00021889,2048,12730.21,1787762343.558
2519,177.667,0.000158,0.00021856,2048,11527.16,1787762343.737
2520,185.552,0.000133,0.00021823,2048,11037.33,1787762343.924
2521,162.808,0.000163,0.00021789,2048,12579.21,1787762344.089
2522,181.834,0.000137,0.00021756,2048,11263.05,1787762344.273
2523,183.83,0.000125,0.00021723,2048,11140.73,1787762344.458
2524,181.148,0.000151,0.0002169,2048,11305.69,1787762344.64
2525,160.609,0.000113,0.00021657,2048,12751.49,1787762344.802
2526,191.933,0.000124,0.00021624,2048,10670.41,1787762344.996
2527,185.011,0.000141,0.00021591,2048,11069.64,1787762345.183
2528,214.309,0.00011,0.00021558,2048,9556.3,1787762345.399
2529,206.765,0.000118,0.00021526,2048,9904.96,1787762345.607
2530,209.782,0.000112,0.00021493,2048,9762.54,1787762345.818
2531,208.175,0.000111,0.0002146,2048,9837.86,1787762346.029
2532,218.37,0.000101,0.00021427,2048,9378.59,1787762346.248
2533,187.647,0.000119,0.00021395,2048,10914.1,1787762346.437
2534,162.986,0.000168,0.00021362,2048,12565.5,1787762346.602
2535,183.664,0.00013,0.0002133,2048,11150.82,1787762346.787
2536,177.105,0.000103,0.00021297,2048,11563.78,1787762346.965
2537,175.576,0.000129,0.00021264,2048,11664.46,1787762347.142
2538,181.322,0.000115,0.00021232,2048,11294.8,1787762347.325
2539,181.747,0.000107,0.000212,2048,11268.43,1787762347.509
2540,189.372,9.1e-05,0.00021167,2048,10814.69,1787762347.699
2541,199.552,0.000105,0.00021135,2048,10262.96,1787762347.901
2542,190.538,0.000101,0.00021103,2048,10748.5,1787762348.093
2543,192.739,0.000154,0.0002107,2048,10625.78,1787762348.286
2544,185.163,0.000112,0.00021038,2048,11060.52,1787762348.473
2545,182.665,0.000101,0.00021006,2048,11211.77,1787762348.657
2546,202.218,0.000159,0.00020974,2048,10127.66,1787762348.861
2547,194.669,0.0001,0.00020942,2048,10520.43,1787762349.057
2548,213.48,9.5e-05,0.0002091,2048,9593.4,1787762349.271
2549,203.351,0.000122,0.00020878,2048,10071.24,1787762349.477
2550,234.707,0.000121,0.00020846,2048,8725.76,1787762349.713
2551,242.844,9.4e-05,0.00020814,2048,8433.4,1787762349.958
2552,191.791,0.000125,0.00020782,2048,10678.3,1787762350.151
2553,183.97,0.000102,0.0002075,2048,11132.26,1787762350.337
2554,171.873,0.000113,0.00020718,2048,11915.75,1787762350.511
2555,208.37,0.000115,0.00020686,2048,9828.67,1787762350.72
2556,186.301,8.8e-05,0.00020655,2048,10992.97,1787762350.908
2557,227.617,0.000106,0.00020623,2048,8997.55,1787762351.139
2558,180.093,0.000152,0.00020591,2048,11371.89,1787762351.32
2559,197.694,0.000107,0.0002056,2048,10359.42,1787762351.52
2560,169.081,9.7e-05,0.00020528,2048,12112.52,1787762351.689
2561,147.959,0.000161,0.00020496,2048,13841.63,1787762351.84
2562,150.491,0.000139,0.00020465,2048,13608.76,1787762351.992
2563,141.39,0.000103,0.00020434,2048,14484.76,1787762352.135
2564,154.422,0.000105,0.00020402,2048,13262.33,1787762352.291
2565,143.088,0.000113,0.00020371,2048,14312.87,1787762352.435
2566,174.522,9.4e-05,0.00020339,2048,11734.9,1787762352.612
2567,155.638,0.000118,0.00020308,2048,13158.76,1787762352.768
2568,160.018,0.000105,0.00020277,2048,12798.57,1787762352.929
2569,168.001,0.000106,0.00020246,2048,12190.4,1787762353.099
2570,173.06,0.000127,0.00020215,2048,11834.06,1787762353.273
2571,161.553,0.000116,0.00020183,2048,12676.92,1787762353.436
2572,150.871,0.000134,0.00020152,2048,13574.51,1787762353.588
2573,141.815,0.000117,0.00020121,2048,14441.33,1787762353.731
2574,156.791,0.000152,0.0002009,2048,13061.95,1787762353.89
2575,160.468,0.000102,0.00020059,2048,12762.69,1787762354.051
2576,150.45,0.000119,0.00020028,2048,13612.48,1787762354.203
2577,137.078,0.000106,0.00019998,2048,14940.42,1787762354.342
2578,137.894,0.000118,0.00019967,2048,14851.98,1787762354.481
2579,140.175,0.00012,0.00019936,2048,14610.32,1787762354.623
2580,135.606,0.000159,0.00019905,2048,15102.62,1787762354.759
2581,163.153,0.00015,0.00019874,2048,12552.61,1787762354.924
2582,183.752,0.000148,0.00019844,2048,11145.45,1787762355.11
2583,179.207,0.000135,0.00019813,2048,11428.14,1787762355.29
2584,167.742,0.000141,0.00019783,2048,12209.23,1787762355.459
2585,154.354,0.000115,0.00019752,2048,13268.18,1787762355.616
2586,172.716,0.000104,0.00019722,2048,11857.62,1787762355.79
2587,183.614,0.000181,0.00019691,2048,11153.85,1787762355.975
2588,156.774,0.000192,0.00019661,2048,13063.36,1787762356.133
2589,170.345,0.000141,0.0001963,2048,12022.65,1787762356.305
2590,160.117,0.000108,0.000196,2048,12790.61,1787762356.466
2591,186.032,0.000128,0.0001957,2048,11008.87,1787762356.654
2592,174.121,0.0003,0.0001954,2048,11761.94,1787762356.829
2593,170.94,0.000241,0.00019509,2048,11980.81,1787762357.002
2594,169.832,0.000126,0.00019479,2048,12058.99,1787762357.173
2595,170.499,0.000145,0.00019449,2048,12011.82,1787762357.345
2596,198.92,0.000175,0.00019419,2048,10295.62,1787762357.546
2597,201.601,0.000208,0.00019389,2048,10158.67,1787762357.749
2598,187.131,0.000156,0.00019359,2048,10944.18,1787762357.937
2599,180.934,0.000126,0.00019329,2048,11319.07,1787762358.12
2600,183.632,0.000123,0.00019299,2048,11152.72,1787762358.306
2601,186.85,0.000275,0.00019269,2048,10960.65,1787762358.493
2602,174.395,0.000211,0.00019239,2048,11743.43,1787762358.669
2603,168.93,0.000137,0.0001921,2048,12123.36,1787762358.84
2604,169.342,0.000194,0.0001918,2048,12093.88,1787762359.011
2605,156.359,0.000242,0.0001915,2048,13098.06,1787762359.168
2606,156.087,0.000193,0.00019121,2048,13120.86,1787762359.326
2607,178.211,0.000236,0.00019091,2048,11492.0,1787762359.505
2608,202.925,0.000143,0.00019061,2048,10092.4,1787762359.71
2609,186.266,0.000154,0.00019032,2048,10995.04,1787762359.897
2610,179.185,0.00021,0.00019002,2048,11429.54,1787762360.077
2611,180.427,0.000222,0.00018973,2048,11350.85,1787762360.261
2612,176.663,0.000178,0.00018944,2048,11592.67,1787762360.439
2613,194.569,0.000238,0.00018914,2048,10525.81,1787762360.634
2614,192.255,0.000259,0.00018885,2048,10652.51,1787762360.829
2615,188.85,0.000209,0.00018856,2048,10844.57,1787762361.02
2616,184.698,0.000195,0.00018826,2048,11088.39,1787762361.206
2617,182.89,0.000164,0.00018797,2048,11198.01,1787762361.39
2618,163.047,0.00018,0.00018768,2048,12560.77,1787762361.556
2619,150.958,0.00015,0.00018739,2048,13566.72,1787762361.708
2620,161.243,0.000216,0.0001871,2048,12701.32,1787762361.87
2621,140.578,0.000175,0.00018681,2048,14568.42,1787762362.012
2622,175.06,0.000131,0.00018652,2048,11698.86,1787762362.188
2623,133.395,0.000228,0.00018623,2048,15352.89,1787762362.324
2624,142.086,0.000243,0.00018594,2048,14413.79,1787762362.467
2625,155.34,0.000131,0.00018565,2048,13184.03,1787762362.624
2626,155.361,0.000183,0.00018537,2048,13182.18,1787762362.78
2627,183.471,0.000186,0.00018508,2048,11162.53,1787762362.964
2628,178.841,0.000205,0.00018479,2048,11451.5,1787762363.145
2629,172.609,0.000237,0.00018451,2048,11864.99,1787762363.32
2630,159.348,0.000115,0.00018422,2048,12852.37,1787762363.481
2631,182.903,0.000114,0.00018393,2048,11197.16,1787762363.665
2632,177.722,0.000236,0.00018365,2048,11523.61,1787762363.844
2633,171.116,0.00024,0.00018336,2048,11968.49,1787762364.016
2634,167.305,0.000195,0.00018308,2048,12241.11,1787762364.184
2635,183.522,0.000137,0.00018279,2048,11159.39,1787762364.37
2636,166.573,0.00016,0.00018251,2048,12294.9,1787762364.539
2637,180.472,0.000203,0.00018223,2048,11348.03,1787762364.72
2638,192.545,0.000159,0.00018195,2048,10636.5,1787762364.914
2639,181.724,0.000167,0.00018166,2048,11269.84,1787762365.098
2640,175.459,0.00012,0.00018138,2048,11672.21,1787762365.275
2641,172.239,0.000169,0.0001811,2048,11890.48,1787762365.449
2642,170.48,0.000167,0.00018082,2048,12013.13,1787762365.621
2643,183.734,0.000137,0.00018054,2048,11146.57,1787762365.806
2644,177.648,0.000115,0.00018026,2048,11528.42,1787762365.984
2645,191.954,0.000124,0.00017998,2048,10669.24,1787762366.179
2646,180.785,0.000174,0.0001797,2048,11328.4,1787762366.36
2647,195.632,0.000193,0.00017942,2048,10468.61,1787762366.558
2648,191.901,0.000132,0.00017914,2048,10672.18,1787762366.751
2649,169.109,0.000125,0.00017887,2048,12110.5,1787762366.922
2650,176.146,0.000105,0.00017859,2048,11626.71,1787762367.1
2651,187.7,0.000165,0.00017831,2048,10911.01,1787762367.288
2652,165.874,0.000128,0.00017803,2048,12346.71,1787762367.456
2653,175.109,0.000138,0.00017776,2048,11695.6,1787762367.632
2654,160.711,0.000184,0.00017748,2048,12743.4,1787762367.795
2655,182.545,0.000225,0.00017721,2048,11219.18,1787762367.978
2656,175.528,0.000165,0.00017693,2048,11667.62,1787762368.155
2657,170.735,0.000245,0.00017666,2048,11995.22,1787762368.327
2658,156.673,0.000188,0.00017638,2048,13071.85,1787762368.486
2659,153.919,0.000242,0.00017611,2048,13305.69,1787762368.641
2660,156.929,0.000188,0.00017584,2048,13050.45,1787762368.8
2661,165.277,0.000248,0.00017557,2048,12391.33,1787762368.967
2662,145.339,0.000142,0.00017529,2048,14091.21,1787762369.114
2663,144.675,0.000262,0.00017502,2048,14155.88,1787762369.259
2664,163.604,0.000163,0.00017475,2048,12518.06,1787762369.424
2665,192.061,0.000112,0.00017448,2048,10663.26,1787762369.619
2666,180.769,0.000176,0.00017421,2048,11329.39,1787762369.8
2667,185.679,0.000228,0.00017394,2048,11029.77,1787762369.988
2668,196.623,0.000113,0.00017367,2048,10415.85,1787762370.185
2669,183.658,0.000123,0.0001734,2048,11151.16,1787762370.37
2670,180.495,0.00023,0.00017313,2048,11346.57,1787762370.553
2671,185.929,0.000198,0.00017287,2048,11014.98,1787762370.74
2672,198.204,0.000152,0.0001726,2048,10332.79,1787762370.94
2673,203.218,0.000144,0.00017233,2048,10077.84,1787762371.145
2674,185.187,0.000108,0.00017206,2048,11059.1,1787762371.332
2675,159.709,0.000198,0.0001718,2048,12823.3,1787762371.493
2676,202.412,0.000136,0.00017153,2048,10117.96,1787762371.697
2677,211.251,0.000152,0.00017127,2048,9694.62,1787762371.91
2678,220.656,0.000167,0.000171,2048,9281.42,1787762372.132
2679,196.572,0.000119,0.00017074,2048,10418.58,1787762372.331
2680,202.669,0.000148,0.00017047,2048,10105.15,1787762372.535
2681,189.208,0.0003,0.00017021,2048,10824.08,1787762372.726
2682,193.591,0.000161,0.00016995,2048,10579.03,1787762372.922
2683,190.088,0.000141,0.00016968,2048,10773.96,1787762373.113
2684,201.062,0.00024,0.00016942,2048,10185.91,1787762373.315
2685,179.128,0.000217,0.00016916,2048,11433.14,1787762373.497
2686,175.332,0.000175,0.0001689,2048,11680.73,1787762373.673
2687,169.77,9.1e-05,0.00016864,2048,12063.42,1787762373.845
2688,187.226,0.000103,0.00016838,2048,10938.64,1787762374.033
2689,167.367,0.000158,0.00016812,2048,12236.61,1787762374.202
2690,181.917,0.000184,0.00016786,2048,11257.89,1787762374.386
2691,177.276,0.00021,0.0001676,2048,11552.59,1787762374.564
2692,166.906,8.6e-05,0.00016734,2048,12270.41,1787762374.733
2693,183.531,0.000149,0.00016708,2048,11158.89,1787762374.918
2694,190.691,0.00018,0.00016683,2048,10739.89,1787762375.11
2695,169.926,0.000214,0.00016657,2048,12052.31,1787762375.282
2696,180.807,0.000131,0.00016631,2048,11327.01,1787762375.464
2697,170.162,0.000177,0.00016606,2048,12035.6,1787762375.635
2698,188.002,0.000181,0.0001658,2048,10893.51,1787762375.826
2699,174.553,0.000139,0.00016554,2048,11732.85,1787762376.001
2700,177.502,0.000158,0.00016529,2048,11537.92,1787762376.181
2701,188.537,0.000181,0.00016504,2048,10862.57,1787762376.372
2702,186.567,0.000244,0.00016478,2048,10977.31,1787762376.561
2703,174.233,0.000184,0.00016453,2048,11754.37,1787762376.736
2704,221.173,0.000132,0.00016427,2048,9259.74,1787762376.959
2705,209.659,0.000189,0.00016402,2048,9768.24,1787762377.171
2706,188.803,0.000224,0.00016377,2048,10847.31,1787762377.361
2707,203.985,0.000193,0.00016352,2048,10039.95,1787762377.567
2708,174.252,0.000129,0.00016327,2048,11753.11,1787762377.743
2709,176.237,0.000124,0.00016302,2048,11620.7,1787762377.921
2710,178.306,0.000142,0.00016277,2048,11485.87,1787762378.101
2711,185.737,0.000134,0.00016252,2048,11026.36,1787762378.287
2712,191.567,0.000129,0.00016227,2048,10690.78,1787762378.481
2713,192.269,0.000181,0.00016202,2048,10651.73,1787762378.674
2714,178.473,0.000168,0.00016177,2048,11475.13,1787762378.854
2715,175.28,0.000109,0.00016152,2048,11684.2,1787762379.031
2716,167.31,0.00012,0.00016127,2048,12240.74,1787762379.2
2717,161.74,0.000107,0.00016103,2048,12662.33,1787762379.363
2718,156.862,0.000118,0.00016078,2048,13056.03,1787762379.52
2719,186.699,0.000195,0.00016053,2048,10969.52,1787762379.709
2720,189.934,0.000151,0.00016029,2048,10782.68,1787762379.901
2721,182.565,0.00015,0.00016004,2048,11217.95,1787762380.085
2722,169.811,0.000106,0.0001598,2048,12060.47,1787762380.256
2723,167.201,0.000105,0.00015955,2048,12248.75,1787762380.424
2724,151.368,0.000126,0.00015931,2048,13529.98,1787762380.577
2725,173.117,0.000147,0.00015907,2048,11830.13,1787762380.752
2726,151.961,0.00012,0.00015882,2048,13477.13,1787762380.905
2727,168.688,0.000103,0.00015858,2048,12140.76,1787762381.075
2728,171.565,0.0001,0.00015834,2048,11937.15,1787762381.247
2729,173.166,0.000102,0.0001581,2048,11826.77,1787762381.423
2730,176.377,0.000109,0.00015786,2048,11611.47,1787762381.601
2731,190.665,0.000109,0.00015762,2048,10741.36,1787762381.794
2732,173.051,0.000115,0.00015738,2048,11834.63,1787762381.968
2733,156.495,0.000118,0.00015714,2048,13086.71,1787762382.125
2734,182.684,0.000109,0.0001569,2048,11210.63,1787762382.31
2735,194.355,0.000133,0.00015666,2048,10537.4,1787762382.506
2736,180.031,9.9e-05,0.00015642,2048,11375.79,1787762382.687
2737,161.143,0.000143,0.00015618,2048,12709.18,1787762382.851
2738,145.663,0.000103,0.00015595,2048,14059.84,1787762382.998
2739,144.684,0.000102,0.00015571,2048,14155.01,1787762383.144
2740,176.083,9.9e-05,0.00015547,2048,11630.87,1787762383.321
2741,179.057,0.000101,0.00015524,2048,11437.68,1787762383.502
2742,172.886,0.000107,0.000155,2048,11845.97,1787762383.676
2743,173.763,9.7e-05,0.00015477,2048,11786.19,1787762383.852
2744,156.877,0.000124,0.00015453,2048,13054.79,1787762384.01
2745,169.83,0.000103,0.0001543,2048,12059.14,1787762384.181
2746,182.889,0.000104,0.00015406,2048,11198.07,1787762384.365
2747,154.167,0.0001,0.00015383,2048,13284.32,1787762384.52
2748,156.634,0.0001,0.0001536,2048,13075.08,1787762384.678
2749,151.005,0.000112,0.00015337,2048,13562.47,1787762384.83
2750,141.484,0.00011,0.00015314,2048,14475.11,1787762384.973
2751,162.932,0.0001,0.0001529,2048,12569.67,1787762385.137
2752,162.812,0.000178,0.00015267,2048,12578.93,1787762385.302
2753,158.614,0.000111,0.00015244,2048,12911.85,1787762385.462
2754,178.172,0.0001,0.00015221,2048,11494.5,1787762385.641
2755,159.931,0.000103,0.00015198,2048,12805.48,1787762385.803
2756,166.59,9.9e-05,0.00015176,2048,12293.69,1787762385.971
2757,207.285,0.000135,0.00015153,2048,9880.14,1787762386.18
2758,201.92,0.000236,0.0001513,2048,10142.63,1787762386.384
2759,178.393,0.000105,0.00015107,2048,11480.26,1787762386.564
2760,184.091,0.000107,0.00015085,2048,11124.93,1787762386.749
2761,212.958,0.00012,0.00015062,2048,9616.92,1787762386.964
2762,158.081,0.000154,0.00015039,2048,12955.38,1787762387.123
2763,114.601,0.000168,0.00015017,2048,17870.76,1787762387.239
2764,115.665,0.000125,0.00014994,2048,17706.35,1787762387.355
2765,138.448,0.000129,0.00014972,2048,14792.54,1787762387.495
2766,99.232,0.000176,0.00014949,2048,20638.44,1787762387.595
2767,130.038,0.000126,0.00014927,2048,15749.23,1787762387.726
2768,117.035,9.9e-05,0.00014905,2048,17498.99,1787762387.845
2769,132.866,0.000353,0.00014882,2048,15413.98,1787762387.978
2770,120.43,0.000204,0.0001486,2048,17005.79,1787762388.1
2771,106.979,0.000146,0.00014838,2048,19144.0,1787762388.208
2772,153.097,0.000137,0.00014816,2048,13377.16,1787762388.362
2773,114.556,0.000127,0.00014794,2048,17877.75,1787762388.478
2774,106.175,0.000104,0.00014772,2048,19288.89,1787762388.585
2775,114.166,0.000147,0.0001475,2048,17938.76,1787762388.701
2776,112.122,0.000135,0.00014728,2048,18265.9,1787762388.814
2777,104.139,0.000104,0.00014706,2048,19666.04,1787762388.919
2778,126.358,0.000117,0.00014684,2048,16207.85,1787762389.046
2779,122.792,0.000105,0.00014662,2048,16678.58,1787762389.169
2780,127.937,0.00012,0.00014641,2048,16007.88,1787762389.299
2781,98.99,0.000113,0.00014619,2048,20689.0,1787762389.399
2782,113.277,0.000222,0.00014597,2048,18079.64,1787762389.512
2783,107.075,0.000125,0.00014576,2048,19126.76,1787762389.621
2784,142.865,0.000152,0.00014554,2048,14335.18,1787762389.764
2785,117.393,0.000124,0.00014533,2048,17445.67,1787762389.883
2786,117.354,0.000136,0.00014511,2048,17451.4,1787762390.002
2787,116.59,0.000118,0.0001449,2048,17565.89,1787762390.119
2788,104.481,0.000135,0.00014469,2048,19601.63,1787762390.225
2789,104.011,0.000114,0.00014447,2048,19690.19,1787762390.33
2790,131.74,0.000102,0.00014426,2048,15545.8,1787762390.463
2791,128.462,0.000104,0.00014405,2048,15942.47,1787762390.594
2792,139.97,0.000101,0.00014384,2048,14631.7,1787762390.735
2793,156.327,0.000107,0.00014363,2048,13100.74,1787762390.893
2794,179.018,0.000155,0.00014341,2048,11440.18,1787762391.073
2795,186.388,0.000182,0.0001432,2048,10987.86,1787762391.261
2796,190.074,0.000217,0.000143,2048,10774.77,1787762391.453
2797,191.027,0.0002,0.00014279,2048,10720.98,1787762391.646
2798,198.695,0.000113,0.00014258,2048,10307.28,1787762391.845
2799,187.789,0.000118,0.00014237,2048,10905.86,1787762392.035
2800,181.856,0.000122,0.00014216,2048,11261.63,1787762392.219
2801,169.184,0.000122,0.00014195,2048,12105.17,1787762392.389
2802,134.679,0.000154,0.00014175,2048,15206.57,1787762392.525
2803,136.399,0.000112,0.00014154,2048,15014.75,1787762392.662
2804,104.979,0.000138,0.00014134,2048,19508.59,1787762392.769
2805,138.907,0.000185,0.00014113,2048,14743.63,1787762392.909
2806,136.667,0.00016,0.00014093,2048,14985.33,1787762393.048
2807,132.672,9.6e-05,0.00014072,2048,15436.6,1787762393.182
2808,113.222,0.000152,0.00014052,2048,18088.42,1787762393.295
2809,127.836,0.000207,0.00014031,2048,16020.53,1787762393.425
2810,119.309,0.000126,0.00014011,2048,17165.48,1787762393.545
2811,109.707,0.000124,0.00013991,2048,18667.94,1787762393.656
2812,138.847,8.8e-05,0.00013971,2048,14750.03,1787762393.797
2813,114.223,0.000221,0.00013951,2048,17929.92,1787762393.912
2814,119.251,0.000106,0.0001393,2048,17173.83,1787762394.032
2815,105.969,9.8e-05,0.0001391,2048,19326.48,1787762394.139
2816,118.257,0.000117,0.0001389,2048,17318.21,1787762394.258
2817,113.766,0.000156,0.00013871,2048,18001.83,1787762394.373
2818,174.0,9.7e-05,0.00013851,2048,11770.13,1787762394.548
2819,131.051,0.000161,0.00013831,2048,15627.5,1787762394.68
2820,118.237,0.000165,0.00013811,2048,17321.16,1787762394.799
2821,110.823,0.000173,0.00013791,2048,18479.92,1787762394.911
2822,151.521,0.000156,0.00013772,2048,13516.27,1787762395.064
2823,151.18,0.000181,0.00013752,2048,13546.8,1787762395.216
2824,165.388,0.000164,0.00013732,2048,12383.0,1787762395.383
2825,142.863,0.000144,0.00013713,2048,14335.43,1787762395.527
2826,148.823,0.00018,0.00013693,2048,13761.35,1787762395.678
2827,196.245,0.000113,0.00013674,2048,10435.95,1787762395.877
2828,133.762,0.000125,0.00013654,2048,15310.83,1787762396.011
2829,153.287,0.000133,0.00013635,2048,13360.59,1787762396.167
2830,144.395,0.000166,0.00013616,2048,14183.33,1787762396.312
2831,129.579,0.000193,0.00013596,2048,15805.08,1787762396.443
2832,148.612,0.00013,0.00013577,2048,13780.88,1787762396.592
2833,150.77,0.000186,0.00013558,2048,13583.61,1787762396.744
2834,179.821,0.000217,0.00013539,2048,11389.11,1787762396.926
2835,194.391,9.7e-05,0.0001352,2048,10535.49,1787762397.122
2836,169.695,0.000188,0.00013501,2048,12068.73,1787762397.294
2837,148.677,0.000145,0.00013482,2048,13774.86,1787762397.443
2838,117.203,9.6e-05,0.00013463,2048,17473.93,1787762397.561
2839,96.914,0.000165,0.00013444,2048,21132.09,1787762397.659
2840,157.27,8.7e-05,0.00013425,2048,13022.15,1787762397.817
2841,147.993,0.000177,0.00013407,2048,13838.45,1787762397.966
2842,121.241,0.000147,0.00013388,2048,16892.05,1787762398.088
2843,132.782,0.000205,0.00013369,2048,15423.78,1787762398.222
2844,107.264,0.000155,0.00013351,2048,19093.08,1787762398.33
2845,136.536,0.000162,0.00013332,2048,14999.7,1787762398.468
2846,122.18,0.000116,0.00013314,2048,16762.15,1787762398.592
2847,126.516,9.9e-05,0.00013295,2048,16187.64,1787762398.72
2848,137.281,0.000134,0.00013277,2048,14918.34,1787762398.858
2849,139.795,0.000134,0.00013258,2048,14650.07,1787762398.998
2850,143.198,9.5e-05,0.0001324,2048,14301.9,1787762399.143
2851,151.823,0.000136,0.00013222,2048,13489.42,1787762399.296
2852,196.685,0.000139,0.00013204,2048,10412.59,1787762399.494
2853,145.731,0.000235,0.00013185,2048,14053.33,1787762399.642
2854,133.698,9.5e-05,0.00013167,2048,15318.09,1787762399.777
2855,152.087,0.00013,0.00013149,2048,13465.95,1787762399.93
2856,135.4,0.000118,0.00013131,2048,15125.54,1787762400.066
2857,130.606,0.000184,0.00013113,2048,15680.77,1787762400.198
2858,178.293,0.000123,0.00013095,2048,11486.68,1787762400.379
2859,159.249,0.00016,0.00013077,2048,12860.4,1787762400.539
2860,140.953,0.000136,0.0001306,2048,14529.68,1787762400.683
2861,186.967,0.000125,0.00013042,2048,10953.78,1787762400.871
2862,168.931,0.000124,0.00013024,2048,12123.32,1787762401.042
2863,171.036,0.000101,0.00013006,2048,11974.06,1787762401.217
2864,129.855,0.000119,0.00012989,2048,15771.44,1787762401.348
2865,150.024,0.000124,0.00012971,2048,13651.1,1787762401.499
2866,160.534,0.00018,0.00012954,2048,12757.44,1787762401.662
2867,222.618,0.000248,0.00012936,2048,9199.62,1787762401.886
2868,174.95,0.000112,0.00012919,2048,11706.23,1787762402.062
2869,163.86,0.000146,0.00012902,2048,12498.45,1787762402.228
2870,181.171,0.000187,0.00012884,2048,11304.26,1787762402.411
2871,154.322,0.000144,0.00012867,2048,13270.98,1787762402.566
2872,162.561,0.000109,0.0001285,2048,12598.34,1787762402.731
2873,132.883,0.00012,0.00012833,2048,15412.08,1787762402.865
2874,194.893,0.000117,0.00012815,2048,10508.32,1787762403.062
2875,148.972,0.00013,0.00012798,2048,13747.59,1787762403.212
2876,144.26,0.000152,0.00012781,2048,14196.6,1787762403.358
2877,163.09,0.000156,0.00012764,2048,12557.46,1787762403.522
2878,145.036,9.2e-05,0.00012748,2048,14120.67,1787762403.669
2879,128.176,0.0001,0.00012731,2048,15978.04,1787762403.799
2880,123.841,0.000138,0.00012714,2048,16537.31,1787762403.922
2881,132.402,0.000149,0.00012697,2048,15468.1,1787762404.057
2882,151.217,0.000158,0.0001268,2048,13543.41,1787762404.21
2883,169.849,0.000134,0.00012664,2048,12057.78,1787762404.382
2884,139.555,0.000123,0.00012647,2048,14675.24,1787762404.522
2885,140.338,0.000166,0.00012631,2048,14593.33,1787762404.664
2886,157.194,0.00012,0.00012614,2048,13028.52,1787762404.823
2887,139.966,0.000118,0.00012598,2048,14632.12,1787762404.963
2888,152.085,0.000132,0.00012581,2048,13466.15,1787762405.118
2889,172.766,0.00014,0.00012565,2048,11854.15,1787762405.292
2890,158.308,0.00011,0.00012548,2048,12936.82,1787762405.452
2891,178.724,0.000147,0.00012532,2048,11459.0,1787762405.631
2892,119.705,0.00011,0.00012516,2048,17108.67,1787762405.752
2893,139.927,0.00011,0.000125,2048,14636.18,1787762405.894
2894,129.702,0.000106,0.00012484,2048,15789.98,1787762406.024
2895,124.505,0.000125,0.00012468,2048,16449.14,1787762406.15
2896,145.197,0.000127,0.00012452,2048,14104.96,1787762406.296
2897,172.278,0.00015,0.00012436,2048,11887.74,1787762406.47
2898,179.762,0.000117,0.0001242,2048,11392.82,1787762406.651
2899,175.755,0.000153,0.00012404,2048,11652.56,1787762406.829
2900,133.971,0.000114,0.00012388,2048,15286.88,1787762406.964
2901,123.145,9.4e-05,0.00012372,2048,16630.76,1787762407.089
2902,131.273,0.000109,0.00012357,2048,15601.1,1787762407.221
2903,145.704,0.0001,0.00012341,2048,14055.91,1787762407.368
2904,130.49,0.000128,0.00012325,2048,15694.73,1787762407.5
2905,139.094,0.000109,0.0001231,2048,14723.9,1787762407.64
2906,141.059,0.000109,0.00012294,2048,14518.8,1787762407.783
2907,147.847,0.000101,0.00012279,2048,13852.12,1787762407.933
2908,135.643,0.000105,0.00012264,2048,15098.48,1787762408.07
2909,103.691,0.000139,0.00012248,2048,19750.91,1787762408.174
2910,161.398,0.000108,0.00012233,2048,12689.12,1787762408.339
2911,115.009,9.8e-05,0.00012218,2048,17807.35,1787762408.454
2912,109.527,0.000119,0.00012202,2048,18698.6,1787762408.564
2913,113.525,0.000101,0.00012187,2048,18040.08,1787762408.679
2914,143.336,0.000121,0.00012172,2048,14288.15,1787762408.823
2915,160.565,0.000111,0.00012157,2048,12754.98,1787762408.985
2916,173.158,0.000151,0.00012142,2048,11827.38,1787762409.16
2917,168.72,8.7e-05,0.00012127,2048,12138.44,1787762409.331
2918,153.981,0.000126,0.00012112,2048,13300.31,1787762409.487
2919,171.749,0.000143,0.00012098,2048,11924.41,1787762409.66
2920,156.048,8.6e-05,0.00012083,2048,13124.15,1787762409.818
2921,159.142,0.00011,0.00012068,2048,12869.05,1787762409.977
2922,115.312,0.000134,0.00012053,2048,17760.54,1787762410.094
2923,158.465,0.000144,0.00012039,2048,12924.01,1787762410.254
2924,124.759,0.000132,0.00012024,2048,16415.72,1787762410.38
2925,124.126,0.00011,0.0001201,2048,16499.36,1787762410.506
2926,160.092,0.000148,0.00011995,2048,12792.67,1787762410.667
2927,238.672,0.000127,0.00011981,2048,8580.81,1787762410.906
2928,200.211,0.000106,0.00011966,2048,10229.2,1787762411.109
2929,193.012,9.3e-05,0.00011952,2048,10610.73,1787762411.304
2930,190.95,0.000102,0.00011938,2048,10725.3,1787762411.496
2931,189.763,0.000109,0.00011923,2048,10792.42,1787762411.688
2932,185.733,0.000103,0.00011909,2048,11026.58,1787762411.875
2933,141.848,0.000141,0.00011895,2048,14437.96,1787762412.019
2934,153.326,8e-05,0.00011881,2048,13357.16,1787762412.173
2935,143.623,9.3e-05,0.00011867,2048,14259.6,1787762412.319
2936,126.485,8.8e-05,0.00011853,2048,16191.63,1787762412.446
2937,120.484,0.000109,0.00011839,2048,16998.14,1787762412.568
2938,114.781,9.9e-05,0.00011825,2048,17842.75,1787762412.684
2939,126.761,8.7e-05,0.00011812,2048,16156.43,1787762412.812
2940,179.039,0.000123,0.00011798,2048,11438.82,1787762412.992
2941,168.031,0.000122,0.00011784,2048,12188.26,1787762413.161
2942,156.594,8.3e-05,0.0001177,2048,13078.37,1787762413.319
2943,157.587,0.000106,0.00011757,2048,12995.97,1787762413.478
2944,122.631,9.3e-05,0.00011743,2048,16700.55,1787762413.602
2945,154.18,8.4e-05,0.0001173,2048,13283.18,1787762413.758
2946,130.329,9.8e-05,0.00011716,2048,15714.14,1787762413.89
2947,153.308,8.7e-05,0.00011703,2048,13358.69,1787762414.044
2948,161.75,8.6e-05,0.0001169,2048,12661.51,1787762414.207
2949,154.935,0.000105,0.00011676,2048,13218.45,1787762414.364
2950,118.103,8.5e-05,0.00011663,2048,17340.85,1787762414.482
2951,153.722,9.5e-05,0.0001165,2048,13322.73,1787762414.638
2952,100.252,9.4e-05,0.00011637,2048,20428.6,1787762414.739
2953,102.311,9e-05,0.00011624,2048,20017.4,1787762414.842
2954,108.151,8.4e-05,0.0001161,2048,18936.4,1787762414.951
2955,104.913,9.3e-05,0.00011598,2048,19520.9,1787762415.057
2956,114.364,9.6e-05,0.00011585,2048,17907.78,1787762415.172
2957,117.002,9.6e-05,0.00011572,2048,17503.93,1787762415.29
2958,151.033,8.8e-05,0.00011559,2048,13559.91,1787762415.442
2959,145.939,8.6e-05,0.00011546,2048,14033.29,1787762415.589
2960,135.579,0.000108,0.00011533,2048,15105.58,1787762415.726
2961,98.69,8.6e-05,0.00011521,2048,20751.89,1787762415.826
2962,125.33,0.000166,0.00011508,2048,16340.9,1787762415.952
2963,96.947,8.9e-05,0.00011495,2048,21124.86,1787762416.051
2964,104.433,0.000104,0.00011483,2048,19610.7,1787762416.156
2965,141.253,9.5e-05,0.0001147,2048,14498.8,1787762416.298
2966,126.755,0.00011,0.00011458,2048,16157.12,1787762416.426
2967,124.283,9.4e-05,0.00011446,2048,16478.57,1787762416.551
2968,119.75,8.9e-05,0.00011433,2048,17102.28,1787762416.673
2969,127.91,8.4e-05,0.00011421,2048,16011.22,1787762416.801
2970,123.843,8.5e-05,0.00011409,2048,16537.11,1787762416.926
2971,154.273,9.8e-05,0.00011397,2048,13275.14,1787762417.082
2972,183.302,0.000102,0.00011385,2048,11172.81,1787762417.267
2973,118.126,0.00011,0.00011373,2048,17337.4,1787762417.386
2974,143.218,0.000125,0.00011361,2048,14299.86,1787762417.531
2975,104.697,9e-05,0.00011349,2048,19561.23,1787762417.637
2976,104.085,0.000101,0.00011337,2048,19676.21,1787762417.742
2977,124.2,9.1e-05,0.00011325,2048,16489.51,1787762417.867
2978,97.845,0.000105,0.00011313,2048,20931.06,1787762417.965
2979,90.232,8.3e-05,0.00011301,2048,22697.0,1787762418.057
2980,115.89,8.6e-05,0.0001129,2048,17671.92,1787762418.174
2981,99.093,0.000106,0.00011278,2048,20667.45,1787762418.274
2982,92.09,0.000127,0.00011266,2048,22239.04,1787762418.366
2983,132.26,8.5e-05,0.00011255,2048,15484.67,1787762418.499
2984,96.092,9.3e-05,0.00011243,2048,21313.0,1787762418.596
2985,116.386,8.8e-05,0.00011232,2048,17596.65,1787762418.714
2986,96.457,8.9e-05,0.00011221,2048,21232.37,1787762418.812
2987,117.688,8.8e-05,0.00011209,2048,17402.02,1787762418.93
2988,115.445,9.7e-05,0.00011198,2048,17740.05,1787762419.047
2989,116.69,0.000107,0.00011187,2048,17550.73,1787762419.165
2990,98.886,9.8e-05,0.00011176,2048,20710.76,1787762419.265
2991,69.971,7.7e-05,0.00011164,2048,29269.44,1787762419.335
2992,76.175,0.000114,0.00011153,2048,26885.43,1787762419.412
2993,70.394,0.000101,0.00011142,2048,29093.43,1787762419.483
2994,68.625,8.1e-05,0.00011131,2048,29843.35,1787762419.553
2995,83.109,0.000107,0.0001112,2048,24642.22,1787762419.637
2996,78.527,9.2e-05,0.0001111,2048,26080.37,1787762419.716
2997,96.918,9.8e-05,0.00011099,2048,21131.24,1787762419.813
2998,78.898,9.6e-05,0.00011088,2048,25957.73,1787762419.893
2999,81.727,8.7e-05,0.00011077,2048,25059.1,1787762419.976
3000,75.89,9.6e-05,0.00011067,2048,26986.5,1787762420.052
3001,66.065,9.8e-05,0.00011056,2048,30999.91,1787762420.118
3002,97.422,0.000106,0.00011046,2048,21021.97,1787762420.216
3003,73.423,0.00013,0.00011035,2048,27893.32,1787762420.29
3004,76.501,0.000103,0.00011025,2048,26771.03,1787762420.368
3005,76.952,0.000142,0.00011014,2048,26614.1,1787762420.445
3006,118.511,0.000108,0.00011004,2048,17281.13,1787762420.565
3007,90.755,0.0001,0.00010994,2048,22566.3,1787762420.657
3008,81.693,0.000103,0.00010983,2048,25069.56,1787762420.74
3009,89.129,9.5e-05,0.00010973,2048,22978.01,1787762420.829
3010,75.964,0.00011,0.00010963,2048,26959.96,1787762420.906
3011,75.792,0.000114,0.00010953,2048,27021.43,1787762420.982
3012,83.84,0.000112,0.00010943,2048,24427.54,1787762421.067
3013,82.474,9.4e-05,0.00010933,2048,24832.19,1787762421.15
3014,83.206,0.000105,0.00010923,2048,24613.52,1787762421.234
3015,86.124,8.5e-05,0.00010913,2048,23779.56,1787762421.32
3016,62.74,0.000105,0.00010903,2048,32642.39,1787762421.384
3017,77.724,9.4e-05,0.00010894,2048,26349.61,1787762421.463
3018,80.863,0.000104,0.00010884,2048,25326.91,1787762421.545
3019,92.881,0.000124,0.00010874,2048,22049.65,1787762421.639
3020,85.831,0.000144,0.00010865,2048,23860.73,1787762421.725
3021,72.69,0.000122,0.00010855,2048,28174.36,1787762421.799
3022,74.737,0.000119,0.00010846,2048,27402.72,1787762421.874
3023,83.117,0.000112,0.00010836,2048,24639.82,1787762421.957
3024,149.54,0.00013,0.00010827,2048,13695.31,1787762422.108
3025,109.26,0.000123,0.00010817,2048,18744.33,1787762422.219
3026,114.332,0.000117,0.00010808,2048,17912.76,1787762422.334
3027,100.879,0.000102,0.00010799,2048,20301.55,1787762422.436
3028,134.995,0.000137,0.0001079,2048,15170.91,1787762422.572
3029,117.591,0.000118,0.00010781,2048,17416.33,1787762422.69
3030,90.889,0.000139,0.00010772,2048,22533.05,1787762422.782
3031,117.673,0.0001,0.00010763,2048,17404.1,1787762422.9
3032,114.486,8.4e-05,0.00010754,2048,17888.73,1787762423.016
3033,92.402,0.000148,0.00010745,2048,22164.07,1787762423.109
3034,93.918,0.000118,0.00010736,2048,21806.33,1787762423.205
3035,92.846,9.1e-05,0.00010727,2048,22058.01,1787762423.298
3036,105.147,0.000103,0.00010718,2048,19477.59,1787762423.404
3037,89.814,0.000128,0.00010709,2048,22802.78,1787762423.494
3038,101.866,0.00012,0.00010701,2048,20104.84,1787762423.598
3039,90.1,0.000109,0.00010692,2048,22730.27,1787762423.688
3040,95.799,0.000134,0.00010684,2048,21378.05,1787762423.785
3041,105.625,0.000126,0.00010675,2048,19389.4,1787762423.892
3042,91.379,8.6e-05,0.00010667,2048,22412.03,1787762423.984
3043,89.779,0.000159,0.00010658,2048,22811.52,1787762424.075
3044,56.876,0.000132,0.0001065,2048,36008.09,1787762424.132
3045,113.357,0.000144,0.00010642,2048,18066.86,1787762424.247
3046,96.32,0.000115,0.00010633,2048,21262.39,1787762424.344
3047,91.413,0.000132,0.00010625,2048,22403.82,1787762424.436
3048,104.597,0.000105,0.00010617,2048,19579.99,1787762424.542
3049,86.367,0.000114,0.00010609,2048,23712.9,1787762424.629
3050,71.452,0.000148,0.00010601,2048,28662.52,1787762424.701
3051,81.8,0.000147,0.00010593,2048,25036.71,1787762424.783
3052,106.987,0.000114,0.00010585,2048,19142.58,1787762424.891
3053,125.189,0.000111,0.00010577,2048,16359.26,1787762425.017
3054,114.789,0.000122,0.00010569,2048,17841.42,1787762425.132
3055,113.091,0.000119,0.00010562,2048,18109.34,1787762425.247
3056,103.659,0.000112,0.00010554,2048,19757.05,1787762425.352
3057,113.366,0.000221,0.00010546,2048,18065.4,1787762425.466
3058,163.129,0.000208,0.00010539,2048,12554.48,1787762425.63
3059,122.649,0.000151,0.00010531,2048,16698.11,1787762425.754
3060,97.44,0.000155,0.00010524,2048,21018.0,1787762425.854
3061,108.919,0.000135,0.00010516,2048,18802.93,1787762425.965
3062,96.256,0.000229,0.00010509,2048,21276.64,1787762426.062
3063,79.627,0.000218,0.00010502,2048,25720.05,1787762426.142
3064,108.158,0.000175,0.00010494,2048,18935.33,1787762426.252
3065,135.085,0.000151,0.00010487,2048,15160.81,1787762426.387
3066,166.877,0.000159,0.0001048,2048,12272.5,1787762426.556
3067,128.558,0.000152,0.00010473,2048,15930.53,1787762426.685
3068,123.219,0.000247,0.00010466,2048,16620.81,1787762426.81
3069,124.008,0.000122,0.00010459,2048,16515.13,1787762426.935
3070,100.596,0.000184,0.00010452,2048,20358.62,1787762427.037
3071,107.641,0.000204,0.00010445,2048,19026.26,1787762427.145
3072,96.034,0.00015,0.00010438,2048,21325.8,1787762427.242
3073,109.518,0.000143,0.00010431,2048,18700.12,1787762427.352
3074,136.279,0.000139,0.00010424,2048,15027.99,1787762427.491
3075,125.454,0.000136,0.00010418,2048,16324.64,1787762427.617
3076,121.656,0.000189,0.00010411,2048,16834.34,1787762427.74
3077,110.207,0.000148,0.00010404,2048,18583.3,1787762427.851
3078,108.301,0.000217,0.00010398,2048,18910.17,1787762427.961
3079,112.78,0.000253,0.00010391,2048,18159.17,1787762428.075
3080,114.956,0.000156,0.00010385,2048,17815.53,1787762428.19
3081,91.184,0.000148,0.00010379,2048,22460.18,1787762428.283
3082,96.934,0.00022,0.00010372,2048,21127.69,1787762428.38
3083,102.057,0.000192,0.00010366,2048,20067.24,1787762428.483
3084,100.963,0.000281,0.0001036,2048,20284.7,1787762428.585
3085,130.236,0.000165,0.00010354,2048,15725.36,1787762428.715
3086,171.717,0.000192,0.00010347,2048,11926.6,1787762428.889
3087,155.712,0.00013,0.00010341,2048,13152.49,1787762429.046
3088,169.139,0.000169,0.00010335,2048,12108.41,1787762429.216
3089,187.708,0.000264,0.00010329,2048,10910.54,1787762429.406
3090,173.559,0.00021,0.00010324,2048,11800.05,1787762429.58
3091,157.769,0.000196,0.00010318,2048,12981.0,1787762429.739
3092,157.281,0.000196,0.00010312,2048,13021.32,1787762429.898
3093,166.461,0.000184,0.00010306,2048,12303.19,1787762430.066
3094,174.834,0.000185,0.000103,2048,11713.99,1787762430.242
3095,185.831,0.000132,0.00010295,2048,11020.74,1787762430.429
3096,182.441,0.000174,0.00010289,2048,11225.52,1787762430.614
3097,174.469,0.000227,0.00010284,2048,11738.48,1787762430.791
3098,140.642,0.000226,0.00010278,2048,14561.85,1787762430.933
3099,150.553,0.000142,0.00010273,2048,13603.2,1787762431.085
3100,151.805,0.000106,0.00010267,2048,13491.03,1787762431.238
3101,124.775,0.000124,0.00010262,2048,16413.49,1787762431.364
3102,109.956,0.00025,0.00010257,2048,18625.68,1787762431.475
3103,102.027,0.000222,0.00010252,2048,20073.16,1787762431.578
3104,111.814,0.000135,0.00010247,2048,18316.16,1787762431.691
3105,166.654,0.000118,0.00010241,2048,12288.93,1787762431.858
3106,127.487,0.000196,0.00010236,2048,16064.43,1787762431.987
3107,113.616,0.000216,0.00010231,2048,18025.69,1787762432.102
3108,160.011,0.000154,0.00010226,2048,12799.09,1787762432.263
3109,138.828,0.000173,0.00010222,2048,14752.01,1787762432.402
3110,113.629,0.000175,0.00010217,2048,18023.54,1787762432.517
3111,114.33,0.000139,0.00010212,2048,17913.11,1787762432.632
3112,130.913,0.000197,0.00010207,2048,15644.0,1787762432.765
3113,145.431,0.000153,0.00010202,2048,14082.25,1787762432.911
3114,101.216,0.00021,0.00010198,2048,20233.94,1787762433.013
3115,103.041,0.000145,0.00010193,2048,19875.51,1787762433.117
3116,107.22,0.000142,0.00010189,2048,19100.88,1787762433.226
3117,96.843,0.00028,0.00010184,2048,21147.59,1787762433.323
3118,106.521,0.000173,0.0001018,2048,19226.27,1787762433.43
3119,87.487,0.000143,0.00010176,2048,23409.25,1787762433.518
3120,129.429,0.000136,0.00010171,2048,15823.4,1787762433.649
3121,139.816,0.000155,0.00010167,2048,14647.81,1787762433.79
3122,98.668,0.000112,0.00010163,2048,20756.43,1787762433.89
3123,103.13,9.9e-05,0.00010159,2048,19858.37,1787762433.995
3124,104.226,0.000141,0.00010155,2048,19649.66,1787762434.1
3125,97.77,0.000141,0.00010151,2048,20947.06,1787762434.198
3126,92.205,0.000132,0.00010147,2048,22211.3,1787762434.291
3127,98.228,0.000132,0.00010143,2048,20849.43,1787762434.39
3128,87.617,9.7e-05,0.00010139,2048,23374.35,1787762434.478
3129,106.5,0.000145,0.00010135,2048,19230.1,1787762434.586
3130,123.111,0.000126,0.00010131,2048,16635.39,1787762434.71
3131,103.672,0.000115,0.00010127,2048,19754.69,1787762434.815
3132,111.256,0.000166,0.00010124,2048,18407.98,1787762434.926
3133,99.927,0.000168,0.0001012,2048,20494.96,1787762435.028
3134,98.507,0.000144,0.00010117,2048,20790.4,1787762435.128
3135,92.62,0.000185,0.00010113,2048,22111.95,1787762435.221
3136,91.071,0.000127,0.0001011,2048,22488.0,1787762435.313
3137,94.581,0.00011,0.00010106,2048,21653.31,1787762435.408
3138,100.926,0.000108,0.00010103,2048,20292.14,1787762435.51
3139,114.09,0.000109,0.000101,2048,17950.79,1787762435.625
3140,101.276,0.000146,0.00010096,2048,20222.01,1787762435.728
3141,110.485,0.000121,0.00010093,2048,18536.52,1787762435.839
3142,115.545,0.00018,0.0001009,2048,17724.67,1787762435.955
3143,118.064,0.000146,0.00010087,2048,17346.57,1787762436.074
3144,111.068,9.6e-05,0.00010084,2048,18439.19,1787762436.186
3145,90.516,0.000162,0.00010081,2048,22625.91,1787762436.278
3146,106.711,0.000132,0.00010078,2048,19191.93,1787762436.386
3147,92.173,0.000149,0.00010075,2048,22218.99,1787762436.479
3148,91.94,0.000143,0.00010072,2048,22275.32,1787762436.572
3149,97.22,0.00015,0.0001007,2048,21065.65,1787762436.67
3150,111.161,0.000141,0.00010067,2048,18423.69,1787762436.782
3151,85.724,0.000124,0.00010064,2048,23890.74,1787762436.869
3152,115.007,0.00014,0.00010062,2048,17807.6,1787762436.985
3153,125.403,0.00016,0.00010059,2048,16331.37,1787762437.112
3154,100.839,0.000147,0.00010057,2048,20309.54,1787762437.214
3155,113.558,0.000217,0.00010054,2048,18034.87,1787762437.328
3156,129.865,0.000191,0.00010052,2048,15770.21,1787762437.459
3157,115.151,0.000209,0.00010049,2048,17785.37,1787762437.576
3158,125.77,0.000163,0.00010047,2048,16283.65,1787762437.702
3159,114.991,0.000223,0.00010045,2048,17810.17,1787762437.818
3160,106.376,0.000212,0.00010043,2048,19252.39,1787762437.926
3161,104.587,0.000171,0.00010041,2048,19581.76,1787762438.032
3162,95.36,0.000177,0.00010039,2048,21476.58,1787762438.128
3163,94.058,0.000154,0.00010037,2048,21773.89,1787762438.223
3164,89.734,0.000201,0.00010035,2048,22823.11,1787762438.314
3165,82.722,0.000201,0.00010033,2048,24757.74,1787762438.397
3166,97.843,0.000133,0.00010031,2048,20931.49,1787762438.495
3167,95.389,0.000115,0.00010029,2048,21470.03,1787762438.592
3168,106.133,0.000202,0.00010027,2048,19296.45,1787762438.698
3169,108.496,0.000225,0.00010026,2048,18876.34,1787762438.808
3170,110.59,0.000156,0.00010024,2048,18518.85,1787762438.92
3171,104.353,0.00019,0.00010023,2048,19625.71,1787762439.024
3172,100.937,0.000142,0.00010021,2048,20289.8,1787762439.127
3173,119.832,0.000189,0.0001002,2048,17090.55,1787762439.247
3174,142.849,0.000163,0.00010018,2048,14336.79,1787762439.391
3175,139.916,0.000143,0.00010017,2048,14637.4,1787762439.533
3176,103.761,0.000149,0.00010015,2048,19737.61,1787762439.638
3177,122.097,0.000123,0.00010014,2048,16773.49,1787762439.761
3178,124.709,0.000366,0.00010013,2048,16422.27,1787762439.886
3179,112.586,0.000102,0.00010012,2048,18190.51,1787762440.0
3180,164.149,0.000121,0.00010011,2048,12476.44,1787762440.166
3181,116.187,0.000196,0.0001001,2048,17626.77,1787762440.283
3182,81.338,0.000216,0.00010009,2048,25178.76,1787762440.366
3183,81.507,0.000116,0.00010008,2048,25126.71,1787762440.448
3184,89.173,0.000114,0.00010007,2048,22966.49,1787762440.539
3185,105.038,0.000145,0.00010006,2048,19497.74,1787762440.644
3186,116.4,0.000206,0.00010005,2048,17594.52,1787762440.761
3187,118.796,0.000175,0.00010005,2048,17239.62,1787762440.882
3188,145.311,0.000199,0.00010004,2048,14093.88,1787762441.029
3189,120.385,0.000261,0.00010003,2048,17012.04,1787762441.151
3190,125.083,0.000169,0.00010003,2048,16373.13,1787762441.276
3191,95.079,0.000155,0.00010002,2048,21539.91,1787762441.372
3192,78.064,9.5e-05,0.00010002,2048,26234.92,1787762441.452
3193,88.446,0.000162,0.00010001,2048,23155.24,1787762441.541
3194,89.478,0.000119,0.00010001,2048,22888.23,1787762441.63
3195,90.66,0.000118,0.00010001,2048,22589.95,1787762441.722
3196,103.664,0.000144,0.0001,2048,19756.12,1787762441.826
3197,95.151,0.000162,0.0001,2048,21523.59,1787762441.923
3198,96.197,0.00018,0.0001,2048,21289.71,1787762442.019
3199,106.578,0.000142,0.0001,2048,19216.06,1787762442.127
3200,148.108,0.000113,0.0001,2048,13827.71,1787762442.277
