step,elapsed_ms,loss,lr,tokens,tokens_per_sec,timestamp
1,309.634,1.294749,3.13e-06,2048,6614.26,1787760637.405
2,595.212,1.249256,6.25e-06,2048,3440.79,1787760638.002
3,361.052,1.259879,9.37e-06,2048,5672.31,1787760638.365
4,328.812,1.234974,1.25e-05,2048,6228.49,1787760638.695
5,330.112,1.216761,1.563e-05,2048,6203.96,1787760639.027
6,265.448,1.23064,1.875e-05,2048,7715.25,1787760639.295
7,265.039,1.21948,2.187e-05,2048,7727.18,1787760639.562
8,246.963,1.304065,2.5e-05,2048,8292.73,1787760639.811
9,306.7,1.280105,2.813e-05,2048,6677.55,1787760640.119
10,252.191,1.214267,3.125e-05,2048,8120.85,1787760640.373
11,249.498,1.207792,3.438e-05,2048,8208.48,1787760640.625
12,240.669,1.267452,3.75e-05,2048,8509.61,1787760640.867
13,307.414,1.243799,4.063e-05,2048,6662.02,1787760641.177
14,312.263,1.183515,4.375e-05,2048,6558.57,1787760641.491
15,272.064,1.28949,4.688e-05,2048,7527.65,1787760641.765
16,286.231,1.264707,5e-05,2048,7155.06,1787760642.053
17,297.873,1.233432,5.312e-05,2048,6875.42,1787760642.353
18,285.078,1.257692,5.625e-05,2048,7184.0,1787760642.64
19,284.739,1.164525,5.937e-05,2048,7192.55,1787760642.927
20,258.956,1.197105,6.25e-05,2048,7908.68,1787760643.188
21,232.004,1.142444,6.563e-05,2048,8827.44,1787760643.422
22,289.266,1.208922,6.875e-05,2048,7080.0,1787760643.714
23,214.142,1.225057,7.187e-05,2048,9563.73,1787760643.929
24,261.414,1.143192,7.5e-05,2048,7834.33,1787760644.192
25,242.656,1.064731,7.813e-05,2048,8439.93,1787760644.437
26,269.547,1.148982,8.125e-05,2048,7597.94,1787760644.708
27,294.146,1.11929,8.438e-05,2048,6962.54,1787760645.005
28,284.457,1.061871,8.75e-05,2048,7199.67,1787760645.291
29,314.575,1.088953,9.062e-05,2048,6510.36,1787760645.607
30,322.629,1.070428,9.375e-05,2048,6347.84,1787760645.932
31,301.281,1.092298,9.688e-05,2048,6797.64,1787760646.235
32,255.459,0.890733,0.0001,2048,8016.95,1787760646.493
33,242.373,1.113362,0.00010312,2048,8449.78,1787760646.737
34,323.437,1.09199,0.00010625,2048,6331.98,1787760647.062
35,286.868,0.991556,0.00010938,2048,7139.16,1787760647.352
36,279.362,0.996828,0.0001125,2048,7330.98,1787760647.633
37,264.163,0.914146,0.00011563,2048,7752.8,1787760647.9
38,254.703,0.863894,0.00011875,2048,8040.75,1787760648.156
39,346.474,0.883038,0.00012187,2048,5910.98,1787760648.504
40,220.731,1.145213,0.000125,2048,9278.27,1787760648.728
41,251.304,0.967127,0.00012812,2048,8149.48,1787760648.981
42,265.501,0.781114,0.00013125,2048,7713.73,1787760649.249
43,284.765,0.963928,0.00013438,2048,7191.88,1787760649.535
44,309.622,0.73656,0.0001375,2048,6614.51,1787760649.848
45,423.346,0.890494,0.00014063,2048,4837.65,1787760650.273
46,337.067,0.773589,0.00014375,2048,6075.94,1787760650.611
47,307.419,1.051921,0.00014688,2048,6661.93,1787760650.921
48,355.018,0.917199,0.00015,2048,5768.72,1787760651.278
49,452.789,0.759463,0.00015313,2048,4523.08,1787760651.733
50,318.3,0.952145,0.00015625,2048,6434.19,1787760652.053
51,288.891,0.777743,0.00015937,2048,7089.18,1787760652.344
52,355.783,0.844081,0.0001625,2048,5756.32,1787760652.701
53,436.537,0.708268,0.00016563,2048,4691.46,1787760653.14
54,275.938,0.621275,0.00016875,2048,7421.96,1787760653.418
55,446.407,0.677045,0.00017187,2048,4587.74,1787760653.867
56,236.901,0.8973,0.000175,2048,8644.96,1787760654.106
57,240.611,0.832004,0.00017813,2048,8511.68,1787760654.349
58,225.354,0.779258,0.00018125,2048,9087.93,1787760654.576
59,378.925,0.644456,0.00018438,2048,5404.76,1787760654.957
60,661.217,0.711677,0.0001875,2048,3097.32,1787760655.62
61,451.031,0.781112,0.00019062,2048,4540.7,1787760656.073
62,477.615,0.733417,0.00019375,2048,4287.98,1787760656.553
63,364.524,0.613249,0.00019688,2048,5618.28,1787760656.919
64,263.827,0.542649,0.0002,2048,7762.65,1787760657.184
65,880.606,0.703492,0.00020313,2048,2325.67,1787760658.067
66,457.027,0.576277,0.00020625,2048,4481.14,1787760658.526
67,489.052,0.683976,0.00020938,2048,4187.69,1787760659.017
68,1516.701,0.468614,0.0002125,2048,1350.3,1787760660.536
69,808.021,0.561922,0.00021563,2048,2534.59,1787760661.346
70,1241.693,0.450523,0.00021875,2048,1649.36,1787760662.59
71,472.127,0.57868,0.00022187,2048,4337.81,1787760663.064
72,261.953,0.570618,0.000225,2048,7818.18,1787760663.327
73,317.298,0.601564,0.00022813,2048,6454.5,1787760663.647
74,221.96,0.647616,0.00023125,2048,9226.87,1787760663.871
75,265.244,0.415621,0.00023437,2048,7721.2,1787760664.138
76,418.024,0.53761,0.0002375,2048,4899.24,1787760664.558
77,373.231,0.350382,0.00024063,2048,5487.21,1787760664.933
78,574.88,0.683462,0.00024375,2048,3562.48,1787760665.51
79,367.066,0.683865,0.00024688,2048,5579.38,1787760665.879
80,612.01,0.506673,0.00025,2048,3346.35,1787760666.493
81,619.415,0.592059,0.00025312,2048,3306.35,1787760667.114
82,653.563,0.414823,0.00025625,2048,3133.59,1787760667.77
83,649.82,0.433896,0.00025938,2048,3151.64,1787760668.421
84,984.753,0.494648,0.0002625,2048,2079.71,1787760669.408
85,854.929,0.373353,0.00026563,2048,2395.52,1787760670.265
86,275.936,0.365081,0.00026875,2048,7422.0,1787760670.543
87,349.345,0.397242,0.00027187,2048,5862.41,1787760670.895
88,293.959,0.355658,0.000275,2048,6966.95,1787760671.19
89,495.156,0.500694,0.00027812,2048,4136.07,1787760671.688
90,611.957,0.532355,0.00028125,2048,3346.64,1787760672.302
91,685.164,0.352058,0.00028438,2048,2989.07,1787760672.99
92,595.465,0.321568,0.0002875,2048,3439.33,1787760673.586
93,322.092,0.38025,0.00029063,2048,6358.43,1787760673.91
94,249.862,0.465754,0.00029375,2048,8196.52,1787760674.163
95,236.73,0.333723,0.00029687,2048,8651.22,1787760674.4
96,378.354,0.33902,0.0003,2048,5412.92,1787760674.78
97,401.866,0.290424,0.00030313,2048,5096.22,1787760675.185
98,361.545,0.263223,0.00030625,2048,5664.58,1787760675.549
99,349.881,0.266719,0.00030938,2048,5853.43,1787760675.9
100,312.925,0.261675,0.0003125,2048,6544.71,1787760676.216
101,583.264,0.239069,0.00031562,2048,3511.28,1787760676.8
102,295.214,0.241216,0.00031875,2048,6937.34,1787760677.098
103,636.897,0.248538,0.00032188,2048,3215.59,1787760677.737
104,378.374,0.244769,0.000325,2048,5412.64,1787760678.117
105,402.653,0.220346,0.00032813,2048,5086.26,1787760678.521
106,454.982,0.235191,0.00033125,2048,4501.28,1787760678.978
107,251.327,0.205824,0.00033437,2048,8148.73,1787760679.232
108,341.009,0.199293,0.0003375,2048,6005.72,1787760679.575
109,266.311,0.213321,0.00034062,2048,7690.25,1787760679.843
110,236.383,0.200744,0.00034375,2048,8663.92,1787760680.081
111,232.838,0.178605,0.00034688,2048,8795.82,1787760680.317
112,439.754,0.21968,0.00035,2048,4657.15,1787760680.758
113,369.642,0.196948,0.00035313,2048,5540.5,1787760681.129
114,674.971,0.221727,0.00035625,2048,3034.2,1787760681.807
115,292.567,0.201443,0.00035937,2048,7000.11,1787760682.101
116,295.56,0.173062,0.0003625,2048,6929.22,1787760682.398
117,561.235,0.235116,0.00036563,2048,3649.1,1787760682.962
118,562.352,0.182907,0.00036875,2048,3641.85,1787760683.526
119,226.745,0.21042,0.00037188,2048,9032.19,1787760683.755
120,278.947,0.146178,0.000375,2048,7341.89,1787760684.035
121,247.263,0.193359,0.00037812,2048,8282.69,1787760684.284
122,217.94,0.223821,0.00038125,2048,9397.07,1787760684.505
123,348.638,0.155339,0.00038438,2048,5874.29,1787760684.855
124,238.74,0.14792,0.0003875,2048,8578.37,1787760685.096
125,247.81,0.139967,0.00039063,2048,8264.39,1787760685.345
126,237.606,0.199203,0.00039375,2048,8619.31,1787760685.586
127,229.01,0.168116,0.00039687,2048,8942.83,1787760685.818
128,278.125,0.343521,0.0004,2048,7363.6,1787760686.097
129,244.37,0.127407,0.00040313,2048,8380.73,1787760686.344
130,242.516,0.157725,0.00040625,2048,8444.8,1787760686.588
131,248.325,0.173358,0.00040938,2048,8247.26,1787760686.839
132,260.612,0.552756,0.0004125,2048,7858.43,1787760687.101
133,274.844,0.175183,0.00041563,2048,7451.5,1787760687.377
134,287.795,0.141421,0.00041875,2048,7116.18,1787760687.667
135,224.908,0.280968,0.00042187,2048,9105.96,1787760687.896
136,252.903,0.240338,0.000425,2048,8097.95,1787760688.151
137,252.831,0.375978,0.00042813,2048,8100.28,1787760688.405
138,244.172,0.565577,0.00043125,2048,8387.51,1787760688.651
139,246.377,0.357631,0.00043438,2048,8312.47,1787760688.9
140,240.1,0.268421,0.0004375,2048,8529.78,1787760689.142
141,213.089,0.186877,0.00044062,2048,9611.01,1787760689.357
142,207.191,0.176818,0.00044375,2048,9884.58,1787760689.566
143,219.007,0.152407,0.00044688,2048,9351.29,1787760689.786
144,252.457,0.158538,0.00045,2048,8112.27,1787760690.041
145,221.809,0.169349,0.00045313,2048,9233.17,1787760690.264
146,214.561,0.171245,0.00045625,2048,9545.06,1787760690.481
147,218.051,0.164961,0.00045937,2048,9392.29,1787760690.701
148,291.284,0.142059,0.0004625,2048,7030.95,1787760690.994
149,205.365,0.149822,0.00046563,2048,9972.47,1787760691.201
150,170.686,0.154941,0.00046875,2048,11998.68,1787760691.374
151,276.881,0.316705,0.00047188,2048,7396.67,1787760691.653
152,256.586,0.146288,0.000475,2048,7981.74,1787760691.911
153,248.051,0.285659,0.00047813,2048,8256.35,1787760692.162
154,214.934,0.15867,0.00048125,2048,9528.5,1787760692.378
155,214.004,0.188634,0.00048437,2048,9569.92,1787760692.594
156,235.851,0.196463,0.0004875,2048,8683.43,1787760692.831
157,197.918,0.288601,0.00049062,2048,10347.71,1787760693.031
158,275.153,0.266168,0.00049375,2048,7443.14,1787760693.307
159,246.282,0.162869,0.00049688,2048,8315.68,1787760693.555
160,226.254,0.220513,0.0005,2048,9051.79,1787760693.784
161,232.007,0.094251,0.00050313,2048,8827.32,1787760694.018
162,238.034,0.1104,0.00050625,2048,8603.82,1787760694.258
163,217.757,0.154685,0.00050938,2048,9404.96,1787760694.478
164,228.599,0.156305,0.0005125,2048,8958.94,1787760694.708
165,186.245,0.120518,0.00051563,2048,10996.26,1787760694.897
166,219.369,0.144504,0.00051875,2048,9335.87,1787760695.117
167,254.363,0.196196,0.00052187,2048,8051.49,1787760695.374
168,314.329,0.098257,0.000525,2048,6515.46,1787760695.69
169,197.505,0.091872,0.00052812,2048,10369.35,1787760695.889
170,244.757,0.076318,0.00053125,2048,8367.48,1787760696.136
171,279.407,0.112492,0.00053438,2048,7329.8,1787760696.417
172,298.133,0.54321,0.0005375,2048,6869.41,1787760696.717
173,261.178,0.176253,0.00054062,2048,7841.4,1787760696.98
174,244.991,0.115589,0.00054375,2048,8359.49,1787760697.226
175,217.719,0.107585,0.00054688,2048,9406.63,1787760697.447
176,200.124,0.104029,0.00055,2048,10233.64,1787760697.648
177,196.131,0.071237,0.00055313,2048,10441.99,1787760697.846
178,202.248,0.144665,0.00055625,2048,10126.18,1787760698.05
179,237.7,0.065771,0.00055937,2048,8615.91,1787760698.289
180,426.282,0.069098,0.0005625,2048,4804.34,1787760698.717
181,242.625,0.141314,0.00056563,2048,8441.01,1787760698.963
182,182.221,0.297756,0.00056875,2048,11239.12,1787760699.147
183,230.255,0.153556,0.00057188,2048,8894.49,1787760699.379
184,185.115,0.106796,0.000575,2048,11063.38,1787760699.566
185,177.776,0.076294,0.00057812,2048,11520.13,1787760699.745
186,174.72,0.091166,0.00058125,2048,11721.62,1787760699.921
187,152.68,0.088057,0.00058438,2048,13413.7,1787760700.075
188,176.008,0.063573,0.0005875,2048,11635.83,1787760700.253
189,174.009,1.275393,0.00059063,2048,11769.53,1787760700.429
190,183.646,0.124702,0.00059375,2048,11151.91,1787760700.614
191,170.797,0.099159,0.00059688,2048,11990.86,1787760700.786
192,176.028,0.091192,0.0006,2048,11634.51,1787760700.964
193,144.202,0.094114,0.00060313,2048,14202.26,1787760701.109
194,119.087,0.084269,0.00060625,2048,17197.45,1787760701.229
195,114.315,0.434652,0.00060937,2048,17915.47,1787760701.345
196,161.985,0.044411,0.0006125,2048,12643.18,1787760701.508
197,180.759,0.066072,0.00061562,2048,11329.98,1787760701.69
198,207.555,0.065915,0.00061875,2048,9867.26,1787760701.899
199,204.328,0.051291,0.00062187,2048,10023.09,1787760702.106
200,229.431,0.056067,0.000625,2048,8926.43,1787760702.336
201,210.823,0.095304,0.00062813,2048,9714.33,1787760702.549
202,211.616,0.108349,0.00063125,2048,9677.91,1787760702.762
203,202.583,0.058024,0.00063438,2048,10109.44,1787760702.967
204,240.324,0.060543,0.0006375,2048,8521.83,1787760703.209
205,220.003,0.066258,0.00064063,2048,9308.98,1787760703.43
206,202.337,0.054128,0.00064375,2048,10121.73,1787760703.634
207,258.749,0.055145,0.00064687,2048,7915.01,1787760703.895
208,199.409,0.058199,0.00065,2048,10270.37,1787760704.096
209,225.047,0.0713,0.00065312,2048,9100.31,1787760704.323
210,292.751,0.053042,0.00065625,2048,6995.7,1787760704.617
211,262.999,0.63156,0.00065938,2048,7787.1,1787760704.883
212,270.099,0.6868,0.0006625,2048,7582.41,1787760705.155
213,246.792,0.112348,0.00066562,2048,8298.47,1787760705.403
214,281.803,0.147912,0.00066875,2048,7267.5,1787760705.687
215,254.539,0.076202,0.00067188,2048,8045.91,1787760705.943
216,218.584,0.050202,0.000675,2048,9369.38,1787760706.164
217,245.281,0.094738,0.00067813,2048,8349.6,1787760706.412
218,256.615,1.565112,0.00068125,2048,7980.81,1787760706.67
219,220.084,0.16128,0.00068437,2048,9305.54,1787760706.892
220,425.13,0.185106,0.0006875,2048,4817.34,1787760707.318
221,232.757,0.118306,0.00069063,2048,8798.88,1787760707.553
222,251.185,0.085737,0.00069375,2048,8153.35,1787760707.806
223,242.389,0.097364,0.00069688,2048,8449.21,1787760708.051
224,238.279,0.128362,0.0007,2048,8594.97,1787760708.291
225,251.506,0.138661,0.00070312,2048,8142.96,1787760708.544
226,290.851,0.079256,0.00070625,2048,7041.41,1787760708.836
227,246.654,0.071258,0.00070938,2048,8303.12,1787760709.084
228,191.738,0.052341,0.0007125,2048,10681.26,1787760709.278
229,202.634,0.04682,0.00071563,2048,10106.87,1787760709.483
230,197.815,2.847538,0.00071875,2048,10353.1,1787760709.682
231,315.474,0.3608,0.00072188,2048,6491.83,1787760709.999
232,264.217,0.085322,0.000725,2048,7751.2,1787760710.265
233,283.179,0.143758,0.00072813,2048,7232.17,1787760710.55
234,245.108,0.15573,0.00073125,2048,8355.51,1787760710.797
235,230.604,0.25965,0.00073438,2048,8881.04,1787760711.03
236,214.538,0.474229,0.0007375,2048,9546.12,1787760711.247
237,225.024,0.096918,0.00074062,2048,9101.26,1787760711.474
238,191.248,0.087534,0.00074375,2048,10708.6,1787760711.666
239,221.043,0.053471,0.00074687,2048,9265.15,1787760711.89
240,306.404,0.057293,0.00075,2048,6683.98,1787760712.197
241,208.05,0.04107,0.00075313,2048,9843.79,1787760712.407
242,198.899,0.049536,0.00075625,2048,10296.67,1787760712.608
243,186.672,0.035765,0.00075938,2048,10971.11,1787760712.796
244,330.388,0.036132,0.0007625,2048,6198.78,1787760713.129
245,638.945,0.04451,0.00076563,2048,3205.29,1787760713.769
246,451.682,0.043078,0.00076875,2048,4534.17,1787760714.223
247,292.868,0.059509,0.00077187,2048,6992.92,1787760714.517
248,241.969,0.047977,0.000775,2048,8463.9,1787760714.761
249,240.585,0.039274,0.00077812,2048,8512.57,1787760715.004
250,243.848,0.025998,0.00078125,2048,8398.68,1787760715.249
251,244.306,0.052257,0.00078438,2048,8382.92,1787760715.496
252,216.146,0.035791,0.0007875,2048,9475.06,1787760715.714
253,214.536,0.061529,0.00079062,2048,9546.2,1787760715.931
254,214.85,0.074507,0.00079375,2048,9532.21,1787760716.148
255,222.259,0.448743,0.00079688,2048,9214.47,1787760716.371
256,195.587,0.069305,0.0008,2048,10471.03,1787760716.569
257,225.641,0.033222,0.00080313,2048,9076.37,1787760716.797
258,215.109,0.042111,0.00080625,2048,9520.74,1787760717.013
259,198.072,0.03068,0.00080937,2048,10339.66,1787760717.213
260,272.896,0.035401,0.0008125,2048,7504.7,1787760717.487
261,251.623,0.024473,0.00081563,2048,8139.16,1787760717.741
262,233.575,0.017675,0.00081875,2048,8768.08,1787760717.976
263,222.528,0.027303,0.00082188,2048,9203.32,1787760718.2
264,256.833,0.027638,0.000825,2048,7974.07,1787760718.459
265,680.796,0.439973,0.00082812,2048,3008.24,1787760719.141
266,287.428,0.034524,0.00083125,2048,7125.28,1787760719.43
267,207.263,0.184387,0.00083438,2048,9881.18,1787760719.639
268,451.637,0.044357,0.0008375,2048,4534.62,1787760720.092
269,373.178,0.022212,0.00084063,2048,5488.0,1787760720.468
270,277.717,0.02915,0.00084375,2048,7374.42,1787760720.746
271,205.396,0.026231,0.00084688,2048,9970.98,1787760720.954
272,227.771,0.019586,0.00085,2048,8991.48,1787760721.184
273,229.447,0.022493,0.00085313,2048,8925.81,1787760721.415
274,248.402,0.014071,0.00085625,2048,8244.69,1787760721.665
275,324.511,0.012266,0.00085938,2048,6311.04,1787760721.99
276,226.726,0.013283,0.0008625,2048,9032.94,1787760722.219
277,237.985,0.01429,0.00086562,2048,8605.57,1787760722.46
278,240.614,0.013299,0.00086875,2048,8511.56,1787760722.701
279,232.827,0.011576,0.00087187,2048,8796.24,1787760722.936
280,314.726,0.012902,0.000875,2048,6507.24,1787760723.253
281,216.628,0.011401,0.00087813,2048,9453.99,1787760723.472
282,204.734,0.01197,0.00088125,2048,10003.21,1787760723.678
283,253.196,0.010266,0.00088438,2048,8088.59,1787760723.933
284,218.179,0.009165,0.0008875,2048,9386.78,1787760724.153
285,210.429,0.009284,0.00089063,2048,9732.51,1787760724.365
286,201.865,0.013007,0.00089375,2048,10145.39,1787760724.568
287,219.004,0.010398,0.00089687,2048,9351.44,1787760724.79
288,208.947,0.008392,0.0009,2048,9801.55,1787760725.0
289,208.297,0.01096,0.00090312,2048,9832.12,1787760725.21
290,203.454,0.008225,0.00090625,2048,10066.16,1787760725.416
291,198.027,0.009427,0.00090938,2048,10342.03,1787760725.616
292,210.56,0.007447,0.0009125,2048,9726.46,1787760725.828
293,235.442,0.007757,0.00091562,2048,8698.54,1787760726.065
294,201.054,0.00993,0.00091875,2048,10186.31,1787760726.268
295,187.08,0.008862,0.00092188,2048,10947.16,1787760726.457
296,177.619,0.007651,0.000925,2048,11530.27,1787760726.636
297,150.991,0.007655,0.00092813,2048,13563.69,1787760726.788
298,177.26,0.007975,0.00093125,2048,11553.68,1787760726.966
299,176.789,0.007128,0.00093437,2048,11584.45,1787760727.145
300,183.573,0.008017,0.0009375,2048,11156.3,1787760727.33
301,175.111,0.009597,0.00094063,2048,11695.46,1787760727.507
302,188.533,0.00608,0.00094375,2048,10862.84,1787760727.696
303,214.347,0.00631,0.00094688,2048,9554.6,1787760727.913
304,217.679,0.007701,0.00095,2048,9408.37,1787760728.131
305,204.006,0.007304,0.00095312,2048,10038.92,1787760728.337
306,189.122,0.007499,0.00095625,2048,10828.98,1787760728.528
307,184.08,0.004841,0.00095938,2048,11125.57,1787760728.715
308,163.913,0.005348,0.0009625,2048,12494.43,1787760728.88
309,181.597,0.006169,0.00096563,2048,11277.74,1787760729.063
310,170.182,0.005648,0.00096875,2048,12034.19,1787760729.236
311,175.341,0.007127,0.00097188,2048,11680.1,1787760729.412
312,187.793,0.008253,0.000975,2048,10905.63,1787760729.601
313,177.982,0.006689,0.00097813,2048,11506.79,1787760729.781
314,172.266,0.010432,0.00098125,2048,11888.59,1787760729.955
315,145.063,0.006625,0.00098438,2048,14118.02,1787760730.101
316,114.118,0.005176,0.0009875,2048,17946.41,1787760730.216
317,138.367,0.004756,0.00099062,2048,14801.26,1787760730.355
318,211.571,0.006503,0.00099375,2048,9679.95,1787760730.567
319,209.973,0.006394,0.00099687,2048,9753.64,1787760730.779
320,203.038,0.005269,0.001,2048,10086.8,1787760730.984
321,222.576,0.005762,0.001,2048,9201.36,1787760731.209
322,220.861,0.006086,0.001,2048,9272.8,1787760731.431
323,214.205,0.004096,0.001,2048,9560.93,1787760731.647
324,226.56,0.004735,0.001,2048,9039.56,1787760731.875
325,232.591,0.004985,0.00099999,2048,8805.14,1787760732.112
326,206.935,0.00523,0.00099999,2048,9896.81,1787760732.32
327,218.105,0.00535,0.00099999,2048,9389.98,1787760732.54
328,197.333,0.004385,0.00099998,2048,10378.41,1787760732.739
329,206.136,0.005835,0.00099998,2048,9935.19,1787760732.947
330,201.342,0.004595,0.00099997,2048,10171.75,1787760733.15
331,204.152,0.004396,0.00099997,2048,10031.74,1787760733.356
332,195.647,0.004377,0.00099996,2048,10467.85,1787760733.553
333,233.722,0.005625,0.00099995,2048,8762.55,1787760733.789
334,316.82,0.005759,0.00099995,2048,6464.23,1787760734.107
335,261.282,0.006004,0.00099994,2048,7838.28,1787760734.371
336,241.343,0.003814,0.00099993,2048,8485.84,1787760734.614
337,303.885,0.003197,0.00099992,2048,6739.4,1787760734.919
338,249.286,0.005056,0.00099991,2048,8215.45,1787760735.171
339,269.348,0.003915,0.0009999,2048,7603.54,1787760735.442
340,263.58,0.003619,0.00099989,2048,7769.94,1787760735.708
341,260.588,0.00415,0.00099988,2048,7859.16,1787760735.971
342,251.111,0.003481,0.00099987,2048,8155.74,1787760736.223
343,240.022,0.003719,0.00099986,2048,8532.54,1787760736.466
344,225.774,0.00333,0.00099985,2048,9071.04,1787760736.694
345,217.839,0.003519,0.00099983,2048,9401.43,1787760736.914
346,199.561,0.003467,0.00099982,2048,10262.54,1787760737.115
347,178.61,0.002783,0.0009998,2048,11466.36,1787760737.295
348,180.34,0.003613,0.00099979,2048,11356.36,1787760737.477
349,170.137,0.002818,0.00099977,2048,12037.34,1787760737.648
350,179.946,0.002697,0.00099976,2048,11381.22,1787760737.83
351,173.959,0.002754,0.00099974,2048,11772.89,1787760738.006
352,149.278,0.003002,0.00099973,2048,13719.37,1787760738.155
353,205.735,0.002492,0.00099971,2048,9954.54,1787760738.363
354,204.652,0.002593,0.00099969,2048,10007.21,1787760738.57
355,211.283,0.002492,0.00099967,2048,9693.15,1787760738.782
356,207.363,0.002394,0.00099965,2048,9876.41,1787760738.992
357,288.237,0.002397,0.00099963,2048,7105.26,1787760739.282
358,187.355,0.002419,0.00099961,2048,10931.11,1787760739.472
359,188.119,0.002444,0.00099959,2048,10886.74,1787760739.661
360,169.909,0.002398,0.00099957,2048,12053.55,1787760739.832
361,183.772,0.002287,0.00099955,2048,11144.24,1787760740.019
362,166.055,0.002516,0.00099953,2048,12333.26,1787760740.186
363,191.175,0.002317,0.00099951,2048,10712.69,1787760740.379
364,283.8,0.002437,0.00099948,2048,7216.36,1787760740.664
365,212.351,0.002252,0.00099946,2048,9644.39,1787760740.878
366,250.276,0.002135,0.00099943,2048,8182.97,1787760741.13
367,168.635,0.002206,0.00099941,2048,12144.59,1787760741.301
368,185.57,0.00224,0.00099938,2048,11036.25,1787760741.488
369,255.31,0.002121,0.00099936,2048,8021.64,1787760741.744
370,197.565,0.002114,0.00099933,2048,10366.2,1787760741.943
371,239.707,0.002026,0.0009993,2048,8543.78,1787760742.184
372,288.168,0.002216,0.00099928,2048,7106.96,1787760742.474
373,323.158,0.002113,0.00099925,2048,6337.46,1787760742.799
374,233.453,0.002142,0.00099922,2048,8772.64,1787760743.034
375,209.07,0.002018,0.00099919,2048,9795.76,1787760743.244
376,210.693,0.002241,0.00099916,2048,9720.32,1787760743.457
377,257.844,0.002331,0.00099913,2048,7942.78,1787760743.717
378,185.366,0.002322,0.0009991,2048,11048.39,1787760743.904
379,210.631,0.001946,0.00099907,2048,9723.16,1787760744.117
380,216.098,0.002189,0.00099904,2048,9477.19,1787760744.334
381,218.134,0.002054,0.000999,2048,9388.74,1787760744.554
382,429.139,0.001952,0.00099897,2048,4772.35,1787760744.985
383,351.969,0.001936,0.00099894,2048,5818.69,1787760745.34
384,428.54,0.00187,0.0009989,2048,4779.02,1787760745.769
385,242.211,0.002215,0.00099887,2048,8455.43,1787760746.013
386,219.608,0.00208,0.00099883,2048,9325.69,1787760746.235
387,253.753,0.001899,0.0009988,2048,8070.84,1787760746.49
388,517.989,0.002371,0.00099876,2048,3953.76,1787760747.01
389,594.059,0.001879,0.00099873,2048,3447.47,1787760747.606
390,186.665,0.001888,0.00099869,2048,10971.51,1787760747.793
391,272.949,0.001919,0.00099865,2048,7503.25,1787760748.068
392,239.686,0.00188,0.00099861,2048,8544.51,1787760748.31
393,210.953,0.001894,0.00099857,2048,9708.34,1787760748.522
394,952.966,0.00219,0.00099853,2048,2149.08,1787760749.477
395,319.385,0.001693,0.00099849,2048,6412.32,1787760749.798
396,241.9,0.001822,0.00099845,2048,8466.31,1787760750.041
397,243.938,0.002446,0.00099841,2048,8395.57,1787760750.289
398,256.135,0.001976,0.00099837,2048,7995.78,1787760750.547
399,249.148,0.001606,0.00099833,2048,8220.01,1787760750.798
400,279.921,0.001829,0.00099829,2048,7316.35,1787760751.079
401,289.366,0.001996,0.00099824,2048,7077.53,1787760751.37
402,231.752,0.001952,0.0009982,2048,8837.02,1787760751.604
403,234.282,0.001597,0.00099816,2048,8741.61,1787760751.84
404,334.092,0.001687,0.00099811,2048,6130.05,1787760752.176
405,279.812,0.001613,0.00099807,2048,7319.2,1787760752.457
406,309.927,0.001558,0.00099802,2048,6608.0,1787760752.769
407,183.547,0.001541,0.00099798,2048,11157.92,1787760752.954
408,377.86,0.001617,0.00099793,2048,5420.0,1787760753.334
409,185.73,0.001517,0.00099788,2048,11026.75,1787760753.521
410,180.251,0.001592,0.00099783,2048,11361.92,1787760753.703
411,238.721,0.001586,0.00099778,2048,8579.06,1787760753.943
412,217.402,0.001487,0.00099774,2048,9420.33,1787760754.162
413,289.272,0.001722,0.00099769,2048,7079.83,1787760754.452
414,311.942,0.001559,0.00099764,2048,6565.33,1787760754.767
415,288.69,0.001491,0.00099759,2048,7094.11,1787760755.058
416,617.199,0.001705,0.00099753,2048,3318.22,1787760755.676
417,342.081,0.001473,0.00099748,2048,5986.88,1787760756.02
418,286.385,0.001476,0.00099743,2048,7151.21,1787760756.308
419,267.633,0.001525,0.00099738,2048,7652.26,1787760756.577
420,260.537,0.001425,0.00099733,2048,7860.68,1787760756.84
421,217.351,0.001613,0.00099727,2048,9422.55,1787760757.059
422,220.258,0.001479,0.00099722,2048,9298.2,1787760757.28
423,551.168,0.001646,0.00099716,2048,3715.74,1787760757.834
424,197.576,0.00143,0.00099711,2048,10365.65,1787760758.034
425,277.403,0.001401,0.00099705,2048,7382.77,1787760758.313
426,210.257,0.001875,0.000997,2048,9740.45,1787760758.525
427,194.99,0.001393,0.00099694,2048,10503.09,1787760758.721
428,199.041,0.001616,0.00099688,2048,10289.35,1787760758.922
429,194.482,0.001655,0.00099682,2048,10530.53,1787760759.118
430,171.958,0.001307,0.00099676,2048,11909.88,1787760759.292
431,178.915,0.001484,0.00099671,2048,11446.74,1787760759.473
432,156.667,0.001896,0.00099665,2048,13072.29,1787760759.632
433,173.868,0.001396,0.00099659,2048,11779.06,1787760759.807
434,181.73,0.001979,0.00099653,2048,11269.47,1787760759.99
435,169.903,0.00148,0.00099646,2048,12053.94,1787760760.162
436,186.526,0.001395,0.0009964,2048,10979.69,1787760760.35
437,177.324,0.001257,0.00099634,2048,11549.45,1787760760.53
438,170.763,0.001435,0.00099628,2048,11993.21,1787760760.702
439,184.78,0.00175,0.00099621,2048,11083.46,1787760760.888
440,160.944,0.001475,0.00099615,2048,12724.93,1787760761.051
441,175.842,0.001495,0.00099609,2048,11646.8,1787760761.228
442,189.303,0.001484,0.00099602,2048,10818.62,1787760761.419
443,197.53,0.001208,0.00099596,2048,10368.06,1787760761.618
444,201.637,0.001362,0.00099589,2048,10156.87,1787760761.822
445,202.961,0.001319,0.00099582,2048,10090.6,1787760762.026
446,188.518,0.001282,0.00099576,2048,10863.68,1787760762.217
447,195.634,0.00145,0.00099569,2048,10468.54,1787760762.414
448,184.288,0.001345,0.00099562,2048,11113.06,1787760762.6
449,167.764,0.001498,0.00099555,2048,12207.66,1787760762.769
450,173.797,0.001227,0.00099548,2048,11783.85,1787760762.945
451,148.268,0.001331,0.00099541,2048,13812.85,1787760763.095
452,158.534,0.001184,0.00099534,2048,12918.4,1787760763.255
453,157.337,0.001493,0.00099527,2048,13016.65,1787760763.414
454,192.125,0.00136,0.0009952,2048,10659.72,1787760763.608
455,146.702,0.001391,0.00099513,2048,13960.29,1787760763.756
456,144.675,0.001391,0.00099506,2048,14155.83,1787760763.901
457,133.669,0.001536,0.00099498,2048,15321.38,1787760764.036
458,126.034,0.002251,0.00099491,2048,16249.56,1787760764.164
459,121.932,0.001601,0.00099484,2048,16796.27,1787760764.287
460,134.845,0.001527,0.00099476,2048,15187.84,1787760764.422
461,135.041,0.003513,0.00099469,2048,15165.74,1787760764.558
462,127.814,0.0013,0.00099461,2048,16023.25,1787760764.687
463,153.229,0.002639,0.00099454,2048,13365.58,1787760764.843
464,131.086,0.007475,0.00099446,2048,15623.3,1787760764.974
465,129.062,0.001256,0.00099438,2048,15868.33,1787760765.104
466,116.598,0.004667,0.00099431,2048,17564.67,1787760765.222
467,131.931,0.003177,0.00099423,2048,15523.25,1787760765.355
468,117.312,0.001513,0.00099415,2048,17457.78,1787760765.473
469,138.522,0.002201,0.00099407,2048,14784.61,1787760765.613
470,167.01,0.00294,0.00099399,2048,12262.76,1787760765.781
471,177.209,0.00168,0.00099391,2048,11556.95,1787760765.959
472,149.922,0.002228,0.00099383,2048,13660.44,1787760766.111
473,143.319,0.008005,0.00099375,2048,14289.83,1787760766.257
474,158.631,0.001798,0.00099367,2048,12910.51,1787760766.416
475,134.545,0.005606,0.00099358,2048,15221.67,1787760766.552
476,156.851,0.006855,0.0009935,2048,13056.95,1787760766.71
477,177.26,0.003698,0.00099342,2048,11553.64,1787760766.889
478,149.67,0.002749,0.00099333,2048,13683.46,1787760767.04
479,128.214,0.001782,0.00099325,2048,15973.33,1787760767.169
480,159.468,0.003059,0.00099316,2048,12842.69,1787760767.329
481,152.627,0.004695,0.00099308,2048,13418.32,1787760767.484
482,144.695,0.002804,0.00099299,2048,14153.87,1787760767.63
483,151.362,0.009041,0.00099291,2048,13530.47,1787760767.782
484,119.582,0.001735,0.00099282,2048,17126.31,1787760767.904
485,112.095,0.003054,0.00099273,2048,18270.2,1787760768.017
486,122.432,0.005335,0.00099264,2048,16727.67,1787760768.14
487,158.435,0.001589,0.00099255,2048,12926.44,1787760768.301
488,147.279,0.002655,0.00099246,2048,13905.59,1787760768.449
489,153.643,0.002734,0.00099237,2048,13329.61,1787760768.603
490,133.258,0.002396,0.00099228,2048,15368.72,1787760768.738
491,118.078,0.001712,0.00099219,2048,17344.51,1787760768.857
492,163.799,0.003172,0.0009921,2048,12503.11,1787760769.022
493,184.645,0.00284,0.00099201,2048,11091.56,1787760769.209
494,197.497,0.00189,0.00099192,2048,10369.78,1787760769.408
495,191.66,0.004354,0.00099183,2048,10685.58,1787760769.601
496,175.228,0.002877,0.00099173,2048,11687.64,1787760769.778
497,199.585,0.002343,0.00099164,2048,10261.3,1787760769.979
498,222.974,0.001942,0.00099154,2048,9184.91,1787760770.204
499,205.122,0.002248,0.00099145,2048,9984.32,1787760770.411
500,209.794,0.002407,0.00099135,2048,9761.96,1787760770.622
501,194.718,0.001848,0.00099126,2048,10517.76,1787760770.818
502,186.962,0.001724,0.00099116,2048,10954.12,1787760771.006
503,156.541,0.002497,0.00099106,2048,13082.81,1787760771.165
504,201.592,0.001592,0.00099097,2048,10159.12,1787760771.368
505,270.962,0.002692,0.00099087,2048,7558.26,1787760771.641
506,239.251,0.003041,0.00099077,2048,8560.04,1787760771.883
507,244.087,0.00441,0.00099067,2048,8390.45,1787760772.128
508,221.769,0.00215,0.00099057,2048,9234.82,1787760772.353
509,236.642,0.004692,0.00099047,2048,8654.42,1787760772.591
510,274.511,0.00582,0.00099037,2048,7460.54,1787760772.868
511,260.391,0.001539,0.00099027,2048,7865.09,1787760773.13
512,238.751,0.003401,0.00099017,2048,8577.97,1787760773.371
513,295.866,0.003791,0.00099006,2048,6922.05,1787760773.668
514,279.38,0.003454,0.00098996,2048,7330.5,1787760773.95
515,251.476,0.002219,0.00098986,2048,8143.91,1787760774.203
516,286.516,0.002578,0.00098975,2048,7147.95,1787760774.492
517,232.328,0.003489,0.00098965,2048,8815.12,1787760774.725
518,238.506,0.003783,0.00098954,2048,8586.79,1787760774.966
519,235.856,0.003785,0.00098944,2048,8683.28,1787760775.204
520,259.327,0.004496,0.00098933,2048,7897.35,1787760775.466
521,268.162,0.006331,0.00098923,2048,7637.16,1787760775.736
522,264.318,0.005576,0.00098912,2048,7748.25,1787760776.001
523,252.427,0.002609,0.00098901,2048,8113.24,1787760776.257
524,212.028,0.004948,0.0009889,2048,9659.12,1787760776.471
525,235.667,0.007537,0.0009888,2048,8690.24,1787760776.708
526,265.597,0.001733,0.00098869,2048,7710.94,1787760776.975
527,282.87,0.00405,0.00098858,2048,7240.08,1787760777.26
528,320.778,0.003296,0.00098847,2048,6384.49,1787760777.582
529,307.387,0.003226,0.00098836,2048,6662.62,1787760777.892
530,275.974,0.002649,0.00098824,2048,7421.0,1787760778.17
531,290.912,0.002632,0.00098813,2048,7039.93,1787760778.463
532,268.397,0.00311,0.00098802,2048,7630.49,1787760778.733
533,239.435,0.004931,0.00098791,2048,8553.48,1787760778.974
534,208.585,0.00261,0.00098779,2048,9818.54,1787760779.185
535,265.812,0.003242,0.00098768,2048,7704.69,1787760779.453
536,245.606,0.003024,0.00098757,2048,8338.57,1787760779.7
537,218.046,0.005012,0.00098745,2048,9392.49,1787760779.92
538,215.61,0.003169,0.00098734,2048,9498.64,1787760780.137
539,242.214,0.001877,0.00098722,2048,8455.33,1787760780.381
540,268.359,0.001391,0.0009871,2048,7631.55,1787760780.651
541,250.979,0.002604,0.00098699,2048,8160.06,1787760780.905
542,227.32,0.003527,0.00098687,2048,9009.31,1787760781.134
543,253.276,0.002577,0.00098675,2048,8086.06,1787760781.39
544,246.886,0.002024,0.00098663,2048,8295.34,1787760781.638
545,246.533,0.001571,0.00098651,2048,8307.19,1787760781.887
546,231.642,0.0028,0.00098639,2048,8841.24,1787760782.12
547,221.971,0.004113,0.00098627,2048,9226.43,1787760782.344
548,220.279,0.003149,0.00098615,2048,9297.3,1787760782.565
549,223.285,0.001247,0.00098603,2048,9172.15,1787760782.79
550,202.121,0.002603,0.00098591,2048,10132.54,1787760782.994
551,243.2,0.004284,0.00098579,2048,8421.04,1787760783.239
552,219.809,0.002832,0.00098567,2048,9317.16,1787760783.461
553,346.956,0.001326,0.00098554,2048,5902.76,1787760783.81
554,438.514,0.003114,0.00098542,2048,4670.32,1787760784.25
555,323.502,0.004992,0.0009853,2048,6330.72,1787760784.576
556,286.324,0.001522,0.00098517,2048,7152.74,1787760784.863
557,246.376,0.002348,0.00098505,2048,8312.49,1787760785.111
558,240.646,0.002907,0.00098492,2048,8510.43,1787760785.353
559,345.552,0.002038,0.00098479,2048,5926.75,1787760785.703
560,520.269,0.001765,0.00098467,2048,3936.42,1787760786.224
561,607.611,0.001695,0.00098454,2048,3370.58,1787760786.833
562,229.43,0.001534,0.00098441,2048,8926.46,1787760787.065
563,233.805,0.002642,0.00098428,2048,8759.45,1787760787.3
564,235.541,0.002078,0.00098415,2048,8694.89,1787760787.538
565,264.816,0.001279,0.00098402,2048,7733.66,1787760787.805
566,358.662,0.001219,0.0009839,2048,5710.12,1787760788.165
567,263.779,0.002013,0.00098376,2048,7764.08,1787760788.43
568,322.137,0.001755,0.00098363,2048,6357.55,1787760788.755
569,420.281,0.001592,0.0009835,2048,4872.93,1787760789.177
570,309.744,0.002206,0.00098337,2048,6611.91,1787760789.489
571,293.746,0.001572,0.00098324,2048,6972.02,1787760789.785
572,302.948,0.002362,0.0009831,2048,6760.24,1787760790.089
573,265.298,0.003425,0.00098297,2048,7719.61,1787760790.356
574,240.773,0.001729,0.00098284,2048,8505.95,1787760790.599
575,236.552,0.001243,0.0009827,2048,8657.73,1787760790.837
576,217.178,0.003904,0.00098257,2048,9430.07,1787760791.056
577,243.836,0.002286,0.00098243,2048,8399.1,1787760791.302
578,226.267,0.001624,0.0009823,2048,9051.24,1787760791.53
579,241.938,0.003592,0.00098216,2048,8464.97,1787760791.775
580,342.302,0.001474,0.00098202,2048,5983.03,1787760792.118
581,335.235,0.001211,0.00098188,2048,6109.15,1787760792.455
582,219.714,0.00191,0.00098175,2048,9321.23,1787760792.677
583,795.979,0.001395,0.00098161,2048,2572.93,1787760793.475
584,284.393,0.00166,0.00098147,2048,7201.31,1787760793.761
585,242.756,0.001071,0.00098133,2048,8436.45,1787760794.005
586,283.905,0.001104,0.00098119,2048,7213.68,1787760794.292
587,240.632,0.001278,0.00098105,2048,8510.92,1787760794.533
588,336.978,0.001019,0.00098091,2048,6077.56,1787760794.873
589,456.84,0.00125,0.00098077,2048,4482.97,1787760795.332
590,264.653,0.001568,0.00098062,2048,7738.43,1787760795.599
591,237.284,0.000941,0.00098048,2048,8630.99,1787760795.837
592,246.323,0.001204,0.00098034,2048,8314.28,1787760796.086
593,261.799,0.001151,0.00098019,2048,7822.8,1787760796.35
594,344.029,0.001412,0.00098005,2048,5952.99,1787760796.696
595,259.604,0.001613,0.0009799,2048,7888.93,1787760796.957
596,305.23,0.000872,0.00097976,2048,6709.7,1787760797.265
597,267.083,0.000969,0.00097961,2048,7668.03,1787760797.534
598,270.623,0.001282,0.00097947,2048,7567.74,1787760797.807
599,258.126,0.002533,0.00097932,2048,7934.09,1787760798.067
600,294.575,0.001301,0.00097917,2048,6952.38,1787760798.363
601,262.305,0.00102,0.00097902,2048,7807.71,1787760798.627
602,251.277,0.002181,0.00097888,2048,8150.37,1787760798.881
603,252.485,0.001535,0.00097873,2048,8111.37,1787760799.134
604,825.328,0.001416,0.00097858,2048,2481.44,1787760799.962
605,238.939,0.00167,0.00097843,2048,8571.21,1787760800.203
606,425.553,0.001378,0.00097828,2048,4812.56,1787760800.63
607,220.884,0.001395,0.00097813,2048,9271.83,1787760800.853
608,248.908,0.001509,0.00097798,2048,8227.93,1787760801.104
609,258.893,0.001085,0.00097782,2048,7910.61,1787760801.365
610,236.662,0.001302,0.00097767,2048,8653.68,1787760801.604
611,243.303,0.001274,0.00097752,2048,8417.47,1787760801.849
612,259.197,0.001106,0.00097736,2048,7901.34,1787760802.109
613,276.897,0.000933,0.00097721,2048,7396.24,1787760802.39
614,262.713,0.001015,0.00097706,2048,7795.57,1787760802.655
615,254.053,0.001082,0.0009769,2048,8061.31,1787760802.911
616,212.228,0.000987,0.00097675,2048,9649.99,1787760803.124
617,226.406,0.001087,0.00097659,2048,9045.71,1787760803.352
618,220.465,0.000989,0.00097643,2048,9289.44,1787760803.575
619,247.717,0.001122,0.00097628,2048,8267.52,1787760803.824
620,247.624,0.00191,0.00097612,2048,8270.61,1787760804.075
621,222.05,0.000857,0.00097596,2048,9223.16,1787760804.298
622,218.201,0.000959,0.0009758,2048,9385.82,1787760804.518
623,202.36,0.001452,0.00097564,2048,10120.56,1787760804.722
624,218.895,0.001476,0.00097548,2048,9356.1,1787760804.943
625,205.82,0.000917,0.00097532,2048,9950.46,1787760805.151
626,203.425,0.000952,0.00097516,2048,10067.62,1787760805.357
627,207.574,0.00127,0.000975,2048,9866.38,1787760805.565
628,216.495,0.001381,0.00097484,2048,9459.82,1787760805.783
629,227.949,0.000896,0.00097468,2048,8984.45,1787760806.013
630,186.393,0.001087,0.00097452,2048,10987.54,1787760806.201
631,171.024,0.000978,0.00097435,2048,11974.94,1787760806.374
632,169.294,0.001568,0.00097419,2048,12097.33,1787760806.545
633,172.538,0.001612,0.00097402,2048,11869.84,1787760806.719
634,208.747,0.00088,0.00097386,2048,9810.91,1787760806.93
635,234.679,0.000947,0.00097369,2048,8726.81,1787760807.167
636,196.149,0.001449,0.00097353,2048,10441.02,1787760807.365
637,205.301,0.001044,0.00097336,2048,9975.58,1787760807.572
638,618.768,0.001059,0.0009732,2048,3309.8,1787760808.191
639,230.11,0.001215,0.00097303,2048,8900.11,1787760808.424
640,262.349,0.00102,0.00097286,2048,7806.4,1787760808.688
641,220.251,0.0009,0.00097269,2048,9298.49,1787760808.91
642,198.098,0.001314,0.00097252,2048,10338.3,1787760809.109
643,193.03,0.001435,0.00097236,2048,10609.73,1787760809.305
644,183.01,0.000781,0.00097219,2048,11190.67,1787760809.489
645,177.674,0.000867,0.00097202,2048,11526.74,1787760809.669
646,177.028,0.001133,0.00097185,2048,11568.78,1787760809.846
647,166.584,0.00091,0.00097167,2048,12294.1,1787760810.015
648,184.601,0.000777,0.0009715,2048,11094.21,1787760810.201
649,197.859,0.001055,0.00097133,2048,10350.82,1787760810.401
650,198.633,0.000867,0.00097116,2048,10310.47,1787760810.602
651,192.908,0.000743,0.00097098,2048,10616.44,1787760810.796
652,192.686,0.000864,0.00097081,2048,10628.7,1787760810.991
653,256.961,0.000795,0.00097064,2048,7970.08,1787760811.25
654,208.63,0.000889,0.00097046,2048,9816.43,1787760811.46
655,213.566,0.000772,0.00097029,2048,9589.54,1787760811.675
656,206.727,0.000641,0.00097011,2048,9906.8,1787760811.883
657,249.566,0.001069,0.00096994,2048,8206.24,1787760812.135
658,245.756,0.000764,0.00096976,2048,8333.48,1787760812.383
659,218.084,0.000717,0.00096958,2048,9390.89,1787760812.602
660,311.203,0.000789,0.0009694,2048,6580.92,1787760812.916
661,265.236,0.001014,0.00096923,2048,7721.44,1787760813.183
662,264.99,0.000794,0.00096905,2048,7728.59,1787760813.45
663,252.653,0.000811,0.00096887,2048,8105.98,1787760813.704
664,233.238,0.000728,0.00096869,2048,8780.73,1787760813.94
665,272.021,0.000749,0.00096851,2048,7528.83,1787760814.214
666,254.666,0.000889,0.00096833,2048,8041.91,1787760814.47
667,254.411,0.000662,0.00096815,2048,8049.96,1787760814.727
668,256.135,0.000951,0.00096796,2048,7995.79,1787760814.985
669,256.715,0.000755,0.00096778,2048,7977.72,1787760815.244
670,246.954,0.000907,0.0009676,2048,8293.06,1787760815.493
671,322.131,0.001073,0.00096742,2048,6357.67,1787760815.817
672,230.108,0.000912,0.00096723,2048,8900.16,1787760816.049
673,226.204,0.000847,0.00096705,2048,9053.76,1787760816.277
674,267.689,0.001002,0.00096686,2048,7650.66,1787760816.546
675,235.841,0.000995,0.00096668,2048,8683.83,1787760816.784
676,222.374,0.001158,0.00096649,2048,9209.71,1787760817.008
677,214.717,0.00093,0.00096631,2048,9538.15,1787760817.224
678,220.229,0.000777,0.00096612,2048,9299.39,1787760817.446
679,196.274,0.000872,0.00096593,2048,10434.41,1787760817.644
680,227.498,0.000747,0.00096575,2048,9002.3,1787760817.874
681,210.131,0.000956,0.00096556,2048,9746.29,1787760818.086
682,230.827,0.000758,0.00096537,2048,8872.44,1787760818.318
683,241.194,0.000898,0.00096518,2048,8491.1,1787760818.561
684,245.43,0.001066,0.00096499,2048,8344.53,1787760818.808
685,290.479,0.000796,0.0009648,2048,7050.43,1787760819.101
686,239.052,0.000726,0.00096461,2048,8567.18,1787760819.342
687,230.91,0.00086,0.00096442,2048,8869.24,1787760819.575
688,251.368,0.000731,0.00096423,2048,8147.41,1787760819.829
689,246.202,0.000828,0.00096404,2048,8318.39,1787760820.076
690,250.792,0.000696,0.00096384,2048,8166.12,1787760820.329
691,241.264,0.000799,0.00096365,2048,8488.64,1787760820.572
692,245.777,0.000882,0.00096346,2048,8332.75,1787760820.82
693,282.083,0.000804,0.00096326,2048,7260.27,1787760821.103
694,239.876,0.000844,0.00096307,2048,8537.74,1787760821.345
695,247.31,0.000766,0.00096287,2048,8281.1,1787760821.594
696,254.2,0.001186,0.00096268,2048,8056.65,1787760821.851
697,252.887,0.000768,0.00096248,2048,8098.49,1787760822.105
698,242.642,0.000616,0.00096228,2048,8440.4,1787760822.35
699,225.093,0.000858,0.00096209,2048,9098.48,1787760822.577
700,210.811,0.00104,0.00096189,2048,9714.89,1787760822.79
701,202.736,0.000826,0.00096169,2048,10101.82,1787760822.994
702,247.994,0.000868,0.00096149,2048,8258.25,1787760823.244
703,188.603,0.000808,0.00096129,2048,10858.79,1787760823.435
704,224.177,0.000915,0.0009611,2048,9135.62,1787760823.661
705,223.247,0.000616,0.0009609,2048,9173.69,1787760823.886
706,228.851,0.000857,0.0009607,2048,8949.04,1787760824.117
707,225.366,0.000893,0.00096049,2048,9087.45,1787760824.344
708,246.969,0.00062,0.00096029,2048,8292.55,1787760824.592
709,228.222,0.001011,0.00096009,2048,8973.71,1787760824.823
710,235.333,0.001088,0.00095989,2048,8702.56,1787760825.06
711,220.812,0.000753,0.00095969,2048,9274.84,1787760825.282
712,239.403,0.001333,0.00095948,2048,8554.62,1787760825.524
713,209.299,0.001096,0.00095928,2048,9785.03,1787760825.734
714,205.15,0.000738,0.00095907,2048,9982.93,1787760825.941
715,207.509,0.000855,0.00095887,2048,9869.45,1787760826.151
716,206.53,0.001068,0.00095866,2048,9916.23,1787760826.359
717,183.704,0.000791,0.00095846,2048,11148.38,1787760826.544
718,204.031,0.000867,0.00095825,2048,10037.71,1787760826.75
719,221.973,0.00119,0.00095805,2048,9226.33,1787760826.974
720,212.227,0.000945,0.00095784,2048,9650.07,1787760827.187
721,235.217,0.00084,0.00095763,2048,8706.85,1787760827.426
722,243.149,0.000993,0.00095742,2048,8422.82,1787760827.671
723,204.803,0.00123,0.00095721,2048,9999.84,1787760827.877
724,177.324,0.000574,0.000957,2048,11549.49,1787760828.056
725,179.969,0.001076,0.0009568,2048,11379.71,1787760828.237
726,153.408,0.000965,0.00095659,2048,13349.99,1787760828.393
727,179.873,0.000617,0.00095637,2048,11385.84,1787760828.574
728,192.583,0.000815,0.00095616,2048,10634.36,1787760828.768
729,182.321,0.001024,0.00095595,2048,11232.94,1787760828.953
730,197.595,0.000645,0.00095574,2048,10364.65,1787760829.152
731,153.94,0.000602,0.00095553,2048,13303.86,1787760829.308
732,171.099,0.000764,0.00095531,2048,11969.67,1787760829.481
733,160.479,0.00085,0.0009551,2048,12761.81,1787760829.641
734,183.466,0.000684,0.00095489,2048,11162.84,1787760829.827
735,180.986,0.000968,0.00095467,2048,11315.78,1787760830.01
736,201.562,0.000904,0.00095446,2048,10160.64,1787760830.213
737,190.472,0.000783,0.00095424,2048,10752.21,1787760830.405
738,181.237,0.001149,0.00095403,2048,11300.12,1787760830.589
739,189.267,0.000535,0.00095381,2048,10820.71,1787760830.779
740,190.358,0.000578,0.00095359,2048,10758.68,1787760830.972
741,186.005,0.000749,0.00095338,2048,11010.44,1787760831.16
742,191.377,0.00098,0.00095316,2048,10701.39,1787760831.352
743,176.535,0.000612,0.00095294,2048,11601.08,1787760831.53
744,179.139,0.000538,0.00095272,2048,11432.49,1787760831.712
745,172.106,0.000885,0.0009525,2048,11899.65,1787760831.885
746,161.499,0.00185,0.00095228,2048,12681.19,1787760832.048
747,162.063,0.000723,0.00095206,2048,12637.04,1787760832.212
748,204.211,0.001252,0.00095184,2048,10028.86,1787760832.417
749,216.915,0.001513,0.00095162,2048,9441.47,1787760832.635
750,195.722,0.000723,0.0009514,2048,10463.83,1787760832.833
751,175.945,0.001217,0.00095118,2048,11640.01,1787760833.01
752,148.129,0.000876,0.00095095,2048,13825.8,1787760833.16
753,157.041,0.000659,0.00095073,2048,13041.21,1787760833.319
754,114.028,0.000946,0.00095051,2048,17960.53,1787760833.433
755,137.161,0.000945,0.00095028,2048,14931.3,1787760833.572
756,138.307,0.001187,0.00095006,2048,14807.63,1787760833.711
757,122.031,0.001004,0.00094983,2048,16782.59,1787760833.835
758,130.167,0.000673,0.00094961,2048,15733.62,1787760833.966
759,120.061,0.000764,0.00094938,2048,17058.01,1787760834.088
760,164.636,0.000618,0.00094915,2048,12439.56,1787760834.253
761,158.134,0.000821,0.00094893,2048,12951.07,1787760834.413
762,131.564,0.000698,0.0009487,2048,15566.6,1787760834.545
763,180.189,0.000558,0.00094847,2048,11365.83,1787760834.727
764,151.468,0.000602,0.00094824,2048,13520.97,1787760834.879
765,196.782,0.000754,0.00094802,2048,10407.47,1787760835.078
766,207.027,0.000948,0.00094779,2048,9892.44,1787760835.286
767,209.893,0.000494,0.00094756,2048,9757.33,1787760835.498
768,205.242,0.000582,0.00094733,2048,9978.45,1787760835.705
769,198.581,0.00071,0.0009471,2048,10313.18,1787760835.905
770,157.542,0.000574,0.00094686,2048,12999.68,1787760836.065
771,187.939,0.000519,0.00094663,2048,10897.15,1787760836.253
772,224.783,0.000608,0.0009464,2048,9111.0,1787760836.481
773,183.551,0.00065,0.00094617,2048,11157.67,1787760836.666
774,200.671,0.000885,0.00094594,2048,10205.77,1787760836.868
775,176.089,0.000634,0.0009457,2048,11630.51,1787760837.046
776,214.96,0.001105,0.00094547,2048,9527.37,1787760837.264
777,209.107,0.00083,0.00094523,2048,9794.03,1787760837.476
778,201.438,0.000636,0.000945,2048,10166.89,1787760837.679
779,190.974,0.000945,0.00094476,2048,10723.95,1787760837.871
780,163.939,0.001103,0.00094453,2048,12492.44,1787760838.037
781,158.784,0.000712,0.00094429,2048,12898.02,1787760838.196
782,196.058,0.000832,0.00094405,2048,10445.86,1787760838.394
783,234.371,0.001503,0.00094382,2048,8738.3,1787760838.63
784,226.005,0.000618,0.00094358,2048,9061.74,1787760838.858
785,182.742,0.000603,0.00094334,2048,11207.07,1787760839.042
786,168.351,0.000764,0.0009431,2048,12165.06,1787760839.212
787,164.359,0.000756,0.00094286,2048,12460.56,1787760839.377
788,171.429,0.00068,0.00094262,2048,11946.62,1787760839.55
789,175.079,0.00049,0.00094238,2048,11697.56,1787760839.727
790,177.698,0.000671,0.00094214,2048,11525.19,1787760839.906
791,195.382,0.001006,0.0009419,2048,10482.04,1787760840.104
792,199.331,0.000747,0.00094166,2048,10274.38,1787760840.306
793,161.392,0.000675,0.00094142,2048,12689.6,1787760840.47
794,132.686,0.000795,0.00094118,2048,15434.97,1787760840.604
795,168.824,0.000834,0.00094093,2048,12130.98,1787760840.774
796,225.096,0.000566,0.00094069,2048,9098.34,1787760841.001
797,209.22,0.000881,0.00094045,2048,9788.75,1787760841.212
798,183.358,0.000682,0.0009402,2048,11169.42,1787760841.397
799,171.357,0.000541,0.00093996,2048,11951.66,1787760841.57
800,162.731,0.000639,0.00093971,2048,12585.19,1787760841.735
801,164.873,0.001006,0.00093947,2048,12421.7,1787760841.902
802,178.281,0.000621,0.00093922,2048,11487.49,1787760842.081
803,197.609,0.000589,0.00093897,2048,10363.91,1787760842.281
804,197.855,0.000694,0.00093873,2048,10351.03,1787760842.48
805,183.387,0.000707,0.00093848,2048,11167.65,1787760842.666
806,190.175,0.000783,0.00093823,2048,10769.05,1787760842.857
807,157.416,0.00087,0.00093798,2048,13010.08,1787760843.016
808,121.064,0.000854,0.00093773,2048,16916.6,1787760843.138
809,173.966,0.000549,0.00093748,2048,11772.38,1787760843.314
810,166.703,0.000783,0.00093723,2048,12285.34,1787760843.481
811,161.645,0.000914,0.00093698,2048,12669.71,1787760843.646
812,174.796,0.000497,0.00093673,2048,11716.54,1787760843.822
813,157.013,0.00069,0.00093648,2048,13043.49,1787760843.98
814,153.048,0.000775,0.00093623,2048,13381.46,1787760844.134
815,143.561,0.000682,0.00093598,2048,14265.71,1787760844.279
816,184.546,0.000675,0.00093573,2048,11097.52,1787760844.465
817,165.36,0.000663,0.00093547,2048,12385.13,1787760844.631
818,158.556,0.000647,0.00093522,2048,12916.55,1787760844.792
819,170.002,0.000684,0.00093496,2048,12046.91,1787760844.963
820,175.205,0.000645,0.00093471,2048,11689.16,1787760845.139
821,167.417,0.000772,0.00093446,2048,12232.89,1787760845.308
822,165.409,0.000465,0.0009342,2048,12381.46,1787760845.475
823,175.536,0.000678,0.00093394,2048,11667.15,1787760845.652
824,179.958,0.000747,0.00093369,2048,11380.46,1787760845.833
825,184.375,0.000441,0.00093343,2048,11107.82,1787760846.019
826,150.786,0.000447,0.00093317,2048,13582.17,1787760846.171
827,167.851,0.000574,0.00093292,2048,12201.27,1787760846.34
828,188.616,0.000553,0.00093266,2048,10858.06,1787760846.53
829,147.483,0.000511,0.0009324,2048,13886.38,1787760846.679
830,171.812,0.0005,0.00093214,2048,11919.98,1787760846.852
831,151.722,0.000515,0.00093188,2048,13498.38,1787760847.006
832,155.723,0.000513,0.00093162,2048,13151.52,1787760847.164
833,144.033,0.000509,0.00093136,2048,14218.95,1787760847.308
834,170.441,0.000532,0.0009311,2048,12015.92,1787760847.481
835,183.596,0.000566,0.00093084,2048,11154.9,1787760847.666
836,161.061,0.000496,0.00093058,2048,12715.66,1787760847.828
837,178.834,0.000467,0.00093032,2048,11451.95,1787760848.008
838,163.489,0.000692,0.00093005,2048,12526.81,1787760848.173
839,176.079,0.000537,0.00092979,2048,11631.14,1787760848.351
840,189.264,0.000507,0.00092953,2048,10820.85,1787760848.541
841,202.671,0.000481,0.00092926,2048,10105.05,1787760848.747
842,175.008,0.000693,0.000929,2048,11702.32,1787760848.923
843,168.756,0.000607,0.00092873,2048,12135.86,1787760849.093
844,195.804,0.000479,0.00092847,2048,10459.46,1787760849.291
845,180.581,0.000645,0.0009282,2048,11341.15,1787760849.472
846,186.745,0.00066,0.00092794,2048,10966.86,1787760849.661
847,182.907,0.000445,0.00092767,2048,11196.97,1787760849.846
848,191.347,0.000551,0.0009274,2048,10703.05,1787760850.039
849,193.282,0.000474,0.00092713,2048,10595.9,1787760850.234
850,229.06,0.000507,0.00092687,2048,8940.87,1787760850.465
851,218.276,0.000573,0.0009266,2048,9382.63,1787760850.685
852,220.914,0.000536,0.00092633,2048,9270.58,1787760850.908
853,186.192,0.000428,0.00092606,2048,10999.43,1787760851.096
854,193.52,0.000828,0.00092579,2048,10582.86,1787760851.291
855,203.632,0.00053,0.00092552,2048,10057.38,1787760851.496
856,224.541,0.000806,0.00092525,2048,9120.84,1787760851.723
857,199.103,0.001178,0.00092498,2048,10286.12,1787760851.924
858,188.928,0.00057,0.00092471,2048,10840.1,1787760852.115
859,203.763,0.001198,0.00092443,2048,10050.9,1787760852.319
860,221.405,0.000893,0.00092416,2048,9250.03,1787760852.543
861,233.764,0.000529,0.00092389,2048,8760.97,1787760852.778
862,293.742,0.000978,0.00092362,2048,6972.1,1787760853.074
863,269.346,0.00085,0.00092334,2048,7603.61,1787760853.345
864,242.12,0.000503,0.00092307,2048,8458.63,1787760853.589
865,294.057,0.000715,0.00092279,2048,6964.64,1787760853.886
866,258.916,0.000664,0.00092252,2048,7909.91,1787760854.146
867,253.115,0.000739,0.00092224,2048,8091.17,1787760854.401
868,257.403,0.00088,0.00092197,2048,7956.39,1787760854.661
869,322.254,0.000698,0.00092169,2048,6355.24,1787760854.985
870,296.081,0.000579,0.00092141,2048,6917.02,1787760855.284
871,251.606,0.000548,0.00092113,2048,8139.7,1787760855.536
872,234.967,0.000629,0.00092086,2048,8716.11,1787760855.774
873,241.524,0.000397,0.00092058,2048,8479.49,1787760856.016
874,248.307,0.000533,0.0009203,2048,8247.85,1787760856.266
875,228.345,0.000746,0.00092002,2048,8968.88,1787760856.496
876,272.874,0.00049,0.00091974,2048,7505.3,1787760856.772
877,231.027,0.000544,0.00091946,2048,8864.78,1787760857.005
878,266.327,0.000494,0.00091918,2048,7689.81,1787760857.273
879,210.214,0.000714,0.0009189,2048,9742.45,1787760857.485
880,217.136,0.000603,0.00091862,2048,9431.89,1787760857.704
881,210.87,0.000719,0.00091834,2048,9712.14,1787760857.916
882,252.35,0.000511,0.00091805,2048,8115.7,1787760858.171
883,246.383,0.000857,0.00091777,2048,8312.25,1787760858.42
884,230.87,0.000828,0.00091749,2048,8870.79,1787760858.653
885,252.288,0.000511,0.00091721,2048,8117.72,1787760858.907
886,233.136,0.000783,0.00091692,2048,8784.58,1787760859.143
887,260.337,0.000637,0.00091664,2048,7866.72,1787760859.404
888,227.895,0.000762,0.00091635,2048,8986.58,1787760859.634
889,194.462,0.000895,0.00091607,2048,10531.64,1787760859.83
890,206.847,0.000755,0.00091578,2048,9901.03,1787760860.039
891,218.619,0.000504,0.00091549,2048,9367.92,1787760860.259
892,265.498,0.000777,0.00091521,2048,7713.81,1787760860.526
893,233.508,0.000743,0.00091492,2048,8770.57,1787760860.761
894,254.644,0.000906,0.00091463,2048,8042.6,1787760861.018
895,237.375,0.000862,0.00091435,2048,8627.71,1787760861.256
896,232.144,0.000636,0.00091406,2048,8822.11,1787760861.491
897,189.943,0.000803,0.00091377,2048,10782.16,1787760861.682
898,214.165,0.000703,0.00091348,2048,9562.72,1787760861.899
899,197.172,0.000729,0.00091319,2048,10386.87,1787760862.096
900,251.269,0.000781,0.0009129,2048,8150.63,1787760862.35
901,189.261,0.000537,0.00091261,2048,10821.04,1787760862.542
902,269.32,0.001612,0.00091232,2048,7604.33,1787760862.813
903,216.718,0.00037,0.00091203,2048,9450.09,1787760863.032
904,279.604,0.000469,0.00091174,2048,7324.66,1787760863.313
905,245.068,0.002674,0.00091144,2048,8356.85,1787760863.56
906,295.109,0.0006,0.00091115,2048,6939.8,1787760863.857
907,294.811,0.000853,0.00091086,2048,6946.82,1787760864.153
908,233.383,0.001733,0.00091056,2048,8775.26,1787760864.389
909,249.7,0.000785,0.00091027,2048,8201.83,1787760864.64
910,265.499,0.000712,0.00090998,2048,7713.78,1787760864.908
911,254.928,0.001693,0.00090968,2048,8033.65,1787760865.165
912,274.17,0.000716,0.00090939,2048,7469.83,1787760865.441
913,277.652,0.00106,0.00090909,2048,7376.15,1787760865.721
914,254.598,0.001996,0.00090879,2048,8044.05,1787760865.977
915,271.071,0.001001,0.0009085,2048,7555.21,1787760866.251
916,237.184,0.000895,0.0009082,2048,8634.66,1787760866.489
917,237.59,0.001451,0.0009079,2048,8619.89,1787760866.729
918,279.181,0.001019,0.00090761,2048,7335.73,1787760867.011
919,293.787,0.002557,0.00090731,2048,6971.03,1787760867.306
920,250.3,0.002266,0.00090701,2048,8182.17,1787760867.559
921,252.338,0.002585,0.00090671,2048,8116.09,1787760867.814
922,221.077,0.001028,0.00090641,2048,9263.76,1787760868.036
923,181.135,0.001242,0.00090611,2048,11306.48,1787760868.219
924,196.908,0.002286,0.00090581,2048,10400.79,1787760868.417
925,254.118,0.000814,0.00090551,2048,8059.25,1787760868.673
926,285.893,0.00137,0.00090521,2048,7163.52,1787760868.96
927,250.659,0.002621,0.00090491,2048,8170.46,1787760869.213
928,229.722,0.000545,0.0009046,2048,8915.12,1787760869.445
929,215.351,0.000787,0.0009043,2048,9510.07,1787760869.662
930,285.174,0.001601,0.000904,2048,7181.59,1787760869.949
931,220.355,0.001092,0.0009037,2048,9294.11,1787760870.172
932,266.318,0.000478,0.00090339,2048,7690.06,1787760870.44
933,212.841,0.000939,0.00090309,2048,9622.18,1787760870.654
934,202.524,0.000842,0.00090278,2048,10112.39,1787760870.858
935,239.067,0.000567,0.00090248,2048,8566.64,1787760871.1
936,247.39,0.000561,0.00090217,2048,8278.44,1787760871.349
937,277.097,0.000732,0.00090187,2048,7390.92,1787760871.628
938,228.694,0.001031,0.00090156,2048,8955.2,1787760871.859
939,258.262,0.00056,0.00090126,2048,7929.93,1787760872.119
940,236.318,0.000752,0.00090095,2048,8666.3,1787760872.358
941,259.511,0.001022,0.00090064,2048,7891.78,1787760872.619
942,228.121,0.000968,0.00090033,2048,8977.68,1787760872.849
943,210.928,0.000858,0.00090002,2048,9709.46,1787760873.061
944,227.267,0.000764,0.00089972,2048,9011.42,1787760873.291
945,206.217,0.001012,0.00089941,2048,9931.27,1787760873.499
946,208.301,0.000529,0.0008991,2048,9831.91,1787760873.709
947,251.748,0.000869,0.00089879,2048,8135.1,1787760873.963
948,223.608,0.000959,0.00089848,2048,9158.9,1787760874.188
949,223.607,0.000524,0.00089817,2048,9158.91,1787760874.414
950,258.536,0.00084,0.00089785,2048,7921.52,1787760874.673
951,219.179,0.000732,0.00089754,2048,9343.98,1787760874.894
952,212.124,0.000456,0.00089723,2048,9654.72,1787760875.109
953,285.345,0.000582,0.00089692,2048,7177.28,1787760875.396
954,295.604,0.000698,0.00089661,2048,6928.19,1787760875.694
955,268.556,0.001036,0.00089629,2048,7625.98,1787760875.965
956,253.62,0.000451,0.00089598,2048,8075.06,1787760876.221
957,246.123,0.000818,0.00089566,2048,8321.05,1787760876.469
958,253.742,0.000568,0.00089535,2048,8071.19,1787760876.725
959,208.832,0.000637,0.00089504,2048,9806.91,1787760876.935
960,240.501,0.000527,0.00089472,2048,8515.54,1787760877.177
961,242.955,0.000494,0.0008944,2048,8429.54,1787760877.422
962,243.574,0.00036,0.00089409,2048,8408.12,1787760877.668
963,225.293,0.000483,0.00089377,2048,9090.36,1787760877.895
964,208.065,0.000505,0.00089345,2048,9843.1,1787760878.105
965,195.109,0.000472,0.00089314,2048,10496.69,1787760878.302
966,236.9,0.000499,0.00089282,2048,8644.99,1787760878.54
967,259.508,0.000702,0.0008925,2048,7891.87,1787760878.802
968,314.226,0.000419,0.00089218,2048,6517.61,1787760879.118
969,261.806,0.000531,0.00089186,2048,7822.59,1787760879.381
970,223.436,0.000446,0.00089154,2048,9165.94,1787760879.607
971,227.06,0.000428,0.00089122,2048,9019.66,1787760879.835
972,197.736,0.0006,0.0008909,2048,10357.23,1787760880.035
973,183.627,0.000554,0.00089058,2048,11153.03,1787760880.222
974,189.248,0.000398,0.00089026,2048,10821.8,1787760880.413
975,202.049,0.000881,0.00088994,2048,10136.14,1787760880.616
976,202.016,0.000663,0.00088962,2048,10137.79,1787760880.821
977,293.528,0.000428,0.0008893,2048,6977.2,1787760881.116
978,192.237,0.000623,0.00088897,2048,10653.53,1787760881.31
979,206.439,0.000573,0.00088865,2048,9920.63,1787760881.517
980,281.027,0.000621,0.00088833,2048,7287.55,1787760881.8
981,203.309,0.000662,0.000888,2048,10073.33,1787760882.004
982,225.972,0.00058,0.00088768,2048,9063.09,1787760882.233
983,281.687,0.000447,0.00088736,2048,7270.49,1787760882.516
984,205.283,0.000622,0.00088703,2048,9976.48,1787760882.724
985,205.731,0.000702,0.0008867,2048,9954.74,1787760882.931
986,295.367,0.000529,0.00088638,2048,6933.74,1787760883.228
987,247.241,0.000472,0.00088605,2048,8283.43,1787760883.478
988,255.166,0.000776,0.00088573,2048,8026.14,1787760883.735
989,267.019,0.000568,0.0008854,2048,7669.85,1787760884.004
990,284.449,0.000697,0.00088507,2048,7199.87,1787760884.29
991,268.776,0.00064,0.00088474,2048,7619.74,1787760884.562
992,242.868,0.000508,0.00088442,2048,8432.56,1787760884.806
993,199.247,0.000423,0.00088409,2048,10278.7,1787760885.007
994,221.965,0.000561,0.00088376,2048,9226.7,1787760885.231
995,203.603,0.000611,0.00088343,2048,10058.81,1787760885.436
996,236.992,0.000431,0.0008831,2048,8641.65,1787760885.676
997,209.098,0.000799,0.00088277,2048,9794.46,1787760885.886
998,253.275,0.000721,0.00088244,2048,8086.09,1787760886.141
999,223.428,0.000421,0.00088211,2048,9166.26,1787760886.366
1000,187.775,0.000748,0.00088177,2048,10906.69,1787760886.556
1001,210.0,0.000564,0.00088144,2048,9752.39,1787760886.767
1002,237.325,0.000356,0.00088111,2048,8629.52,1787760887.007
1003,298.156,0.000583,0.00088078,2048,6868.88,1787760887.306
1004,298.229,0.000492,0.00088045,2048,6867.22,1787760887.606
1005,206.559,0.000379,0.00088011,2048,9914.84,1787760887.815
1006,262.917,0.000398,0.00087978,2048,7789.53,1787760888.079
1007,189.74,0.000423,0.00087944,2048,10793.69,1787760888.272
1008,194.367,0.000664,0.00087911,2048,10536.78,1787760888.467
1009,192.419,0.000383,0.00087877,2048,10643.42,1787760888.662
1010,216.163,0.000529,0.00087844,2048,9474.35,1787760888.88
1011,228.355,0.000457,0.0008781,2048,8968.5,1787760889.11
1012,211.334,0.000424,0.00087777,2048,9690.82,1787760889.323
1013,211.898,0.000474,0.00087743,2048,9665.01,1787760889.537
1014,215.722,0.000501,0.00087709,2048,9493.71,1787760889.754
1015,217.041,0.000394,0.00087676,2048,9436.0,1787760889.974
1016,239.073,0.000463,0.00087642,2048,8566.44,1787760890.215
1017,211.794,0.000669,0.00087608,2048,9669.77,1787760890.429
1018,186.126,0.000657,0.00087574,2048,11003.3,1787760890.616
1019,192.908,0.000427,0.0008754,2048,10616.45,1787760890.811
1020,233.798,0.000896,0.00087506,2048,8759.71,1787760891.046
1021,258.834,0.000513,0.00087472,2048,7912.42,1787760891.306
1022,210.926,0.00115,0.00087438,2048,9709.55,1787760891.519
1023,236.203,0.001043,0.00087404,2048,8670.51,1787760891.757
1024,238.578,0.000989,0.0008737,2048,8584.2,1787760891.998
1025,232.311,0.000493,0.00087336,2048,8815.76,1787760892.232
1026,255.756,0.000674,0.00087302,2048,8007.64,1787760892.489
1027,276.26,0.000548,0.00087268,2048,7413.31,1787760892.769
1028,264.006,0.000524,0.00087234,2048,7757.39,1787760893.035
1029,242.552,0.000357,0.00087199,2048,8443.53,1787760893.28
1030,289.762,0.000588,0.00087165,2048,7067.87,1787760893.571
1031,261.571,0.000634,0.00087131,2048,7829.61,1787760893.835
1032,280.793,0.000421,0.00087096,2048,7293.62,1787760894.118
1033,266.191,0.000401,0.00087062,2048,7693.71,1787760894.386
1034,263.877,0.000433,0.00087027,2048,7761.19,1787760894.652
1035,270.645,0.000389,0.00086993,2048,7567.12,1787760894.924
1036,322.079,0.000376,0.00086958,2048,6358.69,1787760895.249
1037,272.856,0.000402,0.00086924,2048,7505.79,1787760895.524
1038,241.456,0.000465,0.00086889,2048,8481.88,1787760895.767
1039,257.088,0.000433,0.00086854,2048,7966.14,1787760896.027
1040,269.179,0.000368,0.0008682,2048,7608.32,1787760896.298
1041,245.901,0.000357,0.00086785,2048,8328.57,1787760896.545
1042,242.359,0.000359,0.0008675,2048,8450.27,1787760896.788
1043,235.477,0.000325,0.00086716,2048,8697.25,1787760897.026
1044,275.504,0.00037,0.00086681,2048,7433.66,1787760897.303
1045,251.045,0.000349,0.00086646,2048,8157.91,1787760897.557
1046,242.585,0.000383,0.00086611,2048,8442.41,1787760897.801
1047,216.183,0.000425,0.00086576,2048,9473.45,1787760898.02
1048,250.298,0.000332,0.00086541,2048,8182.25,1787760898.272
1049,255.657,0.000395,0.00086506,2048,8010.75,1787760898.529
1050,248.474,0.000462,0.00086471,2048,8242.32,1787760898.779
1051,245.131,0.000393,0.00086436,2048,8354.72,1787760899.027
1052,242.235,0.000432,0.00086401,2048,8454.61,1787760899.271
1053,224.777,0.000445,0.00086365,2048,9111.23,1787760899.497
1054,229.779,0.000391,0.0008633,2048,8912.92,1787760899.73
1055,229.12,0.00033,0.00086295,2048,8938.54,1787760899.96
1056,230.708,0.000542,0.0008626,2048,8877.01,1787760900.192
1057,218.401,0.000453,0.00086224,2048,9377.24,1787760900.413
1058,251.204,0.000732,0.00086189,2048,8152.72,1787760900.665
1059,229.771,0.000531,0.00086154,2048,8913.21,1787760900.897
1060,250.112,0.000581,0.00086118,2048,8188.33,1787760901.149
1061,222.658,0.000809,0.00086083,2048,9197.96,1787760901.374
1062,225.669,0.00057,0.00086047,2048,9075.22,1787760901.601
1063,196.469,0.000505,0.00086012,2048,10424.06,1787760901.8
1064,200.212,0.00051,0.00085976,2048,10229.15,1787760902.002
1065,202.914,0.000559,0.0008594,2048,10092.96,1787760902.207
1066,198.178,0.000719,0.00085905,2048,10334.13,1787760902.406
1067,221.238,0.001331,0.00085869,2048,9256.98,1787760902.629
1068,230.17,0.000458,0.00085833,2048,8897.79,1787760902.861
1069,205.657,0.001383,0.00085797,2048,9958.3,1787760903.069
1070,263.334,0.000701,0.00085762,2048,7777.2,1787760903.334
1071,270.999,0.000909,0.00085726,2048,7557.22,1787760903.607
1072,248.337,0.001105,0.0008569,2048,8246.86,1787760903.857
1073,216.945,0.000626,0.00085654,2048,9440.18,1787760904.076
1074,227.063,0.001203,0.00085618,2048,9019.51,1787760904.304
1075,247.125,0.00085,0.00085582,2048,8287.31,1787760904.553
1076,260.278,0.000884,0.00085546,2048,7868.51,1787760904.815
1077,301.353,0.000455,0.0008551,2048,6796.01,1787760905.118
1078,258.926,0.001197,0.00085474,2048,7909.58,1787760905.379
1079,262.064,0.000749,0.00085438,2048,7814.88,1787760905.643
1080,227.702,0.000458,0.00085402,2048,8994.22,1787760905.873
1081,256.602,0.001304,0.00085365,2048,7981.22,1787760906.132
1082,222.57,0.000886,0.00085329,2048,9201.6,1787760906.357
1083,186.227,0.000466,0.00085293,2048,10997.33,1787760906.545
1084,205.082,0.000682,0.00085257,2048,9986.24,1787760906.751
1085,203.081,0.000867,0.0008522,2048,10084.63,1787760906.956
1086,230.779,0.000588,0.00085184,2048,8874.3,1787760907.188
1087,255.542,0.000663,0.00085147,2048,8014.34,1787760907.446
1088,234.281,0.000737,0.00085111,2048,8741.65,1787760907.682
1089,242.731,0.000805,0.00085074,2048,8437.33,1787760907.927
1090,283.005,0.000482,0.00085038,2048,7236.63,1787760908.211
1091,198.135,0.000829,0.00085001,2048,10336.38,1787760908.412
1092,259.014,0.001359,0.00084965,2048,7906.9,1787760908.672
1093,269.186,0.000557,0.00084928,2048,7608.11,1787760908.943
1094,282.442,0.00055,0.00084891,2048,7251.06,1787760909.228
1095,279.81,0.000925,0.00084855,2048,7319.26,1787760909.51
1096,277.962,0.000626,0.00084818,2048,7367.92,1787760909.789
1097,247.653,0.00126,0.00084781,2048,8269.63,1787760910.04
1098,342.582,0.000767,0.00084744,2048,5978.13,1787760910.385
1099,250.947,0.001149,0.00084707,2048,8161.07,1787760910.639
1100,244.081,0.000477,0.00084671,2048,8390.65,1787760910.884
1101,234.333,0.00061,0.00084634,2048,8739.71,1787760911.121
1102,282.431,0.000749,0.00084597,2048,7251.32,1787760911.405
1103,283.61,0.000393,0.0008456,2048,7221.18,1787760911.691
1104,259.854,0.001704,0.00084523,2048,7881.35,1787760911.952
1105,237.576,0.001511,0.00084486,2048,8620.38,1787760912.193
1106,249.856,0.000783,0.00084448,2048,8196.71,1787760912.445
1107,230.713,0.001071,0.00084411,2048,8876.85,1787760912.677
1108,252.457,0.001587,0.00084374,2048,8112.29,1787760912.931
1109,271.776,0.001463,0.00084337,2048,7535.63,1787760913.205
1110,251.295,0.001324,0.000843,2048,8149.77,1787760913.458
1111,242.953,0.001251,0.00084262,2048,8429.62,1787760913.703
1112,272.469,0.001478,0.00084225,2048,7516.47,1787760913.978
1113,304.973,0.001323,0.00084188,2048,6715.35,1787760914.283
1114,249.085,0.000534,0.0008415,2048,8222.08,1787760914.537
1115,245.894,0.00113,0.00084113,2048,8328.79,1787760914.784
1116,227.522,0.001761,0.00084076,2048,9001.31,1787760915.013
1117,230.106,0.001088,0.00084038,2048,8900.24,1787760915.246
1118,223.338,0.000689,0.00084001,2048,9169.95,1787760915.472
1119,269.028,0.000625,0.00083963,2048,7612.6,1787760915.743
1120,234.09,0.000766,0.00083925,2048,8748.76,1787760915.978
1121,223.75,0.000699,0.00083888,2048,9153.09,1787760916.204
1122,254.296,0.000406,0.0008385,2048,8053.62,1787760916.461
1123,302.799,0.000579,0.00083812,2048,6763.56,1787760916.764
1124,271.705,0.000764,0.00083775,2048,7537.58,1787760917.038
1125,243.662,0.000693,0.00083737,2048,8405.08,1787760917.284
1126,267.687,0.000395,0.00083699,2048,7650.73,1787760917.554
1127,216.39,0.000592,0.00083661,2048,9464.41,1787760917.772
1128,204.601,0.000772,0.00083624,2048,10009.72,1787760917.978
1129,200.424,0.00048,0.00083586,2048,10218.32,1787760918.182
1130,228.524,0.00042,0.00083548,2048,8961.85,1787760918.412
1131,194.963,0.000579,0.0008351,2048,10504.55,1787760918.608
1132,248.174,0.000551,0.00083472,2048,8252.29,1787760918.858
1133,243.662,0.000471,0.00083434,2048,8405.09,1787760919.104
1134,258.995,0.000727,0.00083396,2048,7907.5,1787760919.364
1135,230.096,0.000803,0.00083358,2048,8900.63,1787760919.597
1136,255.903,0.000844,0.00083319,2048,8003.04,1787760919.854
1137,232.715,0.00052,0.00083281,2048,8800.47,1787760920.089
1138,250.976,0.000561,0.00083243,2048,8160.13,1787760920.342
1139,283.284,0.000767,0.00083205,2048,7229.51,1787760920.626
1140,286.926,0.000915,0.00083167,2048,7137.74,1787760920.915
1141,265.929,0.000527,0.00083128,2048,7701.31,1787760921.183
1142,236.628,0.00053,0.0008309,2048,8654.93,1787760921.421
1143,252.398,0.00043,0.00083052,2048,8114.16,1787760921.675
1144,268.917,0.000504,0.00083013,2048,7615.72,1787760921.946
1145,254.914,0.000445,0.00082975,2048,8034.07,1787760922.204
1146,226.371,0.000339,0.00082936,2048,9047.08,1787760922.432
1147,212.665,0.000651,0.00082898,2048,9630.15,1787760922.647
1148,206.238,0.000474,0.00082859,2048,9930.25,1787760922.855
1149,183.108,0.000397,0.00082821,2048,11184.65,1787760923.04
1150,194.547,0.00062,0.00082782,2048,10527.02,1787760923.235
1151,187.958,0.000686,0.00082743,2048,10896.07,1787760923.427
1152,214.154,0.000469,0.00082705,2048,9563.23,1787760923.641
1153,180.285,0.000566,0.00082666,2048,11359.77,1787760923.825
1154,171.95,0.000692,0.00082627,2048,11910.47,1787760923.999
1155,177.217,0.000379,0.00082589,2048,11556.45,1787760924.177
1156,183.029,0.000341,0.0008255,2048,11189.5,1787760924.363
1157,194.77,0.000668,0.00082511,2048,10514.99,1787760924.559
1158,237.384,0.000502,0.00082472,2048,8627.36,1787760924.799
1159,206.255,0.000456,0.00082433,2048,9929.45,1787760925.006
1160,241.913,0.000919,0.00082394,2048,8465.85,1787760925.25
1161,203.656,0.000543,0.00082355,2048,10056.16,1787760925.455
1162,174.859,0.000316,0.00082316,2048,11712.33,1787760925.632
1163,184.539,0.000655,0.00082277,2048,11097.93,1787760925.818
1164,190.696,0.000512,0.00082238,2048,10739.62,1787760926.01
1165,171.547,0.000361,0.00082199,2048,11938.39,1787760926.184
1166,154.276,0.000323,0.0008216,2048,13274.9,1787760926.339
1167,181.369,0.00037,0.00082121,2048,11291.9,1787760926.522
1168,191.058,0.000423,0.00082082,2048,10719.24,1787760926.715
1169,203.001,0.000331,0.00082042,2048,10088.6,1787760926.919
1170,208.058,0.000389,0.00082003,2048,9843.41,1787760927.129
1171,260.405,0.000471,0.00081964,2048,7864.67,1787760927.392
1172,211.643,0.000343,0.00081925,2048,9676.65,1787760927.605
1173,208.787,0.000316,0.00081885,2048,9809.05,1787760927.816
1174,186.741,0.000461,0.00081846,2048,10967.05,1787760928.004
1175,189.139,0.000511,0.00081806,2048,10828.0,1787760928.194
1176,185.259,0.000419,0.00081767,2048,11054.77,1787760928.382
1177,189.088,0.000436,0.00081728,2048,10830.92,1787760928.572
1178,204.982,0.000413,0.00081688,2048,9991.14,1787760928.778
1179,211.875,0.000256,0.00081649,2048,9666.07,1787760928.991
1180,203.779,0.000547,0.00081609,2048,10050.11,1787760929.198
1181,211.555,0.000421,0.00081569,2048,9680.69,1787760929.411
1182,235.064,0.000323,0.0008153,2048,8712.52,1787760929.648
1183,245.94,0.000531,0.0008149,2048,8327.22,1787760929.896
1184,243.408,0.000627,0.0008145,2048,8413.86,1787760930.14
1185,218.03,0.00059,0.00081411,2048,9393.21,1787760930.361
1186,212.738,0.0004,0.00081371,2048,9626.88,1787760930.576
1187,266.847,0.000373,0.00081331,2048,7674.82,1787760930.845
1188,238.639,0.000732,0.00081291,2048,8582.0,1787760931.085
1189,227.872,0.00055,0.00081251,2048,8987.49,1787760931.316
1190,245.758,0.000405,0.00081211,2048,8333.39,1787760931.564
1191,212.171,0.000392,0.00081172,2048,9652.58,1787760931.777
1192,265.026,0.000463,0.00081132,2048,7727.56,1787760932.044
1193,308.495,0.000913,0.00081092,2048,6638.69,1787760932.355
1194,249.239,0.000386,0.00081052,2048,8217.02,1787760932.606
1195,302.476,0.000718,0.00081012,2048,6770.78,1787760932.91
1196,317.199,0.000899,0.00080972,2048,6456.52,1787760933.23
1197,255.539,0.000435,0.00080931,2048,8014.43,1787760933.487
1198,237.828,0.00096,0.00080891,2048,8611.25,1787760933.726
1199,276.086,0.00121,0.00080851,2048,7417.98,1787760934.005
1200,249.974,0.000533,0.00080811,2048,8192.87,1787760934.257
1201,239.403,0.000911,0.00080771,2048,8554.6,1787760934.499
1202,267.952,0.001351,0.0008073,2048,7643.16,1787760934.768
1203,315.248,0.001122,0.0008069,2048,6496.47,1787760935.085
1204,306.282,0.001331,0.0008065,2048,6686.64,1787760935.394
1205,252.371,0.002386,0.0008061,2048,8115.03,1787760935.648
1206,239.615,0.000751,0.00080569,2048,8547.04,1787760935.89
1207,248.851,0.00145,0.00080529,2048,8229.83,1787760936.142
1208,297.811,0.002454,0.00080488,2048,6876.84,1787760936.442
1209,304.338,0.002196,0.00080448,2048,6729.36,1787760936.748
1210,308.735,0.003198,0.00080407,2048,6633.52,1787760937.058
1211,321.495,0.001947,0.00080367,2048,6370.24,1787760937.382
1212,299.87,0.001715,0.00080326,2048,6829.63,1787760937.684
1213,266.279,0.001973,0.00080286,2048,7691.18,1787760937.952
1214,369.93,0.002462,0.00080245,2048,5536.19,1787760938.323
1215,269.905,0.001072,0.00080204,2048,7587.85,1787760938.596
1216,284.774,0.001121,0.00080164,2048,7191.67,1787760938.882
1217,276.951,0.001019,0.00080123,2048,7394.81,1787760939.161
1218,243.03,0.00324,0.00080082,2048,8426.94,1787760939.406
1219,248.236,0.001034,0.00080041,2048,8250.2,1787760939.657
1220,274.121,0.000568,0.00080001,2048,7471.16,1787760939.933
1221,254.033,0.001402,0.0007996,2048,8061.95,1787760940.189
1222,273.766,0.001579,0.00079919,2048,7480.85,1787760940.464
1223,247.244,0.000601,0.00079878,2048,8283.33,1787760940.713
1224,237.685,0.000677,0.00079837,2048,8616.44,1787760940.953
1225,278.91,0.000869,0.00079796,2048,7342.87,1787760941.234
1226,280.944,0.000906,0.00079755,2048,7289.7,1787760941.517
1227,270.612,0.000708,0.00079714,2048,7568.02,1787760941.79
1228,247.88,0.000522,0.00079673,2048,8262.05,1787760942.039
1229,286.12,0.00082,0.00079632,2048,7157.83,1787760942.328
1230,253.279,0.001262,0.00079591,2048,8085.94,1787760942.583
1231,343.139,0.0007,0.0007955,2048,5968.42,1787760942.928
1232,304.963,0.000398,0.00079509,2048,6715.57,1787760943.235
1233,261.432,0.000925,0.00079468,2048,7833.77,1787760943.498
1234,306.308,0.001319,0.00079426,2048,6686.09,1787760943.807
1235,354.498,0.000681,0.00079385,2048,5777.18,1787760944.164
1236,278.876,0.000434,0.00079344,2048,7343.76,1787760944.445
1237,346.789,0.000595,0.00079303,2048,5905.61,1787760944.793
1238,275.963,0.001788,0.00079261,2048,7421.28,1787760945.072
1239,305.761,0.000905,0.0007922,2048,6698.03,1787760945.38
1240,296.22,0.0005,0.00079178,2048,6913.77,1787760945.677
1241,281.346,0.000252,0.00079137,2048,7279.31,1787760945.96
1242,288.666,0.004534,0.00079096,2048,7094.7,1787760946.251
1243,249.996,0.001135,0.00079054,2048,8192.14,1787760946.504
1244,343.501,0.001587,0.00079013,2048,5962.14,1787760946.851
1245,248.049,0.001254,0.00078971,2048,8256.45,1787760947.1
1246,226.374,0.001802,0.0007893,2048,9046.97,1787760947.329
1247,253.206,0.002003,0.00078888,2048,8088.29,1787760947.584
1248,218.365,0.001273,0.00078846,2048,9378.79,1787760947.804
1249,209.837,0.000719,0.00078805,2048,9759.94,1787760948.016
1250,188.526,0.001149,0.00078763,2048,10863.24,1787760948.206
1251,172.35,0.001548,0.00078721,2048,11882.77,1787760948.38
1252,162.165,0.001686,0.0007868,2048,12629.14,1787760948.544
1253,171.604,0.000614,0.00078638,2048,11934.46,1787760948.718
1254,173.128,0.001526,0.00078596,2048,11829.37,1787760948.892
1255,175.484,0.000841,0.00078554,2048,11670.55,1787760949.068
1256,170.806,0.00107,0.00078512,2048,11990.18,1787760949.241
1257,181.4,0.000592,0.00078471,2048,11289.94,1787760949.424
1258,166.617,0.001127,0.00078429,2048,12291.69,1787760949.592
1259,155.011,0.00057,0.00078387,2048,13211.96,1787760949.747
1260,251.753,0.000601,0.00078345,2048,8134.95,1787760950.001
1261,190.819,0.000903,0.00078303,2048,10732.7,1787760950.195
1262,187.389,0.001125,0.00078261,2048,10929.11,1787760950.384
1263,199.457,0.000543,0.00078219,2048,10267.9,1787760950.585
1264,231.936,0.000481,0.00078177,2048,8830.0,1787760950.819
1265,214.13,0.000699,0.00078135,2048,9564.28,1787760951.034
1266,212.734,0.00075,0.00078093,2048,9627.05,1787760951.249
1267,193.647,0.000396,0.0007805,2048,10575.94,1787760951.445
1268,196.137,0.000856,0.00078008,2048,10441.68,1787760951.643
1269,205.143,0.000593,0.00077966,2048,9983.28,1787760951.85
1270,182.817,0.000618,0.00077924,2048,11202.48,1787760952.034
1271,189.619,0.000431,0.00077882,2048,10800.6,1787760952.226
1272,195.726,0.000724,0.00077839,2048,10463.62,1787760952.424
1273,214.522,0.000771,0.00077797,2048,9546.82,1787760952.64
1274,217.05,0.000469,0.00077755,2048,9435.62,1787760952.858
1275,245.143,0.000487,0.00077712,2048,8354.32,1787760953.105
1276,225.325,0.000588,0.0007767,2048,9089.09,1787760953.332
1277,202.997,0.000652,0.00077627,2048,10088.79,1787760953.537
1278,209.636,0.000563,0.00077585,2048,9769.31,1787760953.749
1279,211.724,0.000601,0.00077542,2048,9672.97,1787760953.964
1280,233.457,0.000624,0.000775,2048,8772.49,1787760954.198
1281,188.502,0.000522,0.00077457,2048,10864.6,1787760954.388
1282,192.128,0.000292,0.00077415,2048,10659.57,1787760954.582
1283,190.805,0.000531,0.00077372,2048,10733.49,1787760954.775
1284,202.163,0.000663,0.0007733,2048,10130.46,1787760954.979
1285,201.462,0.000876,0.00077287,2048,10165.71,1787760955.181
1286,183.188,0.000301,0.00077244,2048,11179.78,1787760955.367
1287,176.717,0.000425,0.00077202,2048,11589.14,1787760955.545
1288,184.477,0.000903,0.00077159,2048,11101.68,1787760955.731
1289,234.796,0.000581,0.00077116,2048,8722.47,1787760955.967
1290,249.325,0.000402,0.00077074,2048,8214.18,1787760956.218
1291,210.244,0.000381,0.00077031,2048,9741.06,1787760956.431
1292,205.571,0.000389,0.00076988,2048,9962.49,1787760956.637
1293,201.025,0.000513,0.00076945,2048,10187.78,1787760956.841
1294,180.888,0.000464,0.00076902,2048,11321.9,1787760957.023
1295,181.227,0.000301,0.00076859,2048,11300.78,1787760957.206
1296,226.803,0.00027,0.00076816,2048,9029.87,1787760957.435
1297,217.201,0.000378,0.00076773,2048,9429.05,1787760957.656
1298,200.543,0.000401,0.00076731,2048,10212.3,1787760957.858
1299,205.056,0.000371,0.00076688,2048,9987.53,1787760958.065
1300,213.63,0.000289,0.00076644,2048,9586.67,1787760958.279
1301,202.587,0.000271,0.00076601,2048,10109.25,1787760958.484
1302,208.356,0.000368,0.00076558,2048,9829.34,1787760958.694
1303,213.194,0.000303,0.00076515,2048,9606.29,1787760958.909
1304,251.722,0.000324,0.00076472,2048,8135.95,1787760959.163
1305,220.107,0.000282,0.00076429,2048,9304.58,1787760959.385
1306,213.342,0.000343,0.00076386,2048,9599.62,1787760959.6
1307,193.18,0.000371,0.00076343,2048,10601.48,1787760959.795
1308,199.329,0.00043,0.00076299,2048,10274.49,1787760959.996
1309,236.818,0.000358,0.00076256,2048,8647.99,1787760960.234
1310,244.398,0.000442,0.00076213,2048,8379.76,1787760960.48
1311,219.41,0.000402,0.0007617,2048,9334.12,1787760960.701
1312,209.039,0.000414,0.00076126,2048,9797.23,1787760960.912
1313,213.32,0.000305,0.00076083,2048,9600.6,1787760961.127
1314,199.131,0.000481,0.00076039,2048,10284.7,1787760961.328
1315,199.829,0.000435,0.00075996,2048,10248.77,1787760961.529
1316,197.175,0.000369,0.00075953,2048,10386.71,1787760961.729
1317,223.851,0.00031,0.00075909,2048,9148.93,1787760961.955
1318,263.261,0.0005,0.00075866,2048,7779.34,1787760962.22
1319,250.867,0.000339,0.00075822,2048,8163.69,1787760962.472
1320,253.099,0.000474,0.00075779,2048,8091.7,1787760962.727
1321,233.051,0.000362,0.00075735,2048,8787.77,1787760962.963
1322,229.935,0.000318,0.00075692,2048,8906.88,1787760963.194
1323,195.928,0.000483,0.00075648,2048,10452.81,1787760963.392
1324,207.645,0.00038,0.00075604,2048,9862.97,1787760963.601
1325,201.216,0.000398,0.00075561,2048,10178.12,1787760963.804
1326,203.358,0.000399,0.00075517,2048,10070.9,1787760964.009
1327,212.234,0.000314,0.00075473,2048,9649.71,1787760964.224
1328,185.318,0.000375,0.0007543,2048,11051.27,1787760964.41
1329,192.377,0.00033,0.00075386,2048,10645.79,1787760964.603
1330,198.546,0.000285,0.00075342,2048,10315.0,1787760964.804
1331,205.13,0.000432,0.00075298,2048,9983.92,1787760965.011
1332,246.684,0.000555,0.00075254,2048,8302.14,1787760965.259
1333,223.753,0.000404,0.00075211,2048,9152.94,1787760965.486
1334,206.554,0.000447,0.00075167,2048,9915.08,1787760965.694
1335,188.645,0.000723,0.00075123,2048,10856.39,1787760965.883
1336,183.544,0.000512,0.00075079,2048,11158.06,1787760966.069
1337,184.545,0.000521,0.00075035,2048,11097.57,1787760966.255
1338,177.591,0.000786,0.00074991,2048,11532.1,1787760966.434
1339,206.298,0.000575,0.00074947,2048,9927.38,1787760966.642
1340,199.326,0.000708,0.00074903,2048,10274.65,1787760966.843
1341,183.596,0.000448,0.00074859,2048,11154.95,1787760967.029
1342,184.445,0.000291,0.00074815,2048,11103.58,1787760967.215
1343,194.375,0.000312,0.00074771,2048,10536.33,1787760967.41
1344,195.6,0.000373,0.00074727,2048,10470.37,1787760967.609
1345,184.224,0.000326,0.00074683,2048,11116.92,1787760967.794
1346,240.592,0.00026,0.00074638,2048,8512.35,1787760968.037
1347,227.061,0.000356,0.00074594,2048,9019.6,1787760968.265
1348,228.632,0.00033,0.0007455,2048,8957.62,1787760968.496
1349,207.38,0.000342,0.00074506,2048,9875.61,1787760968.705
1350,229.921,0.000274,0.00074462,2048,8907.42,1787760968.937
1351,201.93,0.000565,0.00074417,2048,10142.13,1787760969.142
1352,204.913,0.000259,0.00074373,2048,9994.5,1787760969.349
1353,221.642,0.0003,0.00074329,2048,9240.15,1787760969.572
1354,215.734,0.000769,0.00074284,2048,9493.18,1787760969.79
1355,205.35,0.000357,0.0007424,2048,9973.22,1787760969.996
1356,205.611,0.000342,0.00074196,2048,9960.58,1787760970.204
1357,183.204,0.000285,0.00074151,2048,11178.77,1787760970.388
1358,240.4,0.000456,0.00074107,2048,8519.12,1787760970.631
1359,211.69,0.000429,0.00074062,2048,9674.54,1787760970.844
1360,212.088,0.00033,0.00074018,2048,9656.36,1787760971.058
1361,196.776,0.000435,0.00073973,2048,10407.79,1787760971.257
1362,212.8,0.000396,0.00073929,2048,9624.04,1787760971.472
1363,198.84,0.000514,0.00073884,2048,10299.72,1787760971.672
1364,194.135,0.000651,0.0007384,2048,10549.37,1787760971.868
1365,188.343,0.000504,0.00073795,2048,10873.77,1787760972.058
1366,181.248,0.000253,0.0007375,2048,11299.43,1787760972.241
1367,184.092,0.000299,0.00073706,2048,11124.87,1787760972.427
1368,165.463,0.00031,0.00073661,2048,12377.37,1787760972.594
1369,188.224,0.0007,0.00073617,2048,10880.66,1787760972.785
1370,166.16,0.000395,0.00073572,2048,12325.51,1787760972.952
1371,173.39,0.00033,0.00073527,2048,11811.53,1787760973.127
1372,212.002,0.000288,0.00073482,2048,9660.27,1787760973.34
1373,267.059,0.000389,0.00073438,2048,7668.73,1787760973.609
1374,237.291,0.000411,0.00073393,2048,8630.73,1787760973.848
1375,214.271,0.000355,0.00073348,2048,9557.97,1787760974.064
1376,200.792,0.000336,0.00073303,2048,10199.63,1787760974.266
1377,174.294,0.000315,0.00073258,2048,11750.24,1787760974.442
1378,163.706,0.00058,0.00073213,2048,12510.19,1787760974.608
1379,175.419,0.000289,0.00073169,2048,11674.88,1787760974.784
1380,178.958,0.000324,0.00073124,2048,11444.0,1787760974.965
1381,172.541,0.000332,0.00073079,2048,11869.62,1787760975.139
1382,184.064,0.000305,0.00073034,2048,11126.55,1787760975.324
1383,195.605,0.000299,0.00072989,2048,10470.11,1787760975.523
1384,244.755,0.000325,0.00072944,2048,8367.56,1787760975.768
1385,215.492,0.000463,0.00072899,2048,9503.82,1787760975.986
1386,216.368,0.000242,0.00072854,2048,9465.35,1787760976.204
1387,254.04,0.000316,0.00072809,2048,8061.74,1787760976.46
1388,197.003,0.000337,0.00072763,2048,10395.76,1787760976.659
1389,196.45,0.000293,0.00072718,2048,10425.07,1787760976.858
1390,196.677,0.000223,0.00072673,2048,10413.03,1787760977.057
1391,193.13,0.00023,0.00072628,2048,10604.28,1787760977.252
1392,180.761,0.000379,0.00072583,2048,11329.88,1787760977.435
1393,167.942,0.000318,0.00072538,2048,12194.7,1787760977.605
1394,176.91,0.000258,0.00072492,2048,11576.51,1787760977.783
1395,163.284,0.000319,0.00072447,2048,12542.53,1787760977.947
1396,177.329,0.00028,0.00072402,2048,11549.16,1787760978.127
1397,143.885,0.000284,0.00072357,2048,14233.62,1787760978.272
1398,187.569,0.000323,0.00072311,2048,10918.65,1787760978.461
1399,190.83,0.000244,0.00072266,2048,10732.04,1787760978.654
1400,206.93,0.000301,0.00072221,2048,9897.07,1787760978.863
1401,212.096,0.000292,0.00072175,2048,9655.99,1787760979.077
1402,203.744,0.000416,0.0007213,2048,10051.81,1787760979.282
1403,210.975,0.000319,0.00072085,2048,9707.32,1787760979.495
1404,193.258,0.000243,0.00072039,2048,10597.23,1787760979.69
1405,186.237,0.000268,0.00071994,2048,10996.76,1787760979.879
1406,170.748,0.000258,0.00071948,2048,11994.26,1787760980.051
1407,206.111,0.000363,0.00071903,2048,9936.4,1787760980.258
1408,183.325,0.000232,0.00071857,2048,11171.41,1787760980.443
1409,185.269,0.000269,0.00071812,2048,11054.17,1787760980.631
1410,190.379,0.000284,0.00071766,2048,10757.52,1787760980.823
1411,216.809,0.000452,0.00071721,2048,9446.12,1787760981.041
1412,212.456,0.000334,0.00071675,2048,9639.64,1787760981.256
1413,188.786,0.00026,0.00071629,2048,10848.24,1787760981.445
1414,190.313,0.000323,0.00071584,2048,10761.2,1787760981.638
1415,198.988,0.000341,0.00071538,2048,10292.06,1787760981.838
1416,214.367,0.000381,0.00071493,2048,9553.71,1787760982.054
1417,185.872,0.000282,0.00071447,2048,11018.34,1787760982.242
1418,207.021,0.00031,0.00071401,2048,9892.71,1787760982.45
1419,170.712,0.00048,0.00071355,2048,11996.78,1787760982.623
1420,214.16,0.00027,0.0007131,2048,9562.96,1787760982.839
1421,175.202,0.000417,0.00071264,2048,11689.34,1787760983.016
1422,147.179,0.000362,0.00071218,2048,13915.02,1787760983.165
1423,148.183,0.000495,0.00071172,2048,13820.71,1787760983.315
1424,145.482,0.0004,0.00071127,2048,14077.35,1787760983.462
1425,157.303,0.000476,0.00071081,2048,13019.43,1787760983.621
1426,185.373,0.000379,0.00071035,2048,11047.97,1787760983.807
1427,176.039,0.000656,0.00070989,2048,11633.79,1787760983.984
1428,143.662,0.000415,0.00070943,2048,14255.63,1787760984.129
1429,166.083,0.000396,0.00070897,2048,12331.19,1787760984.298
1430,188.048,0.0003,0.00070851,2048,10890.84,1787760984.487
1431,186.311,0.000464,0.00070805,2048,10992.4,1787760984.675
1432,167.926,0.000274,0.00070759,2048,12195.87,1787760984.844
1433,190.978,0.000248,0.00070713,2048,10723.75,1787760985.037
1434,209.137,0.000362,0.00070667,2048,9792.61,1787760985.248
1435,194.303,0.000619,0.00070621,2048,10540.24,1787760985.443
1436,192.634,0.000311,0.00070575,2048,10631.55,1787760985.637
1437,184.541,0.000235,0.00070529,2048,11097.82,1787760985.824
1438,187.72,0.000423,0.00070483,2048,10909.88,1787760986.014
1439,189.158,0.000342,0.00070437,2048,10826.94,1787760986.204
1440,177.317,0.000338,0.00070391,2048,11549.92,1787760986.383
1441,155.786,0.000377,0.00070345,2048,13146.22,1787760986.541
1442,213.959,0.000294,0.00070299,2048,9571.94,1787760986.757
1443,185.907,0.000426,0.00070252,2048,11016.24,1787760986.943
1444,197.939,0.000245,0.00070206,2048,10346.62,1787760987.142
1445,189.706,0.000494,0.0007016,2048,10795.64,1787760987.334
1446,191.005,0.00032,0.00070114,2048,10722.23,1787760987.527
1447,205.215,0.000442,0.00070068,2048,9979.78,1787760987.733
1448,201.435,0.000244,0.00070021,2048,10167.06,1787760987.937
1449,177.442,0.00039,0.00069975,2048,11541.79,1787760988.115
1450,196.666,0.000677,0.00069929,2048,10413.6,1787760988.314
1451,205.583,0.000571,0.00069882,2048,9961.93,1787760988.52
1452,224.979,0.000357,0.00069836,2048,9103.07,1787760988.748
1453,198.488,0.000964,0.0006979,2048,10317.99,1787760988.948
1454,194.114,0.000326,0.00069743,2048,10550.5,1787760989.144
1455,182.111,0.000412,0.00069697,2048,11245.92,1787760989.328
1456,186.09,0.000319,0.00069651,2048,11005.45,1787760989.516
1457,178.458,0.000322,0.00069604,2048,11476.1,1787760989.696
1458,198.328,0.000388,0.00069558,2048,10326.31,1787760989.895
1459,187.203,0.000448,0.00069511,2048,10939.97,1787760990.086
1460,185.95,0.000333,0.00069465,2048,11013.73,1787760990.273
1461,199.364,0.000289,0.00069418,2048,10272.66,1787760990.473
1462,187.104,0.000377,0.00069372,2048,10945.81,1787760990.663
1463,181.299,0.00058,0.00069325,2048,11296.28,1787760990.846
1464,226.614,0.000334,0.00069279,2048,9037.38,1787760991.073
1465,229.737,0.000371,0.00069232,2048,8914.53,1787760991.305
1466,216.025,0.000316,0.00069186,2048,9480.37,1787760991.523
1467,193.044,0.000287,0.00069139,2048,10608.98,1787760991.718
1468,187.164,0.000302,0.00069092,2048,10942.28,1787760991.907
1469,204.951,0.000312,0.00069046,2048,9992.62,1787760992.114
1470,198.63,0.000312,0.00068999,2048,10310.65,1787760992.314
1471,225.721,0.00028,0.00068952,2048,9073.14,1787760992.541
1472,190.939,0.00028,0.00068906,2048,10725.93,1787760992.733
1473,195.277,0.000299,0.00068859,2048,10487.69,1787760992.931
1474,199.842,0.000463,0.00068812,2048,10248.12,1787760993.133
1475,230.508,0.000347,0.00068766,2048,8884.71,1787760993.364
1476,192.342,0.000375,0.00068719,2048,10647.68,1787760993.558
1477,207.079,0.000255,0.00068672,2048,9889.93,1787760993.768
1478,230.161,0.000389,0.00068625,2048,8898.12,1787760994.0
1479,244.534,0.000241,0.00068579,2048,8375.1,1787760994.246
1480,258.733,0.000295,0.00068532,2048,7915.5,1787760994.506
1481,245.967,0.000271,0.00068485,2048,8326.33,1787760994.755
1482,246.779,0.000326,0.00068438,2048,8298.91,1787760995.003
1483,234.884,0.000289,0.00068391,2048,8719.19,1787760995.24
1484,241.627,0.000443,0.00068344,2048,8475.86,1787760995.483
1485,170.769,0.000315,0.00068297,2048,11992.83,1787760995.656
1486,178.465,0.000236,0.00068251,2048,11475.64,1787760995.836
1487,205.288,0.000284,0.00068204,2048,9976.21,1787760996.042
1488,227.381,0.000263,0.00068157,2048,9006.91,1787760996.271
1489,237.095,0.000245,0.0006811,2048,8637.89,1787760996.51
1490,278.969,0.000245,0.00068063,2048,7341.32,1787760996.791
1491,221.371,0.000292,0.00068016,2048,9251.46,1787760997.014
1492,244.166,0.000291,0.00067969,2048,8387.75,1787760997.26
1493,247.024,0.000451,0.00067922,2048,8290.68,1787760997.509
1494,269.28,0.000313,0.00067875,2048,7605.47,1787760997.781
1495,224.525,0.000202,0.00067828,2048,9121.5,1787760998.007
1496,249.068,0.000222,0.00067781,2048,8222.65,1787760998.259
1497,259.735,0.000313,0.00067734,2048,7884.97,1787760998.519
1498,250.132,0.000289,0.00067687,2048,8187.68,1787760998.772
1499,235.995,0.000248,0.00067639,2048,8678.16,1787760999.01
1500,259.609,0.000259,0.00067592,2048,7888.79,1787760999.272
1501,289.315,0.000251,0.00067545,2048,7078.78,1787760999.562
1502,295.411,0.000337,0.00067498,2048,6932.72,1787760999.86
1503,244.527,0.000239,0.00067451,2048,8375.34,1787761000.107
1504,347.212,0.000208,0.00067404,2048,5898.42,1787761000.456
1505,240.196,0.000252,0.00067356,2048,8526.38,1787761000.698
1506,210.285,0.000352,0.00067309,2048,9739.17,1787761000.91
1507,179.687,0.000307,0.00067262,2048,11397.62,1787761001.091
1508,209.877,0.00035,0.00067215,2048,9758.07,1787761001.302
1509,211.114,0.000304,0.00067168,2048,9700.91,1787761001.515
1510,240.68,0.000255,0.0006712,2048,8509.22,1787761001.758
1511,208.654,0.000425,0.00067073,2048,9815.32,1787761001.968
1512,294.682,0.000302,0.00067026,2048,6949.86,1787761002.265
1513,236.999,0.000303,0.00066978,2048,8641.38,1787761002.505
1514,257.43,0.000381,0.00066931,2048,7955.55,1787761002.763
1515,257.794,0.000537,0.00066884,2048,7944.33,1787761003.023
1516,232.301,0.000333,0.00066836,2048,8816.15,1787761003.257
1517,200.462,0.000302,0.00066789,2048,10216.43,1787761003.46
1518,211.77,0.000485,0.00066742,2048,9670.87,1787761003.673
1519,227.176,0.000339,0.00066694,2048,9015.03,1787761003.902
1520,231.086,0.000473,0.00066647,2048,8862.49,1787761004.135
1521,223.338,0.000391,0.00066599,2048,9169.95,1787761004.36
1522,217.234,0.000509,0.00066552,2048,9427.63,1787761004.579
1523,290.068,0.000427,0.00066505,2048,7060.42,1787761004.871
1524,269.189,0.000484,0.00066457,2048,7608.04,1787761005.141
1525,236.064,0.000351,0.0006641,2048,8675.63,1787761005.38
1526,253.753,0.00181,0.00066362,2048,8070.85,1787761005.636
1527,235.245,0.000396,0.00066315,2048,8705.81,1787761005.873
1528,225.018,0.000671,0.00066267,2048,9101.5,1787761006.1
1529,220.489,0.000741,0.0006622,2048,9288.45,1787761006.322
1530,223.208,0.000567,0.00066172,2048,9175.28,1787761006.547
1531,237.011,0.000754,0.00066124,2048,8640.93,1787761006.787
1532,241.348,0.00058,0.00066077,2048,8485.68,1787761007.03
1533,213.99,0.000951,0.00066029,2048,9570.54,1787761007.247
1534,222.641,0.001727,0.00065982,2048,9198.65,1787761007.471
1535,225.384,0.000768,0.00065934,2048,9086.7,1787761007.698
1536,235.371,0.001384,0.00065886,2048,8701.14,1787761007.936
1537,227.534,0.000849,0.00065839,2048,9000.84,1787761008.165
1538,202.317,0.001653,0.00065791,2048,10122.72,1787761008.369
1539,211.15,0.000897,0.00065744,2048,9699.25,1787761008.582
1540,232.149,0.000592,0.00065696,2048,8821.91,1787761008.816
1541,240.663,0.001179,0.00065648,2048,8509.82,1787761009.059
1542,227.081,0.000465,0.000656,2048,9018.81,1787761009.288
1543,218.417,0.000856,0.00065553,2048,9376.56,1787761009.508
1544,263.119,0.000564,0.00065505,2048,7783.54,1787761009.773
1545,233.764,0.000342,0.00065457,2048,8760.98,1787761010.008
1546,239.606,0.000609,0.0006541,2048,8547.35,1787761010.25
1547,224.507,0.000483,0.00065362,2048,9122.19,1787761010.476
1548,202.02,0.000388,0.00065314,2048,10137.59,1787761010.68
1549,199.768,0.000443,0.00065266,2048,10251.88,1787761010.882
1550,183.45,0.000482,0.00065218,2048,11163.78,1787761011.067
1551,197.461,0.000465,0.00065171,2048,10371.66,1787761011.267
1552,196.984,0.000474,0.00065123,2048,10396.78,1787761011.465
1553,210.996,0.000587,0.00065075,2048,9706.37,1787761011.678
1554,243.371,0.000524,0.00065027,2048,8415.15,1787761011.923
1555,203.739,0.000543,0.00064979,2048,10052.07,1787761012.128
1556,224.676,0.000467,0.00064931,2048,9115.36,1787761012.354
1557,214.5,0.000407,0.00064884,2048,9547.8,1787761012.571
1558,225.012,0.000486,0.00064836,2048,9101.72,1787761012.798
1559,243.311,0.000422,0.00064788,2048,8417.19,1787761013.043
1560,214.084,0.000475,0.0006474,2048,9566.33,1787761013.259
1561,226.144,0.000492,0.00064692,2048,9056.17,1787761013.487
1562,204.921,0.000358,0.00064644,2048,9994.1,1787761013.693
1563,199.424,0.000374,0.00064596,2048,10269.58,1787761013.895
1564,189.97,0.000295,0.00064548,2048,10780.66,1787761014.086
1565,220.921,0.000557,0.000645,2048,9270.27,1787761014.309
1566,196.14,0.00033,0.00064452,2048,10441.53,1787761014.507
1567,171.352,0.000297,0.00064404,2048,11951.98,1787761014.68
1568,147.242,0.000361,0.00064356,2048,13909.09,1787761014.829
1569,139.123,0.000266,0.00064308,2048,14720.79,1787761014.969
1570,171.737,0.000322,0.0006426,2048,11925.21,1787761015.143
1571,167.672,0.000267,0.00064212,2048,12214.31,1787761015.313
1572,176.063,0.000341,0.00064164,2048,11632.2,1787761015.491
1573,143.437,0.000335,0.00064116,2048,14278.02,1787761015.636
1574,167.425,0.000318,0.00064068,2048,12232.34,1787761015.804
1575,176.059,0.000341,0.0006402,2048,11632.48,1787761015.982
1576,137.701,0.000411,0.00063972,2048,14872.81,1787761016.121
1577,111.122,0.000266,0.00063923,2048,18430.26,1787761016.233
1578,128.139,0.000314,0.00063875,2048,15982.61,1787761016.362
1579,117.24,0.000267,0.00063827,2048,17468.46,1787761016.481
1580,118.813,0.00021,0.00063779,2048,17237.23,1787761016.601
1581,144.821,0.00031,0.00063731,2048,14141.63,1787761016.746
1582,121.394,0.000266,0.00063683,2048,16870.64,1787761016.869
1583,160.274,0.000259,0.00063635,2048,12778.13,1787761017.03
1584,142.436,0.000213,0.00063586,2048,14378.43,1787761017.174
1585,158.512,0.000363,0.00063538,2048,12920.13,1787761017.333
1586,120.37,0.000274,0.0006349,2048,17014.26,1787761017.456
1587,143.007,0.000224,0.00063442,2048,14320.98,1787761017.6
1588,163.023,0.000257,0.00063394,2048,12562.64,1787761017.764
1589,188.279,0.000337,0.00063345,2048,10877.49,1787761017.954
1590,179.599,0.000208,0.00063297,2048,11403.18,1787761018.135
1591,146.258,0.000284,0.00063249,2048,14002.64,1787761018.283
1592,151.789,0.00039,0.00063201,2048,13492.46,1787761018.436
1593,163.323,0.000298,0.00063152,2048,12539.6,1787761018.601
1594,211.493,0.000253,0.00063104,2048,9683.51,1787761018.813
1595,212.856,0.000356,0.00063056,2048,9621.53,1787761019.029
1596,205.685,0.000314,0.00063007,2048,9956.99,1787761019.235
1597,163.189,0.000231,0.00062959,2048,12549.85,1787761019.4
1598,155.481,0.000207,0.00062911,2048,13172.0,1787761019.557
1599,174.661,0.000328,0.00062863,2048,11725.57,1787761019.734
1600,131.066,0.000254,0.00062814,2048,15625.69,1787761019.866
1601,112.927,0.000332,0.00062766,2048,18135.66,1787761019.98
1602,121.831,0.000255,0.00062717,2048,16810.2,1787761020.103
1603,176.623,0.000223,0.00062669,2048,11595.29,1787761020.281
1604,172.604,0.000367,0.00062621,2048,11865.3,1787761020.455
1605,147.909,0.000272,0.00062572,2048,13846.34,1787761020.605
1606,147.973,0.00042,0.00062524,2048,13840.34,1787761020.754
1607,137.396,0.000453,0.00062476,2048,14905.77,1787761020.892
1608,115.662,0.000505,0.00062427,2048,17706.72,1787761021.009
1609,126.168,0.000333,0.00062379,2048,16232.34,1787761021.136
1610,158.107,0.000393,0.0006233,2048,12953.24,1787761021.296
1611,124.92,0.000408,0.00062282,2048,16394.45,1787761021.422
1612,129.619,0.000242,0.00062233,2048,15800.21,1787761021.552
1613,119.017,0.000438,0.00062185,2048,17207.57,1787761021.672
1614,104.914,0.000367,0.00062137,2048,19520.68,1787761021.778
1615,114.92,0.000276,0.00062088,2048,17821.14,1787761021.894
1616,107.218,0.000208,0.0006204,2048,19101.18,1787761022.002
1617,111.366,0.000288,0.00061991,2048,18389.8,1787761022.115
1618,128.237,0.000264,0.00061943,2048,15970.43,1787761022.244
1619,115.593,0.000217,0.00061894,2048,17717.4,1787761022.36
1620,152.399,0.000267,0.00061846,2048,13438.4,1787761022.514
1621,187.258,0.00028,0.00061797,2048,10936.79,1787761022.703
1622,184.996,0.000317,0.00061749,2048,11070.48,1787761022.89
1623,161.433,0.000263,0.000617,2048,12686.36,1787761023.053
1624,150.455,0.000249,0.00061651,2048,13612.0,1787761023.206
1625,131.168,0.000215,0.00061603,2048,15613.58,1787761023.337
1626,128.503,0.000224,0.00061554,2048,15937.36,1787761023.467
1627,122.449,0.00022,0.00061506,2048,16725.33,1787761023.59
1628,98.596,0.000262,0.00061457,2048,20771.65,1787761023.689
1629,137.625,0.000223,0.00061409,2048,14881.05,1787761023.828
1630,114.727,0.000235,0.0006136,2048,17851.09,1787761023.945
1631,103.003,0.000207,0.00061311,2048,19882.9,1787761024.048
1632,116.197,0.000191,0.00061263,2048,17625.18,1787761024.165
1633,116.917,0.000303,0.00061214,2048,17516.68,1787761024.283
1634,148.288,0.000254,0.00061166,2048,13810.99,1787761024.432
1635,148.549,0.000263,0.00061117,2048,13786.67,1787761024.583
1636,168.355,0.000221,0.00061068,2048,12164.73,1787761024.752
1637,135.524,0.000199,0.0006102,2048,15111.71,1787761024.888
1638,149.365,0.000228,0.00060971,2048,13711.36,1787761025.039
1639,165.941,0.000204,0.00060922,2048,12341.73,1787761025.208
1640,157.017,0.000208,0.00060874,2048,13043.2,1787761025.367
1641,145.62,0.000189,0.00060825,2048,14064.03,1787761025.514
1642,170.508,0.000254,0.00060776,2048,12011.17,1787761025.686
1643,175.78,0.000369,0.00060728,2048,11650.96,1787761025.863
1644,173.166,0.000221,0.00060679,2048,11826.81,1787761026.037
1645,173.899,0.000231,0.0006063,2048,11776.96,1787761026.213
1646,189.454,0.000203,0.00060582,2048,10810.03,1787761026.404
1647,188.163,0.000217,0.00060533,2048,10884.2,1787761026.593
1648,179.677,0.000287,0.00060484,2048,11398.22,1787761026.775
1649,200.236,0.000251,0.00060435,2048,10227.95,1787761026.977
1650,181.835,0.000206,0.00060387,2048,11262.96,1787761027.16
1651,169.593,0.000288,0.00060338,2048,12076.0,1787761027.332
1652,157.541,0.00023,0.00060289,2048,12999.77,1787761027.49
1653,161.918,0.000226,0.0006024,2048,12648.34,1787761027.653
1654,186.3,0.00028,0.00060192,2048,10993.01,1787761027.842
1655,186.908,0.000434,0.00060143,2048,10957.29,1787761028.031
1656,177.259,0.000261,0.00060094,2048,11553.7,1787761028.21
1657,166.251,0.000255,0.00060045,2048,12318.69,1787761028.378
1658,151.471,0.000227,0.00059997,2048,13520.77,1787761028.53
1659,135.628,0.00025,0.00059948,2048,15100.1,1787761028.667
1660,146.65,0.000328,0.00059899,2048,13965.26,1787761028.815
1661,150.592,0.000245,0.0005985,2048,13599.7,1787761028.967
1662,137.727,0.000371,0.00059801,2048,14869.99,1787761029.106
1663,121.024,0.000479,0.00059753,2048,16922.24,1787761029.228
1664,146.756,0.000391,0.00059704,2048,13955.15,1787761029.377
1665,115.558,0.000267,0.00059655,2048,17722.67,1787761029.494
1666,109.825,0.000426,0.00059606,2048,18647.87,1787761029.605
1667,126.695,0.000435,0.00059557,2048,16164.86,1787761029.733
1668,128.705,0.000362,0.00059508,2048,15912.39,1787761029.862
1669,140.474,0.000537,0.0005946,2048,14579.22,1787761030.004
1670,129.186,0.000581,0.00059411,2048,15853.07,1787761030.135
1671,172.015,0.000585,0.00059362,2048,11905.92,1787761030.309
1672,130.859,0.000685,0.00059313,2048,15650.39,1787761030.441
1673,140.443,0.000502,0.00059264,2048,14582.46,1787761030.583
1674,136.9,0.000358,0.00059215,2048,14959.88,1787761030.722
1675,113.212,0.001084,0.00059166,2048,18090.0,1787761030.836
1676,169.468,0.000843,0.00059118,2048,12084.85,1787761031.007
1677,153.585,0.000832,0.00059069,2048,13334.68,1787761031.161
1678,160.007,0.000534,0.0005902,2048,12799.46,1787761031.323
1679,126.829,0.000883,0.00058971,2048,16147.78,1787761031.451
1680,103.819,0.000733,0.00058922,2048,19726.7,1787761031.556
1681,118.523,0.000738,0.00058873,2048,17279.35,1787761031.675
1682,127.812,0.000822,0.00058824,2048,16023.58,1787761031.804
1683,100.519,0.000466,0.00058775,2048,20374.3,1787761031.905
1684,94.126,0.000858,0.00058726,2048,21758.14,1787761032.0
1685,115.21,0.000719,0.00058677,2048,17776.17,1787761032.117
1686,115.632,0.000396,0.00058629,2048,17711.41,1787761032.233
1687,113.346,0.000723,0.0005858,2048,18068.63,1787761032.347
1688,106.997,0.000485,0.00058531,2048,19140.78,1787761032.454
1689,118.464,0.00106,0.00058482,2048,17287.95,1787761032.574
1690,100.734,0.000443,0.00058433,2048,20330.73,1787761032.677
1691,122.026,0.000696,0.00058384,2048,16783.36,1787761032.801
1692,109.927,0.000593,0.00058335,2048,18630.56,1787761032.911
1693,117.926,0.000761,0.00058286,2048,17366.87,1787761033.031
1694,139.698,0.000553,0.00058237,2048,14660.21,1787761033.171
1695,159.117,0.000407,0.00058188,2048,12871.04,1787761033.332
1696,157.463,0.000601,0.00058139,2048,13006.21,1787761033.492
1697,167.653,0.001267,0.0005809,2048,12215.67,1787761033.66
1698,149.705,0.000452,0.00058041,2048,13680.26,1787761033.811
1699,155.351,0.000534,0.00057992,2048,13183.04,1787761033.968
1700,155.112,0.000714,0.00057943,2048,13203.38,1787761034.124
1701,161.813,0.000775,0.00057894,2048,12656.55,1787761034.287
1702,165.496,0.000365,0.00057845,2048,12374.95,1787761034.455
1703,151.468,0.000324,0.00057796,2048,13521.03,1787761034.608
1704,111.623,0.000957,0.00057747,2048,18347.54,1787761034.721
1705,113.841,0.000529,0.00057698,2048,17989.94,1787761034.836
1706,126.976,0.000306,0.00057649,2048,16129.08,1787761034.963
1707,138.251,0.000476,0.000576,2048,14813.64,1787761035.102
1708,182.895,0.000657,0.00057551,2048,11197.69,1787761035.286
1709,182.006,0.000681,0.00057502,2048,11252.36,1787761035.47
1710,220.061,0.000442,0.00057453,2048,9306.52,1787761035.692
1711,212.589,0.000325,0.00057404,2048,9633.63,1787761035.908
1712,188.311,0.000358,0.00057355,2048,10875.65,1787761036.099
1713,166.47,0.000308,0.00057306,2048,12302.5,1787761036.267
1714,164.084,0.000331,0.00057257,2048,12481.44,1787761036.432
1715,161.282,0.000344,0.00057208,2048,12698.27,1787761036.595
1716,149.442,0.000355,0.00057159,2048,13704.3,1787761036.745
1717,149.984,0.000339,0.0005711,2048,13654.78,1787761036.897
1718,166.938,0.000255,0.00057061,2048,12268.01,1787761037.066
1719,139.543,0.00033,0.00057012,2048,14676.52,1787761037.206
1720,143.342,0.00045,0.00056963,2048,14287.53,1787761037.351
1721,166.331,0.000291,0.00056914,2048,12312.79,1787761037.519
1722,186.191,0.000274,0.00056865,2048,10999.43,1787761037.707
1723,189.658,0.000387,0.00056816,2048,10798.4,1787761037.898
1724,180.693,0.000352,0.00056767,2048,11334.14,1787761038.08
1725,190.109,0.000337,0.00056718,2048,10772.78,1787761038.272
1726,162.428,0.000191,0.00056669,2048,12608.65,1787761038.435
1727,166.518,0.000331,0.0005662,2048,12298.99,1787761038.603
1728,164.671,0.000371,0.0005657,2048,12436.94,1787761038.769
1729,156.239,0.000277,0.00056521,2048,13108.14,1787761038.928
1730,170.985,0.000247,0.00056472,2048,11977.69,1787761039.1
1731,188.541,0.000248,0.00056423,2048,10862.38,1787761039.291
1732,151.059,0.000385,0.00056374,2048,13557.58,1787761039.443
1733,169.18,0.000223,0.00056325,2048,12105.42,1787761039.614
1734,149.977,0.000201,0.00056276,2048,13655.42,1787761039.765
1735,164.8,0.000245,0.00056227,2048,12427.21,1787761039.931
1736,162.739,0.000276,0.00056178,2048,12584.6,1787761040.096
1737,176.59,0.000212,0.00056129,2048,11597.49,1787761040.274
1738,183.61,0.000235,0.0005608,2048,11154.05,1787761040.459
1739,185.171,0.000245,0.00056031,2048,11060.07,1787761040.646
1740,174.083,0.000344,0.00055982,2048,11764.54,1787761040.821
1741,124.877,0.000242,0.00055933,2048,16400.12,1787761040.947
1742,112.083,0.0003,0.00055884,2048,18272.17,1787761041.06
1743,117.688,0.000286,0.00055834,2048,17402.0,1787761041.179
1744,116.54,0.000178,0.00055785,2048,17573.32,1787761041.296
1745,143.814,0.000201,0.00055736,2048,14240.62,1787761041.441
1746,139.649,0.00029,0.00055687,2048,14665.32,1787761041.582
1747,109.022,0.000231,0.00055638,2048,18785.15,1787761041.692
1748,106.177,0.000207,0.00055589,2048,19288.51,1787761041.8
1749,101.137,0.000247,0.0005554,2048,20249.86,1787761041.901
1750,119.613,0.00025,0.00055491,2048,17121.84,1787761042.022
1751,166.654,0.000163,0.00055442,2048,12288.96,1787761042.19
1752,163.091,0.000177,0.00055393,2048,12557.37,1787761042.354
1753,182.455,0.00018,0.00055344,2048,11224.71,1787761042.539
1754,162.995,0.00025,0.00055295,2048,12564.84,1787761042.703
1755,171.157,0.000193,0.00055245,2048,11965.63,1787761042.876
1756,178.865,0.000187,0.00055196,2048,11449.96,1787761043.056
1757,172.001,0.000184,0.00055147,2048,11906.87,1787761043.23
1758,176.021,0.000269,0.00055098,2048,11634.98,1787761043.407
1759,146.06,0.000269,0.00055049,2048,14021.67,1787761043.554
1760,173.068,0.000189,0.00055,2048,11833.51,1787761043.729
1761,165.598,0.000221,0.00054951,2048,12367.28,1787761043.896
1762,133.066,0.000167,0.00054902,2048,15390.92,1787761044.031
1763,168.408,0.000194,0.00054853,2048,12160.97,1787761044.201
1764,194.567,0.000268,0.00054804,2048,10525.94,1787761044.397
1765,182.219,0.00047,0.00054755,2048,11239.23,1787761044.582
1766,186.372,0.000205,0.00054705,2048,10988.75,1787761044.77
1767,173.753,0.00022,0.00054656,2048,11786.85,1787761044.945
1768,183.007,0.000235,0.00054607,2048,11190.82,1787761045.13
1769,186.846,0.000213,0.00054558,2048,10960.92,1787761045.319
1770,208.214,0.0003,0.00054509,2048,9836.01,1787761045.529
1771,192.888,0.000227,0.0005446,2048,10617.58,1787761045.723
1772,173.231,0.000263,0.00054411,2048,11822.38,1787761045.898
1773,190.954,0.000323,0.00054362,2048,10725.1,1787761046.091
1774,178.481,0.00026,0.00054313,2048,11474.62,1787761046.27
1775,174.947,0.000294,0.00054264,2048,11706.38,1787761046.447
1776,195.802,0.000253,0.00054215,2048,10459.57,1787761046.644
1777,198.302,0.000328,0.00054166,2048,10327.66,1787761046.844
1778,195.79,0.000245,0.00054116,2048,10460.2,1787761047.042
1779,222.827,0.0003,0.00054067,2048,9190.98,1787761047.266
1780,201.71,0.000395,0.00054018,2048,10153.19,1787761047.47
1781,183.414,0.000333,0.00053969,2048,11165.97,1787761047.654
1782,197.087,0.000281,0.0005392,2048,10391.36,1787761047.854
1783,185.247,0.000562,0.00053871,2048,11055.51,1787761048.041
1784,179.773,0.000349,0.00053822,2048,11392.11,1787761048.222
1785,174.371,0.00054,0.00053773,2048,11745.06,1787761048.398
1786,179.485,0.000424,0.00053724,2048,11410.39,1787761048.58
1787,175.698,0.000328,0.00053675,2048,11656.35,1787761048.756
1788,184.581,0.000249,0.00053626,2048,11095.38,1787761048.943
1789,186.866,0.000432,0.00053577,2048,10959.75,1787761049.131
1790,175.194,0.000536,0.00053528,2048,11689.87,1787761049.307
1791,183.991,0.000536,0.00053479,2048,11130.97,1787761049.494
1792,204.614,0.000353,0.0005343,2048,10009.09,1787761049.7
1793,195.579,0.000242,0.0005338,2048,10471.49,1787761049.897
1794,199.785,0.000312,0.00053331,2048,10251.02,1787761050.099
1795,213.133,0.000363,0.00053282,2048,9609.02,1787761050.313
1796,236.345,0.000293,0.00053233,2048,8665.28,1787761050.552
1797,210.144,0.000328,0.00053184,2048,9745.69,1787761050.763
1798,204.32,0.000258,0.00053135,2048,10023.52,1787761050.97
1799,191.838,0.000346,0.00053086,2048,10675.66,1787761051.162
1800,211.958,0.000266,0.00053037,2048,9662.28,1787761051.377
1801,191.907,0.00027,0.00052988,2048,10671.82,1787761051.571
1802,195.829,0.000252,0.00052939,2048,10458.1,1787761051.769
1803,204.227,0.000408,0.0005289,2048,10028.08,1787761051.974
1804,178.412,0.000267,0.00052841,2048,11479.02,1787761052.153
1805,188.639,0.000207,0.00052792,2048,10856.7,1787761052.344
1806,213.08,0.000169,0.00052743,2048,9611.4,1787761052.558
1807,203.626,0.000217,0.00052694,2048,10057.67,1787761052.764
1808,213.759,0.000213,0.00052645,2048,9580.88,1787761052.98
1809,195.959,0.00017,0.00052596,2048,10451.18,1787761053.177
1810,192.591,0.000205,0.00052547,2048,10633.93,1787761053.373
1811,206.257,0.000176,0.00052498,2048,9929.38,1787761053.58
1812,218.184,0.000187,0.00052449,2048,9386.58,1787761053.8
1813,195.261,0.000176,0.000524,2048,10488.52,1787761053.997
1814,185.607,0.000248,0.00052351,2048,11034.09,1787761054.184
1815,165.882,0.000197,0.00052302,2048,12346.15,1787761054.351
1816,172.105,0.000219,0.00052253,2048,11899.75,1787761054.524
1817,165.418,0.000197,0.00052204,2048,12380.77,1787761054.691
1818,137.621,0.000211,0.00052155,2048,14881.5,1787761054.83
1819,162.68,0.000167,0.00052106,2048,12589.16,1787761054.995
1820,172.632,0.000173,0.00052057,2048,11863.36,1787761055.17
1821,211.431,0.000296,0.00052008,2048,9686.37,1787761055.383
1822,204.741,0.000274,0.00051959,2048,10002.9,1787761055.589
1823,195.113,0.000162,0.0005191,2048,10496.48,1787761055.786
1824,194.139,0.000205,0.00051861,2048,10549.13,1787761055.982
1825,188.034,0.000264,0.00051812,2048,10891.67,1787761056.171
1826,187.78,0.000175,0.00051763,2048,10906.36,1787761056.361
1827,178.865,0.000182,0.00051714,2048,11449.96,1787761056.542
1828,182.702,0.000251,0.00051665,2048,11209.5,1787761056.726
1829,172.916,0.000255,0.00051616,2048,11843.94,1787761056.901
1830,175.272,0.000195,0.00051567,2048,11684.73,1787761057.077
1831,169.163,0.00024,0.00051518,2048,12106.64,1787761057.248
1832,173.093,0.000237,0.00051469,2048,11831.79,1787761057.423
1833,175.701,0.000302,0.0005142,2048,11656.19,1787761057.601
1834,185.501,0.000195,0.00051371,2048,11040.36,1787761057.788
1835,210.842,0.000204,0.00051323,2048,9713.43,1787761058.0
1836,201.165,0.000278,0.00051274,2048,10180.67,1787761058.202
1837,189.854,0.000225,0.00051225,2048,10787.23,1787761058.395
1838,188.601,0.000173,0.00051176,2048,10858.91,1787761058.586
1839,168.805,0.000186,0.00051127,2048,12132.35,1787761058.756
1840,169.93,0.000244,0.00051078,2048,12052.01,1787761058.928
1841,169.107,0.000229,0.00051029,2048,12110.65,1787761059.098
1842,159.032,0.000186,0.0005098,2048,12877.91,1787761059.258
1843,138.828,0.000196,0.00050931,2048,14752.09,1787761059.399
1844,151.767,0.000316,0.00050882,2048,13494.33,1787761059.552
1845,123.073,0.000296,0.00050834,2048,16640.56,1787761059.676
1846,115.813,0.0002,0.00050785,2048,17683.71,1787761059.792
1847,118.942,0.000418,0.00050736,2048,17218.4,1787761059.912
1848,141.529,0.000433,0.00050687,2048,14470.56,1787761060.055
1849,169.219,0.00025,0.00050638,2048,12102.67,1787761060.227
1850,181.8,0.00027,0.00050589,2048,11265.15,1787761060.409
1851,193.709,0.000287,0.0005054,2048,10572.54,1787761060.605
1852,162.469,0.000209,0.00050492,2048,12605.48,1787761060.769
1853,158.172,0.000268,0.00050443,2048,12947.95,1787761060.929
1854,152.426,0.000321,0.00050394,2048,13436.02,1787761061.083
1855,153.309,0.000293,0.00050345,2048,13358.66,1787761061.239
1856,149.694,0.000262,0.00050296,2048,13681.24,1787761061.389
1857,175.407,0.000321,0.00050247,2048,11675.7,1787761061.566
1858,184.621,0.000272,0.00050199,2048,11093.01,1787761061.752
1859,148.531,0.000439,0.0005015,2048,13788.33,1787761061.903
1860,121.961,0.000227,0.00050101,2048,16792.21,1787761062.026
1861,145.247,0.000314,0.00050052,2048,14100.12,1787761062.172
1862,126.525,0.000334,0.00050003,2048,16186.54,1787761062.3
1863,162.811,0.000275,0.00049955,2048,12579.01,1787761062.465
1864,177.554,0.000253,0.00049906,2048,11534.55,1787761062.644
1865,150.98,0.000197,0.00049857,2048,13564.71,1787761062.796
1866,164.251,0.000329,0.00049808,2048,12468.74,1787761062.962
1867,142.957,0.000328,0.0004976,2048,14325.98,1787761063.106
1868,153.024,0.000205,0.00049711,2048,13383.49,1787761063.26
1869,163.074,0.000202,0.00049662,2048,12558.72,1787761063.425
1870,124.783,0.000403,0.00049613,2048,16412.47,1787761063.552
1871,115.632,0.000173,0.00049565,2048,17711.33,1787761063.667
1872,157.545,0.000253,0.00049516,2048,12999.49,1787761063.827
1873,133.807,0.000272,0.00049467,2048,15305.68,1787761063.962
1874,125.355,0.000238,0.00049418,2048,16337.56,1787761064.089
1875,106.618,0.000243,0.0004937,2048,19208.84,1787761064.197
1876,119.813,0.000153,0.00049321,2048,17093.26,1787761064.317
1877,128.658,0.000185,0.00049272,2048,15918.13,1787761064.447
1878,144.364,0.000164,0.00049224,2048,14186.35,1787761064.593
1879,142.76,0.00034,0.00049175,2048,14345.72,1787761064.737
1880,161.243,0.000206,0.00049126,2048,12701.32,1787761064.9
1881,125.174,0.000178,0.00049078,2048,16361.19,1787761065.026
1882,121.159,0.00016,0.00049029,2048,16903.35,1787761065.148
1883,127.515,0.000191,0.0004898,2048,16060.82,1787761065.277
1884,130.239,0.000164,0.00048932,2048,15724.98,1787761065.408
1885,120.306,0.000158,0.00048883,2048,17023.3,1787761065.529
1886,150.373,0.000203,0.00048834,2048,13619.51,1787761065.681
1887,131.396,0.000163,0.00048786,2048,15586.51,1787761065.814
1888,105.942,0.000163,0.00048737,2048,19331.26,1787761065.92
1889,99.728,0.000189,0.00048689,2048,20535.94,1787761066.021
1890,107.132,0.00016,0.0004864,2048,19116.68,1787761066.129
1891,123.419,0.000193,0.00048591,2048,16593.83,1787761066.254
1892,125.868,0.000209,0.00048543,2048,16270.98,1787761066.381
1893,150.85,0.000155,0.00048494,2048,13576.38,1787761066.532
1894,170.246,0.000155,0.00048446,2048,12029.69,1787761066.704
1895,179.147,0.000159,0.00048397,2048,11431.96,1787761066.884
1896,198.767,0.00016,0.00048349,2048,10303.51,1787761067.085
1897,180.809,0.000157,0.000483,2048,11326.89,1787761067.268
1898,193.289,0.000161,0.00048251,2048,10595.54,1787761067.463
1899,179.307,0.00017,0.00048203,2048,11421.75,1787761067.643
1900,171.865,0.000212,0.00048154,2048,11916.34,1787761067.817
1901,106.555,0.000175,0.00048106,2048,19220.21,1787761067.925
1902,121.847,0.000163,0.00048057,2048,16807.99,1787761068.047
1903,124.899,0.000203,0.00048009,2048,16397.29,1787761068.174
1904,125.401,0.000282,0.0004796,2048,16331.65,1787761068.3
1905,137.73,0.000222,0.00047912,2048,14869.65,1787761068.439
1906,153.532,0.000185,0.00047863,2048,13339.23,1787761068.594
1907,204.021,0.000184,0.00047815,2048,10038.21,1787761068.799
1908,184.456,0.000209,0.00047767,2048,11102.92,1787761068.986
1909,164.89,0.000154,0.00047718,2048,12420.42,1787761069.153
1910,132.016,0.000173,0.0004767,2048,15513.26,1787761069.285
1911,142.036,0.00021,0.00047621,2048,14418.93,1787761069.429
1912,118.806,0.000286,0.00047573,2048,17238.2,1787761069.549
1913,116.756,0.00019,0.00047524,2048,17540.81,1787761069.667
1914,124.993,0.000255,0.00047476,2048,16384.89,1787761069.793
1915,137.604,0.000235,0.00047428,2048,14883.3,1787761069.932
1916,113.087,0.000248,0.00047379,2048,18109.87,1787761070.045
1917,140.994,0.000302,0.00047331,2048,14525.47,1787761070.187
1918,129.634,0.000201,0.00047283,2048,15798.31,1787761070.319
1919,130.185,0.000264,0.00047234,2048,15731.48,1787761070.45
1920,175.064,0.000284,0.00047186,2048,11698.55,1787761070.627
1921,140.424,0.000249,0.00047137,2048,14584.37,1787761070.768
1922,138.581,0.000241,0.00047089,2048,14778.35,1787761070.909
1923,111.259,0.00027,0.00047041,2048,18407.47,1787761071.021
1924,122.579,0.000304,0.00046993,2048,16707.62,1787761071.145
1925,194.879,0.000232,0.00046944,2048,10509.07,1787761071.34
1926,210.678,0.000288,0.00046896,2048,9721.0,1787761071.553
1927,212.331,0.00033,0.00046848,2048,9645.33,1787761071.768
1928,223.216,0.000355,0.00046799,2048,9174.96,1787761071.993
1929,246.546,0.000353,0.00046751,2048,8306.78,1787761072.241
1930,228.095,0.000448,0.00046703,2048,8978.73,1787761072.471
1931,238.548,0.000436,0.00046655,2048,8585.26,1787761072.712
1932,213.134,0.00031,0.00046606,2048,9608.98,1787761072.927
1933,216.048,0.000354,0.00046558,2048,9479.37,1787761073.144
1934,204.647,0.000328,0.0004651,2048,10007.5,1787761073.351
1935,191.735,0.000278,0.00046462,2048,10681.4,1787761073.545
1936,180.718,0.000236,0.00046414,2048,11332.57,1787761073.727
1937,162.65,0.000217,0.00046365,2048,12591.45,1787761073.891
1938,136.89,0.00047,0.00046317,2048,14960.86,1787761074.029
1939,125.9,0.000235,0.00046269,2048,16266.92,1787761074.157
1940,122.932,0.000243,0.00046221,2048,16659.62,1787761074.281
1941,128.614,0.000249,0.00046173,2048,15923.63,1787761074.411
1942,135.231,0.000237,0.00046125,2048,15144.41,1787761074.547
1943,156.921,0.000183,0.00046077,2048,13051.14,1787761074.705
1944,162.733,0.000207,0.00046028,2048,12585.05,1787761074.87
1945,182.47,0.000207,0.0004598,2048,11223.74,1787761075.054
1946,138.023,0.000289,0.00045932,2048,14838.1,1787761075.194
1947,144.107,0.000144,0.00045884,2048,14211.61,1787761075.339
1948,190.703,0.000302,0.00045836,2048,10739.2,1787761075.531
1949,173.804,0.000438,0.00045788,2048,11783.37,1787761075.707
1950,179.355,0.000309,0.0004574,2048,11418.69,1787761075.888
1951,155.262,0.000237,0.00045692,2048,13190.58,1787761076.045
1952,154.951,0.000333,0.00045644,2048,13217.12,1787761076.201
1953,139.942,0.000263,0.00045596,2048,14634.68,1787761076.342
1954,151.145,0.000268,0.00045548,2048,13549.95,1787761076.494
1955,120.351,0.000276,0.000455,2048,17016.82,1787761076.616
1956,131.145,0.000222,0.00045452,2048,15616.27,1787761076.748
1957,159.702,0.000155,0.00045404,2048,12823.89,1787761076.909
1958,176.157,0.000174,0.00045356,2048,11626.0,1787761077.087
1959,147.39,0.000187,0.00045308,2048,13895.13,1787761077.236
1960,178.798,0.000378,0.0004526,2048,11454.25,1787761077.415
1961,190.275,0.000139,0.00045212,2048,10763.38,1787761077.607
1962,181.301,0.000471,0.00045164,2048,11296.12,1787761077.79
1963,179.51,0.00019,0.00045116,2048,11408.85,1787761077.972
1964,184.553,0.00016,0.00045069,2048,11097.07,1787761078.158
1965,202.871,0.000192,0.00045021,2048,10095.1,1787761078.364
1966,168.4,0.000208,0.00044973,2048,12161.53,1787761078.534
1967,203.7,0.000231,0.00044925,2048,10054.01,1787761078.739
1968,240.499,0.00014,0.00044877,2048,8515.61,1787761078.98
1969,205.55,0.00015,0.00044829,2048,9963.5,1787761079.188
1970,183.808,0.000173,0.00044782,2048,11142.08,1787761079.374
1971,176.228,0.00036,0.00044734,2048,11621.31,1787761079.552
1972,158.191,0.000306,0.00044686,2048,12946.39,1787761079.711
1973,153.981,0.000154,0.00044638,2048,13300.39,1787761079.867
1974,162.907,0.000154,0.0004459,2048,12571.61,1787761080.031
1975,191.485,0.000187,0.00044543,2048,10695.33,1787761080.224
1976,210.573,0.000198,0.00044495,2048,9725.85,1787761080.436
1977,223.953,0.000215,0.00044447,2048,9144.78,1787761080.662
1978,192.325,0.000205,0.000444,2048,10648.64,1787761080.856
1979,187.162,0.000378,0.00044352,2048,10942.41,1787761081.045
1980,162.531,0.000187,0.00044304,2048,12600.67,1787761081.21
1981,148.694,0.000331,0.00044256,2048,13773.22,1787761081.361
1982,143.788,0.000226,0.00044209,2048,14243.22,1787761081.506
1983,155.658,0.000224,0.00044161,2048,13157.04,1787761081.661
1984,162.577,0.000252,0.00044114,2048,12597.11,1787761081.825
1985,167.958,0.000266,0.00044066,2048,12193.49,1787761081.994
1986,132.638,0.000243,0.00044018,2048,15440.57,1787761082.128
1987,143.814,0.000249,0.00043971,2048,14240.6,1787761082.274
1988,176.208,0.000343,0.00043923,2048,11622.6,1787761082.451
1989,167.809,0.000318,0.00043876,2048,12204.38,1787761082.621
1990,191.473,0.000293,0.00043828,2048,10696.05,1787761082.814
1991,210.259,0.000151,0.0004378,2048,9740.35,1787761083.026
1992,204.607,0.000259,0.00043733,2048,10009.43,1787761083.232
1993,193.756,0.000238,0.00043685,2048,10570.02,1787761083.428
1994,186.333,0.000192,0.00043638,2048,10991.08,1787761083.615
1995,173.946,0.000185,0.0004359,2048,11773.74,1787761083.792
1996,180.343,0.000281,0.00043543,2048,11356.13,1787761083.973
1997,180.174,0.00024,0.00043495,2048,11366.76,1787761084.155
1998,214.116,0.00022,0.00043448,2048,9564.9,1787761084.371
1999,204.1,0.000233,0.00043401,2048,10034.32,1787761084.578
2000,163.662,0.000211,0.00043353,2048,12513.63,1787761084.743
2001,176.096,0.00023,0.00043306,2048,11630.05,1787761084.921
2002,152.482,0.000185,0.00043258,2048,13431.13,1787761085.075
2003,191.107,0.000197,0.00043211,2048,10716.5,1787761085.268
2004,205.386,0.00035,0.00043164,2048,9971.48,1787761085.475
2005,211.806,0.000245,0.00043116,2048,9669.23,1787761085.688
2006,193.793,0.000183,0.00043069,2048,10567.98,1787761085.884
2007,180.71,0.000195,0.00043022,2048,11333.06,1787761086.066
2008,175.528,0.000171,0.00042974,2048,11667.63,1787761086.243
2009,183.501,0.00023,0.00042927,2048,11160.71,1787761086.428
2010,235.518,0.000166,0.0004288,2048,8695.73,1787761086.665
2011,263.761,0.000283,0.00042832,2048,7764.61,1787761086.931
2012,301.197,0.000234,0.00042785,2048,6799.54,1787761087.234
2013,266.17,0.000326,0.00042738,2048,7694.32,1787761087.502
2014,263.014,0.000228,0.00042691,2048,7786.67,1787761087.767
2015,279.788,0.000285,0.00042644,2048,7319.84,1787761088.049
2016,241.351,0.000266,0.00042596,2048,8485.55,1787761088.292
2017,235.02,0.000308,0.00042549,2048,8714.16,1787761088.529
2018,262.56,0.000239,0.00042502,2048,7800.11,1787761088.794
2019,259.348,0.000241,0.00042455,2048,7896.73,1787761089.056
2020,233.851,0.000326,0.00042408,2048,8757.71,1787761089.291
2021,246.534,0.000188,0.00042361,2048,8307.18,1787761089.54
2022,250.617,0.000184,0.00042313,2048,8171.83,1787761089.792
2023,269.491,0.000221,0.00042266,2048,7599.5,1787761090.064
2024,258.242,0.000162,0.00042219,2048,7930.54,1787761090.324
2025,273.957,0.000178,0.00042172,2048,7475.61,1787761090.6
2026,332.472,0.000307,0.00042125,2048,6159.92,1787761090.934
2027,307.602,0.000183,0.00042078,2048,6657.95,1787761091.244
2028,219.159,0.000159,0.00042031,2048,9344.83,1787761091.466
2029,253.834,0.000279,0.00041984,2048,8068.25,1787761091.722
2030,257.554,0.000237,0.00041937,2048,7951.73,1787761091.981
2031,243.171,0.000221,0.0004189,2048,8422.05,1787761092.226
2032,258.123,0.000159,0.00041843,2048,7934.2,1787761092.486
2033,277.073,0.000224,0.00041796,2048,7391.56,1787761092.765
2034,227.308,0.000245,0.00041749,2048,9009.81,1787761092.994
2035,255.779,0.000236,0.00041703,2048,8006.92,1787761093.253
2036,246.985,0.000208,0.00041656,2048,8291.99,1787761093.502
2037,246.485,0.000192,0.00041609,2048,8308.81,1787761093.751
2038,259.903,0.000152,0.00041562,2048,7879.86,1787761094.013
2039,230.453,0.000139,0.00041515,2048,8886.83,1787761094.245
2040,268.643,0.000157,0.00041468,2048,7623.49,1787761094.516
2041,306.476,0.00016,0.00041421,2048,6682.42,1787761094.824
2042,264.919,0.000255,0.00041375,2048,7730.66,1787761095.091
2043,257.304,0.000191,0.00041328,2048,7959.44,1787761095.35
2044,233.792,0.000152,0.00041281,2048,8759.92,1787761095.586
2045,288.585,0.000149,0.00041234,2048,7096.69,1787761095.876
2046,235.228,0.000148,0.00041188,2048,8706.43,1787761096.114
2047,245.895,0.000168,0.00041141,2048,8328.76,1787761096.361
2048,226.523,0.000366,0.00041094,2048,9041.02,1787761096.59
2049,243.328,0.000232,0.00041048,2048,8416.62,1787761096.836
2050,250.583,0.000176,0.00041001,2048,8172.96,1787761097.088
2051,246.089,0.000163,0.00040954,2048,8322.19,1787761097.336
2052,235.152,0.000219,0.00040908,2048,8709.27,1787761097.572
2053,285.658,0.000162,0.00040861,2048,7169.41,1787761097.862
2054,229.09,0.000196,0.00040814,2048,8939.71,1787761098.092
2055,212.961,0.000149,0.00040768,2048,9616.79,1787761098.307
2056,258.973,0.000266,0.00040721,2048,7908.15,1787761098.568
2057,240.613,0.000527,0.00040675,2048,8511.61,1787761098.811
2058,240.143,0.000241,0.00040628,2048,8528.26,1787761099.053
2059,230.622,0.000422,0.00040582,2048,8880.34,1787761099.286
2060,258.201,0.000249,0.00040535,2048,7931.8,1787761099.546
2061,238.888,0.000281,0.00040489,2048,8573.06,1787761099.787
2062,240.224,0.000307,0.00040442,2048,8525.37,1787761100.029
2063,242.316,0.000236,0.00040396,2048,8451.76,1787761100.273
2064,246.993,0.000153,0.00040349,2048,8291.75,1787761100.521
2065,307.927,0.000264,0.00040303,2048,6650.92,1787761100.832
2066,263.812,0.000211,0.00040257,2048,7763.1,1787761101.098
2067,260.9,0.000259,0.0004021,2048,7849.76,1787761101.36
2068,246.122,0.000178,0.00040164,2048,8321.07,1787761101.608
2069,289.651,0.000218,0.00040118,2048,7070.57,1787761101.9
2070,266.818,0.000275,0.00040071,2048,7675.65,1787761102.169
2071,258.002,0.00017,0.00040025,2048,7937.92,1787761102.43
2072,244.992,0.000197,0.00039979,2048,8359.44,1787761102.677
2073,272.789,0.000265,0.00039932,2048,7507.64,1787761102.956
2074,228.305,0.00014,0.00039886,2048,8970.46,1787761103.186
2075,278.359,0.000133,0.0003984,2048,7357.39,1787761103.467
2076,241.691,0.000226,0.00039794,2048,8473.63,1787761103.71
2077,228.762,0.000205,0.00039748,2048,8952.55,1787761103.94
2078,214.917,0.000198,0.00039701,2048,9529.27,1787761104.157
2079,193.492,0.000178,0.00039655,2048,10584.41,1787761104.352
2080,246.995,0.000248,0.00039609,2048,8291.68,1787761104.601
2081,212.259,0.000194,0.00039563,2048,9648.6,1787761104.814
2082,198.594,0.000259,0.00039517,2048,10312.48,1787761105.015
2083,195.615,0.000197,0.00039471,2048,10469.54,1787761105.212
2084,182.33,0.000279,0.00039425,2048,11232.4,1787761105.396
2085,180.372,0.00034,0.00039379,2048,11354.34,1787761105.578
2086,174.88,0.00027,0.00039333,2048,11710.91,1787761105.754
2087,169.158,0.000183,0.00039287,2048,12107.01,1787761105.924
2088,149.147,0.000421,0.00039241,2048,13731.46,1787761106.075
2089,140.073,0.000468,0.00039195,2048,14620.96,1787761106.217
2090,153.706,0.00016,0.00039149,2048,13324.16,1787761106.373
2091,155.206,0.000298,0.00039103,2048,13195.38,1787761106.529
2092,149.221,0.000288,0.00039057,2048,13724.62,1787761106.679
2093,190.863,0.000274,0.00039011,2048,10730.19,1787761106.872
2094,191.092,0.000236,0.00038965,2048,10717.36,1787761107.066
2095,190.607,0.000389,0.00038919,2048,10744.62,1787761107.258
2096,172.585,0.00022,0.00038873,2048,11866.64,1787761107.432
2097,172.692,0.000342,0.00038828,2048,11859.24,1787761107.606
2098,135.525,0.000241,0.00038782,2048,15111.66,1787761107.743
2099,176.741,0.00025,0.00038736,2048,11587.58,1787761107.921
2100,176.687,0.000261,0.0003869,2048,11591.1,1787761108.099
2101,191.548,0.000342,0.00038645,2048,10691.82,1787761108.293
2102,177.526,0.00028,0.00038599,2048,11536.31,1787761108.471
2103,189.368,0.000439,0.00038553,2048,10814.92,1787761108.663
2104,192.108,0.000549,0.00038507,2048,10660.65,1787761108.856
2105,185.687,0.000215,0.00038462,2048,11029.32,1787761109.043
2106,207.621,0.000354,0.00038416,2048,9864.13,1787761109.253
2107,204.651,0.000367,0.00038371,2048,10007.29,1787761109.46
2108,184.859,0.000414,0.00038325,2048,11078.74,1787761109.646
2109,175.064,0.000178,0.00038279,2048,11698.61,1787761109.823
2110,172.59,0.000282,0.00038234,2048,11866.27,1787761109.997
2111,179.566,0.000286,0.00038188,2048,11405.31,1787761110.178
2112,169.466,0.000168,0.00038143,2048,12085.04,1787761110.349
2113,156.272,0.000273,0.00038097,2048,13105.33,1787761110.507
2114,173.65,0.000601,0.00038052,2048,11793.84,1787761110.683
2115,170.814,0.000163,0.00038006,2048,11989.66,1787761110.855
2116,193.614,0.000141,0.00037961,2048,10577.76,1787761111.051
2117,185.211,0.000199,0.00037915,2048,11057.68,1787761111.238
2118,189.695,0.00038,0.0003787,2048,10796.26,1787761111.428
2119,212.356,0.000342,0.00037825,2048,9644.17,1787761111.644
2120,180.495,0.00015,0.00037779,2048,11346.55,1787761111.826
2121,182.737,0.000391,0.00037734,2048,11207.35,1787761112.01
2122,178.121,0.00027,0.00037689,2048,11497.81,1787761112.19
2123,195.96,0.000199,0.00037643,2048,10451.11,1787761112.387
2124,192.817,0.00014,0.00037598,2048,10621.47,1787761112.581
2125,204.604,0.000274,0.00037553,2048,10009.56,1787761112.788
2126,208.19,0.000199,0.00037508,2048,9837.18,1787761112.998
2127,204.912,0.000184,0.00037462,2048,9994.51,1787761113.204
2128,183.981,0.000165,0.00037417,2048,11131.58,1787761113.389
2129,175.572,0.000304,0.00037372,2048,11664.74,1787761113.567
2130,166.502,0.000302,0.00037327,2048,12300.13,1787761113.735
2131,161.667,0.000308,0.00037282,2048,12667.98,1787761113.898
2132,163.465,0.000221,0.00037237,2048,12528.64,1787761114.063
2133,173.205,0.000243,0.00037191,2048,11824.12,1787761114.237
2134,195.57,0.000299,0.00037146,2048,10471.98,1787761114.435
2135,180.303,0.000264,0.00037101,2048,11358.64,1787761114.617
2136,175.182,0.000218,0.00037056,2048,11690.71,1787761114.794
2137,173.188,0.000185,0.00037011,2048,11825.29,1787761114.968
2138,158.621,0.000168,0.00036966,2048,12911.26,1787761115.128
2139,142.449,0.000404,0.00036921,2048,14377.08,1787761115.271
2140,135.194,0.000297,0.00036876,2048,15148.57,1787761115.409
2141,110.601,0.000317,0.00036831,2048,18517.03,1787761115.52
2142,120.769,0.00038,0.00036787,2048,16957.97,1787761115.642
2143,135.904,0.00029,0.00036742,2048,15069.48,1787761115.779
2144,164.696,0.000343,0.00036697,2048,12435.06,1787761115.945
2145,161.291,0.000244,0.00036652,2048,12697.56,1787761116.108
2146,158.547,0.000348,0.00036607,2048,12917.29,1787761116.267
2147,135.272,0.000252,0.00036562,2048,15139.88,1787761116.404
2148,156.754,0.000202,0.00036518,2048,13065.04,1787761116.562
2149,150.963,0.000163,0.00036473,2048,13566.27,1787761116.716
2150,146.582,0.000229,0.00036428,2048,13971.7,1787761116.863
2151,136.607,0.000416,0.00036383,2048,14991.91,1787761117.0
2152,133.666,0.000243,0.00036339,2048,15321.8,1787761117.136
2153,129.331,0.000157,0.00036294,2048,15835.34,1787761117.267
2154,110.424,0.000176,0.0003625,2048,18546.74,1787761117.379
2155,112.833,0.000228,0.00036205,2048,18150.75,1787761117.493
2156,106.54,0.000186,0.0003616,2048,19222.86,1787761117.6
2157,131.668,0.000179,0.00036116,2048,15554.25,1787761117.732
2158,141.596,0.00013,0.00036071,2048,14463.65,1787761117.875
2159,160.043,0.000148,0.00036027,2048,12796.6,1787761118.037
2160,173.297,0.00018,0.00035982,2048,11817.83,1787761118.211
2161,176.126,0.000158,0.00035938,2048,11628.01,1787761118.39
2162,153.174,0.000182,0.00035893,2048,13370.39,1787761118.545
2163,152.773,0.000312,0.00035849,2048,13405.48,1787761118.699
2164,143.48,0.000176,0.00035804,2048,14273.82,1787761118.843
2165,151.763,0.00015,0.0003576,2048,13494.74,1787761118.996
2166,133.656,0.000177,0.00035716,2048,15322.98,1787761119.131
2167,168.859,0.000217,0.00035671,2048,12128.48,1787761119.302
2168,139.235,0.00017,0.00035627,2048,14708.89,1787761119.442
2169,157.805,0.000177,0.00035583,2048,12978.06,1787761119.601
2170,155.317,0.000185,0.00035538,2048,13185.91,1787761119.758
2171,167.642,0.000286,0.00035494,2048,12216.48,1787761119.927
2172,184.734,0.00015,0.0003545,2048,11086.19,1787761120.113
2173,160.993,0.000225,0.00035406,2048,12721.09,1787761120.274
2174,165.542,0.000176,0.00035362,2048,12371.47,1787761120.441
2175,144.912,0.000236,0.00035317,2048,14132.71,1787761120.589
2176,133.471,0.000195,0.00035273,2048,15344.11,1787761120.723
2177,152.713,0.000245,0.00035229,2048,13410.79,1787761120.877
2178,133.642,0.000209,0.00035185,2048,15324.52,1787761121.012
2179,127.438,0.000268,0.00035141,2048,16070.52,1787761121.142
2180,125.892,0.000148,0.00035097,2048,16267.89,1787761121.268
2181,142.911,0.000172,0.00035053,2048,14330.6,1787761121.412
2182,131.506,0.000226,0.00035009,2048,15573.48,1787761121.544
2183,180.81,0.000277,0.00034965,2048,11326.83,1787761121.727
2184,163.717,0.000215,0.00034921,2048,12509.35,1787761121.892
2185,131.415,0.000144,0.00034877,2048,15584.18,1787761122.025
2186,131.69,0.000166,0.00034833,2048,15551.69,1787761122.158
2187,161.242,0.000248,0.00034789,2048,12701.4,1787761122.321
2188,139.543,0.00016,0.00034746,2048,14676.53,1787761122.462
2189,130.996,0.000167,0.00034702,2048,15634.07,1787761122.594
2190,126.348,0.000222,0.00034658,2048,16209.25,1787761122.721
2191,122.056,0.000174,0.00034614,2048,16779.17,1787761122.844
2192,106.116,0.000183,0.0003457,2048,19299.54,1787761122.952
2193,132.102,0.000248,0.00034527,2048,15503.18,1787761123.086
2194,118.709,0.000164,0.00034483,2048,17252.33,1787761123.205
2195,127.344,0.000196,0.00034439,2048,16082.37,1787761123.333
2196,131.209,0.000181,0.00034396,2048,15608.7,1787761123.466
2197,119.026,0.000177,0.00034352,2048,17206.31,1787761123.587
2198,133.82,0.000159,0.00034308,2048,15304.17,1787761123.722
2199,123.144,0.000145,0.00034265,2048,16630.92,1787761123.846
2200,144.31,0.000144,0.00034221,2048,14191.66,1787761123.991
2201,150.623,0.000164,0.00034178,2048,13596.82,1787761124.143
2202,172.77,0.000172,0.00034134,2048,11853.94,1787761124.319
2203,201.849,0.000163,0.00034091,2048,10146.19,1787761124.522
2204,208.173,0.000202,0.00034047,2048,9837.98,1787761124.732
2205,179.263,0.000174,0.00034004,2048,11424.57,1787761124.913
2206,139.851,0.000186,0.00033961,2048,14644.18,1787761125.054
2207,149.176,0.00016,0.00033917,2048,13728.77,1787761125.205
2208,148.337,0.000178,0.00033874,2048,13806.39,1787761125.354
2209,150.031,0.000236,0.0003383,2048,13650.53,1787761125.506
2210,157.28,0.000142,0.00033787,2048,13021.38,1787761125.664
2211,129.463,0.000228,0.00033744,2048,15819.18,1787761125.795
2212,118.575,0.000175,0.00033701,2048,17271.78,1787761125.914
2213,111.536,0.000146,0.00033657,2048,18361.77,1787761126.027
2214,109.104,0.000191,0.00033614,2048,18771.05,1787761126.137
2215,128.352,0.000385,0.00033571,2048,15956.08,1787761126.267
2216,119.824,0.000234,0.00033528,2048,17091.69,1787761126.388
2217,152.723,0.000233,0.00033485,2048,13409.86,1787761126.542
2218,193.587,0.0004,0.00033442,2048,10579.22,1787761126.737
2219,197.401,0.0002,0.00033399,2048,10374.84,1787761126.937
2220,214.113,0.0002,0.00033356,2048,9565.03,1787761127.152
2221,204.699,0.000218,0.00033312,2048,10004.91,1787761127.359
2222,232.129,0.000216,0.00033269,2048,8822.68,1787761127.593
2223,220.659,0.000229,0.00033227,2048,9281.31,1787761127.815
2224,220.357,0.000205,0.00033184,2048,9294.0,1787761128.038
2225,208.234,0.000376,0.00033141,2048,9835.08,1787761128.247
2226,179.288,0.000154,0.00033098,2048,11422.94,1787761128.428
2227,172.481,0.000183,0.00033055,2048,11873.77,1787761128.602
2228,169.565,0.000198,0.00033012,2048,12077.96,1787761128.773
2229,210.836,0.000366,0.00032969,2048,9713.69,1787761128.985
2230,219.008,0.00012,0.00032926,2048,9351.27,1787761129.206
2231,245.627,0.00017,0.00032884,2048,8337.84,1787761129.454
2232,260.17,0.000234,0.00032841,2048,7871.79,1787761129.716
2233,243.218,0.000238,0.00032798,2048,8420.43,1787761129.961
2234,211.873,0.000142,0.00032756,2048,9666.18,1787761130.175
2235,206.85,0.00017,0.00032713,2048,9900.9,1787761130.384
2236,199.253,0.00018,0.0003267,2048,10278.4,1787761130.585
2237,202.486,0.00027,0.00032628,2048,10114.29,1787761130.788
2238,218.311,0.000184,0.00032585,2048,9381.13,1787761131.009
2239,177.373,0.000124,0.00032543,2048,11546.28,1787761131.188
2240,161.594,0.000117,0.000325,2048,12673.71,1787761131.351
2241,138.86,0.000177,0.00032458,2048,14748.66,1787761131.491
2242,111.084,0.000177,0.00032415,2048,18436.52,1787761131.603
2243,126.153,0.000236,0.00032373,2048,16234.28,1787761131.73
2244,122.445,0.000127,0.0003233,2048,16725.88,1787761131.854
2245,144.962,0.000163,0.00032288,2048,14127.82,1787761131.999
2246,159.509,0.00012,0.00032245,2048,12839.44,1787761132.161
2247,173.329,0.000241,0.00032203,2048,11815.66,1787761132.335
2248,167.176,0.000149,0.00032161,2048,12250.54,1787761132.505
2249,138.688,0.000171,0.00032118,2048,14766.95,1787761132.645
2250,131.825,0.00017,0.00032076,2048,15535.8,1787761132.777
2251,102.842,0.000145,0.00032034,2048,19914.06,1787761132.882
2252,119.702,0.000141,0.00031992,2048,17109.2,1787761133.003
2253,129.382,0.000174,0.0003195,2048,15829.13,1787761133.133
2254,144.422,0.00012,0.00031907,2048,14180.69,1787761133.279
2255,120.791,0.000126,0.00031865,2048,16954.95,1787761133.4
2256,134.731,0.000142,0.00031823,2048,15200.67,1787761133.535
2257,107.101,0.000132,0.00031781,2048,19122.14,1787761133.644
2258,114.771,0.000136,0.00031739,2048,17844.15,1787761133.759
2259,110.46,0.000127,0.00031697,2048,18540.58,1787761133.871
2260,95.869,0.000128,0.00031655,2048,21362.46,1787761133.968
2261,131.228,0.000137,0.00031613,2048,15606.4,1787761134.099
2262,140.876,0.000118,0.00031571,2048,14537.6,1787761134.243
2263,150.239,0.000127,0.00031529,2048,13631.59,1787761134.394
2264,144.646,0.00013,0.00031488,2048,14158.73,1787761134.54
2265,151.777,0.000152,0.00031446,2048,13493.45,1787761134.694
2266,141.803,0.000226,0.00031404,2048,14442.59,1787761134.836
2267,170.288,0.00014,0.00031362,2048,12026.72,1787761135.007
2268,165.348,0.000176,0.0003132,2048,12386.01,1787761135.174
2269,168.302,0.000199,0.00031279,2048,12168.63,1787761135.345
2270,169.657,0.000163,0.00031237,2048,12071.4,1787761135.516
2271,166.019,0.000187,0.00031195,2048,12335.94,1787761135.682
2272,151.541,0.000213,0.00031154,2048,13514.49,1787761135.836
2273,118.007,0.000281,0.00031112,2048,17354.83,1787761135.955
2274,124.378,0.000166,0.0003107,2048,16466.0,1787761136.08
2275,183.701,0.000227,0.00031029,2048,11148.55,1787761136.265
2276,167.663,0.000178,0.00030987,2048,12215.01,1787761136.435
2277,167.31,0.000143,0.00030946,2048,12240.77,1787761136.603
2278,134.096,0.000214,0.00030904,2048,15272.67,1787761136.739
2279,152.161,0.000216,0.00030863,2048,13459.4,1787761136.892
2280,175.643,0.000171,0.00030822,2048,11659.99,1787761137.069
2281,172.463,0.000212,0.0003078,2048,11875.02,1787761137.243
2282,169.458,0.000257,0.00030739,2048,12085.61,1787761137.413
2283,162.841,0.000202,0.00030697,2048,12576.71,1787761137.578
2284,115.608,0.0002,0.00030656,2048,17714.96,1787761137.695
2285,140.029,0.00015,0.00030615,2048,14625.51,1787761137.836
2286,144.759,0.000235,0.00030574,2048,14147.66,1787761137.983
2287,142.983,0.000232,0.00030532,2048,14323.34,1787761138.127
2288,149.398,0.000167,0.00030491,2048,13708.35,1787761138.279
2289,141.46,0.000184,0.0003045,2048,14477.54,1787761138.42
2290,158.86,0.000132,0.00030409,2048,12891.88,1787761138.581
2291,150.51,0.000304,0.00030368,2048,13607.02,1787761138.733
2292,148.572,0.000209,0.00030327,2048,13784.57,1787761138.882
2293,158.258,0.000224,0.00030286,2048,12940.91,1787761139.043
2294,147.553,0.000273,0.00030245,2048,13879.77,1787761139.191
2295,158.802,0.00017,0.00030204,2048,12896.54,1787761139.351
2296,145.806,0.000217,0.00030163,2048,14046.07,1787761139.498
2297,166.073,0.000212,0.00030122,2048,12331.93,1787761139.666
2298,162.699,0.000253,0.00030081,2048,12587.66,1787761139.83
2299,147.137,0.000212,0.0003004,2048,13918.97,1787761139.978
2300,135.452,0.000177,0.00029999,2048,15119.75,1787761140.114
2301,139.565,0.00019,0.00029959,2048,14674.17,1787761140.256
2302,121.086,0.000238,0.00029918,2048,16913.56,1787761140.379
2303,112.289,0.000158,0.00029877,2048,18238.68,1787761140.491
2304,116.442,0.000155,0.00029836,2048,17588.17,1787761140.609
2305,118.565,0.000239,0.00029796,2048,17273.2,1787761140.729
2306,135.266,0.000221,0.00029755,2048,15140.55,1787761140.865
2307,119.192,0.000257,0.00029714,2048,17182.39,1787761140.986
2308,119.642,0.00018,0.00029674,2048,17117.71,1787761141.107
2309,130.47,0.000237,0.00029633,2048,15697.08,1787761141.238
2310,116.044,0.000193,0.00029593,2048,17648.55,1787761141.355
2311,157.098,0.000204,0.00029552,2048,13036.45,1787761141.514
2312,157.741,0.000179,0.00029512,2048,12983.28,1787761141.674
2313,113.268,0.00028,0.00029471,2048,18081.01,1787761141.788
2314,152.131,0.000204,0.00029431,2048,13462.13,1787761141.941
2315,171.736,0.000216,0.0002939,2048,11925.28,1787761142.115
2316,195.412,0.000218,0.0002935,2048,10480.42,1787761142.311
2317,195.5,0.000162,0.0002931,2048,10475.71,1787761142.509
2318,196.484,0.000183,0.0002927,2048,10423.25,1787761142.707
2319,261.134,0.000207,0.00029229,2048,7842.72,1787761142.969
2320,222.617,0.000153,0.00029189,2048,9199.65,1787761143.194
2321,209.595,0.000336,0.00029149,2048,9771.24,1787761143.406
2322,189.27,0.000263,0.00029109,2048,10820.52,1787761143.597
2323,187.234,0.000145,0.00029069,2048,10938.21,1787761143.786
2324,196.981,0.000216,0.00029028,2048,10396.94,1787761143.984
2325,180.484,0.000275,0.00028988,2048,11347.29,1787761144.167
2326,165.142,0.000193,0.00028948,2048,12401.41,1787761144.334
2327,133.428,0.000156,0.00028908,2048,15349.11,1787761144.468
2328,136.568,0.000246,0.00028868,2048,14996.2,1787761144.605
2329,177.302,0.000264,0.00028828,2048,11550.9,1787761144.785
2330,165.972,0.000244,0.00028789,2048,12339.41,1787761144.952
2331,155.0,0.000128,0.00028749,2048,13212.89,1787761145.109
2332,158.522,0.000161,0.00028709,2048,12919.38,1787761145.268
2333,147.038,0.000189,0.00028669,2048,13928.35,1787761145.417
2334,154.646,0.000225,0.00028629,2048,13243.15,1787761145.573
2335,150.076,0.000165,0.00028589,2048,13646.43,1787761145.725
2336,106.862,0.000145,0.0002855,2048,19164.9,1787761145.833
2337,102.542,0.000152,0.0002851,2048,19972.36,1787761145.936
2338,110.101,0.000156,0.0002847,2048,18601.02,1787761146.048
2339,124.352,0.000183,0.00028431,2048,16469.35,1787761146.173
2340,121.366,0.000166,0.00028391,2048,16874.55,1787761146.296
2341,151.777,0.000133,0.00028351,2048,13493.47,1787761146.45
2342,158.719,0.00012,0.00028312,2048,12903.27,1787761146.61
2343,128.702,0.000127,0.00028272,2048,15912.73,1787761146.74
2344,117.145,0.000159,0.00028233,2048,17482.67,1787761146.858
2345,101.272,0.000135,0.00028194,2048,20222.81,1787761146.96
2346,119.339,0.00016,0.00028154,2048,17161.23,1787761147.082
2347,113.261,0.000162,0.00028115,2048,18082.1,1787761147.197
2348,119.637,0.00011,0.00028075,2048,17118.44,1787761147.317
2349,133.327,0.000133,0.00028036,2048,15360.71,1787761147.452
2350,111.269,0.000186,0.00027997,2048,18405.91,1787761147.564
2351,105.783,0.000136,0.00027958,2048,19360.35,1787761147.67
2352,115.456,0.000127,0.00027918,2048,17738.36,1787761147.787
2353,104.655,0.000115,0.00027879,2048,19569.02,1787761147.892
2354,137.016,0.000135,0.0002784,2048,14947.17,1787761148.03
2355,120.368,0.000115,0.00027801,2048,17014.46,1787761148.152
2356,106.185,0.000204,0.00027762,2048,19287.18,1787761148.259
2357,128.969,0.00011,0.00027723,2048,15879.72,1787761148.39
2358,142.741,0.000127,0.00027684,2048,14347.65,1787761148.535
2359,114.909,0.000125,0.00027645,2048,17822.83,1787761148.652
2360,118.198,0.000116,0.00027606,2048,17326.84,1787761148.771
2361,146.573,0.000124,0.00027567,2048,13972.57,1787761148.919
2362,151.683,0.000135,0.00027528,2048,13501.89,1787761149.071
2363,144.78,0.000149,0.00027489,2048,14145.57,1787761149.218
2364,126.65,0.000154,0.0002745,2048,16170.55,1787761149.347
2365,125.838,0.000119,0.00027411,2048,16274.85,1787761149.474
2366,212.963,0.00016,0.00027373,2048,9616.68,1787761149.688
2367,210.815,0.000147,0.00027334,2048,9714.68,1787761149.901
2368,192.428,0.000119,0.00027295,2048,10642.95,1787761150.094
2369,173.654,0.000124,0.00027257,2048,11793.57,1787761150.27
2370,147.231,0.000126,0.00027218,2048,13910.11,1787761150.419
2371,155.478,0.000118,0.00027179,2048,13172.25,1787761150.576
2372,167.416,0.000175,0.00027141,2048,12233.03,1787761150.745
2373,145.385,0.000117,0.00027102,2048,14086.74,1787761150.892
2374,125.246,0.00012,0.00027064,2048,16351.86,1787761151.019
2375,126.781,0.000112,0.00027025,2048,16153.81,1787761151.146
2376,120.071,0.000121,0.00026987,2048,17056.53,1787761151.267
2377,125.961,0.000166,0.00026948,2048,16259.0,1787761151.395
2378,115.435,0.000162,0.0002691,2048,17741.62,1787761151.511
2379,145.213,0.000145,0.00026872,2048,14103.39,1787761151.657
2380,139.316,0.000121,0.00026833,2048,14700.35,1787761151.798
2381,111.834,0.000138,0.00026795,2048,18312.79,1787761151.911
2382,107.362,0.000146,0.00026757,2048,19075.67,1787761152.019
2383,114.647,0.000147,0.00026719,2048,17863.48,1787761152.134
2384,121.123,0.000149,0.00026681,2048,16908.47,1787761152.256
2385,111.195,0.000245,0.00026642,2048,18418.14,1787761152.368
2386,107.38,0.000146,0.00026604,2048,19072.47,1787761152.476
2387,179.111,0.000171,0.00026566,2048,11434.26,1787761152.657
2388,192.286,0.000181,0.00026528,2048,10650.79,1787761152.852
2389,133.096,0.00014,0.0002649,2048,15387.35,1787761152.985
2390,168.131,0.000186,0.00026452,2048,12180.94,1787761153.154
2391,174.61,0.000154,0.00026414,2048,11728.96,1787761153.331
2392,196.228,0.000212,0.00026376,2048,10436.84,1787761153.529
2393,182.753,0.000186,0.00026339,2048,11206.36,1787761153.713
2394,189.028,0.00017,0.00026301,2048,10834.35,1787761153.904
2395,205.046,0.000181,0.00026263,2048,9987.99,1787761154.111
2396,212.94,0.000176,0.00026225,2048,9617.73,1787761154.326
2397,194.442,0.00017,0.00026188,2048,10532.72,1787761154.522
2398,181.789,0.000191,0.0002615,2048,11265.79,1787761154.706
2399,143.839,0.000251,0.00026112,2048,14238.12,1787761154.851
2400,124.695,0.0002,0.00026075,2048,16424.07,1787761154.977
2401,126.19,0.000144,0.00026037,2048,16229.51,1787761155.104
2402,130.09,0.000166,0.00025999,2048,15742.98,1787761155.234
2403,99.617,0.000163,0.00025962,2048,20558.84,1787761155.335
2404,102.218,0.000232,0.00025924,2048,20035.67,1787761155.439
2405,125.331,0.000195,0.00025887,2048,16340.74,1787761155.565
2406,118.611,0.000177,0.0002585,2048,17266.54,1787761155.684
2407,99.436,0.000168,0.00025812,2048,20596.14,1787761155.785
2408,124.021,0.000184,0.00025775,2048,16513.39,1787761155.91
2409,150.17,0.000201,0.00025738,2048,13637.9,1787761156.062
2410,156.74,0.000197,0.000257,2048,13066.27,1787761156.221
2411,123.449,0.000143,0.00025663,2048,16589.82,1787761156.344
2412,126.935,0.00013,0.00025626,2048,16134.25,1787761156.473
2413,123.902,0.000263,0.00025589,2048,16529.15,1787761156.599
2414,129.006,0.00024,0.00025552,2048,15875.24,1787761156.73
2415,108.629,0.00014,0.00025514,2048,18853.2,1787761156.84
2416,122.51,0.000249,0.00025477,2048,16716.95,1787761156.963
2417,160.648,0.000144,0.0002544,2048,12748.35,1787761157.126
2418,174.233,0.000227,0.00025403,2048,11754.4,1787761157.301
2419,117.698,0.000207,0.00025366,2048,17400.48,1787761157.421
2420,125.199,0.000224,0.00025329,2048,16357.97,1787761157.548
2421,127.424,0.000204,0.00025293,2048,16072.28,1787761157.676
2422,145.761,0.000298,0.00025256,2048,14050.37,1787761157.824
2423,156.587,0.000151,0.00025219,2048,13078.97,1787761157.982
2424,122.49,0.000155,0.00025182,2048,16719.75,1787761158.106
2425,133.232,0.000193,0.00025145,2048,15371.64,1787761158.24
2426,160.344,0.000204,0.00025109,2048,12772.58,1787761158.402
2427,153.206,0.000221,0.00025072,2048,13367.6,1787761158.556
2428,190.744,0.000204,0.00025035,2048,10736.93,1787761158.749
2429,186.978,0.000146,0.00024999,2048,10953.17,1787761158.937
2430,169.93,0.000165,0.00024962,2048,12051.99,1787761159.109
2431,160.373,0.000184,0.00024926,2048,12770.25,1787761159.272
2432,158.665,0.000147,0.00024889,2048,12907.71,1787761159.432
2433,144.727,0.000151,0.00024853,2048,14150.77,1787761159.579
2434,145.304,0.000159,0.00024816,2048,14094.63,1787761159.725
2435,112.866,0.000252,0.0002478,2048,18145.49,1787761159.839
2436,117.649,0.000201,0.00024743,2048,17407.67,1787761159.957
2437,108.949,0.000184,0.00024707,2048,18797.79,1787761160.067
2438,100.749,0.000165,0.00024671,2048,20327.79,1787761160.169
2439,102.869,0.000151,0.00024635,2048,19908.87,1787761160.274
2440,101.23,0.000153,0.00024598,2048,20231.12,1787761160.375
2441,112.703,0.00022,0.00024562,2048,18171.65,1787761160.489
2442,77.223,0.000138,0.00024526,2048,26520.7,1787761160.568
2443,88.948,0.000136,0.0002449,2048,23024.77,1787761160.657
2444,110.284,0.000127,0.00024454,2048,18570.19,1787761160.768
2445,107.108,0.000128,0.00024418,2048,19120.87,1787761160.876
2446,104.834,0.000127,0.00024382,2048,19535.63,1787761160.982
2447,116.894,0.000189,0.00024346,2048,17520.15,1787761161.1
2448,104.977,0.000189,0.0002431,2048,19509.04,1787761161.205
2449,111.533,0.000165,0.00024274,2048,18362.23,1787761161.319
2450,130.475,0.00014,0.00024238,2048,15696.48,1787761161.45
2451,120.336,0.000117,0.00024203,2048,17019.07,1787761161.572
2452,127.662,0.000123,0.00024167,2048,16042.41,1787761161.7
2453,121.01,0.000117,0.00024131,2048,16924.28,1787761161.822
2454,147.467,0.000128,0.00024095,2048,13887.85,1787761161.971
2455,148.222,0.000122,0.0002406,2048,13817.14,1787761162.12
2456,128.762,0.000123,0.00024024,2048,15905.38,1787761162.25
2457,121.221,0.000173,0.00023988,2048,16894.76,1787761162.372
2458,108.396,0.000134,0.00023953,2048,18893.6,1787761162.482
2459,95.813,0.000145,0.00023917,2048,21374.9,1787761162.579
2460,103.22,0.000147,0.00023882,2048,19841.15,1787761162.682
2461,118.158,0.000139,0.00023846,2048,17332.69,1787761162.802
2462,114.481,0.000108,0.00023811,2048,17889.46,1787761162.917
2463,140.854,0.000119,0.00023776,2048,14539.92,1787761163.059
2464,123.466,0.000142,0.0002374,2048,16587.56,1787761163.183
2465,118.316,0.000193,0.00023705,2048,17309.61,1787761163.303
2466,100.558,0.00015,0.0002367,2048,20366.27,1787761163.404
2467,112.565,0.000121,0.00023635,2048,18193.9,1787761163.518
2468,92.737,0.000128,0.00023599,2048,22083.91,1787761163.611
2469,93.786,0.000133,0.00023564,2048,21836.85,1787761163.706
2470,107.658,0.000116,0.00023529,2048,19023.15,1787761163.814
2471,117.897,0.000118,0.00023494,2048,17371.07,1787761163.933
2472,132.906,0.000157,0.00023459,2048,15409.4,1787761164.068
2473,127.546,0.000162,0.00023424,2048,16056.94,1787761164.197
2474,145.96,0.000127,0.00023389,2048,14031.22,1787761164.344
2475,149.979,0.00011,0.00023354,2048,13655.22,1787761164.494
2476,153.247,0.000142,0.00023319,2048,13364.05,1787761164.65
2477,125.61,0.000126,0.00023284,2048,16304.38,1787761164.776
2478,129.496,0.000133,0.0002325,2048,15815.18,1787761164.907
2479,119.798,0.000126,0.00023215,2048,17095.42,1787761165.027
2480,124.455,0.000123,0.0002318,2048,16455.72,1787761165.153
2481,152.217,0.000122,0.00023146,2048,13454.49,1787761165.307
2482,184.553,0.000104,0.00023111,2048,11097.1,1787761165.493
2483,125.01,0.000154,0.00023076,2048,16382.64,1787761165.619
2484,129.79,0.000216,0.00023042,2048,15779.31,1787761165.75
2485,125.618,0.000201,0.00023007,2048,16303.45,1787761165.877
2486,111.212,0.000108,0.00022973,2048,18415.26,1787761165.989
2487,118.732,0.000106,0.00022938,2048,17248.99,1787761166.108
2488,112.154,0.000112,0.00022904,2048,18260.62,1787761166.222
2489,104.504,0.000113,0.00022869,2048,19597.37,1787761166.328
2490,135.878,0.00011,0.00022835,2048,15072.37,1787761166.464
2491,161.454,0.000128,0.00022801,2048,12684.77,1787761166.627
2492,151.947,0.000115,0.00022766,2048,13478.37,1787761166.78
2493,175.719,0.000113,0.00022732,2048,11654.96,1787761166.958
2494,182.351,0.000118,0.00022698,2048,11231.06,1787761167.141
2495,180.878,0.000144,0.00022664,2048,11322.56,1787761167.324
2496,182.45,0.00011,0.0002263,2048,11224.99,1787761167.508
2497,180.341,0.000198,0.00022596,2048,11356.26,1787761167.69
2498,173.909,0.000151,0.00022562,2048,11776.28,1787761167.865
2499,152.138,0.00012,0.00022528,2048,13461.46,1787761168.019
2500,141.377,0.000117,0.00022494,2048,14486.08,1787761168.162
2501,149.721,0.000134,0.0002246,2048,13678.78,1787761168.312
2502,124.321,0.000117,0.00022426,2048,16473.48,1787761168.438
2503,157.84,0.000116,0.00022392,2048,12975.18,1787761168.597
2504,132.074,0.000189,0.00022358,2048,15506.51,1787761168.732
2505,111.225,0.000137,0.00022324,2048,18413.04,1787761168.844
2506,118.319,0.000183,0.00022291,2048,17309.14,1787761168.963
2507,128.081,0.00015,0.00022257,2048,15989.84,1787761169.093
2508,167.291,0.000135,0.00022223,2048,12242.13,1787761169.261
2509,194.448,0.000131,0.0002219,2048,10532.35,1787761169.457
2510,198.877,0.000124,0.00022156,2048,10297.84,1787761169.657
2511,181.919,0.000146,0.00022123,2048,11257.75,1787761169.841
2512,134.09,0.000164,0.00022089,2048,15273.32,1787761169.976
2513,135.815,0.00012,0.00022056,2048,15079.28,1787761170.114
2514,120.714,0.000181,0.00022022,2048,16965.73,1787761170.236
2515,125.296,0.000159,0.00021989,2048,16345.24,1787761170.363
2516,132.343,0.000143,0.00021955,2048,15474.93,1787761170.496
2517,119.676,0.000164,0.00021922,2048,17112.87,1787761170.617
2518,133.746,0.000133,0.00021889,2048,15312.65,1787761170.751
2519,123.692,0.000132,0.00021856,2048,16557.31,1787761170.876
2520,124.249,0.000294,0.00021823,2048,16483.02,1787761171.001
2521,145.822,0.000131,0.00021789,2048,14044.5,1787761171.149
2522,167.541,0.000125,0.00021756,2048,12223.84,1787761171.317
2523,176.114,0.000186,0.00021723,2048,11628.83,1787761171.496
2524,139.804,0.000164,0.0002169,2048,14649.11,1787761171.637
2525,186.573,0.000226,0.00021657,2048,10976.92,1787761171.825
2526,161.598,0.000261,0.00021624,2048,12673.43,1787761171.988
2527,156.225,0.000263,0.00021591,2048,13109.26,1787761172.145
2528,142.259,0.000306,0.00021558,2048,14396.24,1787761172.289
2529,157.268,0.000212,0.00021526,2048,13022.4,1787761172.448
2530,138.868,0.00039,0.00021493,2048,14747.82,1787761172.588
2531,125.567,0.000388,0.0002146,2048,16310.02,1787761172.715
2532,178.06,0.000164,0.00021427,2048,11501.73,1787761172.895
2533,161.865,0.000307,0.00021395,2048,12652.53,1787761173.058
2534,158.088,0.000269,0.00021362,2048,12954.79,1787761173.217
2535,171.417,0.00027,0.0002133,2048,11947.46,1787761173.39
2536,175.302,0.000119,0.00021297,2048,11682.68,1787761173.567
2537,193.564,0.000198,0.00021264,2048,10580.45,1787761173.762
2538,217.969,0.000281,0.00021232,2048,9395.81,1787761173.981
2539,217.718,0.000333,0.000212,2048,9406.65,1787761174.201
2540,242.288,0.000379,0.00021167,2048,8452.75,1787761174.446
2541,258.73,0.000245,0.00021135,2048,7915.58,1787761174.707
2542,243.45,0.000269,0.00021103,2048,8412.41,1787761174.952
2543,302.986,0.000119,0.0002107,2048,6759.39,1787761175.257
2544,256.331,0.000245,0.00021038,2048,7989.68,1787761175.515
2545,235.52,0.000613,0.00021006,2048,8695.66,1787761175.753
2546,237.991,0.000261,0.00020974,2048,8605.36,1787761175.992
2547,204.131,0.000222,0.00020942,2048,10032.75,1787761176.198
2548,184.397,0.00034,0.0002091,2048,11106.46,1787761176.385
2549,190.469,0.000194,0.00020878,2048,10752.4,1787761176.577
2550,206.179,0.000261,0.00020846,2048,9933.12,1787761176.784
2551,213.23,0.000243,0.00020814,2048,9604.67,1787761177.0
2552,207.643,0.0004,0.00020782,2048,9863.06,1787761177.209
2553,188.005,0.000255,0.0002075,2048,10893.33,1787761177.399
2554,178.993,0.000156,0.00020718,2048,11441.79,1787761177.579
2555,191.049,0.000253,0.00020686,2048,10719.76,1787761177.772
2556,187.573,0.000277,0.00020655,2048,10918.4,1787761177.961
2557,187.662,0.000208,0.00020623,2048,10913.21,1787761178.151
2558,182.787,0.00022,0.00020591,2048,11204.28,1787761178.335
2559,129.788,0.000204,0.0002056,2048,15779.57,1787761178.466
2560,159.372,0.00031,0.00020528,2048,12850.46,1787761178.627
2561,150.813,0.00013,0.00020496,2048,13579.76,1787761178.78
2562,134.431,0.000179,0.00020465,2048,15234.57,1787761178.915
2563,124.489,0.000135,0.00020434,2048,16451.28,1787761179.041
2564,173.817,0.000167,0.00020402,2048,11782.51,1787761179.216
2565,183.3,0.000121,0.00020371,2048,11172.92,1787761179.401
2566,183.999,0.000132,0.00020339,2048,11130.51,1787761179.587
2567,137.659,0.000106,0.00020308,2048,14877.39,1787761179.725
2568,145.545,0.000227,0.00020277,2048,14071.2,1787761179.872
2569,133.54,0.000396,0.00020246,2048,15336.27,1787761180.008
2570,146.966,0.000148,0.00020215,2048,13935.18,1787761180.155
2571,172.167,0.000163,0.00020183,2048,11895.43,1787761180.329
2572,148.215,0.000175,0.00020152,2048,13817.81,1787761180.479
2573,190.293,0.000151,0.00020121,2048,10762.36,1787761180.671
2574,172.388,0.000126,0.0002009,2048,11880.18,1787761180.845
2575,153.976,0.000101,0.00020059,2048,13300.8,1787761181.002
2576,152.902,0.000196,0.00020028,2048,13394.18,1787761181.156
2577,145.563,0.000283,0.00019998,2048,14069.53,1787761181.303
2578,150.754,0.000167,0.00019967,2048,13585.03,1787761181.455
2579,214.898,0.000119,0.00019936,2048,9530.11,1787761181.671
2580,181.786,0.000135,0.00019905,2048,11266.01,1787761181.854
2581,157.767,0.000168,0.00019874,2048,12981.18,1787761182.014
2582,132.707,0.000233,0.00019844,2048,15432.51,1787761182.148
2583,102.025,0.000101,0.00019813,2048,20073.47,1787761182.251
2584,123.423,0.00012,0.00019783,2048,16593.36,1787761182.375
2585,176.727,0.000107,0.00019752,2048,11588.52,1787761182.553
2586,139.665,0.000139,0.00019722,2048,14663.7,1787761182.694
2587,118.331,0.000105,0.00019691,2048,17307.41,1787761182.814
2588,113.321,0.000212,0.00019661,2048,18072.55,1787761182.928
2589,127.744,0.00017,0.0001963,2048,16032.03,1787761183.056
2590,98.108,0.000112,0.000196,2048,20874.95,1787761183.155
2591,84.28,0.000131,0.0001957,2048,24299.95,1787761183.24
2592,91.214,0.000103,0.0001954,2048,22452.6,1787761183.333
2593,110.74,0.000123,0.00019509,2048,18493.74,1787761183.446
2594,125.631,0.000165,0.00019479,2048,16301.72,1787761183.573
2595,161.063,0.000173,0.00019449,2048,12715.48,1787761183.735
2596,116.213,0.000109,0.00019419,2048,17622.81,1787761183.851
2597,138.824,0.000123,0.00019389,2048,14752.44,1787761183.991
2598,106.756,0.00011,0.00019359,2048,19183.97,1787761184.099
2599,135.667,0.000104,0.00019329,2048,15095.83,1787761184.236
2600,112.865,0.000121,0.00019299,2048,18145.6,1787761184.35
2601,115.728,0.000108,0.00019269,2048,17696.61,1787761184.466
2602,139.182,0.000128,0.00019239,2048,14714.58,1787761184.607
2603,143.875,0.000132,0.0001921,2048,14234.59,1787761184.752
2604,125.887,0.000118,0.0001918,2048,16268.55,1787761184.878
2605,112.059,0.000114,0.0001915,2048,18276.14,1787761184.991
2606,99.66,0.000134,0.00019121,2048,20549.81,1787761185.093
2607,119.197,0.000113,0.00019091,2048,17181.64,1787761185.213
2608,88.404,0.000117,0.00019061,2048,23166.27,1787761185.301
2609,150.865,0.000131,0.00019032,2048,13575.03,1787761185.453
2610,118.953,0.00011,0.00019002,2048,17216.86,1787761185.573
2611,104.525,0.000113,0.00018973,2048,19593.47,1787761185.678
2612,106.1,0.000106,0.00018944,2048,19302.62,1787761185.786
2613,103.379,0.00011,0.00018914,2048,19810.52,1787761185.89
2614,98.425,0.000114,0.00018885,2048,20807.62,1787761185.99
2615,111.216,0.000119,0.00018856,2048,18414.62,1787761186.102
2616,121.347,0.000164,0.00018826,2048,16877.19,1787761186.225
2617,100.698,0.000118,0.00018797,2048,20338.02,1787761186.327
2618,118.843,0.00011,0.00018768,2048,17232.78,1787761186.446
2619,114.254,0.000116,0.00018739,2048,17925.04,1787761186.561
2620,94.304,0.000115,0.0001871,2048,21717.05,1787761186.657
2621,111.989,0.000108,0.00018681,2048,18287.59,1787761186.77
2622,113.513,0.000114,0.00018652,2048,18042.05,1787761186.884
2623,103.684,0.000142,0.00018623,2048,19752.25,1787761186.988
2624,123.17,0.000118,0.00018594,2048,16627.45,1787761187.112
2625,103.328,0.000213,0.00018565,2048,19820.44,1787761187.217
2626,124.517,0.000152,0.00018537,2048,16447.49,1787761187.343
2627,113.251,9.9e-05,0.00018508,2048,18083.69,1787761187.456
2628,127.069,0.000103,0.00018479,2048,16117.23,1787761187.586
2629,141.422,0.000119,0.00018451,2048,14481.46,1787761187.73
2630,115.161,0.000103,0.00018422,2048,17783.77,1787761187.846
2631,145.317,0.000118,0.00018393,2048,14093.36,1787761187.993
2632,156.723,0.000115,0.00018365,2048,13067.67,1787761188.152
2633,176.073,0.000106,0.00018336,2048,11631.54,1787761188.329
2634,145.083,0.000113,0.00018308,2048,14116.04,1787761188.476
2635,141.027,0.000148,0.00018279,2048,14521.99,1787761188.619
2636,144.271,0.000121,0.00018251,2048,14195.48,1787761188.764
2637,178.006,0.000133,0.00018223,2048,11505.21,1787761188.943
2638,198.861,0.000147,0.00018195,2048,10298.64,1787761189.144
2639,177.388,0.00013,0.00018166,2048,11545.33,1787761189.323
2640,174.048,0.000136,0.00018138,2048,11766.84,1787761189.499
2641,234.57,0.000135,0.0001811,2048,8730.86,1787761189.736
2642,207.642,0.000112,0.00018082,2048,9863.12,1787761189.945
2643,165.883,0.000149,0.00018054,2048,12346.07,1787761190.112
2644,137.587,0.000158,0.00018026,2048,14885.12,1787761190.252
2645,120.677,0.000155,0.00017998,2048,16970.85,1787761190.373
2646,111.186,0.000133,0.0001797,2048,18419.54,1787761190.486
2647,119.88,0.000136,0.00017942,2048,17083.79,1787761190.607
2648,128.834,0.000116,0.00017914,2048,15896.36,1787761190.736
2649,127.361,0.000136,0.00017887,2048,16080.21,1787761190.865
2650,113.368,0.000126,0.00017859,2048,18065.05,1787761190.98
2651,122.707,0.000143,0.00017831,2048,16690.11,1787761191.104
2652,88.497,0.000139,0.00017803,2048,23142.11,1787761191.193
2653,118.556,0.000128,0.00017776,2048,17274.58,1787761191.313
2654,114.086,0.000102,0.00017748,2048,17951.43,1787761191.428
2655,102.325,0.000124,0.00017721,2048,20014.62,1787761191.531
2656,146.668,0.000157,0.00017693,2048,13963.46,1787761191.679
2657,120.664,0.000199,0.00017666,2048,16972.68,1787761191.802
2658,114.731,0.000107,0.00017638,2048,17850.43,1787761191.917
2659,128.315,0.000123,0.00017611,2048,15960.67,1787761192.046
2660,97.366,0.000141,0.00017584,2048,21034.1,1787761192.145
2661,101.647,0.00014,0.00017557,2048,20148.14,1787761192.249
2662,113.434,0.000155,0.00017529,2048,18054.55,1787761192.363
2663,121.555,0.000137,0.00017502,2048,16848.27,1787761192.486
2664,127.127,0.000256,0.00017475,2048,16109.89,1787761192.614
2665,140.666,0.000131,0.00017448,2048,14559.32,1787761192.756
2666,114.147,0.000172,0.00017421,2048,17941.81,1787761192.871
2667,131.259,0.000162,0.00017394,2048,15602.79,1787761193.003
2668,165.635,0.000159,0.00017367,2048,12364.54,1787761193.17
2669,167.906,0.00015,0.0001734,2048,12197.33,1787761193.339
2670,135.644,0.000194,0.00017313,2048,15098.3,1787761193.477
2671,151.845,0.000122,0.00017287,2048,13487.44,1787761193.631
2672,131.647,0.000235,0.0001726,2048,15556.72,1787761193.763
2673,120.513,0.000244,0.00017233,2048,16994.07,1787761193.884
2674,120.881,0.000216,0.00017206,2048,16942.34,1787761194.006
2675,122.247,0.000187,0.0001718,2048,16752.97,1787761194.13
2676,93.477,0.00014,0.00017153,2048,21909.13,1787761194.224
2677,119.164,0.000178,0.00017127,2048,17186.43,1787761194.344
2678,107.127,0.000198,0.000171,2048,19117.41,1787761194.453
2679,88.009,0.000265,0.00017074,2048,23270.45,1787761194.541
2680,95.911,0.000136,0.00017047,2048,21353.13,1787761194.638
2681,118.072,0.000185,0.00017021,2048,17345.28,1787761194.757
2682,115.42,0.000214,0.00016995,2048,17743.92,1787761194.874
2683,112.237,0.000217,0.00016968,2048,18247.17,1787761194.987
2684,111.73,0.000173,0.00016942,2048,18329.95,1787761195.1
2685,109.103,0.00024,0.00016916,2048,18771.18,1787761195.209
2686,102.711,0.000174,0.0001689,2048,19939.36,1787761195.313
2687,118.835,0.000323,0.00016864,2048,17234.01,1787761195.433
2688,102.524,0.000147,0.00016838,2048,19975.83,1787761195.536
2689,131.081,0.000217,0.00016812,2048,15623.96,1787761195.668
2690,150.954,0.000236,0.00016786,2048,13567.01,1787761195.82
2691,109.547,0.000223,0.0001676,2048,18695.17,1787761195.93
2692,123.052,0.000204,0.00016734,2048,16643.37,1787761196.054
2693,121.699,0.000212,0.00016708,2048,16828.4,1787761196.177
2694,108.431,0.000147,0.00016683,2048,18887.5,1787761196.286
2695,89.574,0.000175,0.00016657,2048,22863.88,1787761196.376
2696,83.57,0.000307,0.00016631,2048,24506.55,1787761196.461
2697,90.84,0.000259,0.00016606,2048,22545.08,1787761196.552
2698,101.08,0.000288,0.0001658,2048,20261.24,1787761196.654
2699,102.558,0.000295,0.00016554,2048,19969.15,1787761196.758
2700,106.034,0.000156,0.00016529,2048,19314.65,1787761196.865
2701,97.114,0.00022,0.00016504,2048,21088.53,1787761196.963
2702,108.652,0.000161,0.00016478,2048,18849.1,1787761197.072
2703,115.576,0.000237,0.00016453,2048,17719.99,1787761197.19
2704,156.223,0.000221,0.00016427,2048,13109.48,1787761197.348
2705,133.639,0.000177,0.00016402,2048,15324.82,1787761197.483
2706,118.587,0.000226,0.00016377,2048,17270.01,1787761197.602
2707,103.762,0.000377,0.00016352,2048,19737.53,1787761197.707
2708,143.092,0.000186,0.00016327,2048,14312.5,1787761197.851
2709,122.566,0.000163,0.00016302,2048,16709.41,1787761197.975
2710,123.021,0.000133,0.00016277,2048,16647.5,1787761198.099
2711,105.455,0.00013,0.00016252,2048,19420.61,1787761198.205
2712,115.206,0.000119,0.00016227,2048,17776.84,1787761198.321
2713,129.05,0.0002,0.00016202,2048,15869.76,1787761198.451
2714,107.15,0.000227,0.00016177,2048,19113.36,1787761198.56
2715,108.658,0.000213,0.00016152,2048,18848.06,1787761198.67
2716,101.064,0.000161,0.00016127,2048,20264.31,1787761198.773
2717,119.194,0.000262,0.00016103,2048,17182.14,1787761198.893
2718,154.886,0.000414,0.00016078,2048,13222.65,1787761199.049
2719,176.51,0.000249,0.00016053,2048,11602.76,1787761199.227
2720,207.364,0.000145,0.00016029,2048,9876.35,1787761199.436
2721,255.513,0.000143,0.00016004,2048,8015.25,1787761199.694
2722,261.954,0.000223,0.0001598,2048,7818.18,1787761199.957
2723,284.116,0.000219,0.00015955,2048,7208.33,1787761200.244
2724,275.348,0.000213,0.00015931,2048,7437.87,1787761200.521
2725,251.683,0.000194,0.00015907,2048,8137.21,1787761200.774
2726,285.682,0.000129,0.00015882,2048,7168.8,1787761201.062
2727,204.25,0.000126,0.00015858,2048,10026.93,1787761201.268
2728,192.509,0.000272,0.00015834,2048,10638.45,1787761201.462
2729,183.084,0.000271,0.0001581,2048,11186.15,1787761201.647
2730,146.747,0.000132,0.00015786,2048,13955.97,1787761201.795
2731,129.702,0.000101,0.00015762,2048,15790.03,1787761201.925
2732,114.351,0.000159,0.00015738,2048,17909.74,1787761202.041
2733,118.084,0.000159,0.00015714,2048,17343.57,1787761202.16
2734,118.065,0.000143,0.0001569,2048,17346.32,1787761202.28
2735,103.31,0.000168,0.00015666,2048,19823.91,1787761202.384
2736,94.576,0.000113,0.00015642,2048,21654.54,1787761202.48
2737,93.205,0.000115,0.00015618,2048,21973.09,1787761202.575
2738,112.522,0.000113,0.00015595,2048,18200.84,1787761202.688
2739,113.02,0.000214,0.00015571,2048,18120.77,1787761202.802
2740,107.826,0.000162,0.00015547,2048,18993.56,1787761202.912
2741,103.657,0.000134,0.00015524,2048,19757.53,1787761203.015
2742,108.943,0.000132,0.000155,2048,18798.8,1787761203.126
2743,117.662,0.00015,0.00015477,2048,17405.82,1787761203.245
2744,93.401,0.000143,0.00015453,2048,21926.89,1787761203.339
2745,102.671,0.000117,0.0001543,2048,19947.31,1787761203.442
2746,99.76,0.00018,0.00015406,2048,20529.35,1787761203.542
2747,98.984,0.000143,0.00015383,2048,20690.17,1787761203.643
2748,99.652,0.000112,0.0001536,2048,20551.52,1787761203.744
2749,88.413,0.000133,0.00015337,2048,23163.99,1787761203.833
2750,96.308,0.000161,0.00015314,2048,21265.09,1787761203.931
2751,102.134,0.000172,0.0001529,2048,20052.01,1787761204.034
2752,109.318,0.000133,0.00015267,2048,18734.25,1787761204.144
2753,129.9,0.000114,0.00015244,2048,15765.96,1787761204.274
2754,124.489,0.000132,0.00015221,2048,16451.31,1787761204.401
2755,126.134,0.000133,0.00015198,2048,16236.77,1787761204.528
2756,124.644,0.000147,0.00015176,2048,16430.74,1787761204.655
2757,111.396,0.000116,0.00015153,2048,18384.94,1787761204.767
2758,131.745,0.000123,0.0001513,2048,15545.12,1787761204.9
2759,119.146,9.7e-05,0.00015107,2048,17189.05,1787761205.02
2760,150.896,0.000104,0.00015085,2048,13572.29,1787761205.172
2761,151.474,0.000123,0.00015062,2048,13520.48,1787761205.325
2762,125.224,0.000139,0.00015039,2048,16354.64,1787761205.451
2763,158.058,0.000101,0.00015017,2048,12957.29,1787761205.611
2764,116.177,0.000136,0.00014994,2048,17628.21,1787761205.729
2765,126.133,9.8e-05,0.00014972,2048,16236.8,1787761205.856
2766,119.069,0.000111,0.00014949,2048,17200.17,1787761205.976
2767,166.766,0.000116,0.00014927,2048,12280.66,1787761206.144
2768,171.981,0.000115,0.00014905,2048,11908.29,1787761206.317
2769,163.191,0.000126,0.00014882,2048,12549.68,1787761206.483
2770,151.8,0.000115,0.0001486,2048,13491.45,1787761206.635
2771,171.774,0.000138,0.00014838,2048,11922.61,1787761206.809
2772,168.871,0.00016,0.00014816,2048,12127.58,1787761206.98
2773,118.1,8.8e-05,0.00014794,2048,17341.18,1787761207.1
2774,128.006,0.000102,0.00014772,2048,15999.29,1787761207.229
2775,127.068,0.00011,0.0001475,2048,16117.38,1787761207.357
2776,99.252,0.000147,0.00014728,2048,20634.26,1787761207.457
2777,114.66,0.000101,0.00014706,2048,17861.55,1787761207.573
2778,101.812,0.000108,0.00014684,2048,20115.49,1787761207.676
2779,112.575,0.000108,0.00014662,2048,18192.35,1787761207.79
2780,111.127,9.6e-05,0.00014641,2048,18429.38,1787761207.902
2781,144.848,0.000113,0.00014619,2048,14138.93,1787761208.048
2782,117.134,0.000179,0.00014597,2048,17484.25,1787761208.166
2783,186.994,0.000115,0.00014576,2048,10952.22,1787761208.354
2784,210.976,0.000125,0.00014554,2048,9707.28,1787761208.566
2785,235.1,8.8e-05,0.00014533,2048,8711.18,1787761208.804
2786,227.325,0.00012,0.00014511,2048,9009.14,1787761209.033
2787,272.68,9.8e-05,0.0001449,2048,7510.64,1787761209.307
2788,238.625,0.000103,0.00014469,2048,8582.49,1787761209.548
2789,231.291,0.000127,0.00014447,2048,8854.65,1787761209.781
2790,242.764,0.00012,0.00014426,2048,8436.17,1787761210.026
2791,214.474,0.000137,0.00014405,2048,9548.96,1787761210.243
2792,244.767,9.8e-05,0.00014384,2048,8367.14,1787761210.489
2793,285.584,0.00011,0.00014363,2048,7171.27,1787761210.777
2794,220.823,0.000177,0.00014341,2048,9274.4,1787761211.0
2795,179.254,0.000114,0.0001432,2048,11425.15,1787761211.18
2796,174.201,0.000107,0.000143,2048,11756.51,1787761211.357
2797,225.339,0.000101,0.00014279,2048,9088.52,1787761211.583
2798,233.189,9.8e-05,0.00014258,2048,8782.59,1787761211.818
2799,178.88,0.000116,0.00014237,2048,11449.01,1787761211.999
2800,173.609,0.000101,0.00014216,2048,11796.6,1787761212.173
2801,170.199,0.000103,0.00014195,2048,12032.94,1787761212.346
2802,139.453,0.000101,0.00014175,2048,14685.94,1787761212.487
2803,129.341,0.000118,0.00014154,2048,15834.09,1787761212.617
2804,115.355,0.000132,0.00014134,2048,17753.87,1787761212.734
2805,149.041,0.000114,0.00014113,2048,13741.18,1787761212.884
2806,149.689,9.7e-05,0.00014093,2048,13681.7,1787761213.036
2807,185.282,0.000141,0.00014072,2048,11053.42,1787761213.222
2808,151.032,0.00012,0.00014052,2048,13560.04,1787761213.375
2809,131.424,0.000116,0.00014031,2048,15583.14,1787761213.508
2810,146.075,0.000116,0.00014011,2048,14020.17,1787761213.656
2811,135.343,0.000122,0.00013991,2048,15131.88,1787761213.793
2812,185.914,0.000102,0.00013971,2048,11015.83,1787761213.979
2813,149.071,0.000142,0.00013951,2048,13738.43,1787761214.131
2814,170.524,0.00011,0.0001393,2048,12010.01,1787761214.303
2815,139.31,0.000115,0.0001391,2048,14700.98,1787761214.443
2816,110.846,0.000126,0.0001389,2048,18476.05,1787761214.555
2817,132.8,0.000113,0.00013871,2048,15421.74,1787761214.689
2818,119.17,0.000131,0.00013851,2048,17185.53,1787761214.809
2819,112.534,9.7e-05,0.00013831,2048,18198.86,1787761214.922
2820,101.656,0.000166,0.00013811,2048,20146.38,1787761215.025
2821,111.462,9.9e-05,0.00013791,2048,18373.91,1787761215.138
2822,102.738,0.00011,0.00013772,2048,19934.14,1787761215.241
2823,111.859,0.000103,0.00013752,2048,18308.81,1787761215.353
2824,125.271,0.000151,0.00013732,2048,16348.61,1787761215.48
2825,101.962,0.000117,0.00013713,2048,20085.99,1787761215.584
2826,121.717,0.000113,0.00013693,2048,16825.87,1787761215.706
2827,99.383,9.7e-05,0.00013674,2048,20607.21,1787761215.807
2828,89.179,0.000135,0.00013654,2048,22965.05,1787761215.897
2829,125.454,0.000157,0.00013635,2048,16324.75,1787761216.024
2830,118.856,0.00011,0.00013616,2048,17230.95,1787761216.144
2831,90.465,0.000111,0.00013596,2048,22638.69,1787761216.235
2832,100.369,0.00012,0.00013577,2048,20404.69,1787761216.336
2833,112.35,0.000105,0.00013558,2048,18228.72,1787761216.45
2834,95.75,0.000102,0.00013539,2048,21388.99,1787761216.547
2835,97.791,9.4e-05,0.0001352,2048,20942.64,1787761216.645
2836,105.934,0.000116,0.00013501,2048,19332.72,1787761216.752
2837,117.365,0.00014,0.00013482,2048,17449.84,1787761216.87
2838,104.563,0.000142,0.00013463,2048,19586.24,1787761216.975
2839,105.29,0.000168,0.00013444,2048,19451.0,1787761217.082
2840,82.875,0.000146,0.00013425,2048,24711.86,1787761217.166
2841,90.199,0.000125,0.00013407,2048,22705.45,1787761217.256
2842,102.175,0.000135,0.00013388,2048,20044.06,1787761217.36
2843,104.794,0.000105,0.00013369,2048,19543.05,1787761217.465
2844,119.215,0.000104,0.00013351,2048,17179.1,1787761217.585
2845,113.855,0.000123,0.00013332,2048,17987.78,1787761217.701
2846,112.32,0.000111,0.00013314,2048,18233.55,1787761217.814
2847,116.307,0.000166,0.00013295,2048,17608.57,1787761217.932
2848,133.303,0.00015,0.00013277,2048,15363.5,1787761218.066
2849,127.868,0.00023,0.00013258,2048,16016.57,1787761218.194
2850,109.417,0.00016,0.0001324,2048,18717.42,1787761218.305
2851,107.759,0.000155,0.00013222,2048,19005.34,1787761218.414
2852,118.638,0.000116,0.00013204,2048,17262.64,1787761218.533
2853,87.613,0.000157,0.00013185,2048,23375.39,1787761218.621
2854,100.207,0.000121,0.00013167,2048,20437.73,1787761218.723
2855,123.7,0.000101,0.00013149,2048,16556.2,1787761218.847
2856,124.661,0.0001,0.00013131,2048,16428.5,1787761218.973
2857,126.915,0.000142,0.00013113,2048,16136.73,1787761219.101
2858,130.877,0.000192,0.00013095,2048,15648.23,1787761219.233
2859,184.99,0.000183,0.00013077,2048,11070.87,1787761219.419
2860,205.339,0.000126,0.0001306,2048,9973.76,1787761219.626
2861,182.343,0.000175,0.00013042,2048,11231.57,1787761219.81
2862,178.331,0.000149,0.00013024,2048,11484.27,1787761219.99
2863,177.876,0.000146,0.00013006,2048,11513.61,1787761220.17
2864,179.818,0.000124,0.00012989,2048,11389.28,1787761220.352
2865,163.716,0.000137,0.00012971,2048,12509.5,1787761220.517
2866,186.834,0.000172,0.00012954,2048,10961.61,1787761220.705
2867,237.597,0.000142,0.00012936,2048,8619.66,1787761220.945
2868,195.713,0.000176,0.00012919,2048,10464.3,1787761221.142
2869,147.769,0.000152,0.00012902,2048,13859.44,1787761221.291
2870,139.184,0.000136,0.00012884,2048,14714.38,1787761221.432
2871,147.71,0.000125,0.00012867,2048,13865.0,1787761221.581
2872,143.156,0.000146,0.0001285,2048,14306.11,1787761221.724
2873,160.427,0.000147,0.00012833,2048,12765.92,1787761221.885
2874,160.531,0.000186,0.00012815,2048,12757.68,1787761222.048
2875,171.439,0.000185,0.00012798,2048,11945.91,1787761222.221
2876,154.767,0.000132,0.00012781,2048,13232.8,1787761222.377
2877,124.288,0.00013,0.00012764,2048,16477.87,1787761222.502
2878,161.819,0.000112,0.00012748,2048,12656.12,1787761222.666
2879,186.148,0.000154,0.00012731,2048,11002.0,1787761222.854
2880,165.43,0.000181,0.00012714,2048,12379.84,1787761223.021
2881,173.74,0.000147,0.00012697,2048,11787.76,1787761223.196
2882,134.038,0.000217,0.0001268,2048,15279.25,1787761223.332
2883,112.957,0.000148,0.00012664,2048,18130.86,1787761223.446
2884,113.485,0.000143,0.00012647,2048,18046.41,1787761223.561
2885,125.439,0.000233,0.00012631,2048,16326.6,1787761223.686
2886,160.218,0.000201,0.00012614,2048,12782.58,1787761223.848
2887,139.49,0.000188,0.00012598,2048,14682.02,1787761223.989
2888,124.864,0.000151,0.00012581,2048,16401.91,1787761224.115
2889,111.384,0.000217,0.00012565,2048,18386.81,1787761224.227
2890,119.385,0.00027,0.00012548,2048,17154.66,1787761224.347
2891,123.942,0.000132,0.00012532,2048,16523.8,1787761224.472
2892,132.03,0.000167,0.00012516,2048,15511.6,1787761224.606
2893,135.291,0.000192,0.000125,2048,15137.71,1787761224.742
2894,151.273,0.000213,0.00012484,2048,13538.42,1787761224.894
2895,140.148,0.000178,0.00012468,2048,14613.07,1787761225.035
2896,135.442,0.000136,0.00012452,2048,15120.89,1787761225.172
2897,135.713,0.000232,0.00012436,2048,15090.7,1787761225.308
2898,153.289,0.000183,0.0001242,2048,13360.36,1787761225.463
2899,154.135,0.000248,0.00012404,2048,13287.01,1787761225.619
2900,135.977,0.000255,0.00012388,2048,15061.35,1787761225.756
2901,168.342,0.000181,0.00012372,2048,12165.69,1787761225.926
2902,164.121,0.000197,0.00012357,2048,12478.61,1787761226.091
2903,171.48,0.000231,0.00012341,2048,11943.09,1787761226.264
2904,156.207,0.000159,0.00012325,2048,13110.79,1787761226.422
2905,145.317,0.000236,0.0001231,2048,14093.31,1787761226.567
2906,136.787,0.000161,0.00012294,2048,14972.16,1787761226.707
2907,186.491,0.00022,0.00012279,2048,10981.79,1787761226.894
2908,189.066,0.000195,0.00012264,2048,10832.22,1787761227.085
2909,184.034,0.000183,0.00012248,2048,11128.4,1787761227.271
2910,184.522,0.000196,0.00012233,2048,11098.94,1787761227.457
2911,183.937,0.000228,0.00012218,2048,11134.25,1787761227.643
2912,194.766,0.000186,0.00012202,2048,10515.21,1787761227.839
2913,187.73,0.000114,0.00012187,2048,10909.27,1787761228.028
2914,176.194,0.00016,0.00012172,2048,11623.56,1787761228.206
2915,226.077,0.000201,0.00012157,2048,9058.86,1787761228.434
2916,245.373,0.000128,0.00012142,2048,8346.47,1787761228.681
2917,222.134,0.000114,0.00012127,2048,9219.66,1787761228.906
2918,221.068,0.000168,0.00012112,2048,9264.13,1787761229.129
2919,230.556,0.000255,0.00012098,2048,8882.88,1787761229.362
2920,230.04,0.000113,0.00012083,2048,8902.81,1787761229.593
2921,229.582,0.000142,0.00012068,2048,8920.57,1787761229.824
2922,253.166,0.000117,0.00012053,2048,8089.54,1787761230.08
2923,260.281,0.000154,0.00012039,2048,7868.43,1787761230.341
2924,234.197,0.000137,0.00012024,2048,8744.78,1787761230.577
2925,233.115,0.00012,0.0001201,2048,8785.36,1787761230.812
2926,215.978,0.00024,0.00011995,2048,9482.43,1787761231.029
2927,201.172,0.000147,0.00011981,2048,10180.32,1787761231.232
2928,210.021,0.000137,0.00011966,2048,9751.39,1787761231.444
2929,218.033,0.000118,0.00011952,2048,9393.06,1787761231.663
2930,201.288,0.000111,0.00011938,2048,10174.5,1787761231.867
2931,197.615,0.000144,0.00011923,2048,10363.6,1787761232.066
2932,139.469,0.000141,0.00011909,2048,14684.26,1787761232.207
2933,184.062,0.000127,0.00011895,2048,11126.68,1787761232.391
2934,154.022,0.00011,0.00011881,2048,13296.8,1787761232.548
2935,139.159,0.000192,0.00011867,2048,14717.0,1787761232.689
2936,188.498,0.000157,0.00011853,2048,10864.84,1787761232.878
2937,162.517,0.000208,0.00011839,2048,12601.76,1787761233.043
2938,164.282,0.000142,0.00011825,2048,12466.33,1787761233.208
2939,134.845,0.000112,0.00011812,2048,15187.79,1787761233.344
2940,180.786,0.000134,0.00011798,2048,11328.33,1787761233.526
2941,196.552,0.000157,0.00011784,2048,10419.66,1787761233.725
2942,186.02,0.000107,0.0001177,2048,11009.57,1787761233.912
2943,192.198,0.000182,0.00011757,2048,10655.7,1787761234.106
2944,177.947,0.000148,0.00011743,2048,11509.02,1787761234.286
2945,178.131,0.000196,0.0001173,2048,11497.16,1787761234.466
2946,178.193,0.000109,0.00011716,2048,11493.13,1787761234.646
2947,162.735,0.00012,0.00011703,2048,12584.9,1787761234.81
2948,141.502,0.000123,0.0001169,2048,14473.25,1787761234.952
2949,147.752,0.000126,0.00011676,2048,13861.05,1787761235.101
2950,216.77,0.000122,0.00011663,2048,9447.81,1787761235.319
2951,227.683,0.000117,0.0001165,2048,8994.96,1787761235.549
2952,214.77,0.00022,0.00011637,2048,9535.77,1787761235.765
2953,196.882,9.6e-05,0.00011624,2048,10402.16,1787761235.964
2954,203.736,0.000108,0.0001161,2048,10052.23,1787761236.169
2955,203.172,0.000113,0.00011598,2048,10080.12,1787761236.374
2956,206.001,0.000147,0.00011585,2048,9941.69,1787761236.582
2957,218.65,0.000119,0.00011572,2048,9366.55,1787761236.803
2958,201.195,0.000119,0.00011559,2048,10179.16,1787761237.005
2959,193.696,0.000103,0.00011546,2048,10573.29,1787761237.201
2960,185.194,0.000104,0.00011533,2048,11058.67,1787761237.388
2961,167.741,0.000156,0.00011521,2048,12209.31,1787761237.557
2962,142.363,0.000115,0.00011508,2048,14385.72,1787761237.701
2963,139.586,0.000148,0.00011495,2048,14671.96,1787761237.842
2964,160.375,0.000101,0.00011483,2048,12770.08,1787761238.003
2965,171.951,0.000125,0.0001147,2048,11910.35,1787761238.177
2966,125.196,0.000131,0.00011458,2048,16358.38,1787761238.304
2967,136.087,0.00014,0.00011446,2048,15049.16,1787761238.441
2968,143.978,9.5e-05,0.00011433,2048,14224.39,1787761238.586
2969,176.643,0.000119,0.00011421,2048,11593.98,1787761238.764
2970,151.497,0.00017,0.00011409,2048,13518.43,1787761238.917
2971,142.716,0.000125,0.00011397,2048,14350.18,1787761239.062
2972,132.219,0.000102,0.00011385,2048,15489.48,1787761239.195
2973,154.582,0.000107,0.00011373,2048,13248.6,1787761239.351
2974,121.746,0.000103,0.00011361,2048,16821.88,1787761239.474
2975,128.95,0.000124,0.00011349,2048,15882.09,1787761239.604
2976,120.767,0.000112,0.00011337,2048,16958.29,1787761239.726
2977,150.516,0.000113,0.00011325,2048,13606.49,1787761239.878
2978,123.119,0.000112,0.00011313,2048,16634.27,1787761240.002
2979,117.759,0.000101,0.00011301,2048,17391.51,1787761240.121
2980,121.488,0.00011,0.0001129,2048,16857.65,1787761240.243
2981,117.742,0.000101,0.00011278,2048,17393.9,1787761240.362
2982,128.317,9.4e-05,0.00011266,2048,15960.44,1787761240.493
2983,139.908,0.000148,0.00011255,2048,14638.2,1787761240.633
2984,184.747,0.000114,0.00011243,2048,11085.4,1787761240.819
2985,190.616,9.6e-05,0.00011232,2048,10744.09,1787761241.012
2986,186.113,0.000113,0.00011221,2048,11004.08,1787761241.2
2987,179.471,0.000266,0.00011209,2048,11411.29,1787761241.381
2988,175.155,0.000143,0.00011198,2048,11692.47,1787761241.557
2989,161.91,9.2e-05,0.00011187,2048,12649.0,1787761241.721
2990,163.174,0.000142,0.00011176,2048,12551.03,1787761241.885
2991,141.717,0.000129,0.00011164,2048,14451.36,1787761242.028
2992,126.709,0.000105,0.00011153,2048,16163.02,1787761242.155
2993,137.987,0.000111,0.00011142,2048,14841.97,1787761242.295
2994,125.111,0.000115,0.00011131,2048,16369.46,1787761242.421
2995,105.683,9.1e-05,0.0001112,2048,19378.73,1787761242.527
2996,112.288,0.000129,0.0001111,2048,18238.81,1787761242.641
2997,120.581,0.00016,0.00011099,2048,16984.36,1787761242.763
2998,134.743,9.2e-05,0.00011088,2048,15199.28,1787761242.898
2999,124.399,9.7e-05,0.00011077,2048,16463.17,1787761243.024
3000,118.309,9.6e-05,0.00011067,2048,17310.68,1787761243.143
3001,122.71,9.9e-05,0.00011056,2048,16689.82,1787761243.267
3002,128.371,0.0001,0.00011046,2048,15953.81,1787761243.396
3003,123.341,9.5e-05,0.00011035,2048,16604.43,1787761243.52
3004,136.717,0.00011,0.00011025,2048,14979.83,1787761243.658
3005,154.33,0.000143,0.00011014,2048,13270.25,1787761243.814
3006,119.276,0.000116,0.00011004,2048,17170.32,1787761243.935
3007,115.801,9.5e-05,0.00010994,2048,17685.51,1787761244.052
3008,129.413,0.000121,0.00010983,2048,15825.35,1787761244.182
3009,127.465,0.000126,0.00010973,2048,16067.17,1787761244.31
3010,124.862,9.3e-05,0.00010963,2048,16402.07,1787761244.436
3011,135.269,9.8e-05,0.00010953,2048,15140.25,1787761244.573
3012,131.733,8.7e-05,0.00010943,2048,15546.6,1787761244.705
3013,114.286,0.000123,0.00010933,2048,17919.96,1787761244.821
3014,143.906,9.7e-05,0.00010923,2048,14231.55,1787761244.966
3015,111.136,0.000129,0.00010913,2048,18427.96,1787761245.078
3016,121.676,0.000112,0.00010903,2048,16831.53,1787761245.201
3017,131.181,0.000102,0.00010894,2048,15611.99,1787761245.332
3018,142.974,0.000106,0.00010884,2048,14324.27,1787761245.478
3019,137.51,9.5e-05,0.00010874,2048,14893.46,1787761245.616
3020,127.823,9.7e-05,0.00010865,2048,16022.12,1787761245.745
3021,109.002,9.4e-05,0.00010855,2048,18788.68,1787761245.854
3022,148.738,0.000102,0.00010846,2048,13769.2,1787761246.004
3023,155.793,0.000108,0.00010836,2048,13145.67,1787761246.162
3024,125.119,9.7e-05,0.00010827,2048,16368.47,1787761246.288
3025,129.799,0.000131,0.00010817,2048,15778.24,1787761246.419
3026,115.143,0.000105,0.00010808,2048,17786.58,1787761246.536
3027,139.957,8.9e-05,0.00010799,2048,14633.07,1787761246.676
3028,118.707,0.000168,0.0001079,2048,17252.62,1787761246.796
3029,161.077,0.00012,0.00010781,2048,12714.38,1787761246.959
3030,136.292,9.9e-05,0.00010772,2048,15026.51,1787761247.097
3031,122.827,0.000104,0.00010763,2048,16673.8,1787761247.221
3032,120.847,9e-05,0.00010754,2048,16947.06,1787761247.343
3033,117.352,9.4e-05,0.00010745,2048,17451.71,1787761247.461
3034,124.847,8.5e-05,0.00010736,2048,16404.1,1787761247.588
3035,141.921,8.9e-05,0.00010727,2048,14430.52,1787761247.731
3036,159.138,0.000101,0.00010718,2048,12869.33,1787761247.89
3037,173.324,8.7e-05,0.00010709,2048,11815.99,1787761248.065
3038,156.074,8.7e-05,0.00010701,2048,13121.96,1787761248.223
3039,145.565,0.000121,0.00010692,2048,14069.34,1787761248.37
3040,141.281,8.6e-05,0.00010684,2048,14495.9,1787761248.512
3041,151.065,9.4e-05,0.00010675,2048,13557.1,1787761248.665
3042,181.686,9.7e-05,0.00010667,2048,11272.22,1787761248.848
3043,172.731,8.8e-05,0.00010658,2048,11856.56,1787761249.022
3044,154.565,0.000105,0.0001065,2048,13250.1,1787761249.179
3045,118.093,0.000107,0.00010642,2048,17342.22,1787761249.298
3046,133.383,0.000129,0.00010633,2048,15354.23,1787761249.432
3047,126.979,9.2e-05,0.00010625,2048,16128.69,1787761249.561
3048,139.523,8.7e-05,0.00010617,2048,14678.55,1787761249.701
3049,104.391,8.4e-05,0.00010609,2048,19618.55,1787761249.806
3050,116.965,0.000107,0.00010601,2048,17509.53,1787761249.924
3051,117.648,0.000104,0.00010593,2048,17407.85,1787761250.044
3052,115.426,0.000125,0.00010585,2048,17743.0,1787761250.16
3053,128.746,0.000133,0.00010577,2048,15907.25,1787761250.29
3054,126.022,0.000101,0.00010569,2048,16251.1,1787761250.417
3055,122.464,9.6e-05,0.00010562,2048,16723.23,1787761250.541
3056,125.84,9.1e-05,0.00010554,2048,16274.65,1787761250.668
3057,112.17,0.000142,0.00010546,2048,18257.98,1787761250.781
3058,137.14,9.9e-05,0.00010539,2048,14933.63,1787761250.92
3059,129.424,0.000151,0.00010531,2048,15823.92,1787761251.05
3060,157.323,9.5e-05,0.00010524,2048,13017.85,1787761251.208
3061,152.292,0.000141,0.00010516,2048,13447.88,1787761251.363
3062,114.478,0.000136,0.00010509,2048,17889.82,1787761251.478
3063,113.453,0.000156,0.00010502,2048,18051.46,1787761251.593
3064,122.145,0.000113,0.00010494,2048,16766.94,1787761251.717
3065,117.907,0.000121,0.00010487,2048,17369.68,1787761251.836
3066,111.177,0.000137,0.0001048,2048,18421.11,1787761251.948
3067,130.775,0.000105,0.00010473,2048,15660.47,1787761252.081
3068,131.294,0.000126,0.00010466,2048,15598.57,1787761252.213
3069,132.602,0.000106,0.00010459,2048,15444.66,1787761252.346
3070,170.276,0.000122,0.00010452,2048,12027.51,1787761252.518
3071,234.451,0.000103,0.00010445,2048,8735.32,1787761252.753
3072,228.888,0.000104,0.00010438,2048,8947.6,1787761252.985
3073,240.192,0.00013,0.00010431,2048,8526.5,1787761253.226
3074,242.675,0.000131,0.00010424,2048,8439.27,1787761253.471
3075,251.963,0.000164,0.00010418,2048,8128.19,1787761253.724
3076,259.301,0.000112,0.00010411,2048,7898.15,1787761253.985
3077,213.163,0.000113,0.00010404,2048,9607.66,1787761254.2
3078,184.805,0.000104,0.00010398,2048,11081.96,1787761254.386
3079,117.424,0.000133,0.00010391,2048,17441.11,1787761254.506
3080,128.455,8.5e-05,0.00010385,2048,15943.31,1787761254.635
3081,123.493,0.000124,0.00010379,2048,16583.95,1787761254.761
3082,128.024,0.000276,0.00010372,2048,15997.05,1787761254.89
3083,131.271,0.000185,0.00010366,2048,15601.27,1787761255.022
3084,115.526,0.00013,0.0001036,2048,17727.67,1787761255.139
3085,146.676,0.000182,0.00010354,2048,13962.79,1787761255.287
3086,170.942,0.000184,0.00010347,2048,11980.68,1787761255.46
3087,170.126,0.000224,0.00010341,2048,12038.13,1787761255.63
3088,137.744,0.000193,0.00010335,2048,14868.16,1787761255.77
3089,130.145,0.000271,0.00010329,2048,15736.28,1787761255.901
3090,124.596,0.000181,0.00010324,2048,16437.07,1787761256.026
3091,135.643,0.000185,0.00010318,2048,15098.4,1787761256.164
3092,153.137,0.000129,0.00010312,2048,13373.68,1787761256.318
3093,126.243,0.000115,0.00010306,2048,16222.63,1787761256.444
3094,133.96,0.000146,0.000103,2048,15288.13,1787761256.581
3095,110.005,0.000123,0.00010295,2048,18617.39,1787761256.692
3096,117.719,0.000203,0.00010289,2048,17397.42,1787761256.812
3097,96.072,0.000124,0.00010284,2048,21317.32,1787761256.91
3098,107.596,0.000125,0.00010278,2048,19034.11,1787761257.019
3099,143.622,0.000108,0.00010273,2048,14259.67,1787761257.165
3100,161.428,0.000107,0.00010267,2048,12686.77,1787761257.328
3101,175.433,0.000161,0.00010262,2048,11673.99,1787761257.505
3102,206.792,0.000173,0.00010257,2048,9903.7,1787761257.712
3103,183.132,0.000137,0.00010252,2048,11183.17,1787761257.897
3104,153.842,0.000145,0.00010247,2048,13312.39,1787761258.053
3105,189.244,0.000153,0.00010241,2048,10822.01,1787761258.243
3106,145.686,0.000147,0.00010236,2048,14057.64,1787761258.391
3107,145.607,0.000129,0.00010231,2048,14065.25,1787761258.537
3108,151.544,0.000172,0.00010226,2048,13514.18,1787761258.69
3109,130.188,0.000134,0.00010222,2048,15731.1,1787761258.821
3110,115.087,0.000188,0.00010217,2048,17795.2,1787761258.937
3111,117.061,0.000177,0.00010212,2048,17495.21,1787761259.056
3112,117.019,0.000166,0.00010207,2048,17501.37,1787761259.174
3113,121.187,0.000131,0.00010202,2048,16899.47,1787761259.296
3114,111.532,0.000132,0.00010198,2048,18362.49,1787761259.408
3115,113.608,0.000127,0.00010193,2048,18026.85,1787761259.524
3116,168.22,0.000125,0.00010189,2048,12174.53,1787761259.693
3117,156.92,0.000154,0.00010184,2048,13051.23,1787761259.851
3118,107.627,0.000124,0.0001018,2048,19028.61,1787761259.96
3119,119.485,0.000146,0.00010176,2048,17140.3,1787761260.081
3120,107.11,0.000115,0.00010171,2048,19120.55,1787761260.189
3121,119.255,0.000172,0.00010167,2048,17173.24,1787761260.309
3122,155.557,0.000135,0.00010163,2048,13165.56,1787761260.467
3123,122.417,0.000154,0.00010159,2048,16729.72,1787761260.59
3124,119.491,0.000131,0.00010155,2048,17139.34,1787761260.71
3125,105.215,0.000153,0.00010151,2048,19464.98,1787761260.817
3126,130.949,0.000179,0.00010147,2048,15639.7,1787761260.949
3127,165.066,0.000172,0.00010143,2048,12407.19,1787761261.115
3128,180.774,0.00013,0.00010139,2048,11329.08,1787761261.297
3129,205.28,0.000162,0.00010135,2048,9976.64,1787761261.504
3130,231.287,0.000179,0.00010131,2048,8854.8,1787761261.738
3131,220.374,0.000224,0.00010127,2048,9293.28,1787761261.96
3132,257.456,0.000133,0.00010124,2048,7954.75,1787761262.218
3133,190.934,0.000168,0.0001012,2048,10726.23,1787761262.412
3134,215.122,0.000131,0.00010117,2048,9520.18,1787761262.629
3135,214.267,0.00016,0.00010113,2048,9558.18,1787761262.845
3136,170.861,0.000136,0.0001011,2048,11986.34,1787761263.017
3137,148.493,0.000142,0.00010106,2048,13791.9,1787761263.167
3138,128.797,0.000135,0.00010103,2048,15900.98,1787761263.297
3139,125.224,0.000145,0.000101,2048,16354.65,1787761263.424
3140,136.104,0.000142,0.00010096,2048,15047.26,1787761263.562
3141,145.768,0.000202,0.00010093,2048,14049.75,1787761263.709
3142,116.922,0.0002,0.0001009,2048,17515.94,1787761263.827
3143,124.572,0.00015,0.00010087,2048,16440.28,1787761263.952
3144,128.978,0.000204,0.00010084,2048,15878.66,1787761264.082
3145,114.15,0.00015,0.00010081,2048,17941.23,1787761264.197
3146,131.208,0.000163,0.00010078,2048,15608.78,1787761264.33
3147,129.914,0.000116,0.00010075,2048,15764.24,1787761264.462
3148,119.588,0.000239,0.00010072,2048,17125.42,1787761264.582
3149,104.129,0.000131,0.0001007,2048,19667.95,1787761264.687
3150,107.255,0.000242,0.00010067,2048,19094.65,1787761264.795
3151,121.94,0.000299,0.00010064,2048,16795.2,1787761264.918
3152,121.973,0.000232,0.00010062,2048,16790.59,1787761265.042
3153,132.492,0.000219,0.00010059,2048,15457.51,1787761265.176
3154,150.879,0.000143,0.00010057,2048,13573.82,1787761265.328
3155,128.816,0.000146,0.00010054,2048,15898.63,1787761265.457
3156,145.342,0.000142,0.00010052,2048,14090.86,1787761265.604
3157,183.011,0.000135,0.00010049,2048,11190.61,1787761265.788
3158,250.601,0.000167,0.00010047,2048,8172.36,1787761266.041
3159,234.252,0.000275,0.00010045,2048,8742.73,1787761266.277
3160,193.325,0.000187,0.00010043,2048,10593.55,1787761266.472
3161,185.364,0.000154,0.00010041,2048,11048.54,1787761266.659
3162,184.463,0.000135,0.00010039,2048,11102.48,1787761266.845
3163,157.999,0.000222,0.00010037,2048,12962.09,1787761267.005
3164,135.401,0.000211,0.00010035,2048,15125.5,1787761267.141
3165,121.563,0.000154,0.00010033,2048,16847.29,1787761267.264
3166,155.714,0.00013,0.00010031,2048,13152.33,1787761267.42
3167,120.318,0.000173,0.00010029,2048,17021.6,1787761267.543
3168,125.227,0.000172,0.00010027,2048,16354.31,1787761267.669
3169,96.287,0.000183,0.00010026,2048,21269.83,1787761267.766
3170,111.471,0.000155,0.00010024,2048,18372.52,1787761267.879
3171,94.658,0.000182,0.00010023,2048,21635.85,1787761267.974
3172,102.012,0.000172,0.00010021,2048,20076.15,1787761268.077
3173,82.602,0.000107,0.0001002,2048,24793.53,1787761268.161
3174,108.84,0.000104,0.00010018,2048,18816.61,1787761268.271
3175,122.181,0.00011,0.00010017,2048,16762.02,1787761268.394
3176,131.661,0.000158,0.00010015,2048,15555.04,1787761268.527
3177,117.658,0.000139,0.00010014,2048,17406.44,1787761268.646
3178,135.815,0.000134,0.00010013,2048,15079.35,1787761268.784
3179,133.228,0.000157,0.00010012,2048,15372.12,1787761268.918
3180,177.831,0.000152,0.00010011,2048,11516.58,1787761269.097
3181,187.839,0.000185,0.0001001,2048,10902.95,1787761269.286
3182,167.327,0.000162,0.00010009,2048,12239.49,1787761269.455
3183,180.487,0.000168,0.00010008,2048,11347.1,1787761269.637
3184,183.135,0.000165,0.00010007,2048,11182.99,1787761269.822
3185,196.782,0.000115,0.00010006,2048,10407.48,1787761270.02
3186,180.503,0.000129,0.00010005,2048,11346.05,1787761270.202
3187,179.26,0.000125,0.00010005,2048,11424.75,1787761270.384
3188,179.97,0.000156,0.00010004,2048,11379.7,1787761270.566
3189,182.79,0.000206,0.00010003,2048,11204.14,1787761270.75
3190,156.087,0.000136,0.00010003,2048,13120.87,1787761270.907
3191,120.469,0.000118,0.00010002,2048,17000.27,1787761271.029
3192,111.778,0.000128,0.00010002,2048,18322.1,1787761271.142
3193,125.805,0.000115,0.00010001,2048,16279.18,1787761271.269
3194,109.265,0.000167,0.00010001,2048,18743.35,1787761271.379
3195,107.369,0.000161,0.00010001,2048,19074.35,1787761271.487
3196,107.647,0.000171,0.0001,2048,19025.13,1787761271.596
3197,109.332,0.000104,0.0001,2048,18731.85,1787761271.706
3198,100.443,0.000129,0.0001,2048,20389.57,1787761271.808
3199,110.474,0.000118,0.0001,2048,18538.3,1787761271.918
3200,113.432,0.000152,0.0001,2048,18054.85,1787761272.033
