step,elapsed_ms,loss,lr,tokens,tokens_per_sec,timestamp
1,17.123,1.319968,3.13e-06,2048,119603.81,1787804310.207
2,16.393,1.266636,6.25e-06,2048,124929.09,1787804310.224
3,19.5,1.322558,9.37e-06,2048,105027.26,1787804310.244
4,17.882,1.324461,1.25e-05,2048,114531.14,1787804310.262
5,16.164,1.254414,1.563e-05,2048,126700.53,1787804310.277
6,16.518,1.32802,1.875e-05,2048,123984.45,1787804310.294
7,19.351,1.227393,2.187e-05,2048,105831.59,1787804310.314
8,18.029,1.347255,2.5e-05,2048,113595.39,1787804310.332
9,17.027,1.276673,2.813e-05,2048,120279.56,1787804310.349
10,13.764,1.215435,3.125e-05,2048,148790.71,1787804310.364
11,15.796,1.260223,3.438e-05,2048,129649.79,1787804310.38
12,15.059,1.240398,3.75e-05,2048,136001.12,1787804310.395
13,14.724,1.249532,4.063e-05,2048,139090.75,1787804310.41
14,15.322,1.21327,4.375e-05,2048,133664.01,1787804310.425
15,16.002,1.227736,4.688e-05,2048,127983.2,1787804310.441
16,22.327,1.233278,5e-05,2048,91726.68,1787804310.464
17,15.361,1.231609,5.312e-05,2048,133327.26,1787804310.479
18,15.374,1.211953,5.625e-05,2048,133216.25,1787804310.495
19,19.78,1.2326,5.937e-05,2048,103536.83,1787804310.515
20,17.684,1.142746,6.25e-05,2048,115810.9,1787804310.533
21,17.907,1.141625,6.563e-05,2048,114367.41,1787804310.551
22,17.329,1.244501,6.875e-05,2048,118181.35,1787804310.568
23,16.261,1.213687,7.187e-05,2048,125943.19,1787804310.584
24,14.931,1.099706,7.5e-05,2048,137167.05,1787804310.599
25,15.071,1.285017,7.813e-05,2048,135890.12,1787804310.615
26,18.829,1.128411,8.125e-05,2048,108768.97,1787804310.634
27,23.228,1.222991,8.438e-05,2048,88169.07,1787804310.657
28,14.331,1.150784,8.75e-05,2048,142904.99,1787804310.672
29,15.711,1.107587,9.062e-05,2048,130353.7,1787804310.687
30,29.315,1.113587,9.375e-05,2048,69862.08,1787804310.717
31,21.912,1.145356,9.688e-05,2048,93464.34,1787804310.739
32,15.634,0.993737,0.0001,2048,130993.19,1787804310.755
33,14.715,1.105505,0.00010312,2048,139173.93,1787804310.769
34,14.57,1.128696,0.00010625,2048,140563.77,1787804310.784
35,14.145,1.063973,0.00010938,2048,144791.26,1787804310.799
36,21.062,0.955848,0.0001125,2048,97236.73,1787804310.82
37,20.92,0.982463,0.00011563,2048,97895.81,1787804310.841
38,15.302,1.234879,0.00011875,2048,133836.96,1787804310.856
39,14.675,0.994549,0.00012187,2048,139558.02,1787804310.871
40,14.302,1.265764,0.000125,2048,143197.76,1787804310.886
41,14.419,0.976819,0.00012812,2048,142034.82,1787804310.9
42,14.099,1.036759,0.00013125,2048,145256.47,1787804310.915
43,15.294,0.90207,0.00013438,2048,133907.85,1787804310.93
44,19.335,1.020925,0.0001375,2048,105924.09,1787804310.95
45,21.917,0.924731,0.00014063,2048,93444.3,1787804310.972
46,15.271,0.994681,0.00014375,2048,134106.89,1787804310.987
47,16.534,1.027793,0.00014688,2048,123864.48,1787804311.004
48,18.528,0.934736,0.00015,2048,110534.81,1787804311.023
49,20.399,0.804021,0.00015313,2048,100399.54,1787804311.043
50,15.123,0.814995,0.00015625,2048,135422.87,1787804311.058
51,15.088,1.198428,0.00015937,2048,135732.51,1787804311.074
52,14.679,1.267142,0.0001625,2048,139519.04,1787804311.089
53,15.364,1.283881,0.00016563,2048,133296.89,1787804311.104
54,14.761,1.295549,0.00016875,2048,138747.75,1787804311.119
55,14.725,0.990336,0.00017187,2048,139086.97,1787804311.134
56,15.006,0.782636,0.000175,2048,136476.92,1787804311.149
57,15.274,0.96344,0.00017813,2048,134081.43,1787804311.165
58,14.484,0.832626,0.00018125,2048,141398.38,1787804311.179
59,14.938,0.915871,0.00018438,2048,137104.6,1787804311.194
60,29.096,1.032246,0.0001875,2048,70388.41,1787804311.224
61,19.62,0.932375,0.00019062,2048,104385.41,1787804311.243
62,15.434,0.931156,0.00019375,2048,132695.77,1787804311.259
63,15.195,1.156474,0.00019688,2048,134778.52,1787804311.274
64,15.615,0.875448,0.0002,2048,131155.94,1787804311.29
65,16.077,1.065617,0.00020313,2048,127389.33,1787804311.306
66,15.506,0.937677,0.00020625,2048,132075.35,1787804311.322
67,14.963,0.75079,0.00020938,2048,136873.69,1787804311.337
68,14.704,0.785777,0.0002125,2048,139282.78,1787804311.352
69,14.394,0.783251,0.00021563,2048,142286.45,1787804311.367
70,14.263,0.8048,0.00021875,2048,143592.33,1787804311.381
71,14.953,0.809357,0.00022187,2048,136961.57,1787804311.396
72,21.181,0.614992,0.000225,2048,96692.26,1787804311.417
73,22.157,0.733334,0.00022813,2048,92431.29,1787804311.44
74,20.013,0.725273,0.00023125,2048,102331.44,1787804311.46
75,15.597,0.559972,0.00023437,2048,131303.94,1787804311.476
76,27.92,0.633395,0.0002375,2048,73351.91,1787804311.505
77,17.317,0.675864,0.00024063,2048,118263.24,1787804311.522
78,15.565,0.756487,0.00024375,2048,131578.1,1787804311.538
79,16.132,0.674765,0.00024688,2048,126952.64,1787804311.554
80,17.034,0.677744,0.00025,2048,120233.66,1787804311.572
81,17.823,0.565931,0.00025312,2048,114905.77,1787804311.59
82,17.53,0.462642,0.00025625,2048,116827.63,1787804311.607
83,17.75,0.528519,0.00025938,2048,115379.63,1787804311.625
84,16.797,0.523379,0.0002625,2048,121927.99,1787804311.642
85,16.221,0.540832,0.00026563,2048,126253.75,1787804311.659
86,16.479,0.44661,0.00026875,2048,124280.14,1787804311.675
87,15.74,0.527215,0.00027187,2048,130117.66,1787804311.691
88,14.93,0.439353,0.000275,2048,137173.48,1787804311.706
89,19.438,0.661291,0.00027812,2048,105357.92,1787804311.726
90,18.981,0.337775,0.00028125,2048,107897.94,1787804311.745
91,16.531,0.776197,0.00028438,2048,123886.2,1787804311.762
92,15.229,0.325531,0.0002875,2048,134478.5,1787804311.777
93,14.597,0.344343,0.00029063,2048,140302.8,1787804311.792
94,14.072,0.738979,0.00029375,2048,145535.17,1787804311.806
95,14.836,0.580454,0.00029687,2048,138039.81,1787804311.821
96,15.052,0.47273,0.0003,2048,136058.04,1787804311.837
97,16.347,0.696269,0.00030313,2048,125285.99,1787804311.853
98,14.933,0.562954,0.00030625,2048,137145.0,1787804311.868
99,14.06,0.466865,0.00030938,2048,145658.34,1787804311.882
100,14.69,0.544904,0.0003125,2048,139412.67,1787804311.897
101,14.724,0.573129,0.00031562,2048,139095.47,1787804311.912
102,15.106,0.548814,0.00031875,2048,135572.58,1787804311.927
103,15.277,0.399903,0.00032188,2048,134057.73,1787804311.943
104,15.709,0.352415,0.000325,2048,130372.78,1787804311.959
105,15.089,0.425642,0.00032813,2048,135727.11,1787804311.973
106,15.117,0.315879,0.00033125,2048,135475.72,1787804311.989
107,15.644,0.309964,0.00033437,2048,130910.3,1787804312.004
108,15.598,0.330706,0.0003375,2048,131303.09,1787804312.02
109,15.778,0.305727,0.00034062,2048,129800.99,1787804312.036
110,19.138,0.310004,0.00034375,2048,107010.55,1787804312.056
111,16.645,0.323697,0.00034688,2048,123042.91,1787804312.072
112,14.522,0.256611,0.00035,2048,141026.43,1787804312.087
113,14.579,0.294779,0.00035313,2048,140472.17,1787804312.102
114,14.564,0.275588,0.00035625,2048,140620.71,1787804312.117
115,15.469,0.263651,0.00035937,2048,132397.24,1787804312.132
116,16.028,0.257105,0.0003625,2048,127773.2,1787804312.148
117,17.615,0.23485,0.00036563,2048,116266.53,1787804312.166
118,18.619,0.210083,0.00036875,2048,109997.53,1787804312.185
119,15.995,0.232369,0.00037188,2048,128040.81,1787804312.201
120,15.968,0.199553,0.000375,2048,128257.32,1787804312.217
121,16.661,0.208462,0.00037812,2048,122923.27,1787804312.234
122,15.463,0.281486,0.00038125,2048,132448.62,1787804312.25
123,16.315,0.178267,0.00038438,2048,125527.89,1787804312.266
124,15.459,0.184713,0.0003875,2048,132480.32,1787804312.282
125,15.19,0.186229,0.00039063,2048,134826.43,1787804312.297
126,15.374,0.196507,0.00039375,2048,133208.45,1787804312.313
127,15.765,0.178122,0.00039687,2048,129908.85,1787804312.329
128,15.13,0.212614,0.0004,2048,135361.11,1787804312.344
129,16.31,0.157545,0.00040313,2048,125563.29,1787804312.361
130,15.594,0.142364,0.00040625,2048,131332.56,1787804312.376
131,18.892,0.158256,0.00040938,2048,108404.53,1787804312.395
132,17.662,0.306098,0.0004125,2048,115955.81,1787804312.414
133,17.237,0.224532,0.00041563,2048,118815.56,1787804312.431
134,19.538,0.176346,0.00041875,2048,104822.98,1787804312.45
135,18.435,0.146896,0.00042187,2048,111092.43,1787804312.469
136,15.565,0.223721,0.000425,2048,131574.72,1787804312.485
137,17.62,0.16848,0.00042813,2048,116232.21,1787804312.503
138,16.431,0.143827,0.00043125,2048,124642.44,1787804312.519
139,15.485,0.16222,0.00043438,2048,132252.75,1787804312.535
140,15.885,0.184897,0.0004375,2048,128928.28,1787804312.551
141,17.925,0.151551,0.00044062,2048,114253.84,1787804312.569
142,15.137,0.15289,0.00044375,2048,135294.93,1787804312.584
143,15.332,0.144143,0.00044688,2048,133580.32,1787804312.6
144,16.384,0.169976,0.00045,2048,124998.47,1787804312.616
145,15.338,0.160635,0.00045313,2048,133524.58,1787804312.632
146,16.579,0.132818,0.00045625,2048,123531.26,1787804312.648
147,15.889,0.142935,0.00045937,2048,128890.96,1787804312.664
148,15.625,0.116857,0.0004625,2048,131074.52,1787804312.68
149,15.143,0.130971,0.00046563,2048,135240.43,1787804312.696
150,14.829,0.144162,0.00046875,2048,138103.11,1787804312.711
151,15.517,0.118282,0.00047188,2048,131986.83,1787804312.726
152,15.549,0.12711,0.000475,2048,131710.96,1787804312.742
153,16.637,0.096728,0.00047813,2048,123099.12,1787804312.759
154,16.939,0.12444,0.00048125,2048,120906.56,1787804312.776
155,15.08,0.116406,0.00048437,2048,135812.62,1787804312.791
156,15.133,0.135115,0.0004875,2048,135330.69,1787804312.806
157,15.278,0.125079,0.00049062,2048,134049.84,1787804312.822
158,15.24,0.362721,0.00049375,2048,134387.61,1787804312.838
159,15.17,0.174799,0.00049688,2048,134999.74,1787804312.853
160,17.904,0.114971,0.0005,2048,114391.04,1787804312.871
161,14.631,0.491579,0.00050313,2048,139978.68,1787804312.886
162,15.756,0.179688,0.00050625,2048,129984.7,1787804312.902
163,14.727,0.290217,0.00050938,2048,139066.19,1787804312.917
164,14.935,0.110392,0.0005125,2048,137124.8,1787804312.932
165,16.017,0.086316,0.00051563,2048,127866.54,1787804312.948
166,17.816,0.609534,0.00051875,2048,114952.21,1787804312.966
167,14.981,0.293622,0.00052187,2048,136703.76,1787804312.982
168,14.251,0.20398,0.000525,2048,143709.21,1787804312.996
169,14.594,0.283717,0.00052812,2048,140332.6,1787804313.011
170,14.141,0.193559,0.00053125,2048,144823.0,1787804313.025
171,14.24,0.142018,0.00053438,2048,143820.22,1787804313.039
172,15.481,0.128164,0.0005375,2048,132286.92,1787804313.055
173,16.337,0.203797,0.00054062,2048,125359.61,1787804313.072
174,16.539,0.143367,0.00054375,2048,123827.78,1787804313.088
175,17.251,0.123823,0.00054688,2048,118715.69,1787804313.106
176,16.605,0.24044,0.00055,2048,123336.34,1787804313.122
177,16.169,0.174165,0.00055313,2048,126662.13,1787804313.139
178,18.232,0.43547,0.00055625,2048,112329.97,1787804313.157
179,17.939,0.196213,0.00055937,2048,114167.85,1787804313.175
180,14.688,0.134933,0.0005625,2048,139428.81,1787804313.19
181,15.047,0.116951,0.00056563,2048,136106.86,1787804313.205
182,16.474,0.127034,0.00056875,2048,124320.88,1787804313.222
183,15.314,0.12729,0.00057188,2048,133730.35,1787804313.238
184,16.424,0.236629,0.000575,2048,124694.81,1787804313.254
185,17.613,0.119804,0.00057812,2048,116276.43,1787804313.272
186,15.464,0.477977,0.00058125,2048,132434.91,1787804313.288
187,14.54,0.089509,0.00058438,2048,140848.94,1787804313.302
188,14.449,0.13607,0.0005875,2048,141737.95,1787804313.317
189,14.658,0.759791,0.00059063,2048,139715.11,1787804313.332
190,14.732,0.341165,0.00059375,2048,139018.99,1787804313.347
191,16.84,0.202149,0.00059688,2048,121613.03,1787804313.364
192,16.496,0.11958,0.0006,2048,124153.57,1787804313.38
193,16.046,0.135128,0.00060313,2048,127637.03,1787804313.396
194,15.569,0.275504,0.00060625,2048,131545.14,1787804313.412
195,16.106,0.155426,0.00060937,2048,127159.16,1787804313.428
196,15.273,0.106817,0.0006125,2048,134093.72,1787804313.444
197,16.244,0.062521,0.00061562,2048,126080.43,1787804313.46
198,17.101,0.445725,0.00061875,2048,119756.28,1787804313.477
199,17.221,0.228131,0.00062187,2048,118923.19,1787804313.495
200,20.485,0.172016,0.000625,2048,99976.08,1787804313.516
201,21.822,2.632594,0.00062813,2048,93848.09,1787804313.538
202,16.312,2.702384,0.00063125,2048,125548.66,1787804313.554
203,17.187,2.185895,0.00063438,2048,119160.52,1787804313.571
204,16.705,3.970978,0.0006375,2048,122595.82,1787804313.588
205,23.738,0.128393,0.00064063,2048,86273.72,1787804313.612
206,16.383,2.826416,0.00064375,2048,125009.16,1787804313.629
207,15.446,0.154211,0.00064687,2048,132589.24,1787804313.644
208,15.021,0.755123,0.00065,2048,136343.36,1787804313.66
209,15.56,0.364211,0.00065312,2048,131620.38,1787804313.675
210,14.594,0.201656,0.00065625,2048,140326.84,1787804313.69
211,15.609,0.239916,0.00065938,2048,131204.67,1787804313.706
212,15.523,0.14616,0.0006625,2048,131933.26,1787804313.721
213,14.897,0.114465,0.00066562,2048,137475.5,1787804313.737
214,14.959,0.180008,0.00066875,2048,136911.21,1787804313.752
215,15.171,0.163482,0.00067188,2048,134989.95,1787804313.767
216,15.135,0.125748,0.000675,2048,135318.18,1787804313.782
217,14.066,0.140058,0.00067813,2048,145596.21,1787804313.797
218,14.595,0.140019,0.00068125,2048,140323.95,1787804313.811
219,14.526,0.144801,0.00068437,2048,140989.54,1787804313.826
220,15.064,1.874294,0.0006875,2048,135951.46,1787804313.841
221,15.228,0.124248,0.00069063,2048,134489.1,1787804313.856
222,15.646,0.131533,0.00069375,2048,130896.91,1787804313.872
223,15.541,0.105658,0.00069688,2048,131776.21,1787804313.888
224,19.373,1.199864,0.0007,2048,105713.59,1787804313.907
225,14.304,4.207316,0.00070312,2048,143180.74,1787804313.922
226,14.851,0.156154,0.00070625,2048,137902.24,1787804313.937
227,14.001,0.863196,0.00070938,2048,146276.31,1787804313.951
228,14.61,0.178029,0.0007125,2048,140176.04,1787804313.966
229,15.645,0.161842,0.00071563,2048,130902.77,1787804313.981
230,16.52,1.8351,0.00071875,2048,123973.2,1787804313.999
231,15.499,0.61059,0.00072188,2048,132139.26,1787804314.014
232,16.718,1.521408,0.000725,2048,122501.96,1787804314.031
233,15.935,1.611856,0.00072813,2048,128525.35,1787804314.047
234,16.334,0.114064,0.00073125,2048,125381.87,1787804314.064
235,18.896,1.639862,0.00073438,2048,108383.3,1787804314.083
236,17.809,1.275796,0.0007375,2048,114996.74,1787804314.101
237,16.168,0.52265,0.00074062,2048,126670.75,1787804314.117
238,16.273,0.450108,0.00074375,2048,125854.96,1787804314.133
239,15.549,2.123799,0.00074687,2048,131714.34,1787804314.149
240,14.699,0.264509,0.00075,2048,139330.15,1787804314.164
241,14.647,0.358462,0.00075313,2048,139822.9,1787804314.179
242,14.834,0.305544,0.00075625,2048,138061.21,1787804314.194
243,14.628,0.263136,0.00075938,2048,140001.64,1787804314.208
244,24.543,0.31,0.0007625,2048,83447.08,1787804314.233
245,24.016,0.263425,0.00076563,2048,85275.77,1787804314.257
246,15.824,0.184083,0.00076875,2048,129420.39,1787804314.273
247,15.344,0.222382,0.00077187,2048,133468.89,1787804314.289
248,15.054,0.177134,0.000775,2048,136041.77,1787804314.304
249,15.415,0.233948,0.00077812,2048,132857.61,1787804314.32
250,14.238,0.212574,0.00078125,2048,143842.45,1787804314.334
251,14.109,0.163244,0.00078438,2048,145156.6,1787804314.348
252,14.924,0.19009,0.0007875,2048,137230.46,1787804314.363
253,14.926,0.21384,0.00079062,2048,137208.4,1787804314.378
254,15.561,0.148204,0.00079375,2048,131606.85,1787804314.394
255,18.454,0.100203,0.00079688,2048,110981.06,1787804314.414
256,26.098,0.191781,0.0008,2048,78472.24,1787804314.44
257,26.551,0.087572,0.00080313,2048,77133.7,1787804314.466
258,15.26,0.078616,0.00080625,2048,134203.56,1787804314.482
259,15.148,0.088924,0.00080937,2048,135198.47,1787804314.497
260,18.374,0.189566,0.0008125,2048,111461.24,1787804314.516
261,14.641,0.077809,0.00081563,2048,139881.15,1787804314.53
262,14.563,0.077426,0.00081875,2048,140629.4,1787804314.545
263,17.207,0.081456,0.00082188,2048,119022.02,1787804314.562
264,17.702,0.096844,0.000825,2048,115692.49,1787804314.58
265,16.17,0.064778,0.00082812,2048,126656.65,1787804314.597
266,17.24,0.071571,0.00083125,2048,118793.5,1787804314.614
267,15.741,0.046977,0.00083438,2048,130106.92,1787804314.63
268,15.882,0.04663,0.0008375,2048,128953.45,1787804314.646
269,15.594,0.073239,0.00084063,2048,131330.04,1787804314.662
270,16.051,0.084056,0.00084375,2048,127590.91,1787804314.678
271,16.186,0.043205,0.00084688,2048,126531.44,1787804314.694
272,14.475,0.065448,0.00085,2048,141482.39,1787804314.709
273,15.11,0.048503,0.00085313,2048,135535.79,1787804314.724
274,14.652,0.055758,0.00085625,2048,139778.05,1787804314.739
275,14.959,0.051107,0.00085938,2048,136903.89,1787804314.754
276,15.699,0.048232,0.0008625,2048,130450.85,1787804314.77
277,20.996,0.035871,0.00086562,2048,97543.78,1787804314.791
278,15.291,0.041306,0.00086875,2048,133934.12,1787804314.806
279,14.897,0.073083,0.00087187,2048,137473.65,1787804314.821
280,14.59,0.055182,0.000875,2048,140368.19,1787804314.836
281,15.253,0.044628,0.00087813,2048,134271.31,1787804314.852
282,15.364,0.037049,0.00088125,2048,133300.36,1787804314.867
283,15.199,0.04472,0.00088438,2048,134746.59,1787804314.883
284,15.227,0.033162,0.0008875,2048,134498.81,1787804314.898
285,14.304,0.047806,0.00089063,2048,143179.74,1787804314.913
286,14.773,0.037248,0.00089375,2048,138629.41,1787804314.927
287,14.687,0.038985,0.00089687,2048,139442.09,1787804314.942
288,29.182,0.026329,0.0009,2048,70180.25,1787804314.971
289,19.634,0.052251,0.00090312,2048,104306.73,1787804314.991
290,15.483,0.039973,0.00090625,2048,132275.82,1787804315.007
291,15.65,0.036388,0.00090938,2048,130862.62,1787804315.023
292,15.794,0.042466,0.0009125,2048,129670.32,1787804315.039
293,15.114,0.028717,0.00091562,2048,135504.4,1787804315.054
294,16.9,0.022954,0.00091875,2048,121181.28,1787804315.071
295,15.907,0.036383,0.00092188,2048,128745.92,1787804315.087
296,15.425,0.028671,0.000925,2048,132767.17,1787804315.103
297,15.539,0.026413,0.00092813,2048,131799.11,1787804315.119
298,15.142,0.019126,0.00093125,2048,135255.62,1787804315.134
299,15.403,0.026785,0.00093437,2048,132958.52,1787804315.149
300,15.114,0.02389,0.0009375,2048,135506.2,1787804315.165
301,16.101,0.023281,0.00094063,2048,127194.7,1787804315.181
302,16.218,0.024974,0.00094375,2048,126279.44,1787804315.197
303,15.649,0.019335,0.00094688,2048,130871.82,1787804315.213
304,16.952,0.030806,0.00095,2048,120813.84,1787804315.23
305,14.463,0.030291,0.00095312,2048,141599.77,1787804315.246
306,24.951,0.023156,0.00095625,2048,82080.22,1787804315.271
307,16.34,0.033327,0.00095938,2048,125336.6,1787804315.288
308,14.528,0.029594,0.0009625,2048,140971.1,1787804315.302
309,14.578,0.037541,0.00096563,2048,140490.48,1787804315.317
310,14.881,0.027113,0.00096875,2048,137626.08,1787804315.332
311,13.908,0.015729,0.00097188,2048,147253.38,1787804315.346
312,14.607,0.021137,0.000975,2048,140204.83,1787804315.361
313,15.546,0.026364,0.00097813,2048,131735.53,1787804315.377
314,15.105,0.026631,0.00098125,2048,135581.55,1787804315.392
315,16.277,0.024416,0.00098438,2048,125825.58,1787804315.408
316,17.938,0.01939,0.0009875,2048,114174.22,1787804315.426
317,18.362,0.017021,0.00099062,2048,111533.48,1787804315.445
318,26.177,0.014796,0.00099375,2048,78238.11,1787804315.47
319,15.234,0.030133,0.00099687,2048,134431.72,1787804315.486
320,15.846,0.032053,0.001,2048,129241.53,1787804315.502
321,17.027,0.012403,0.001,2048,120276.73,1787804315.519
322,14.932,0.012431,0.001,2048,137156.94,1787804315.534
323,14.61,0.036106,0.001,2048,140177.0,1787804315.549
324,15.181,0.019703,0.001,2048,134901.92,1787804315.564
325,14.966,0.034475,0.00099999,2048,136838.94,1787804315.581
326,14.94,0.019555,0.00099999,2048,137080.74,1787804315.596
327,17.706,0.017097,0.00099999,2048,115668.97,1787804315.614
328,14.606,0.019196,0.00099998,2048,140218.27,1787804315.628
329,15.291,0.019244,0.00099998,2048,133939.37,1787804315.644
330,16.429,0.03334,0.00099997,2048,124656.86,1787804315.66
331,16.704,0.023461,0.00099997,2048,122607.57,1787804315.677
332,19.211,0.017427,0.00099996,2048,106603.93,1787804315.697
333,15.194,0.028529,0.00099995,2048,134790.94,1787804315.712
334,16.0,0.039128,0.00099995,2048,128000.8,1787804315.728
335,15.306,0.01973,0.00099994,2048,133803.74,1787804315.744
336,14.954,0.015351,0.00099993,2048,136954.24,1787804315.759
337,14.811,0.017588,0.00099992,2048,138275.61,1787804315.774
338,20.409,0.022202,0.00099991,2048,100350.34,1787804315.794
339,16.128,0.019018,0.0009999,2048,126982.55,1787804315.811
340,14.544,0.009749,0.00099989,2048,140812.14,1787804315.825
341,14.861,0.016343,0.00099988,2048,137814.09,1787804315.84
342,15.139,0.015497,0.00099987,2048,135282.42,1787804315.856
343,15.068,0.009717,0.00099986,2048,135912.67,1787804315.871
344,17.279,0.008467,0.00099985,2048,118524.01,1787804315.889
345,16.038,0.012159,0.00099983,2048,127699.91,1787804315.905
346,15.792,0.017163,0.00099982,2048,129682.63,1787804315.921
347,14.924,0.011672,0.0009998,2048,137225.87,1787804315.936
348,15.002,0.009971,0.00099979,2048,136512.4,1787804315.951
349,18.24,0.009855,0.00099977,2048,112280.09,1787804315.969
350,17.192,0.012398,0.00099976,2048,119125.17,1787804315.987
351,16.309,0.013384,0.00099974,2048,125577.15,1787804316.003
352,15.215,0.008925,0.00099973,2048,134604.01,1787804316.019
353,14.764,0.007774,0.00099971,2048,138718.61,1787804316.034
354,15.144,0.009022,0.00099969,2048,135231.51,1787804316.049
355,15.111,0.010105,0.00099967,2048,135525.92,1787804316.064
356,15.479,0.010635,0.00099965,2048,132307.43,1787804316.08
357,15.768,0.007803,0.00099963,2048,129884.96,1787804316.096
358,16.307,0.012637,0.00099961,2048,125586.39,1787804316.112
359,14.747,0.010535,0.00099959,2048,138872.88,1787804316.127
360,15.161,0.009953,0.00099957,2048,135082.55,1787804316.142
361,15.665,0.011407,0.00099955,2048,130739.82,1787804316.158
362,15.461,0.010097,0.00099953,2048,132458.9,1787804316.173
363,15.45,0.011823,0.00099951,2048,132558.35,1787804316.189
364,16.435,0.009233,0.00099948,2048,124610.59,1787804316.206
365,15.768,0.009089,0.00099946,2048,129884.96,1787804316.222
366,17.579,0.010081,0.00099943,2048,116504.63,1787804316.239
367,14.986,0.007701,0.00099941,2048,136665.44,1787804316.254
368,15.072,0.006977,0.00099938,2048,135881.1,1787804316.27
369,16.626,0.008976,0.00099936,2048,123179.82,1787804316.287
370,15.773,0.00665,0.00099933,2048,129842.14,1787804316.302
371,15.585,0.00627,0.0009993,2048,131405.88,1787804316.318
372,15.612,0.00823,0.00099928,2048,131180.3,1787804316.334
373,14.654,0.007712,0.00099925,2048,139758.02,1787804316.349
374,14.426,0.005431,0.00099922,2048,141965.89,1787804316.363
375,14.407,0.006467,0.00099919,2048,142153.12,1787804316.378
376,16.09,0.006981,0.00099916,2048,127285.61,1787804316.394
377,15.221,0.009195,0.00099913,2048,134552.72,1787804316.41
378,14.598,0.005503,0.0009991,2048,140289.35,1787804316.424
379,15.224,0.005262,0.00099907,2048,134524.43,1787804316.44
380,14.935,0.006406,0.00099904,2048,137131.23,1787804316.455
381,15.078,0.006212,0.000999,2048,135830.64,1787804316.47
382,16.445,0.006497,0.00099897,2048,124534.06,1787804316.487
383,14.832,0.005872,0.00099894,2048,138079.83,1787804316.502
384,17.682,0.00679,0.0009989,2048,115827.28,1787804316.52
385,17.936,0.007882,0.00099887,2048,114183.13,1787804316.538
386,15.712,0.004451,0.00099883,2048,130342.91,1787804316.554
387,15.575,0.007682,0.0009988,2048,131491.09,1787804316.569
388,15.645,0.009098,0.00099876,2048,130901.1,1787804316.585
389,24.828,0.005401,0.00099873,2048,82486.52,1787804316.61
390,19.745,0.004389,0.00099869,2048,103724.56,1787804316.63
391,15.02,0.005319,0.00099865,2048,136351.53,1787804316.645
392,15.167,0.00863,0.00099861,2048,135028.22,1787804316.661
393,16.625,0.009626,0.00099857,2048,123190.93,1787804316.677
394,17.392,0.005012,0.00099853,2048,117753.26,1787804316.695
395,18.077,0.006636,0.00099849,2048,113291.88,1787804316.713
396,16.904,0.005668,0.00099845,2048,121154.04,1787804316.73
397,26.057,0.013098,0.00099841,2048,78596.92,1787804316.756
398,15.997,0.009418,0.00099837,2048,128025.6,1787804316.772
399,19.701,0.006784,0.00099833,2048,103952.53,1787804316.793
400,17.944,0.004089,0.00099829,2048,114133.49,1787804316.811
401,16.33,0.007222,0.00099824,2048,125414.12,1787804316.827
402,16.055,0.009765,0.0009982,2048,127559.12,1787804316.844
403,16.19,0.010175,0.00099816,2048,126493.93,1787804316.86
404,18.791,0.005352,0.00099811,2048,108986.03,1787804316.879
405,17.508,0.005385,0.00099807,2048,116971.76,1787804316.897
406,16.082,0.008885,0.00099802,2048,127350.51,1787804316.913
407,15.124,0.005371,0.00099798,2048,135413.02,1787804316.928
408,14.705,0.00762,0.00099793,2048,139271.41,1787804316.943
409,16.238,0.007695,0.00099788,2048,126122.35,1787804316.96
410,15.111,0.006505,0.00099783,2048,135534.0,1787804316.975
411,16.137,0.005532,0.00099778,2048,126915.66,1787804316.991
412,19.266,0.005259,0.00099774,2048,106303.46,1787804317.011
413,16.089,0.00797,0.00099769,2048,127294.31,1787804317.027
414,15.955,0.006762,0.00099764,2048,128362.62,1787804317.043
415,17.9,0.006184,0.00099759,2048,114414.69,1787804317.061
416,23.389,0.004043,0.00099753,2048,87562.16,1787804317.085
417,16.691,0.00404,0.00099748,2048,122698.65,1787804317.102
418,16.758,0.006062,0.00099743,2048,122210.29,1787804317.119
419,16.301,0.00582,0.00099738,2048,125636.46,1787804317.135
420,15.098,0.00503,0.00099733,2048,135649.8,1787804317.15
421,15.294,0.005422,0.00099727,2048,133905.22,1787804317.166
422,15.862,0.003957,0.00099722,2048,129117.67,1787804317.182
423,15.709,0.003677,0.00099716,2048,130368.64,1787804317.198
424,17.534,0.005991,0.00099711,2048,116801.64,1787804317.215
425,25.415,0.005067,0.00099705,2048,80583.92,1787804317.241
426,24.929,0.005013,0.000997,2048,82153.65,1787804317.266
427,20.111,0.00324,0.00099694,2048,101833.3,1787804317.286
428,18.148,0.003912,0.00099688,2048,112848.04,1787804317.305
429,17.235,0.004451,0.00099682,2048,118830.72,1787804317.322
430,15.433,0.003756,0.00099676,2048,132704.37,1787804317.338
431,14.421,0.004114,0.00099671,2048,142014.13,1787804317.352
432,14.678,0.003246,0.00099665,2048,139526.64,1787804317.367
433,15.077,0.003771,0.00099659,2048,135833.34,1787804317.383
434,16.588,0.003716,0.00099653,2048,123462.0,1787804317.399
435,16.922,0.00432,0.00099646,2048,121024.45,1787804317.416
436,15.09,0.004372,0.0009964,2048,135722.62,1787804317.431
437,14.814,0.004951,0.00099634,2048,138249.47,1787804317.446
438,20.015,0.003423,0.00099628,2048,102323.77,1787804317.467
439,25.01,0.003336,0.00099621,2048,81885.94,1787804317.492
440,15.128,0.005153,0.00099615,2048,135374.53,1787804317.507
441,18.363,0.003891,0.00099609,2048,111528.01,1787804317.526
442,15.699,0.004713,0.00099602,2048,130456.66,1787804317.541
443,15.397,0.004166,0.00099596,2048,133015.52,1787804317.557
444,14.858,0.003107,0.00099589,2048,137842.84,1787804317.572
445,14.752,0.003729,0.00099582,2048,138832.4,1787804317.587
446,16.004,0.003449,0.00099576,2048,127966.41,1787804317.603
447,20.548,0.004349,0.00099569,2048,99669.07,1787804317.624
448,15.5,0.004897,0.00099562,2048,132130.74,1787804317.639
449,15.409,0.004332,0.00099555,2048,132909.34,1787804317.655
450,15.334,0.003589,0.00099548,2048,133562.02,1787804317.671
451,15.537,0.003432,0.00099541,2048,131818.62,1787804317.686
452,15.047,0.004301,0.00099534,2048,136105.96,1787804317.702
453,18.502,0.003977,0.00099527,2048,110690.74,1787804317.72
454,23.949,0.002839,0.0009952,2048,85516.84,1787804317.744
455,25.376,0.003025,0.00099513,2048,80705.86,1787804317.77
456,15.247,0.00316,0.00099506,2048,134325.91,1787804317.786
457,25.075,0.003265,0.00099498,2048,81675.3,1787804317.811
458,19.129,0.003247,0.00099491,2048,107064.81,1787804317.83
459,15.691,0.002865,0.00099484,2048,130519.85,1787804317.846
460,14.632,0.002748,0.00099476,2048,139963.37,1787804317.861
461,14.851,0.002855,0.00099469,2048,137906.89,1787804317.876
462,14.821,0.002566,0.00099461,2048,138178.58,1787804317.891
463,14.893,0.003837,0.00099454,2048,137510.57,1787804317.906
464,15.071,0.003083,0.00099446,2048,135892.83,1787804317.921
465,14.201,0.003226,0.00099438,2048,144217.23,1787804317.935
466,14.632,0.003704,0.00099431,2048,139971.98,1787804317.95
467,14.718,0.003146,0.00099423,2048,139147.45,1787804317.965
468,14.27,0.003662,0.00099415,2048,143521.89,1787804317.979
469,14.572,0.003013,0.00099407,2048,140542.54,1787804317.994
470,14.866,0.00291,0.00099399,2048,137761.24,1787804318.009
471,15.115,0.002971,0.00099391,2048,135497.23,1787804318.025
472,18.927,0.002519,0.00099383,2048,108204.64,1787804318.044
473,16.16,0.003545,0.00099375,2048,126734.24,1787804318.06
474,15.49,0.002789,0.00099367,2048,132212.62,1787804318.076
475,15.727,0.002779,0.00099358,2048,130219.43,1787804318.092
476,17.203,0.005107,0.0009935,2048,119052.46,1787804318.109
477,15.603,0.00341,0.00099342,2048,131257.65,1787804318.125
478,26.66,0.002866,0.00099333,2048,76818.34,1787804318.152
479,23.992,0.003923,0.00099325,2048,85362.85,1787804318.176
480,19.606,0.005229,0.00099316,2048,104459.42,1787804318.196
481,22.101,0.003255,0.00099308,2048,92663.81,1787804318.218
482,16.523,0.004432,0.00099299,2048,123947.69,1787804318.235
483,17.827,0.003013,0.00099291,2048,114879.34,1787804318.252
484,16.421,0.003553,0.00099282,2048,124720.63,1787804318.269
485,17.684,0.002944,0.00099273,2048,115813.52,1787804318.287
486,22.431,0.002763,0.00099264,2048,91301.81,1787804318.31
487,26.067,0.0037,0.00099255,2048,78566.47,1787804318.336
488,25.606,0.003007,0.00099246,2048,79980.63,1787804318.362
489,18.327,0.003514,0.00099237,2048,111749.52,1787804318.381
490,26.947,0.003693,0.00099228,2048,76001.04,1787804318.408
491,24.627,0.004577,0.00099219,2048,83161.43,1787804318.433
492,43.293,0.004733,0.0009921,2048,47305.57,1787804318.476
493,32.087,0.003737,0.00099201,2048,63826.67,1787804318.509
494,21.632,0.003579,0.00099192,2048,94675.43,1787804318.53
495,25.243,0.004414,0.00099183,2048,81131.4,1787804318.556
496,23.997,0.006601,0.00099173,2048,85342.22,1787804318.58
497,16.378,0.003254,0.00099164,2048,125048.08,1787804318.597
498,18.148,0.003733,0.00099154,2048,112851.77,1787804318.615
499,19.521,0.003282,0.00099145,2048,104911.05,1787804318.635
500,14.926,0.008602,0.00099135,2048,137212.08,1787804318.65
501,15.055,0.002833,0.00099126,2048,136037.25,1787804318.665
502,14.815,0.003641,0.00099116,2048,138234.54,1787804318.68
503,15.604,0.006174,0.00099106,2048,131246.72,1787804318.696
504,14.719,0.008135,0.00099097,2048,139143.67,1787804318.711
505,17.517,0.003239,0.00099087,2048,116915.66,1787804318.728
506,15.69,0.003085,0.00099077,2048,130529.0,1787804318.744
507,14.521,0.003128,0.00099067,2048,141039.06,1787804318.759
508,14.487,0.003971,0.00099057,2048,141368.12,1787804318.774
509,14.42,0.004844,0.00099047,2048,142025.95,1787804318.788
510,15.119,0.004737,0.00099037,2048,135461.38,1787804318.803
511,16.077,0.004702,0.00099027,2048,127388.54,1787804318.82
512,15.125,0.004019,0.00099017,2048,135407.65,1787804318.835
513,14.157,0.002578,0.00099006,2048,144661.37,1787804318.849
514,13.76,0.005007,0.00098996,2048,148838.29,1787804318.863
515,14.833,0.00437,0.00098986,2048,138068.66,1787804318.878
516,14.182,0.004366,0.00098975,2048,144403.31,1787804318.893
517,15.055,0.003279,0.00098965,2048,136033.64,1787804318.908
518,15.646,0.002845,0.00098954,2048,130891.89,1787804318.924
519,15.214,0.003667,0.00098944,2048,134611.09,1787804318.939
520,24.338,0.00426,0.00098933,2048,84148.59,1787804318.964
521,29.88,0.003741,0.00098923,2048,68541.29,1787804318.993
522,21.692,0.004256,0.00098912,2048,94413.12,1787804319.015
523,15.461,0.002565,0.00098901,2048,132458.04,1787804319.031
524,15.118,0.003839,0.0009889,2048,135471.24,1787804319.047
525,15.112,0.003402,0.0009888,2048,135522.34,1787804319.061
526,15.52,0.00327,0.00098869,2048,131962.16,1787804319.077
527,15.569,0.003156,0.00098858,2048,131541.76,1787804319.093
528,15.747,0.003656,0.00098847,2048,130054.04,1787804319.109
529,15.343,0.003295,0.00098836,2048,133477.59,1787804319.125
530,15.781,0.00516,0.00098824,2048,129779.6,1787804319.141
531,14.556,0.004049,0.00098813,2048,140701.86,1787804319.155
532,17.011,0.002922,0.00098802,2048,120391.98,1787804319.173
533,16.296,0.002761,0.00098791,2048,125671.93,1787804319.189
534,16.437,0.003809,0.00098779,2048,124596.95,1787804319.206
535,17.24,0.005334,0.00098768,2048,118792.81,1787804319.223
536,15.327,0.003369,0.00098757,2048,133617.79,1787804319.239
537,15.39,0.004288,0.00098745,2048,133070.83,1787804319.254
538,15.307,0.003488,0.00098734,2048,133798.49,1787804319.27
539,14.211,0.004034,0.00098722,2048,144117.77,1787804319.284
540,15.248,0.003193,0.0009871,2048,134314.46,1787804319.299
541,15.585,0.002998,0.00098699,2048,131405.88,1787804319.315
542,14.918,0.00251,0.00098687,2048,137284.74,1787804319.33
543,24.948,0.004987,0.00098675,2048,82091.41,1787804319.355
544,14.999,0.003898,0.00098663,2048,136544.26,1787804319.371
545,14.277,0.003626,0.00098651,2048,143451.52,1787804319.385
546,14.466,0.003562,0.00098639,2048,141577.26,1787804319.4
547,15.829,0.003058,0.00098627,2048,129379.51,1787804319.416
548,16.243,0.002785,0.00098615,2048,126086.63,1787804319.432
549,16.259,0.003681,0.00098603,2048,125961.78,1787804319.449
550,30.197,0.002668,0.00098591,2048,67822.21,1787804319.479
551,29.291,0.003455,0.00098579,2048,69918.85,1787804319.509
552,31.146,0.00253,0.00098567,2048,65755.68,1787804319.54
553,24.086,0.002768,0.00098554,2048,85027.59,1787804319.564
554,17.574,0.002458,0.00098542,2048,116538.44,1787804319.582
555,27.431,0.003951,0.0009853,2048,74660.06,1787804319.61
556,21.435,0.003872,0.00098517,2048,95545.12,1787804319.631
557,21.069,0.004014,0.00098505,2048,97205.81,1787804319.653
558,14.932,0.002627,0.00098492,2048,137158.78,1787804319.668
559,14.735,0.003515,0.00098479,2048,138990.69,1787804319.683
560,14.318,0.002291,0.00098467,2048,143039.73,1787804319.697
561,14.263,0.002707,0.00098454,2048,143584.28,1787804319.712
562,15.902,0.002935,0.00098441,2048,128792.88,1787804319.728
563,15.906,0.002681,0.00098428,2048,128758.06,1787804319.744
564,15.433,0.002101,0.00098415,2048,132704.37,1787804319.759
565,15.376,0.002969,0.00098402,2048,133198.05,1787804319.775
566,16.478,0.003541,0.0009839,2048,124283.91,1787804319.791
567,15.592,0.001942,0.00098376,2048,131347.73,1787804319.807
568,15.167,0.003039,0.00098363,2048,135031.78,1787804319.822
569,16.626,0.003246,0.0009835,2048,123177.6,1787804319.839
570,15.163,0.002329,0.00098337,2048,135068.29,1787804319.854
571,14.928,0.002385,0.00098324,2048,137188.18,1787804319.87
572,16.068,0.005577,0.0009831,2048,127461.48,1787804319.886
573,15.237,0.004029,0.00098297,2048,134414.07,1787804319.901
574,16.174,0.002079,0.00098284,2048,126621.41,1787804319.917
575,15.716,0.006608,0.0009827,2048,130313.06,1787804319.933
576,16.908,0.004773,0.00098257,2048,121128.24,1787804319.95
577,15.51,0.002523,0.00098243,2048,132048.1,1787804319.966
578,15.499,0.004662,0.0009823,2048,132140.97,1787804319.982
579,16.072,0.003373,0.00098216,2048,127424.2,1787804319.998
580,15.133,0.006781,0.00098202,2048,135334.27,1787804320.013
581,17.418,0.003336,0.00098188,2048,117580.87,1787804320.031
582,18.252,0.003124,0.00098175,2048,112206.88,1787804320.05
583,14.817,0.004567,0.00098161,2048,138219.61,1787804320.065
584,14.659,0.005673,0.00098147,2048,139709.39,1787804320.079
585,14.746,0.003512,0.00098133,2048,138888.89,1787804320.094
586,15.11,0.003404,0.00098119,2048,135543.86,1787804320.11
587,15.875,0.002509,0.00098105,2048,129010.31,1787804320.126
588,17.268,0.004484,0.00098091,2048,118602.25,1787804320.143
589,16.744,0.003346,0.00098077,2048,122316.12,1787804320.16
590,17.337,0.003422,0.00098062,2048,118130.22,1787804320.178
591,16.666,0.003001,0.00098048,2048,122888.6,1787804320.194
592,16.501,0.003563,0.00098034,2048,124116.7,1787804320.211
593,21.192,0.004194,0.00098019,2048,96642.52,1787804320.232
594,19.709,0.003522,0.00098005,2048,103912.97,1787804320.252
595,16.691,0.003267,0.0009799,2048,122699.39,1787804320.269
596,18.38,0.002983,0.00097976,2048,111423.64,1787804320.288
597,15.699,0.002428,0.00097961,2048,130450.84,1787804320.304
598,15.432,0.001619,0.00097947,2048,132707.81,1787804320.319
599,17.232,0.002881,0.00097932,2048,118847.96,1787804320.337
600,14.233,0.00343,0.00097917,2048,143895.0,1787804320.351
601,14.265,0.002179,0.00097902,2048,143565.15,1787804320.366
602,15.308,0.002256,0.00097888,2048,133788.88,1787804320.381
603,15.885,0.003927,0.00097873,2048,128925.04,1787804320.397
604,17.92,0.002842,0.00097858,2048,114285.71,1787804320.415
605,15.931,0.002986,0.00097843,2048,128551.16,1787804320.431
606,17.826,0.003232,0.00097828,2048,114890.3,1787804320.449
607,15.991,0.002361,0.00097813,2048,128072.84,1787804320.465
608,14.821,0.002952,0.00097798,2048,138180.44,1787804320.48
609,23.39,0.002321,0.00097782,2048,87558.41,1787804320.504
610,40.488,0.002266,0.00097767,2048,50582.39,1787804320.544
611,15.76,0.002218,0.00097752,2048,129952.54,1787804320.56
612,14.906,0.002747,0.00097736,2048,137390.65,1787804320.575
613,25.59,0.003334,0.00097721,2048,80030.32,1787804320.601
614,29.091,0.002125,0.00097706,2048,70399.3,1787804320.63
615,17.543,0.003225,0.0009769,2048,116743.72,1787804320.648
616,15.135,0.002909,0.00097675,2048,135314.6,1787804320.664
617,14.806,0.003007,0.00097659,2048,138319.5,1787804320.678
618,14.884,0.002418,0.00097643,2048,137595.57,1787804320.694
619,14.756,0.003493,0.00097628,2048,138790.06,1787804320.708
620,15.547,0.00365,0.00097612,2048,131732.14,1787804320.724
621,16.607,0.003813,0.00097596,2048,123320.75,1787804320.741
622,17.455,0.00289,0.0009758,2048,117328.93,1787804320.759
623,15.446,0.002283,0.00097564,2048,132588.39,1787804320.774
624,15.652,0.003327,0.00097548,2048,130847.57,1787804320.79
625,14.566,0.002647,0.00097532,2048,140598.5,1787804320.805
626,16.135,0.005218,0.00097516,2048,126931.4,1787804320.821
627,16.878,0.004309,0.000975,2048,121340.67,1787804320.838
628,14.98,0.002189,0.00097484,2048,136717.45,1787804320.853
629,15.212,0.001801,0.00097468,2048,134629.67,1787804320.869
630,14.727,0.003806,0.00097452,2048,139059.58,1787804320.883
631,15.433,0.006365,0.00097435,2048,132705.23,1787804320.899
632,20.133,0.002734,0.00097419,2048,101724.04,1787804320.919
633,19.765,0.001857,0.00097402,2048,103618.55,1787804320.939
634,14.616,0.002529,0.00097386,2048,140121.37,1787804320.954
635,14.41,0.003978,0.00097369,2048,142120.57,1787804320.969
636,14.71,0.002752,0.00097353,2048,139229.75,1787804320.984
637,14.41,0.002489,0.00097336,2048,142122.54,1787804320.998
638,14.097,0.002358,0.0009732,2048,145283.26,1787804321.012
639,15.117,0.002652,0.00097303,2048,135480.2,1787804321.028
640,15.906,0.002072,0.00097286,2048,128754.82,1787804321.044
641,19.819,0.002364,0.00097269,2048,103334.14,1787804321.064
642,20.241,0.001986,0.00097252,2048,101180.27,1787804321.084
643,23.632,0.002179,0.00097236,2048,86661.42,1787804321.108
644,15.938,0.002745,0.00097219,2048,128494.7,1787804321.124
645,16.684,0.001795,0.00097202,2048,122753.07,1787804321.141
646,16.177,0.002177,0.00097185,2048,126598.71,1787804321.158
647,15.854,0.002291,0.00097167,2048,129178.76,1787804321.173
648,14.821,0.002215,0.0009715,2048,138179.51,1787804321.188
649,14.426,0.004151,0.00097133,2048,141963.93,1787804321.203
650,23.898,0.002354,0.00097116,2048,85696.47,1787804321.228
651,15.896,0.002125,0.00097098,2048,128836.63,1787804321.244
652,14.753,0.002567,0.00097081,2048,138822.05,1787804321.259
653,18.019,0.002879,0.00097064,2048,113658.44,1787804321.276
654,16.78,0.002327,0.00097046,2048,122052.97,1787804321.294
655,18.019,0.001878,0.00097029,2048,113656.54,1787804321.312
656,16.775,0.003359,0.00097011,2048,122086.44,1787804321.329
657,20.015,0.001836,0.00096994,2048,102321.72,1787804321.349
658,15.689,0.001826,0.00096976,2048,130533.16,1787804321.365
659,14.925,0.002456,0.00096958,2048,137219.43,1787804321.38
660,16.272,0.002056,0.0009694,2048,125862.69,1787804321.397
661,18.29,0.003165,0.00096923,2048,111974.98,1787804321.415
662,18.248,0.003195,0.00096905,2048,112232.09,1787804321.433
663,17.917,0.003863,0.00096887,2048,114306.76,1787804321.451
664,15.805,0.002515,0.00096869,2048,129583.35,1787804321.467
665,18.981,0.001477,0.00096851,2048,107895.1,1787804321.486
666,15.206,0.002102,0.00096833,2048,134686.33,1787804321.502
667,25.02,0.002322,0.00096815,2048,81854.19,1787804321.527
668,21.228,0.003161,0.00096796,2048,96474.08,1787804321.548
669,15.612,0.002513,0.00096778,2048,131182.82,1787804321.565
670,14.904,0.002035,0.0009676,2048,137415.54,1787804321.58
671,15.297,0.003576,0.00096742,2048,133881.58,1787804321.595
672,15.08,0.001782,0.00096723,2048,135807.22,1787804321.61
673,16.524,0.00331,0.00096705,2048,123942.43,1787804321.627
674,17.408,0.005009,0.00096686,2048,117649.76,1787804321.644
675,17.576,0.003108,0.00096668,2048,116523.19,1787804321.662
676,15.345,0.002425,0.00096649,2048,133465.41,1787804321.678
677,15.765,0.002577,0.00096631,2048,129905.55,1787804321.694
678,16.687,0.002732,0.00096612,2048,122728.06,1787804321.71
679,15.414,0.003204,0.00096593,2048,132863.64,1787804321.726
680,15.936,0.001943,0.00096575,2048,128517.28,1787804321.742
681,16.443,0.001895,0.00096556,2048,124554.51,1787804321.759
682,14.787,0.002738,0.00096537,2048,138498.16,1787804321.774
683,15.673,0.002148,0.00096518,2048,130667.24,1787804321.79
684,14.948,0.001909,0.00096499,2048,137011.96,1787804321.805
685,15.18,0.001592,0.0009648,2048,134909.92,1787804321.82
686,15.953,0.001467,0.00096461,2048,128377.91,1787804321.836
687,15.205,0.001684,0.00096442,2048,134693.42,1787804321.852
688,16.375,0.001726,0.00096423,2048,125066.41,1787804321.868
689,15.35,0.001681,0.00096404,2048,133421.93,1787804321.884
690,15.001,0.001253,0.00096384,2048,136524.23,1787804321.899
691,14.176,0.001387,0.00096365,2048,144468.51,1787804321.913
692,15.153,0.001566,0.00096346,2048,135153.86,1787804321.929
693,15.899,0.001361,0.00096326,2048,128809.89,1787804321.945
694,14.722,0.001245,0.00096307,2048,139114.37,1787804321.959
695,15.088,0.001419,0.00096287,2048,135738.81,1787804321.975
696,14.84,0.00136,0.00096268,2048,138004.46,1787804321.99
697,14.53,0.001541,0.00096248,2048,140944.91,1787804322.004
698,14.098,0.001184,0.00096228,2048,145273.98,1787804322.019
699,14.462,0.001033,0.00096209,2048,141610.54,1787804322.033
700,15.163,0.001135,0.00096189,2048,135066.51,1787804322.049
701,14.495,0.001175,0.00096169,2048,141294.97,1787804322.063
702,15.147,0.001116,0.00096149,2048,135206.51,1787804322.079
703,15.071,0.001896,0.00096129,2048,135890.12,1787804322.094
704,15.711,0.000977,0.0009611,2048,130353.7,1787804322.11
705,15.823,0.001101,0.0009609,2048,129432.66,1787804322.126
706,15.549,0.001336,0.0009607,2048,131709.26,1787804322.142
707,15.471,0.001874,0.00096049,2048,132379.27,1787804322.158
708,15.302,0.000986,0.00096029,2048,133842.21,1787804322.173
709,14.439,0.001312,0.00096009,2048,141842.99,1787804322.188
710,15.14,0.001251,0.00095989,2048,135274.38,1787804322.203
711,14.553,0.001589,0.00095969,2048,140727.0,1787804322.218
712,15.167,0.00163,0.00095948,2048,135030.0,1787804322.233
713,15.469,0.001439,0.00095928,2048,132389.54,1787804322.249
714,14.349,0.001286,0.00095907,2048,142730.7,1787804322.263
715,14.376,0.001583,0.00095887,2048,142458.66,1787804322.278
716,14.764,0.002126,0.00095866,2048,138712.04,1787804322.293
717,15.573,0.001239,0.00095846,2048,131505.44,1787804322.308
718,15.475,0.003823,0.00095825,2048,132345.05,1787804322.324
719,15.477,0.001699,0.00095805,2048,132326.24,1787804322.34
720,15.068,0.001545,0.00095784,2048,135920.78,1787804322.355
721,16.499,0.002159,0.00095763,2048,124125.73,1787804322.372
722,16.307,0.001899,0.00095742,2048,125593.32,1787804322.388
723,18.234,0.001888,0.00095721,2048,112315.8,1787804322.407
724,17.867,0.001927,0.000957,2048,114627.29,1787804322.425
725,15.904,0.001659,0.0009568,2048,128775.06,1787804322.441
726,16.327,0.001398,0.00095659,2048,125437.93,1787804322.457
727,16.754,0.001437,0.00095637,2048,122242.38,1787804322.474
728,16.376,0.001802,0.00095616,2048,125063.36,1787804322.491
729,15.561,0.001784,0.00095595,2048,131606.85,1787804322.506
730,15.289,0.001276,0.00095574,2048,133949.89,1787804322.522
731,17.513,0.0013,0.00095553,2048,116941.03,1787804322.539
732,15.119,0.001784,0.00095531,2048,135458.69,1787804322.555
733,14.957,0.001268,0.0009551,2048,136921.28,1787804322.57
734,15.006,0.00121,0.00095489,2048,136483.29,1787804322.585
735,14.831,0.001311,0.00095467,2048,138086.34,1787804322.6
736,14.889,0.001505,0.00095446,2048,137549.36,1787804322.615
737,16.54,0.001505,0.00095424,2048,123817.3,1787804322.632
738,17.526,0.00117,0.00095403,2048,116854.96,1787804322.649
739,17.887,0.001399,0.00095381,2048,114497.84,1787804322.668
740,15.241,0.001495,0.00095359,2048,134369.98,1787804322.683
741,15.879,0.001221,0.00095338,2048,128975.38,1787804322.699
742,16.713,0.001044,0.00095316,2048,122538.61,1787804322.716
743,16.621,0.001811,0.00095294,2048,123214.65,1787804322.733
744,15.918,0.001213,0.00095272,2048,128661.8,1787804322.749
745,17.038,0.001282,0.0009525,2048,120200.49,1787804322.766
746,15.358,0.002084,0.00095228,2048,133354.17,1787804322.782
747,16.478,0.002159,0.00095206,2048,124286.17,1787804322.798
748,16.369,0.001181,0.00095184,2048,125113.02,1787804322.815
749,22.443,0.001599,0.00095162,2048,91253.4,1787804322.837
750,20.151,0.001395,0.0009514,2048,101631.16,1787804322.858
751,15.05,0.003047,0.00095118,2048,136082.45,1787804322.873
752,18.252,0.00122,0.00095095,2048,112206.88,1787804322.892
753,16.814,0.001599,0.00095073,2048,121801.09,1787804322.908
754,23.782,0.003664,0.00095051,2048,86113.74,1787804322.932
755,19.801,0.001361,0.00095028,2048,103431.73,1787804322.952
756,14.94,0.001388,0.00095006,2048,137080.74,1787804322.967
757,15.539,0.002238,0.00094983,2048,131799.96,1787804322.983
758,15.782,0.001602,0.00094961,2048,129767.27,1787804322.999
759,14.707,0.001151,0.00094938,2048,139257.2,1787804323.014
760,15.061,0.001375,0.00094915,2048,135977.64,1787804323.029
761,15.454,0.002336,0.00094893,2048,132520.61,1787804323.045
762,18.023,0.002038,0.0009487,2048,113633.84,1787804323.063
763,15.246,0.001216,0.00094847,2048,134332.96,1787804323.078
764,15.725,0.001406,0.00094824,2048,130239.3,1787804323.094
765,15.696,0.001943,0.00094802,2048,130479.93,1787804323.11
766,15.701,0.001581,0.00094779,2048,130437.55,1787804323.126
767,15.668,0.001916,0.00094756,2048,130709.78,1787804323.142
768,22.284,0.001735,0.00094733,2048,91904.92,1787804323.164
769,20.638,0.001016,0.0009471,2048,99232.98,1787804323.185
770,22.305,0.001188,0.00094686,2048,91817.15,1787804323.207
771,20.607,0.001535,0.00094663,2048,99381.78,1787804323.228
772,15.726,0.001541,0.0009464,2048,130226.88,1787804323.244
773,17.509,0.001588,0.00094617,2048,116971.76,1787804323.262
774,15.455,0.001154,0.00094594,2048,132518.04,1787804323.277
775,16.017,0.001345,0.0009457,2048,127861.75,1787804323.293
776,15.849,0.001162,0.00094547,2048,129218.69,1787804323.309
777,16.301,0.001126,0.00094523,2048,125633.38,1787804323.327
778,16.89,0.001183,0.000945,2048,121255.9,1787804323.344
779,21.389,0.000983,0.00094476,2048,95750.6,1787804323.365
780,16.569,0.001439,0.00094453,2048,123605.81,1787804323.382
781,16.233,0.000883,0.00094429,2048,126160.42,1787804323.398
782,26.783,0.001226,0.00094405,2048,76466.42,1787804323.425
783,19.674,0.001173,0.00094382,2048,104096.25,1787804323.445
784,18.337,0.001239,0.00094358,2048,111688.58,1787804323.463
785,15.555,0.00119,0.00094334,2048,131659.31,1787804323.479
786,23.871,0.000919,0.0009431,2048,85792.68,1787804323.503
787,28.678,0.001007,0.00094286,2048,71413.13,1787804323.532
788,27.834,0.001465,0.00094262,2048,73579.6,1787804323.56
789,16.042,0.00113,0.00094238,2048,127661.7,1787804323.576
790,15.942,0.001171,0.00094214,2048,128467.3,1787804323.592
791,14.695,0.001187,0.0009419,2048,139366.18,1787804323.607
792,16.044,0.001058,0.00094166,2048,127650.56,1787804323.623
793,16.139,0.001061,0.00094142,2048,126898.36,1787804323.64
794,16.463,0.001049,0.00094118,2048,124402.44,1787804323.656
795,17.052,0.000963,0.00094093,2048,120104.62,1787804323.674
796,15.209,0.000882,0.00094069,2048,134658.88,1787804323.689
797,15.318,0.001243,0.00094045,2048,133698.92,1787804323.704
798,15.876,0.000742,0.0009402,2048,128998.12,1787804323.72
799,16.206,0.000926,0.00093996,2048,126376.07,1787804323.738
800,16.243,0.001128,0.00093971,2048,126088.19,1787804323.754
801,16.135,0.001577,0.00093947,2048,126926.68,1787804323.77
802,16.836,0.001097,0.00093922,2048,121644.82,1787804323.788
803,14.443,0.001148,0.00093897,2048,141793.89,1787804323.802
804,14.854,0.001716,0.00093873,2048,137878.1,1787804323.817
805,15.545,0.001108,0.00093848,2048,131749.08,1787804323.833
806,14.469,0.001117,0.00093823,2048,141543.99,1787804323.848
807,15.229,0.00088,0.00093798,2048,134475.85,1787804323.863
808,15.393,0.00158,0.00093773,2048,133050.95,1787804323.878
809,14.878,0.000751,0.00093748,2048,137650.13,1787804323.894
810,14.146,0.00158,0.00093723,2048,144773.86,1787804323.908
811,19.9,0.001415,0.00093698,2048,102913.54,1787804323.928
812,14.486,0.001543,0.00093673,2048,141380.81,1787804323.943
813,14.475,0.001593,0.00093648,2048,141485.32,1787804323.957
814,15.48,0.001745,0.00093623,2048,132304.01,1787804323.973
815,14.806,0.001326,0.00093598,2048,138326.04,1787804323.988
816,14.971,0.003295,0.00093573,2048,136797.81,1787804324.003
817,14.599,0.001961,0.00093547,2048,140287.42,1787804324.017
818,14.49,0.000993,0.00093522,2048,141342.76,1787804324.032
819,17.272,0.002883,0.00093496,2048,118573.41,1787804324.05
820,24.772,0.004014,0.00093471,2048,82672.65,1787804324.075
821,14.986,0.002568,0.00093446,2048,136661.8,1787804324.09
822,15.613,0.002673,0.0009342,2048,131173.58,1787804324.105
823,15.581,0.00307,0.00093394,2048,131440.45,1787804324.121
824,15.051,0.003272,0.00093369,2048,136073.41,1787804324.136
825,15.203,0.004589,0.00093343,2048,134706.71,1787804324.151
826,15.569,0.001687,0.00093317,2048,131540.92,1787804324.167
827,14.828,0.002598,0.00093292,2048,138120.8,1787804324.182
828,14.441,0.002481,0.00093266,2048,141818.43,1787804324.197
829,14.258,0.002975,0.0009324,2048,143641.68,1787804324.211
830,15.198,0.00231,0.00093214,2048,134759.01,1787804324.226
831,15.237,0.002242,0.00093188,2048,134411.43,1787804324.242
832,14.973,0.001983,0.00093162,2048,136782.28,1787804324.257
833,15.382,0.002217,0.00093136,2048,133142.63,1787804324.273
834,14.657,0.002719,0.0009311,2048,139730.36,1787804324.287
835,14.659,0.00208,0.00093084,2048,139711.3,1787804324.302
836,15.117,0.002334,0.00093058,2048,135475.72,1787804324.317
837,14.733,0.001696,0.00093032,2048,139006.73,1787804324.332
838,14.189,0.001537,0.00093005,2048,144338.18,1787804324.347
839,22.606,0.001459,0.00092979,2048,90593.41,1787804324.37
840,15.165,0.001802,0.00092953,2048,135044.25,1787804324.385
841,14.788,0.001758,0.00092926,2048,138491.6,1787804324.4
842,15.535,0.001176,0.000929,2048,131834.74,1787804324.416
843,14.921,0.001147,0.00092873,2048,137256.22,1787804324.431
844,15.683,0.001218,0.00092847,2048,130588.09,1787804324.447
845,15.401,0.001549,0.0009282,2048,132976.65,1787804324.463
846,28.154,0.001689,0.00092794,2048,72743.55,1787804324.491
847,34.86,0.000967,0.00092767,2048,58748.78,1787804324.527
848,29.998,0.001376,0.0009274,2048,68271.45,1787804324.557
849,16.18,0.001273,0.00092713,2048,126576.02,1787804324.573
850,14.967,0.000973,0.00092687,2048,136831.63,1787804324.589
851,14.693,0.001652,0.0009266,2048,139389.9,1787804324.603
852,14.425,0.00095,0.00092633,2048,141971.8,1787804324.618
853,15.074,0.001901,0.00092606,2048,135865.78,1787804324.633
854,16.982,0.001463,0.00092579,2048,120596.86,1787804324.651
855,17.333,0.001471,0.00092552,2048,118158.16,1787804324.668
856,19.615,0.001147,0.00092525,2048,104411.49,1787804324.688
857,15.085,0.00125,0.00092498,2048,135764.9,1787804324.703
858,15.209,0.001358,0.00092471,2048,134655.34,1787804324.719
859,15.291,0.001618,0.00092443,2048,133934.12,1787804324.734
860,14.823,0.002208,0.00092416,2048,138163.66,1787804324.749
861,16.042,0.001875,0.00092389,2048,127662.49,1787804324.765
862,16.504,0.002267,0.00092362,2048,124091.13,1787804324.782
863,14.888,0.00221,0.00092334,2048,137561.38,1787804324.797
864,14.315,0.00156,0.00092307,2048,143070.71,1787804324.812
865,14.888,0.004581,0.00092279,2048,137563.22,1787804324.827
866,14.821,0.003677,0.00092252,2048,138177.65,1787804324.842
867,14.987,0.003484,0.00092224,2048,136654.5,1787804324.857
868,15.716,0.003159,0.00092197,2048,130313.06,1787804324.873
869,14.893,0.003022,0.00092169,2048,137516.12,1787804324.888
870,14.69,0.002469,0.00092141,2048,139416.47,1787804324.903
871,14.228,0.001785,0.00092113,2048,143941.52,1787804324.917
872,14.393,0.003239,0.00092086,2048,142289.41,1787804324.932
873,14.808,0.003662,0.00092058,2048,138304.55,1787804324.947
874,15.55,0.001864,0.0009203,2048,131700.79,1787804324.962
875,19.962,0.003014,0.00092002,2048,102593.39,1787804324.982
876,28.065,0.002684,0.00091974,2048,72973.97,1787804325.011
877,28.919,0.001701,0.00091946,2048,70819.23,1787804325.04
878,29.833,0.00272,0.00091918,2048,68649.27,1787804325.07
879,16.521,0.002505,0.0009189,2048,123961.19,1787804325.086
880,14.874,0.003131,0.00091862,2048,137693.63,1787804325.101
881,15.155,0.002267,0.00091834,2048,135134.24,1787804325.117
882,14.959,0.001934,0.00091805,2048,136910.29,1787804325.132
883,14.989,0.002148,0.00091777,2048,136636.27,1787804325.147
884,15.722,0.002517,0.00091749,2048,130265.81,1787804325.163
885,15.428,0.002632,0.00091721,2048,132747.38,1787804325.179
886,14.843,0.002834,0.00091692,2048,137980.29,1787804325.194
887,14.477,0.002302,0.00091664,2048,141468.71,1787804325.208
888,15.92,0.001959,0.00091635,2048,128644.83,1787804325.224
889,17.805,0.001308,0.00091607,2048,115026.45,1787804325.242
890,14.742,0.001865,0.00091578,2048,138927.52,1787804325.257
891,15.098,0.00245,0.00091549,2048,135648.0,1787804325.273
892,16.879,0.001917,0.00091521,2048,121333.48,1787804325.29
893,14.704,0.001444,0.00091492,2048,139278.99,1787804325.304
894,14.313,0.001878,0.00091463,2048,143091.7,1787804325.319
895,14.065,0.001865,0.00091435,2048,145610.7,1787804325.333
896,14.342,0.001383,0.00091406,2048,142793.4,1787804325.348
897,14.144,0.002565,0.00091377,2048,144801.5,1787804325.362
898,17.423,0.002028,0.00091348,2048,117543.07,1787804325.38
899,14.754,0.002041,0.00091319,2048,138809.81,1787804325.394
900,28.866,0.001003,0.0009129,2048,70949.26,1787804325.423
901,28.776,0.003014,0.00091261,2048,71170.67,1787804325.453
902,20.991,0.001388,0.00091232,2048,97566.09,1787804325.474
903,17.329,0.001949,0.00091203,2048,118184.07,1787804325.49
904,15.647,0.001136,0.00091174,2048,130887.71,1787804325.506
905,18.111,0.001159,0.00091144,2048,113079.2,1787804325.525
906,16.286,0.002231,0.00091115,2048,125753.72,1787804325.542
907,15.191,0.003075,0.00091086,2048,134817.55,1787804325.557
908,16.57,0.001935,0.00091056,2048,123598.35,1787804325.574
909,18.24,0.001641,0.00091027,2048,112282.55,1787804325.592
910,22.693,0.001189,0.00090998,2048,90249.29,1787804325.615
911,24.88,0.0021,0.00090968,2048,82316.77,1787804325.64
912,29.226,0.001538,0.00090939,2048,70075.55,1787804325.669
913,20.119,0.001018,0.00090909,2048,101793.31,1787804325.689
914,15.025,0.001108,0.00090879,2048,136309.79,1787804325.705
915,15.045,0.001874,0.0009085,2048,136124.05,1787804325.72
916,14.006,0.001476,0.0009082,2048,146227.22,1787804325.734
917,15.06,0.001686,0.0009079,2048,135990.28,1787804325.749
918,14.974,0.001411,0.00090761,2048,136770.4,1787804325.764
919,17.672,0.001135,0.00090731,2048,115887.58,1787804325.782
920,16.456,0.001295,0.00090701,2048,124450.06,1787804325.799
921,15.879,0.001248,0.00090671,2048,128975.38,1787804325.815
922,14.997,0.001203,0.00090641,2048,136558.82,1787804325.83
923,15.681,0.001352,0.00090611,2048,130608.08,1787804325.846
924,15.341,0.001146,0.00090581,2048,133498.47,1787804325.862
925,15.918,0.001029,0.00090551,2048,128661.0,1787804325.878
926,15.506,0.001549,0.00090521,2048,132079.61,1787804325.894
927,15.147,0.001676,0.00090491,2048,135211.86,1787804325.909
928,26.18,0.001036,0.0009046,2048,78226.76,1787804325.936
929,28.582,0.002019,0.0009043,2048,71652.74,1787804325.964
930,27.541,0.002686,0.000904,2048,74361.32,1787804325.992
931,16.191,0.001498,0.0009037,2048,126486.9,1787804326.008
932,15.72,0.003387,0.00090339,2048,130278.24,1787804326.024
933,14.689,0.001862,0.00090309,2048,139420.26,1787804326.039
934,14.078,0.004101,0.00090278,2048,145470.04,1787804326.053
935,14.002,0.006499,0.00090248,2048,146261.69,1787804326.068
936,14.605,0.003632,0.00090217,2048,140229.79,1787804326.082
937,15.301,0.005307,0.00090187,2048,133845.71,1787804326.098
938,14.611,0.002894,0.00090156,2048,140170.28,1787804326.112
939,14.17,0.00545,0.00090126,2048,144529.68,1787804326.126
940,14.609,0.006527,0.00090095,2048,140189.47,1787804326.141
941,15.036,0.00536,0.00090064,2048,136203.72,1787804326.156
942,15.755,0.004021,0.00090033,2048,129987.18,1787804326.172
943,19.976,0.002687,0.00090002,2048,102523.54,1787804326.192
944,16.815,0.003864,0.00089972,2048,121797.46,1787804326.209
945,15.612,0.004433,0.00089941,2048,131178.62,1787804326.225
946,15.306,0.005863,0.0008991,2048,133808.11,1787804326.24
947,14.238,0.004585,0.00089879,2048,143840.43,1787804326.255
948,14.568,0.003261,0.00089848,2048,140584.03,1787804326.27
949,15.293,0.003077,0.00089817,2048,133921.86,1787804326.285
950,14.654,0.002726,0.00089785,2048,139758.97,1787804326.3
951,15.256,0.003207,0.00089754,2048,134241.39,1787804326.315
952,15.968,0.00262,0.00089723,2048,128254.1,1787804326.331
953,15.278,0.005614,0.00089692,2048,134049.84,1787804326.347
954,14.577,0.001707,0.00089661,2048,140495.3,1787804326.362
955,15.287,0.001674,0.00089629,2048,133968.29,1787804326.377
956,20.911,0.001814,0.00089598,2048,97939.35,1787804326.398
957,16.049,0.002971,0.00089566,2048,127610.79,1787804326.415
958,15.836,0.004001,0.00089535,2048,129323.95,1787804326.431
959,14.878,0.003053,0.00089504,2048,137656.61,1787804326.446
960,15.827,0.001863,0.00089472,2048,129403.22,1787804326.462
961,17.029,0.002288,0.0008944,2048,120268.25,1787804326.479
962,16.522,0.002792,0.00089409,2048,123956.69,1787804326.495
963,14.952,0.003149,0.00089377,2048,136968.89,1787804326.511
964,14.925,0.00389,0.00089345,2048,137217.59,1787804326.526
965,15.86,0.001691,0.00089314,2048,129131.51,1787804326.542
966,16.082,0.003626,0.00089282,2048,127350.51,1787804326.558
967,15.545,0.00444,0.0008925,2048,131745.7,1787804326.574
968,17.359,0.002104,0.00089218,2048,117979.15,1787804326.591
969,17.396,0.002908,0.00089186,2048,117730.92,1787804326.609
970,16.268,0.004274,0.00089154,2048,125894.42,1787804326.625
971,17.101,0.001577,0.00089122,2048,119761.18,1787804326.642
972,29.21,0.003047,0.0008909,2048,70114.18,1787804326.672
973,17.84,0.003225,0.00089058,2048,114798.21,1787804326.691
974,16.38,0.002104,0.00089026,2048,125028.23,1787804326.707
975,16.275,0.003214,0.00088994,2048,125835.63,1787804326.724
976,16.375,0.002567,0.00088962,2048,125071.76,1787804326.74
977,16.601,0.00138,0.0008893,2048,123369.78,1787804326.757
978,16.054,0.0016,0.00088897,2048,127567.07,1787804326.773
979,17.18,0.006755,0.00088865,2048,119208.38,1787804326.791
980,17.902,0.002453,0.00088833,2048,114401.9,1787804326.809
981,17.801,0.001235,0.000888,2048,115052.3,1787804326.827
982,17.792,0.001276,0.00088768,2048,115110.5,1787804326.845
983,16.639,0.002701,0.00088736,2048,123080.62,1787804326.862
984,17.774,0.002649,0.00088703,2048,115222.54,1787804326.88
985,19.069,0.001935,0.0008867,2048,107398.32,1787804326.899
986,16.361,0.001144,0.00088638,2048,125178.02,1787804326.915
987,17.505,0.002441,0.00088605,2048,116997.15,1787804326.933
988,20.27,0.001777,0.00088573,2048,101036.01,1787804326.954
989,21.396,0.002817,0.0008854,2048,95719.27,1787804326.976
990,18.661,0.001697,0.00088507,2048,109749.95,1787804326.995
991,16.251,0.00121,0.00088474,2048,126022.24,1787804327.011
992,23.395,0.001567,0.00088442,2048,87540.82,1787804327.035
993,20.534,0.002301,0.00088409,2048,99735.56,1787804327.056
994,18.223,0.001257,0.00088376,2048,112384.21,1787804327.074
995,15.994,0.002202,0.00088343,2048,128048.82,1787804327.09
996,18.203,0.001445,0.0008831,2048,112510.78,1787804327.108
997,15.822,0.0011,0.00088277,2048,129440.02,1787804327.124
998,17.12,0.00128,0.00088244,2048,119625.47,1787804327.142
999,17.601,0.001567,0.00088211,2048,116357.69,1787804327.159
1000,14.988,0.002031,0.00088177,2048,136643.56,1787804327.175
1001,15.26,0.00124,0.00088144,2048,134207.96,1787804327.19
1002,16.251,0.00116,0.00088111,2048,126024.57,1787804327.206
1003,17.015,0.001055,0.00088078,2048,120362.97,1787804327.224
1004,28.973,0.001508,0.00088045,2048,70686.5,1787804327.253
1005,29.513,0.00092,0.00088011,2048,69393.15,1787804327.282
1006,22.018,0.00123,0.00087978,2048,93015.23,1787804327.305
1007,16.337,0.00198,0.00087944,2048,125359.61,1787804327.321
1008,16.916,0.002555,0.00087911,2048,121070.24,1787804327.338
1009,15.538,0.001559,0.00087877,2048,131806.74,1787804327.354
1010,15.817,0.000947,0.00087844,2048,129481.76,1787804327.37
1011,16.116,0.001064,0.0008781,2048,127079.47,1787804327.386
1012,17.109,0.002187,0.00087777,2048,119702.38,1787804327.404
1013,17.797,0.001974,0.00087743,2048,115077.52,1787804327.422
1014,15.758,0.000841,0.00087709,2048,129965.73,1787804327.438
1015,15.186,0.001214,0.00087676,2048,134864.61,1787804327.453
1016,15.149,0.001109,0.00087642,2048,135194.01,1787804327.468
1017,16.332,0.001577,0.00087608,2048,125400.3,1787804327.485
1018,15.524,0.001962,0.00087574,2048,131926.46,1787804327.5
1019,18.688,0.001525,0.0008754,2048,109587.87,1787804327.519
1020,19.854,0.001069,0.00087506,2048,103155.61,1787804327.539
1021,15.455,0.00132,0.00087472,2048,132518.04,1787804327.555
1022,15.358,0.001544,0.00087438,2048,133347.22,1787804327.571
1023,25.352,0.001279,0.00087404,2048,80783.54,1787804327.596
1024,22.263,0.000892,0.0008737,2048,91989.13,1787804327.619
1025,16.734,0.000964,0.00087336,2048,122384.83,1787804327.635
1026,15.604,0.000972,0.00087302,2048,131246.72,1787804327.651
1027,15.704,0.001147,0.00087268,2048,130410.97,1787804327.667
1028,15.932,0.000889,0.00087234,2048,128543.9,1787804327.683
1029,15.515,0.000897,0.00087199,2048,131997.89,1787804327.699
1030,19.101,0.00096,0.00087165,2048,107221.2,1787804327.718
1031,16.325,0.001195,0.00087131,2048,125455.6,1787804327.735
1032,17.187,0.001123,0.00087096,2048,119162.6,1787804327.753
1033,15.769,0.000939,0.00087062,2048,129874.25,1787804327.768
1034,15.567,0.001815,0.00087027,2048,131556.97,1787804327.784
1035,16.655,0.000983,0.00086993,2048,122969.77,1787804327.801
1036,15.418,0.000784,0.00086958,2048,132828.31,1787804327.816
1037,15.758,0.000967,0.00086924,2048,129963.26,1787804327.832
1038,18.881,0.000874,0.00086889,2048,108468.83,1787804327.851
1039,15.053,0.00116,0.00086854,2048,136055.33,1787804327.866
1040,16.367,0.001026,0.0008682,2048,125132.89,1787804327.884
1041,16.06,0.000946,0.00086785,2048,127522.59,1787804327.9
1042,16.543,0.001508,0.0008675,2048,123800.83,1787804327.917
1043,15.349,0.00095,0.00086716,2048,133429.76,1787804327.932
1044,14.032,0.000945,0.00086681,2048,145951.07,1787804327.946
1045,15.364,0.001102,0.00086646,2048,133296.89,1787804327.962
1046,14.62,0.001137,0.00086611,2048,140082.08,1787804327.977
1047,15.131,0.001218,0.00086576,2048,135351.27,1787804327.992
1048,14.917,0.001454,0.00086541,2048,137295.78,1787804328.007
1049,15.685,0.002058,0.00086506,2048,130571.44,1787804328.023
1050,17.619,0.000965,0.00086471,2048,116238.15,1787804328.041
1051,15.868,0.001128,0.00086436,2048,129065.6,1787804328.057
1052,16.017,0.001867,0.00086401,2048,127860.95,1787804328.073
1053,15.819,0.000909,0.00086365,2048,129460.48,1787804328.089
1054,20.451,0.000822,0.0008633,2048,100141.31,1787804328.11
1055,17.691,0.000754,0.00086295,2048,115767.04,1787804328.128
1056,15.89,0.000977,0.0008626,2048,128888.52,1787804328.144
1057,14.884,0.001011,0.00086224,2048,137596.5,1787804328.159
1058,14.965,0.001055,0.00086189,2048,136856.31,1787804328.174
1059,15.548,0.000831,0.00086154,2048,131722.82,1787804328.19
1060,15.505,0.001189,0.00086118,2048,132083.02,1787804328.205
1061,16.577,0.000834,0.00086083,2048,123548.4,1787804328.222
1062,15.185,0.000903,0.00086047,2048,134868.16,1787804328.237
1063,21.82,0.000916,0.00086012,2048,93860.57,1787804328.259
1064,19.174,0.001759,0.00085976,2048,106812.42,1787804328.279
1065,15.818,0.000767,0.0008594,2048,129475.21,1787804328.295
1066,17.685,0.000989,0.00085905,2048,115805.01,1787804328.313
1067,16.917,0.00092,0.00085869,2048,121060.94,1787804328.33
1068,16.199,0.000933,0.00085833,2048,126426.78,1787804328.346
1069,17.231,0.000794,0.00085797,2048,118852.79,1787804328.363
1070,16.079,0.00113,0.00085762,2048,127369.52,1787804328.38
1071,16.239,0.001001,0.00085726,2048,126113.81,1787804328.396
1072,17.671,0.000672,0.0008569,2048,115895.45,1787804328.414
1073,19.113,0.000611,0.00085654,2048,107155.0,1787804328.433
1074,17.204,0.001672,0.00085618,2048,119043.47,1787804328.45
1075,17.318,0.00084,0.00085582,2048,118257.09,1787804328.467
1076,16.894,0.000786,0.00085546,2048,121227.91,1787804328.484
1077,16.028,0.00148,0.0008551,2048,127776.39,1787804328.501
1078,18.196,0.000755,0.00085474,2048,112552.21,1787804328.519
1079,22.218,0.000712,0.00085438,2048,92176.68,1787804328.542
1080,16.81,0.000797,0.00085402,2048,121833.69,1787804328.559
1081,17.772,0.001007,0.00085365,2048,115238.75,1787804328.577
1082,17.625,0.000692,0.00085329,2048,116199.24,1787804328.595
1083,16.191,0.000861,0.00085293,2048,126490.81,1787804328.611
1084,18.145,0.001367,0.00085257,2048,112870.43,1787804328.63
1085,16.619,0.000808,0.0008522,2048,123232.44,1787804328.647
1086,29.03,0.000731,0.00085184,2048,70546.74,1787804328.676
1087,32.354,0.000892,0.00085147,2048,63299.55,1787804328.708
1088,17.897,0.001139,0.00085111,2048,114430.67,1787804328.726
1089,29.924,0.000954,0.00085074,2048,68440.05,1787804328.757
1090,16.132,0.000775,0.00085038,2048,126953.43,1787804328.773
1091,15.282,0.001025,0.00085001,2048,134013.87,1787804328.788
1092,14.693,0.000804,0.00084965,2048,139388.95,1787804328.803
1093,14.789,0.000662,0.00084928,2048,138479.43,1787804328.818
1094,17.168,0.000876,0.00084891,2048,119291.01,1787804328.835
1095,15.339,0.000876,0.00084855,2048,133519.36,1787804328.851
1096,17.899,0.001072,0.00084818,2048,114417.24,1787804328.869
1097,15.618,0.001166,0.00084781,2048,131132.43,1787804328.885
1098,14.596,0.000748,0.00084744,2048,140312.41,1787804328.899
1099,19.892,0.000744,0.00084707,2048,102958.55,1787804328.92
1100,15.456,0.000979,0.00084671,2048,132506.03,1787804328.935
1101,18.23,0.00108,0.00084634,2048,112340.44,1787804328.954
1102,23.219,0.001094,0.00084597,2048,88204.01,1787804328.977
1103,22.815,0.001092,0.0008456,2048,89767.08,1787804329.0
1104,18.149,0.000676,0.00084523,2048,112846.79,1787804329.018
1105,22.484,0.001134,0.00084486,2048,91085.78,1787804329.041
1106,17.316,0.001264,0.00084448,2048,118271.43,1787804329.058
1107,19.942,0.00074,0.00084411,2048,102699.88,1787804329.079
1108,18.215,0.00084,0.00084374,2048,112432.96,1787804329.098
1109,15.921,0.000742,0.00084337,2048,128632.71,1787804329.114
1110,19.107,0.000708,0.000843,2048,107187.53,1787804329.132
1111,20.991,0.001138,0.00084262,2048,97564.69,1787804329.154
1112,16.431,0.000756,0.00084225,2048,124640.93,1787804329.17
1113,17.761,0.000698,0.00084188,2048,115311.42,1787804329.189
1114,15.719,0.00102,0.0008415,2048,130288.19,1787804329.205
1115,18.344,0.001883,0.00084113,2048,111641.7,1787804329.223
1116,16.44,0.001076,0.00084076,2048,124576.48,1787804329.24
1117,19.238,0.000979,0.00084038,2048,106454.87,1787804329.259
1118,21.76,0.001333,0.00084001,2048,94119.38,1787804329.281
1119,16.94,0.001247,0.00083963,2048,120895.14,1787804329.298
1120,21.306,0.000821,0.00083925,2048,96124.96,1787804329.32
1121,15.534,0.001045,0.00083888,2048,131843.23,1787804329.336
1122,17.437,0.00078,0.0008385,2048,117448.7,1787804329.353
1123,19.19,0.000758,0.00083812,2048,106722.25,1787804329.373
1124,18.509,0.000777,0.00083775,2048,110648.87,1787804329.391
1125,17.706,0.001228,0.00083737,2048,115667.66,1787804329.409
1126,17.443,0.001194,0.00083699,2048,117410.32,1787804329.426
1127,16.969,0.001039,0.00083661,2048,120688.54,1787804329.443
1128,17.409,0.001102,0.00083624,2048,117642.33,1787804329.46
1129,16.501,0.001626,0.00083586,2048,124115.2,1787804329.478
1130,17.137,0.001157,0.00083548,2048,119506.8,1787804329.495
1131,16.521,0.001032,0.0008351,2048,123959.69,1787804329.512
1132,21.354,0.001575,0.00083472,2048,95905.74,1787804329.533
1133,18.338,0.000835,0.00083434,2048,111683.1,1787804329.552
1134,17.098,0.001125,0.00083396,2048,119779.39,1787804329.569
1135,16.286,0.001398,0.00083358,2048,125749.86,1787804329.585
1136,16.439,0.001235,0.00083319,2048,124584.06,1787804329.602
1137,17.832,0.00179,0.00083281,2048,114849.71,1787804329.62
1138,16.391,0.001476,0.00083243,2048,124949.67,1787804329.637
1139,15.443,0.001684,0.00083205,2048,132620.15,1787804329.652
1140,16.779,0.003159,0.00083167,2048,122055.15,1787804329.669
1141,14.951,0.001857,0.00083128,2048,136978.06,1787804329.684
1142,21.942,0.000961,0.0008309,2048,93339.11,1787804329.707
1143,15.621,0.001511,0.00083052,2048,131107.24,1787804329.722
1144,15.041,0.002009,0.00083013,2048,136164.78,1787804329.737
1145,14.653,0.001093,0.00082975,2048,139770.42,1787804329.752
1146,14.806,0.000817,0.00082936,2048,138323.24,1787804329.767
1147,15.136,0.00111,0.00082898,2048,135307.45,1787804329.782
1148,15.288,0.001541,0.00082859,2048,133957.77,1787804329.798
1149,15.031,0.001493,0.00082821,2048,136254.47,1787804329.813
1150,19.57,0.001059,0.00082782,2048,104652.11,1787804329.833
1151,38.131,0.000946,0.00082743,2048,53709.3,1787804329.872
1152,24.461,0.001003,0.00082705,2048,83725.8,1787804329.896
1153,23.404,0.001472,0.00082666,2048,87506.04,1787804329.92
1154,28.269,0.001346,0.00082627,2048,72446.08,1787804329.949
1155,18.365,0.001055,0.00082589,2048,111517.08,1787804329.968
1156,25.132,0.000904,0.0008255,2048,81489.73,1787804329.993
1157,20.032,0.001018,0.00082511,2048,102237.44,1787804330.013
1158,21.839,0.001495,0.00082472,2048,93775.9,1787804330.034
1159,16.288,0.001215,0.00082433,2048,125739.05,1787804330.051
1160,14.187,0.001373,0.00082394,2048,144355.48,1787804330.066
1161,14.458,0.001075,0.00082355,2048,141647.76,1787804330.08
1162,14.902,0.003631,0.00082316,2048,137435.83,1787804330.095
1163,15.224,0.001893,0.00082277,2048,134521.78,1787804330.11
1164,14.879,0.001804,0.00082238,2048,137644.58,1787804330.125
1165,15.849,0.001521,0.00082199,2048,129216.25,1787804330.142
1166,17.566,0.002161,0.0008216,2048,116588.2,1787804330.159
1167,14.716,0.001427,0.00082121,2048,139166.36,1787804330.174
1168,14.909,0.001052,0.00082082,2048,137366.69,1787804330.189
1169,15.264,0.001422,0.00082042,2048,134175.42,1787804330.205
1170,15.289,0.001341,0.00082003,2048,133954.27,1787804330.22
1171,16.099,0.001096,0.00081964,2048,127216.03,1787804330.236
1172,15.085,0.000872,0.00081925,2048,135763.1,1787804330.252
1173,14.163,0.000899,0.00081885,2048,144603.15,1787804330.266
1174,14.011,0.000864,0.00081846,2048,146167.74,1787804330.28
1175,14.598,0.002236,0.00081806,2048,140292.23,1787804330.295
1176,20.368,0.001606,0.00081767,2048,100548.4,1787804330.315
1177,21.199,0.001047,0.00081728,2048,96607.88,1787804330.337
1178,15.956,0.001536,0.00081688,2048,128353.78,1787804330.353
1179,14.525,0.001259,0.00081649,2048,140993.43,1787804330.368
1180,14.943,0.000957,0.00081609,2048,137057.81,1787804330.383
1181,14.777,0.000793,0.00081569,2048,138590.01,1787804330.398
1182,14.985,0.000873,0.0008153,2048,136671.83,1787804330.413
1183,20.194,0.001533,0.0008149,2048,101414.25,1787804330.433
1184,16.005,0.001081,0.0008145,2048,127956.02,1787804330.449
1185,16.884,0.000915,0.00081411,2048,121296.12,1787804330.467
1186,15.725,0.000813,0.00081371,2048,130235.99,1787804330.482
1187,14.649,0.00139,0.00081331,2048,139804.76,1787804330.497
1188,14.718,0.000926,0.00081291,2048,139149.34,1787804330.512
1189,15.278,0.001158,0.00081251,2048,134046.33,1787804330.528
1190,17.606,0.000917,0.00081211,2048,116327.28,1787804330.545
1191,18.983,0.000779,0.00081172,2048,107886.57,1787804330.565
1192,14.88,0.001486,0.00081132,2048,137630.71,1787804330.58
1193,14.756,0.001338,0.00081092,2048,138791.94,1787804330.595
1194,25.034,0.000812,0.00081052,2048,81807.43,1787804330.62
1195,22.477,0.000828,0.00081012,2048,91116.58,1787804330.643
1196,15.922,0.000978,0.00080972,2048,128628.67,1787804330.659
1197,14.832,0.00148,0.00080931,2048,138077.03,1787804330.674
1198,15.535,0.00134,0.00080891,2048,131832.2,1787804330.69
1199,15.909,0.000839,0.00080851,2048,128733.78,1787804330.706
1200,15.13,0.000596,0.00080811,2048,135358.42,1787804330.721
1201,16.0,0.000822,0.00080771,2048,128000.0,1787804330.737
1202,18.104,0.00167,0.0008073,2048,113122.92,1787804330.756
1203,15.733,0.000911,0.0008069,2048,130170.59,1787804330.771
1204,15.5,0.00079,0.0008065,2048,132132.44,1787804330.787
1205,14.443,0.000615,0.0008061,2048,141797.81,1787804330.802
1206,14.824,0.000783,0.00080569,2048,138157.14,1787804330.817
1207,15.916,0.000641,0.00080529,2048,128676.36,1787804330.833
1208,20.147,0.001419,0.00080488,2048,101652.85,1787804330.853
1209,35.542,0.000684,0.00080448,2048,57622.62,1787804330.889
1210,43.179,0.001041,0.00080407,2048,47430.46,1787804330.932
1211,17.948,0.001191,0.00080367,2048,114110.6,1787804330.951
1212,15.676,0.000905,0.00080326,2048,130643.91,1787804330.966
1213,15.747,0.001049,0.00080286,2048,130059.82,1787804330.982
1214,15.764,0.002906,0.00080245,2048,129912.97,1787804330.998
1215,15.757,0.00119,0.00080204,2048,129971.5,1787804331.014
1216,15.965,0.000846,0.00080164,2048,128280.61,1787804331.03
1217,19.18,0.001056,0.00080123,2048,106776.22,1787804331.05
1218,15.925,0.001155,0.00080082,2048,128601.21,1787804331.066
1219,15.1,0.001156,0.00080041,2048,135628.24,1787804331.081
1220,14.52,0.001391,0.00080001,2048,141044.89,1787804331.096
1221,15.106,0.001554,0.0007996,2048,135579.76,1787804331.111
1222,14.745,0.001645,0.00079919,2048,138898.31,1787804331.126
1223,16.048,0.000961,0.00079878,2048,127613.97,1787804331.142
1224,15.307,0.0013,0.00079837,2048,133798.49,1787804331.158
1225,14.445,0.00136,0.00079796,2048,141782.11,1787804331.172
1226,14.705,0.002069,0.00079755,2048,139272.36,1787804331.187
1227,14.503,0.00116,0.00079714,2048,141210.22,1787804331.202
1228,15.239,0.001163,0.00079673,2048,134394.67,1787804331.217
1229,16.152,0.001464,0.00079632,2048,126793.87,1787804331.233
1230,15.576,0.001144,0.00079591,2048,131480.11,1787804331.249
1231,14.812,0.001664,0.0007955,2048,138263.47,1787804331.264
1232,14.881,0.002315,0.00079509,2048,137626.08,1787804331.279
1233,14.883,0.001023,0.00079468,2048,137606.66,1787804331.294
1234,15.367,0.000905,0.00079426,2048,133274.33,1787804331.31
1235,15.082,0.00139,0.00079385,2048,135788.31,1787804331.325
1236,15.56,0.001216,0.00079344,2048,131615.31,1787804331.341
1237,15.482,0.001577,0.00079303,2048,132280.09,1787804331.356
1238,15.204,0.001252,0.00079261,2048,134702.28,1787804331.372
1239,14.861,0.001988,0.0007922,2048,137814.09,1787804331.387
1240,15.07,0.001049,0.00079178,2048,135903.65,1787804331.402
1241,16.23,0.000835,0.00079137,2048,126188.41,1787804331.418
1242,18.712,0.001408,0.00079096,2048,109450.82,1787804331.437
1243,16.924,0.000928,0.00079054,2048,121008.72,1787804331.454
1244,15.103,0.001445,0.00079013,2048,135599.5,1787804331.47
1245,14.702,0.001184,0.00078971,2048,139303.62,1787804331.485
1246,14.502,0.000772,0.0007893,2048,141220.93,1787804331.499
1247,14.594,0.001118,0.00078888,2048,140327.8,1787804331.514
1248,16.284,0.001085,0.00078846,2048,125764.54,1787804331.53
1249,16.76,0.000619,0.00078805,2048,122198.62,1787804331.547
1250,16.026,0.00077,0.00078763,2048,127793.93,1787804331.564
1251,15.129,0.000836,0.00078721,2048,135372.74,1787804331.579
1252,16.354,0.001232,0.0007868,2048,125232.37,1787804331.595
1253,15.915,0.000694,0.00078638,2048,128685.25,1787804331.612
1254,15.991,0.000652,0.00078596,2048,128073.64,1787804331.628
1255,17.561,0.000564,0.00078554,2048,116622.72,1787804331.645
1256,17.776,0.000751,0.00078512,2048,115210.87,1787804331.663
1257,15.271,0.000772,0.00078471,2048,134113.92,1787804331.679
1258,14.708,0.000624,0.00078429,2048,139243.0,1787804331.694
1259,15.116,0.000748,0.00078387,2048,135487.37,1787804331.709
1260,17.358,0.00113,0.00078345,2048,117986.62,1787804331.726
1261,18.088,0.000862,0.00078303,2048,113225.49,1787804331.745
1262,19.327,0.000665,0.00078261,2048,105968.49,1787804331.764
1263,15.157,0.000794,0.00078219,2048,135121.76,1787804331.78
1264,14.651,0.000634,0.00078177,2048,139786.63,1787804331.794
1265,14.528,0.001415,0.00078135,2048,140966.25,1787804331.81
1266,14.622,0.000848,0.00078093,2048,140061.96,1787804331.824
1267,14.525,0.000758,0.0007805,2048,141001.19,1787804331.839
1268,15.173,0.001169,0.00078008,2048,134974.82,1787804331.854
1269,24.788,0.000544,0.00077966,2048,82620.96,1787804331.879
1270,26.491,0.00069,0.00077924,2048,77307.82,1787804331.905
1271,28.863,0.000853,0.00077882,2048,70956.39,1787804331.934
1272,28.126,0.001816,0.00077839,2048,72816.48,1787804331.963
1273,19.054,0.000814,0.00077797,2048,107486.25,1787804331.982
1274,17.268,0.000977,0.00077755,2048,118601.57,1787804331.999
1275,14.482,0.000873,0.00077712,2048,141416.93,1787804332.014
1276,14.96,0.000528,0.0007767,2048,136901.14,1787804332.029
1277,14.77,0.000899,0.00077627,2048,138662.26,1787804332.044
1278,15.328,0.00078,0.00077585,2048,133615.18,1787804332.06
1279,18.451,0.00088,0.00077542,2048,110997.3,1787804332.078
1280,17.644,0.000762,0.000775,2048,116070.82,1787804332.097
1281,19.631,0.001104,0.00077457,2048,104322.67,1787804332.117
1282,27.911,0.001086,0.00077415,2048,73377.14,1787804332.145
1283,18.089,0.000685,0.00077372,2048,113219.23,1787804332.163
1284,15.605,0.000675,0.0007733,2048,131237.46,1787804332.179
1285,15.824,0.002283,0.00077287,2048,129425.3,1787804332.195
1286,16.23,0.000843,0.00077244,2048,126187.63,1787804332.211
1287,22.025,0.000571,0.00077202,2048,92983.98,1787804332.233
1288,21.374,0.000588,0.00077159,2048,95815.56,1787804332.255
1289,21.684,0.000759,0.00077116,2048,94447.08,1787804332.277
1290,15.308,0.001247,0.00077074,2048,133786.26,1787804332.292
1291,14.584,0.001459,0.00077031,2048,140427.87,1787804332.307
1292,15.272,0.000791,0.00076988,2048,134098.11,1787804332.322
1293,14.649,0.00068,0.00076945,2048,139805.72,1787804332.337
1294,15.788,0.001253,0.00076902,2048,129721.24,1787804332.353
1295,15.882,0.001056,0.00076859,2048,128951.82,1787804332.369
1296,14.264,0.000557,0.00076816,2048,143581.26,1787804332.384
1297,21.713,0.000742,0.00076773,2048,94320.94,1787804332.406
1298,28.423,0.001185,0.00076731,2048,72053.31,1787804332.434
1299,23.801,0.001087,0.00076688,2048,86046.8,1787804332.458
1300,21.161,0.001058,0.00076644,2048,96782.27,1787804332.479
1301,26.06,0.001047,0.00076601,2048,78587.57,1787804332.505
1302,36.369,0.002241,0.00076558,2048,56312.0,1787804332.542
1303,20.257,0.001915,0.00076515,2048,101102.35,1787804332.562
1304,19.438,0.001235,0.00076472,2048,105361.18,1787804332.582
1305,16.701,0.000729,0.00076429,2048,122625.92,1787804332.599
1306,15.26,0.001196,0.00076386,2048,134203.56,1787804332.614
1307,16.27,0.00086,0.00076343,2048,125877.39,1787804332.631
1308,16.749,0.000852,0.00076299,2048,122277.42,1787804332.648
1309,17.166,0.00064,0.00076256,2048,119307.69,1787804332.665
1310,16.774,0.001587,0.00076213,2048,122091.53,1787804332.682
1311,14.94,0.001678,0.0007617,2048,137083.49,1787804332.697
1312,14.971,0.001299,0.00076126,2048,136799.64,1787804332.712
1313,15.468,0.000662,0.00076083,2048,132402.38,1787804332.728
1314,15.942,0.001039,0.00076039,2048,128469.72,1787804332.744
1315,16.361,0.001132,0.00075996,2048,125176.49,1787804332.761
1316,15.582,0.000888,0.00075953,2048,131433.71,1787804332.776
1317,14.433,0.000745,0.00075909,2048,141899.99,1787804332.791
1318,16.22,0.000722,0.00075866,2048,126263.87,1787804332.807
1319,15.199,0.001659,0.00075822,2048,134744.82,1787804332.823
1320,15.512,0.002327,0.00075779,2048,132031.07,1787804332.838
1321,15.603,0.000622,0.00075735,2048,131255.13,1787804332.854
1322,17.147,0.000682,0.00075692,2048,119436.41,1787804332.871
1323,16.378,0.004037,0.00075648,2048,125043.5,1787804332.888
1324,16.186,0.000937,0.00075604,2048,126530.66,1787804332.904
1325,16.982,0.000807,0.00075561,2048,120599.7,1787804332.921
1326,16.438,0.000658,0.00075517,2048,124590.88,1787804332.938
1327,16.449,0.002572,0.00075473,2048,124505.29,1787804332.955
1328,21.476,0.002596,0.0007543,2048,95363.15,1787804332.976
1329,15.548,0.000723,0.00075386,2048,131722.82,1787804332.992
1330,17.375,0.000605,0.00075342,2048,117873.22,1787804333.01
1331,17.209,0.000985,0.00075298,2048,119006.8,1787804333.027
1332,16.492,0.001061,0.00075254,2048,124183.68,1787804333.044
1333,18.402,0.002283,0.00075211,2048,111291.65,1787804333.062
1334,16.659,0.002673,0.00075167,2048,122933.6,1787804333.079
1335,15.045,0.001828,0.00075123,2048,136121.34,1787804333.094
1336,14.225,0.001235,0.00075079,2048,143976.94,1787804333.109
1337,14.644,0.000787,0.00075035,2048,139847.72,1787804333.124
1338,14.299,0.000767,0.00074991,2048,143226.8,1787804333.138
1339,14.42,0.001035,0.00074947,2048,142029.89,1787804333.153
1340,17.55,0.001034,0.00074903,2048,116693.16,1787804333.17
1341,14.748,0.001802,0.00074859,2048,138870.05,1787804333.186
1342,15.433,0.003934,0.00074815,2048,132704.37,1787804333.201
1343,16.536,0.001527,0.00074771,2048,123853.24,1787804333.217
1344,14.886,0.001004,0.00074727,2048,137581.71,1787804333.233
1345,14.108,0.000989,0.00074683,2048,145169.98,1787804333.247
1346,17.527,0.002443,0.00074638,2048,116848.29,1787804333.264
1347,23.574,0.001828,0.00074594,2048,86876.48,1787804333.288
1348,28.072,0.002939,0.0007455,2048,72955.78,1787804333.316
1349,20.107,0.001374,0.00074506,2048,101856.59,1787804333.337
1350,15.318,0.002227,0.00074462,2048,133696.3,1787804333.352
1351,17.373,0.003115,0.00074417,2048,117885.43,1787804333.37
1352,14.796,0.001798,0.00074373,2048,138420.46,1787804333.386
1353,18.559,0.00232,0.00074329,2048,110351.96,1787804333.404
1354,19.657,0.003332,0.00074284,2048,104186.27,1787804333.424
1355,21.087,0.00213,0.0007424,2048,97123.29,1787804333.444
1356,15.828,0.002164,0.00074196,2048,129391.77,1787804333.461
1357,23.049,0.000998,0.00074151,2048,88855.34,1787804333.484
1358,15.508,0.00124,0.00074107,2048,132063.43,1787804333.5
1359,15.17,0.002307,0.00074062,2048,135002.41,1787804333.515
1360,16.146,0.001389,0.00074018,2048,126846.49,1787804333.532
1361,27.411,0.001304,0.00073973,2048,74714.26,1787804333.559
1362,18.975,0.001681,0.00073929,2048,107933.76,1787804333.578
1363,15.964,0.001185,0.00073884,2048,128286.24,1787804333.594
1364,15.23,0.001931,0.0007384,2048,134469.67,1787804333.61
1365,14.603,0.001491,0.00073795,2048,140244.19,1787804333.625
1366,14.691,0.001232,0.0007375,2048,139402.23,1787804333.64
1367,14.771,0.001594,0.00073706,2048,138651.93,1787804333.654
1368,15.036,0.001163,0.00073661,2048,136203.72,1787804333.67
1369,15.079,0.001226,0.00073617,2048,135819.83,1787804333.685
1370,16.976,0.000984,0.00073572,2048,120642.33,1787804333.702
1371,14.408,0.001545,0.00073527,2048,142148.19,1787804333.717
1372,15.025,0.001718,0.00073482,2048,136305.25,1787804333.732
1373,15.07,0.001439,0.00073438,2048,135900.94,1787804333.748
1374,15.597,0.000849,0.00073393,2048,131303.94,1787804333.764
1375,22.703,0.000805,0.00073348,2048,90209.14,1787804333.787
1376,15.255,0.001474,0.00073303,2048,134253.7,1787804333.802
1377,15.477,0.001278,0.00073258,2048,132325.39,1787804333.818
1378,14.833,0.001037,0.00073213,2048,138070.52,1787804333.833
1379,15.285,0.001581,0.00073169,2048,133985.82,1787804333.848
1380,15.104,0.001699,0.00073124,2048,135597.71,1787804333.863
1381,17.249,0.000546,0.00073079,2048,118732.21,1787804333.881
1382,17.11,0.001123,0.00073034,2048,119696.08,1787804333.898
1383,16.563,0.001037,0.00072989,2048,123649.1,1787804333.915
1384,16.391,0.001689,0.00072944,2048,124944.33,1787804333.931
1385,16.256,0.00073,0.00072899,2048,125986.58,1787804333.948
1386,15.829,0.000613,0.00072854,2048,129386.05,1787804333.964
1387,16.669,0.000675,0.00072809,2048,122860.59,1787804333.981
1388,24.264,0.000913,0.00072763,2048,84405.92,1787804334.005
1389,24.917,0.001127,0.00072718,2048,82192.22,1787804334.03
1390,24.904,0.000966,0.00072673,2048,82236.78,1787804334.055
1391,16.792,0.000781,0.00072628,2048,121965.74,1787804334.072
1392,19.257,0.000659,0.00072583,2048,106351.49,1787804334.092
1393,20.215,0.000669,0.00072538,2048,101312.91,1787804334.112
1394,20.539,0.000934,0.00072492,2048,99711.29,1787804334.133
1395,15.721,0.00081,0.00072447,2048,130272.44,1787804334.149
1396,15.937,0.001253,0.00072402,2048,128504.38,1787804334.165
1397,17.412,0.001006,0.00072357,2048,117618.01,1787804334.182
1398,18.347,0.001122,0.00072311,2048,111623.45,1787804334.201
1399,17.333,0.000728,0.00072266,2048,118155.44,1787804334.218
1400,17.269,0.000639,0.00072221,2048,118590.58,1787804334.236
1401,17.151,0.001069,0.00072175,2048,119407.86,1787804334.253
1402,26.815,0.000998,0.0007213,2048,76374.88,1787804334.281
1403,20.691,0.000955,0.00072085,2048,98981.19,1787804334.301
1404,18.625,0.000683,0.00072039,2048,109958.55,1787804334.32
1405,16.229,0.00076,0.00071994,2048,126193.07,1787804334.337
1406,16.038,0.001038,0.00071948,2048,127695.92,1787804334.353
1407,18.443,0.000874,0.00071903,2048,111046.65,1787804334.371
1408,25.144,0.000541,0.00071857,2048,81450.2,1787804334.397
1409,48.099,0.000721,0.00071812,2048,42579.02,1787804334.444
1410,22.911,0.000659,0.00071766,2048,89389.77,1787804334.468
1411,20.428,0.001113,0.00071721,2048,100253.57,1787804334.488
1412,17.371,0.001534,0.00071675,2048,117897.65,1787804334.506
1413,14.896,0.000538,0.00071629,2048,137484.73,1787804334.521
1414,16.022,0.000734,0.00071584,2048,127825.04,1787804334.537
1415,17.738,0.000726,0.00071538,2048,115455.73,1787804334.555
1416,16.828,0.000894,0.00071493,2048,121698.31,1787804334.572
1417,17.759,0.00079,0.00071447,2048,115324.41,1787804334.59
1418,15.525,0.000839,0.00071401,2048,131919.66,1787804334.606
1419,14.466,0.000891,0.00071355,2048,141575.3,1787804334.62
1420,14.634,0.00053,0.0007131,2048,139947.11,1787804334.635
1421,13.868,0.001031,0.00071264,2048,147681.3,1787804334.649
1422,13.928,0.000819,0.00071218,2048,147039.82,1787804334.663
1423,14.369,0.000712,0.00071172,2048,142528.06,1787804334.678
1424,16.792,0.000643,0.00071127,2048,121962.11,1787804334.696
1425,14.711,0.000637,0.00071081,2048,139215.55,1787804334.711
1426,15.127,0.000898,0.00071035,2048,135389.74,1787804334.726
1427,14.751,0.001279,0.00070989,2048,138840.87,1787804334.741
1428,14.067,0.000597,0.00070943,2048,145586.9,1787804334.755
1429,14.701,0.000836,0.00070897,2048,139311.2,1787804334.77
1430,15.858,0.000797,0.00070851,2048,129145.36,1787804334.785
1431,25.051,0.000883,0.00070805,2048,81753.22,1787804334.811
1432,24.871,0.000668,0.00070759,2048,82343.58,1787804334.836
1433,24.237,0.00052,0.00070713,2048,84499.6,1787804334.86
1434,28.296,0.000898,0.00070667,2048,72377.72,1787804334.889
1435,19.221,0.001368,0.00070621,2048,106551.79,1787804334.908
1436,15.158,0.000835,0.00070575,2048,135111.96,1787804334.924
1437,15.126,0.000709,0.00070529,2048,135392.43,1787804334.939
1438,14.17,0.000987,0.00070483,2048,144527.64,1787804334.953
1439,14.738,0.000861,0.00070437,2048,138960.51,1787804334.968
1440,15.064,0.000583,0.00070391,2048,135949.66,1787804334.983
1441,15.733,0.000728,0.00070345,2048,130168.94,1787804334.999
1442,15.174,0.000713,0.00070299,2048,134965.04,1787804335.014
1443,14.771,0.000717,0.00070252,2048,138652.87,1787804335.029
1444,21.983,0.00065,0.00070206,2048,93161.63,1787804335.052
1445,27.1,0.000737,0.0007016,2048,75573.07,1787804335.079
1446,17.094,0.000795,0.00070114,2048,119808.12,1787804335.096
1447,15.363,0.001143,0.00070068,2048,133305.56,1787804335.112
1448,15.049,0.000798,0.00070021,2048,136087.87,1787804335.127
1449,14.801,0.000679,0.00069975,2048,138371.83,1787804335.142
1450,15.179,0.000867,0.00069929,2048,134923.25,1787804335.157
1451,15.225,0.00066,0.00069882,2048,134520.02,1787804335.173
1452,15.646,0.000918,0.00069836,2048,130897.75,1787804335.188
1453,17.049,0.000479,0.0006979,2048,120127.87,1787804335.206
1454,22.081,0.000972,0.00069743,2048,92750.68,1787804335.228
1455,24.784,0.000634,0.00069697,2048,82632.96,1787804335.253
1456,16.207,0.000839,0.00069651,2048,126368.27,1787804335.269
1457,22.525,0.001296,0.00069604,2048,90919.58,1787804335.292
1458,16.229,0.00093,0.00069558,2048,126197.74,1787804335.308
1459,15.071,0.000535,0.00069511,2048,135887.42,1787804335.323
1460,14.89,0.000889,0.00069465,2048,137545.67,1787804335.338
1461,15.189,0.000727,0.00069418,2048,134836.19,1787804335.354
1462,15.175,0.000713,0.00069372,2048,134963.26,1787804335.369
1463,16.197,0.000415,0.00069325,2048,126440.05,1787804335.385
1464,16.928,0.001229,0.00069279,2048,120984.42,1787804335.402
1465,20.082,0.000831,0.00069232,2048,101981.87,1787804335.423
1466,15.522,0.000504,0.00069186,2048,131945.16,1787804335.438
1467,15.24,0.00054,0.00069139,2048,134385.85,1787804335.454
1468,16.341,0.000701,0.00069092,2048,125328.16,1787804335.47
1469,15.095,0.001014,0.00069046,2048,135674.96,1787804335.485
1470,15.667,0.000597,0.00068999,2048,130720.62,1787804335.501
1471,14.317,0.001492,0.00068952,2048,143043.73,1787804335.516
1472,14.385,0.000769,0.00068906,2048,142366.57,1787804335.53
1473,16.866,0.000529,0.00068859,2048,121427.73,1787804335.547
1474,14.247,0.000848,0.00068812,2048,143745.53,1787804335.562
1475,15.6,0.000697,0.00068766,2048,131282.89,1787804335.578
1476,14.874,0.000629,0.00068719,2048,137693.63,1787804335.593
1477,15.235,0.000595,0.00068672,2048,134429.95,1787804335.608
1478,14.472,0.000583,0.00068625,2048,141518.56,1787804335.624
1479,13.974,0.000716,0.00068579,2048,146558.94,1787804335.638
1480,16.812,0.000734,0.00068532,2048,121819.92,1787804335.655
1481,16.044,0.000529,0.00068485,2048,127646.58,1787804335.671
1482,16.601,0.000959,0.00068438,2048,123366.06,1787804335.688
1483,17.06,0.000532,0.00068391,2048,120046.19,1787804335.705
1484,15.383,0.00096,0.00068344,2048,133130.52,1787804335.72
1485,15.358,0.000899,0.00068297,2048,133348.09,1787804335.736
1486,15.604,0.000534,0.00068251,2048,131245.03,1787804335.751
1487,15.358,0.000634,0.00068204,2048,133355.04,1787804335.766
1488,15.676,0.000684,0.00068157,2048,130647.24,1787804335.782
1489,19.09,0.000513,0.0006811,2048,107282.42,1787804335.802
1490,16.731,0.000522,0.00068063,2048,122406.04,1787804335.819
1491,16.745,0.000707,0.00068016,2048,122301.51,1787804335.835
1492,17.522,0.000745,0.00067969,2048,116878.97,1787804335.853
1493,20.139,0.000956,0.00067922,2048,101694.24,1787804335.874
1494,19.892,0.000578,0.00067875,2048,102956.48,1787804335.894
1495,20.849,0.000494,0.00067828,2048,98229.66,1787804335.915
1496,16.789,0.000587,0.00067781,2048,121984.63,1787804335.933
1497,16.433,0.000485,0.00067734,2048,124626.52,1787804335.949
1498,18.414,0.000563,0.00067687,2048,111217.91,1787804335.968
1499,24.303,0.000703,0.00067639,2048,84267.7,1787804335.992
1500,17.064,0.000459,0.00067592,2048,120015.94,1787804336.009
1501,14.741,0.000837,0.00067545,2048,138932.23,1787804336.024
1502,15.467,0.000693,0.00067498,2048,132410.94,1787804336.04
1503,15.362,0.000488,0.00067451,2048,133311.64,1787804336.055
1504,15.468,0.000988,0.00067404,2048,132403.24,1787804336.071
1505,15.662,0.001272,0.00067356,2048,130762.36,1787804336.087
1506,16.183,0.000429,0.00067309,2048,126549.43,1787804336.103
1507,15.671,0.000914,0.00067262,2048,130684.76,1787804336.118
1508,15.328,0.00078,0.00067215,2048,133607.33,1787804336.134
1509,15.321,0.000689,0.00067168,2048,133674.48,1787804336.149
1510,15.364,0.000773,0.0006712,2048,133295.15,1787804336.165
1511,15.484,0.000577,0.00067073,2048,132268.98,1787804336.181
1512,15.843,0.000644,0.00067026,2048,129265.18,1787804336.197
1513,17.66,0.000527,0.00066978,2048,115968.95,1787804336.215
1514,34.513,0.000692,0.00066931,2048,59340.65,1787804336.25
1515,15.307,0.001815,0.00066884,2048,133792.37,1787804336.265
1516,15.285,0.000824,0.00066836,2048,133987.57,1787804336.281
1517,15.341,0.001263,0.00066789,2048,133501.95,1787804336.296
1518,15.56,0.001041,0.00066742,2048,131618.69,1787804336.312
1519,25.132,0.000809,0.00066694,2048,81490.06,1787804336.337
1520,24.696,0.000616,0.00066647,2048,82927.74,1787804336.362
1521,24.175,0.00086,0.00066599,2048,84714.91,1787804336.386
1522,15.915,0.000793,0.00066552,2048,128681.21,1787804336.402
1523,15.668,0.000963,0.00066505,2048,130715.62,1787804336.418
1524,14.995,0.000993,0.00066457,2048,136576.13,1787804336.434
1525,15.667,0.000573,0.0006641,2048,130723.96,1787804336.449
1526,16.7,0.000893,0.00066362,2048,122634.0,1787804336.466
1527,15.508,0.000953,0.00066315,2048,132062.58,1787804336.482
1528,15.597,0.001072,0.00066267,2048,131311.51,1787804336.497
1529,15.162,0.000823,0.0006622,2048,135075.42,1787804336.513
1530,14.858,0.000641,0.00066172,2048,137840.99,1787804336.528
1531,29.427,0.000626,0.00066124,2048,69595.0,1787804336.558
1532,16.239,0.000975,0.00066077,2048,126113.81,1787804336.574
1533,15.765,0.001549,0.00066029,2048,129910.5,1787804336.59
1534,16.68,0.000779,0.00065982,2048,122783.98,1787804336.606
1535,15.59,0.000538,0.00065934,2048,131368.79,1787804336.622
1536,15.352,0.000529,0.00065886,2048,133399.34,1787804336.638
1537,14.904,0.000674,0.00065839,2048,137416.46,1787804336.653
1538,15.589,0.000533,0.00065791,2048,131373.84,1787804336.668
1539,15.284,0.000579,0.00065744,2048,133999.84,1787804336.684
1540,15.54,0.000558,0.00065696,2048,131789.78,1787804336.7
1541,14.919,0.00142,0.00065648,2048,137271.86,1787804336.715
1542,14.121,0.000765,0.000656,2048,145028.11,1787804336.729
1543,14.02,0.000556,0.00065553,2048,146079.12,1787804336.743
1544,14.031,0.000841,0.00065505,2048,145960.43,1787804336.757
1545,14.081,0.000974,0.00065457,2048,145447.31,1787804336.772
1546,14.032,0.0009,0.0006541,2048,145947.95,1787804336.786
1547,14.993,0.000623,0.00065362,2048,136593.43,1787804336.802
1548,15.144,0.000893,0.00065314,2048,135234.18,1787804336.817
1549,14.289,0.000623,0.00065266,2048,143323.02,1787804336.831
1550,14.819,0.000742,0.00065218,2048,138197.23,1787804336.846
1551,14.003,0.000549,0.00065171,2048,146251.24,1787804336.861
1552,15.588,0.000871,0.00065123,2048,131386.49,1787804336.876
1553,15.904,0.000966,0.00065075,2048,128774.26,1787804336.892
1554,20.291,0.000789,0.00065027,2048,100930.95,1787804336.912
1555,16.421,0.000456,0.00064979,2048,124715.31,1787804336.929
1556,29.231,0.00053,0.00064931,2048,70062.37,1787804336.958
1557,17.784,0.000822,0.00064884,2048,115159.69,1787804336.976
1558,24.761,0.000624,0.00064836,2048,82711.72,1787804337.001
1559,19.481,0.000541,0.00064788,2048,105129.15,1787804337.021
1560,29.385,0.000947,0.0006474,2048,69694.47,1787804337.051
1561,19.715,0.001127,0.00064692,2048,103878.71,1787804337.071
1562,17.505,0.000922,0.00064644,2048,116996.48,1787804337.088
1563,16.851,0.000653,0.00064596,2048,121533.65,1787804337.105
1564,16.094,0.000585,0.00064548,2048,127253.97,1787804337.122
1565,14.456,0.00052,0.000645,2048,141674.22,1787804337.136
1566,14.449,0.000431,0.00064452,2048,141736.97,1787804337.151
1567,14.749,0.000515,0.00064404,2048,138853.11,1787804337.166
1568,15.212,0.000537,0.00064356,2048,134630.55,1787804337.181
1569,15.318,0.000656,0.00064308,2048,133699.79,1787804337.197
1570,19.576,0.001149,0.0006426,2048,104616.3,1787804337.216
1571,16.414,0.000727,0.00064212,2048,124770.02,1787804337.233
1572,15.886,0.000507,0.00064164,2048,128916.11,1787804337.249
1573,19.4,0.000633,0.00064116,2048,105567.55,1787804337.269
1574,17.436,0.000858,0.00064068,2048,117458.13,1787804337.286
1575,21.304,0.000618,0.0006402,2048,96130.83,1787804337.308
1576,18.029,0.000578,0.00063972,2048,113596.02,1787804337.326
1577,15.679,0.001467,0.00063923,2048,130620.57,1787804337.342
1578,15.328,0.000748,0.00063875,2048,133616.05,1787804337.357
1579,15.564,0.000779,0.00063827,2048,131588.25,1787804337.373
1580,15.303,0.000668,0.00063779,2048,133829.97,1787804337.388
1581,16.078,0.000596,0.00063731,2048,127376.65,1787804337.404
1582,15.442,0.000502,0.00063683,2048,132624.45,1787804337.42
1583,15.439,0.001021,0.00063635,2048,132649.36,1787804337.436
1584,16.332,0.000738,0.00063586,2048,125398.76,1787804337.452
1585,17.785,0.00054,0.00063538,2048,115152.57,1787804337.47
1586,16.999,0.00063,0.0006349,2048,120480.51,1787804337.487
1587,16.181,0.000762,0.00063442,2048,126571.33,1787804337.503
1588,17.877,0.00082,0.00063394,2048,114559.97,1787804337.522
1589,15.625,0.000634,0.00063345,2048,131069.48,1787804337.537
1590,16.656,0.000715,0.00063297,2048,122955.74,1787804337.554
1591,16.356,0.000588,0.00063249,2048,125213.99,1787804337.571
1592,16.44,0.000605,0.00063201,2048,124574.21,1787804337.587
1593,14.915,0.000798,0.00063152,2048,137315.11,1787804337.602
1594,15.897,0.000654,0.00063104,2048,128828.53,1787804337.618
1595,14.716,0.000486,0.00063056,2048,139165.41,1787804337.633
1596,15.192,0.000672,0.00063007,2048,134803.36,1787804337.649
1597,14.521,0.001356,0.00062959,2048,141037.12,1787804337.663
1598,14.575,0.000946,0.00062911,2048,140510.72,1787804337.678
1599,14.986,0.000548,0.00062863,2048,136663.62,1787804337.693
1600,15.976,0.000474,0.00062814,2048,128193.09,1787804337.709
1601,15.408,0.0006,0.00062766,2048,132917.1,1787804337.725
1602,17.296,0.000726,0.00062717,2048,118408.88,1787804337.742
1603,15.455,0.000977,0.00062669,2048,132511.18,1787804337.758
1604,15.956,0.000532,0.00062621,2048,128353.78,1787804337.774
1605,14.801,0.000515,0.00062572,2048,138370.9,1787804337.789
1606,17.381,0.000623,0.00062524,2048,117831.85,1787804337.807
1607,18.696,0.000596,0.00062476,2048,109542.73,1787804337.826
1608,15.471,0.000594,0.00062427,2048,132373.28,1787804337.841
1609,14.663,0.000368,0.00062379,2048,139667.47,1787804337.856
1610,15.091,0.000513,0.0006233,2048,135712.72,1787804337.871
1611,14.753,0.000552,0.00062282,2048,138818.28,1787804337.887
1612,16.799,0.000539,0.00062233,2048,121914.2,1787804337.904
1613,17.565,0.001221,0.00062185,2048,116598.82,1787804337.921
1614,15.955,0.000426,0.00062137,2048,128364.23,1787804337.937
1615,16.08,0.000429,0.00062088,2048,127362.39,1787804337.954
1616,16.205,0.000971,0.0006204,2048,126383.87,1787804337.97
1617,16.432,0.000952,0.00061991,2048,124637.89,1787804337.987
1618,15.364,0.000499,0.00061943,2048,133296.02,1787804338.002
1619,17.119,0.000375,0.00061894,2048,119630.36,1787804338.02
1620,18.053,0.000709,0.00061846,2048,113441.86,1787804338.038
1621,16.608,0.000774,0.00061797,2048,123312.58,1787804338.055
1622,15.644,0.00071,0.00061749,2048,130914.48,1787804338.07
1623,15.679,0.000532,0.000617,2048,130623.08,1787804338.086
1624,15.842,0.000661,0.00061651,2048,129279.87,1787804338.102
1625,16.98,0.000689,0.00061603,2048,120613.91,1787804338.119
1626,16.921,0.001038,0.00061554,2048,121031.6,1787804338.136
1627,15.477,0.000823,0.00061506,2048,132323.68,1787804338.152
1628,15.442,0.000668,0.00061457,2048,132621.87,1787804338.168
1629,15.387,0.000609,0.00061409,2048,133103.69,1787804338.183
1630,15.879,0.00107,0.0006136,2048,128974.56,1787804338.199
1631,17.701,0.000768,0.00061311,2048,115701.64,1787804338.217
1632,17.117,0.001615,0.00061263,2048,119647.13,1787804338.234
1633,16.665,0.000775,0.00061214,2048,122889.34,1787804338.251
1634,17.221,0.001173,0.00061166,2048,118926.64,1787804338.269
1635,15.778,0.002182,0.00061117,2048,129802.63,1787804338.284
1636,16.069,0.002103,0.00061068,2048,127454.34,1787804338.301
1637,16.203,0.000656,0.0006102,2048,126399.47,1787804338.317
1638,19.837,0.001394,0.00060971,2048,103243.5,1787804338.337
1639,18.308,0.001566,0.00060922,2048,111866.72,1787804338.356
1640,19.291,0.002246,0.00060874,2048,106165.15,1787804338.375
1641,15.281,0.00182,0.00060825,2048,134027.03,1787804338.391
1642,20.085,0.002002,0.00060776,2048,101968.67,1787804338.411
1643,16.685,0.001114,0.00060728,2048,122743.51,1787804338.428
1644,15.464,0.001143,0.00060679,2048,132433.2,1787804338.444
1645,15.373,0.001626,0.0006063,2048,133220.58,1787804338.459
1646,15.18,0.001723,0.00060582,2048,134917.03,1787804338.475
1647,14.505,0.002499,0.00060533,2048,141194.64,1787804338.489
1648,14.704,0.001524,0.00060484,2048,139277.09,1787804338.504
1649,15.259,0.001287,0.00060435,2048,134214.99,1787804338.52
1650,14.927,0.001553,0.00060387,2048,137198.29,1787804338.535
1651,19.975,0.001128,0.00060338,2048,102527.65,1787804338.555
1652,15.498,0.001376,0.00060289,2048,132148.64,1787804338.571
1653,16.432,0.001672,0.0006024,2048,124634.1,1787804338.587
1654,15.356,0.001408,0.00060192,2048,133367.2,1787804338.603
1655,15.015,0.001324,0.00060143,2048,136396.94,1787804338.618
1656,15.387,0.001312,0.00060094,2048,133098.51,1787804338.634
1657,17.31,0.001132,0.00060045,2048,118312.43,1787804338.651
1658,15.981,0.001215,0.00059997,2048,128152.18,1787804338.667
1659,15.737,0.00127,0.00059948,2048,130140.82,1787804338.683
1660,15.773,0.000967,0.00059899,2048,129840.49,1787804338.699
1661,16.07,0.001675,0.0005985,2048,127443.23,1787804338.716
1662,16.112,0.000721,0.00059801,2048,127111.81,1787804338.732
1663,26.718,0.000785,0.00059753,2048,76652.73,1787804338.759
1664,17.675,0.000771,0.00059704,2048,115869.22,1787804338.777
1665,16.321,0.000983,0.00059655,2048,125482.51,1787804338.792
1666,15.315,0.000859,0.00059606,2048,133728.6,1787804338.808
1667,17.627,0.001128,0.00059557,2048,116185.4,1787804338.826
1668,16.992,0.000903,0.00059508,2048,120524.47,1787804338.843
1669,15.98,0.00078,0.0005946,2048,128162.61,1787804338.859
1670,15.229,0.000595,0.00059411,2048,134476.74,1787804338.874
1671,17.677,0.000664,0.00059362,2048,115858.73,1787804338.892
1672,15.587,0.000555,0.00059313,2048,131389.86,1787804338.908
1673,17.348,0.000786,0.00059264,2048,118055.31,1787804338.925
1674,19.213,0.000591,0.00059215,2048,106595.6,1787804338.945
1675,17.185,0.000584,0.00059166,2048,119172.31,1787804338.963
1676,16.732,0.00076,0.00059118,2048,122398.0,1787804338.98
1677,16.892,0.000618,0.00059069,2048,121240.82,1787804338.997
1678,15.749,0.000682,0.0005902,2048,130042.48,1787804339.013
1679,17.246,0.000776,0.00058971,2048,118754.24,1787804339.031
1680,19.647,0.000682,0.00058922,2048,104240.89,1787804339.05
1681,21.779,0.000588,0.00058873,2048,94033.81,1787804339.073
1682,29.696,0.000655,0.00058824,2048,68964.59,1787804339.102
1683,26.079,0.000695,0.00058775,2048,78529.11,1787804339.129
1684,24.64,0.000574,0.00058726,2048,83117.22,1787804339.153
1685,23.901,0.000625,0.00058677,2048,85687.51,1787804339.178
1686,25.725,0.000477,0.00058629,2048,79609.73,1787804339.203
1687,20.904,0.001044,0.0005858,2048,97972.15,1787804339.225
1688,17.258,0.000453,0.00058531,2048,118669.6,1787804339.242
1689,16.291,0.000559,0.00058482,2048,125712.04,1787804339.258
1690,16.703,0.000572,0.00058433,2048,122612.7,1787804339.275
1691,15.298,0.000483,0.00058384,2048,133869.33,1787804339.291
1692,15.607,0.000466,0.00058335,2048,131226.53,1787804339.306
1693,17.085,0.000776,0.00058286,2048,119873.34,1787804339.324
1694,27.108,0.00068,0.00058237,2048,75549.1,1787804339.351
1695,19.472,0.000476,0.00058188,2048,105178.82,1787804339.371
1696,16.43,0.000787,0.00058139,2048,124647.0,1787804339.387
1697,16.278,0.000697,0.0005809,2048,125816.3,1787804339.404
1698,15.822,0.000975,0.00058041,2048,129443.29,1787804339.42
1699,22.437,0.000626,0.00057992,2048,91276.58,1787804339.442
1700,18.355,0.000593,0.00057943,2048,111574.8,1787804339.461
1701,14.829,0.000508,0.00057894,2048,138104.04,1787804339.476
1702,15.031,0.000552,0.00057845,2048,136255.37,1787804339.491
1703,14.579,0.000805,0.00057796,2048,140478.92,1787804339.506
1704,15.962,0.00094,0.00057747,2048,128301.51,1787804339.522
1705,17.116,0.000748,0.00057698,2048,119654.12,1787804339.539
1706,28.742,0.000502,0.00057649,2048,71254.61,1787804339.568
1707,17.01,0.00085,0.000576,2048,120399.06,1787804339.585
1708,17.945,0.000755,0.00057551,2048,114129.04,1787804339.603
1709,15.214,0.000675,0.00057502,2048,134614.63,1787804339.619
1710,15.757,0.000661,0.00057453,2048,129977.28,1787804339.635
1711,14.843,0.001273,0.00057404,2048,137976.57,1787804339.65
1712,15.488,0.001069,0.00057355,2048,132228.84,1787804339.665
1713,15.874,0.00086,0.00057306,2048,129016.81,1787804339.681
1714,16.01,0.000804,0.00057257,2048,127920.05,1787804339.697
1715,14.988,0.000562,0.00057208,2048,136647.21,1787804339.713
1716,15.121,0.001475,0.00057159,2048,135442.57,1787804339.728
1717,15.853,0.001669,0.0005711,2048,129183.65,1787804339.744
1718,25.481,0.001656,0.00057061,2048,80372.67,1787804339.77
1719,29.774,0.000606,0.00057012,2048,68784.61,1787804339.8
1720,26.221,0.001028,0.00056963,2048,78105.34,1787804339.826
1721,24.763,0.001459,0.00056914,2048,82702.7,1787804339.851
1722,25.166,0.001079,0.00056865,2048,81379.96,1787804339.876
1723,22.537,0.000959,0.00056816,2048,90872.79,1787804339.899
1724,16.592,0.00041,0.00056767,2048,123430.0,1787804339.916
1725,15.658,0.001012,0.00056718,2048,130794.09,1787804339.932
1726,25.79,0.000999,0.00056669,2048,79410.93,1787804339.958
1727,24.913,0.000635,0.0005662,2048,82206.74,1787804339.983
1728,16.293,0.000604,0.0005657,2048,125698.92,1787804339.999
1729,16.189,0.000483,0.00056521,2048,126508.78,1787804340.015
1730,27.968,0.000588,0.00056472,2048,73227.59,1787804340.044
1731,18.049,0.000615,0.00056423,2048,113471.41,1787804340.062
1732,16.093,0.000531,0.00056374,2048,127260.3,1787804340.078
1733,16.011,0.000633,0.00056325,2048,127908.86,1787804340.094
1734,15.392,0.000737,0.00056276,2048,133051.81,1787804340.11
1735,17.0,0.000595,0.00056227,2048,120469.88,1787804340.127
1736,16.995,0.000468,0.00056178,2048,120503.19,1787804340.145
1737,16.15,0.000487,0.00056129,2048,126812.72,1787804340.161
1738,15.455,0.000865,0.0005608,2048,132511.18,1787804340.176
1739,15.439,0.000623,0.00056031,2048,132648.5,1787804340.192
1740,15.251,0.000817,0.00055982,2048,134287.16,1787804340.208
1741,15.555,0.000697,0.00055933,2048,131659.31,1787804340.223
1742,15.447,0.000721,0.00055884,2048,132585.81,1787804340.239
1743,16.488,0.000569,0.00055834,2048,124213.81,1787804340.256
1744,16.12,0.000565,0.00055785,2048,127051.09,1787804340.272
1745,15.424,0.000734,0.00055736,2048,132780.94,1787804340.287
1746,15.511,0.000749,0.00055687,2048,132031.07,1787804340.303
1747,15.317,0.000785,0.00055638,2048,133711.14,1787804340.319
1748,15.987,0.000573,0.00055589,2048,128100.08,1787804340.335
1749,21.607,0.000693,0.0005554,2048,94785.85,1787804340.357
1750,15.915,0.00077,0.00055491,2048,128680.4,1787804340.373
1751,15.628,0.001179,0.00055442,2048,131044.32,1787804340.388
1752,15.607,0.000995,0.00055393,2048,131225.69,1787804340.404
1753,15.865,0.000575,0.00055344,2048,129085.12,1787804340.42
1754,16.754,0.000799,0.00055295,2048,122241.65,1787804340.437
1755,16.498,0.00065,0.00055245,2048,124139.27,1787804340.454
1756,15.066,0.001299,0.00055196,2048,135938.83,1787804340.469
1757,20.912,0.000674,0.00055147,2048,97933.73,1787804340.49
1758,33.174,0.00075,0.00055098,2048,61735.84,1787804340.524
1759,21.646,0.000932,0.00055049,2048,94615.07,1787804340.546
1760,19.572,0.001023,0.00055,2048,104637.14,1787804340.565
1761,14.732,0.001119,0.00054951,2048,139012.39,1787804340.58
1762,18.078,0.000826,0.00054902,2048,113288.75,1787804340.598
1763,16.095,0.000731,0.00054853,2048,127242.11,1787804340.615
1764,18.327,0.000512,0.00054804,2048,111747.69,1787804340.633
1765,19.128,0.000804,0.00054755,2048,107070.97,1787804340.652
1766,15.687,0.000594,0.00054705,2048,130556.46,1787804340.668
1767,15.627,0.001014,0.00054656,2048,131057.74,1787804340.684
1768,14.695,0.001335,0.00054607,2048,139369.03,1787804340.699
1769,15.167,0.000682,0.00054558,2048,135029.11,1787804340.714
1770,25.107,0.000874,0.00054509,2048,81569.9,1787804340.739
1771,15.187,0.000904,0.0005446,2048,134854.84,1787804340.754
1772,15.138,0.00091,0.00054411,2048,135286.0,1787804340.77
1773,15.699,0.00092,0.00054362,2048,130450.01,1787804340.786
1774,18.797,0.000831,0.00054313,2048,108955.3,1787804340.805
1775,17.746,0.001066,0.00054264,2048,115408.24,1787804340.822
1776,17.729,0.001127,0.00054215,2048,115515.65,1787804340.84
1777,22.099,0.001048,0.00054166,2048,92673.04,1787804340.863
1778,28.419,0.000603,0.00054116,2048,72063.96,1787804340.892
1779,26.633,0.000606,0.00054067,2048,76896.79,1787804340.918
1780,15.95,0.000861,0.00054018,2048,128400.45,1787804340.934
1781,21.234,0.000979,0.00053969,2048,96448.18,1787804340.956
1782,15.741,0.000692,0.0005392,2048,130110.22,1787804340.972
1783,16.484,0.00071,0.00053871,2048,124239.43,1787804340.989
1784,17.438,0.001189,0.00053822,2048,117443.31,1787804341.007
1785,16.412,0.001752,0.00053773,2048,124784.46,1787804341.024
1786,16.073,0.000561,0.00053724,2048,127421.03,1787804341.04
1787,16.261,0.000642,0.00053675,2048,125941.64,1787804341.056
1788,16.26,0.001612,0.00053626,2048,125956.36,1787804341.073
1789,15.508,0.000523,0.00053577,2048,132061.72,1787804341.088
1790,15.108,0.000999,0.00053528,2048,135553.73,1787804341.104
1791,14.895,0.000608,0.00053479,2048,137498.57,1787804341.119
1792,15.217,0.00064,0.0005343,2048,134585.43,1787804341.134
1793,18.414,0.000727,0.0005338,2048,111218.52,1787804341.153
1794,15.742,0.00069,0.00053331,2048,130101.96,1787804341.169
1795,15.583,0.000642,0.00053282,2048,131425.27,1787804341.184
1796,15.55,0.000791,0.00053233,2048,131703.33,1787804341.2
1797,15.558,0.000395,0.00053184,2048,131636.46,1787804341.216
1798,16.004,0.000548,0.00053135,2048,127965.61,1787804341.232
1799,20.213,0.000684,0.00053086,2048,101323.44,1787804341.252
1800,15.254,0.00042,0.00053037,2048,134261.63,1787804341.268
1801,15.411,0.000416,0.00052988,2048,132891.23,1787804341.283
1802,15.668,0.000451,0.00052939,2048,130710.61,1787804341.299
1803,15.071,0.000443,0.0005289,2048,135886.51,1787804341.314
1804,15.433,0.000338,0.00052841,2048,132704.37,1787804341.33
1805,15.733,0.000383,0.00052792,2048,130173.9,1787804341.346
1806,16.569,0.000477,0.00052743,2048,123605.81,1787804341.363
1807,15.46,0.000398,0.00052694,2048,132474.32,1787804341.378
1808,15.458,0.000403,0.00052645,2048,132488.03,1787804341.394
1809,16.881,0.00063,0.00052596,2048,121321.98,1787804341.411
1810,21.119,0.000691,0.00052547,2048,96973.37,1787804341.432
1811,21.325,0.00052,0.00052498,2048,96039.32,1787804341.453
1812,22.632,0.001041,0.00052449,2048,90492.54,1787804341.476
1813,20.995,0.000434,0.000524,2048,97546.11,1787804341.497
1814,15.458,0.000421,0.00052351,2048,132490.6,1787804341.513
1815,15.95,0.000394,0.00052302,2048,128404.47,1787804341.529
1816,16.596,0.000521,0.00052253,2048,123401.0,1787804341.546
1817,18.66,0.000456,0.00052204,2048,109754.07,1787804341.565
1818,20.195,0.000809,0.00052155,2048,101409.73,1787804341.585
1819,16.265,0.000519,0.00052106,2048,125911.44,1787804341.602
1820,15.364,0.000447,0.00052057,2048,133296.89,1787804341.617
1821,15.67,0.000398,0.00052008,2048,130698.93,1787804341.633
1822,15.387,0.000595,0.00051959,2048,133097.64,1787804341.648
1823,18.201,0.000476,0.0005191,2048,112523.76,1787804341.667
1824,15.33,0.000397,0.00051861,2048,133590.77,1787804341.682
1825,15.595,0.000522,0.00051812,2048,131321.62,1787804341.698
1826,15.212,0.000338,0.00051763,2048,134627.01,1787804341.713
1827,14.926,0.000529,0.00051714,2048,137211.16,1787804341.728
1828,15.111,0.000406,0.00051665,2048,135534.89,1787804341.744
1829,15.565,0.000545,0.00051616,2048,131576.41,1787804341.759
1830,15.252,0.000339,0.00051567,2048,134280.11,1787804341.775
1831,15.549,0.000465,0.00051518,2048,131710.96,1787804341.791
1832,15.283,0.000531,0.00051469,2048,134007.73,1787804341.806
1833,15.22,0.000438,0.0005142,2048,134562.44,1787804341.821
1834,15.397,0.000449,0.00051371,2048,133012.92,1787804341.837
1835,16.241,0.000368,0.00051323,2048,126101.39,1787804341.853
1836,17.924,0.000327,0.00051274,2048,114262.12,1787804341.871
1837,16.22,0.000418,0.00051225,2048,126262.31,1787804341.888
1838,17.688,0.000356,0.00051176,2048,115784.71,1787804341.906
1839,21.362,0.000549,0.00051127,2048,95869.83,1787804341.927
1840,16.808,0.000292,0.00051078,2048,121849.64,1787804341.945
1841,19.108,0.002042,0.00051029,2048,107181.92,1787804341.963
1842,15.321,0.00032,0.0005098,2048,133670.99,1787804341.979
1843,14.974,0.000342,0.00050931,2048,136774.97,1787804341.995
1844,15.297,0.000384,0.00050882,2048,133885.09,1787804342.01
1845,16.47,0.000338,0.00050834,2048,124347.3,1787804342.026
1846,17.956,0.000442,0.00050785,2048,114059.12,1787804342.045
1847,15.626,0.000401,0.00050736,2048,131066.97,1787804342.06
1848,14.986,0.000361,0.00050687,2048,136664.53,1787804342.076
1849,15.252,0.000595,0.00050638,2048,134280.99,1787804342.091
1850,15.076,0.001353,0.00050589,2048,135846.85,1787804342.106
1851,15.175,0.000391,0.0005054,2048,134959.7,1787804342.122
1852,15.544,0.000419,0.00050492,2048,131752.47,1787804342.138
1853,20.058,0.000407,0.00050443,2048,102103.39,1787804342.158
1854,15.347,0.000451,0.00050394,2048,133446.28,1787804342.173
1855,16.668,0.000532,0.00050345,2048,122869.43,1787804342.19
1856,14.988,0.000367,0.00050296,2048,136647.21,1787804342.205
1857,15.383,0.000473,0.00050247,2048,133138.31,1787804342.221
1858,16.866,0.000517,0.00050199,2048,121424.85,1787804342.238
1859,15.413,0.000447,0.0005015,2048,132872.26,1787804342.253
1860,15.129,0.000761,0.00050101,2048,135368.26,1787804342.269
1861,14.761,0.00046,0.00050052,2048,138743.05,1787804342.284
1862,15.02,0.00062,0.00050003,2048,136356.07,1787804342.299
1863,19.87,0.000509,0.00049955,2048,103071.51,1787804342.319
1864,14.843,0.00044,0.00049906,2048,137978.43,1787804342.334
1865,15.912,0.000544,0.00049857,2048,128711.13,1787804342.35
1866,16.485,0.000485,0.00049808,2048,124236.41,1787804342.367
1867,19.002,0.000554,0.0004976,2048,107780.4,1787804342.386
1868,16.023,0.000641,0.00049711,2048,127816.26,1787804342.402
1869,17.42,0.000477,0.00049662,2048,117568.04,1787804342.419
1870,15.461,0.000752,0.00049613,2048,132462.32,1787804342.435
1871,16.003,0.000576,0.00049565,2048,127978.4,1787804342.451
1872,22.942,0.000442,0.00049516,2048,89267.03,1787804342.474
1873,16.453,0.000597,0.00049467,2048,124477.29,1787804342.491
1874,15.143,0.000497,0.00049418,2048,135242.22,1787804342.506
1875,17.183,0.0008,0.0004937,2048,119188.96,1787804342.524
1876,16.641,0.001001,0.00049321,2048,123071.01,1787804342.54
1877,19.887,0.000657,0.00049272,2048,102979.26,1787804342.56
1878,15.134,0.000862,0.00049224,2048,135321.75,1787804342.576
1879,15.252,0.000791,0.00049175,2048,134273.07,1787804342.591
1880,18.911,0.000523,0.00049126,2048,108299.05,1787804342.61
1881,18.857,0.000498,0.00049078,2048,108605.73,1787804342.629
1882,18.179,0.001236,0.00049029,2048,112660.56,1787804342.648
1883,15.282,0.000811,0.0004898,2048,134010.36,1787804342.663
1884,26.029,0.00071,0.00048932,2048,78681.77,1787804342.689
1885,37.924,0.000438,0.00048883,2048,54003.31,1787804342.727
1886,21.097,0.001599,0.00048834,2048,97073.11,1787804342.749
1887,18.421,0.000705,0.00048786,2048,111179.87,1787804342.767
1888,15.214,0.000595,0.00048737,2048,134613.74,1787804342.783
1889,15.153,0.000453,0.00048689,2048,135158.32,1787804342.798
1890,14.997,0.000494,0.0004864,2048,136561.56,1787804342.813
1891,14.392,0.000434,0.00048591,2048,142302.27,1787804342.828
1892,14.381,0.000381,0.00048543,2048,142409.13,1787804342.842
1893,15.6,0.000406,0.00048494,2048,131280.37,1787804342.858
1894,18.158,0.000353,0.00048446,2048,112787.75,1787804342.876
1895,14.88,0.000363,0.00048397,2048,137632.56,1787804342.891
1896,24.536,0.000287,0.00048349,2048,83467.49,1787804342.916
1897,27.812,0.000588,0.000483,2048,73638.34,1787804342.944
1898,28.419,0.000302,0.00048251,2048,72065.48,1787804342.972
1899,17.208,0.000346,0.00048203,2048,119010.95,1787804342.99
1900,16.469,0.000402,0.00048154,2048,124358.62,1787804343.006
1901,18.226,0.000546,0.00048106,2048,112366.33,1787804343.025
1902,15.504,0.000373,0.00048057,2048,132099.2,1787804343.041
1903,16.612,0.000424,0.00048009,2048,123282.15,1787804343.058
1904,18.005,0.000555,0.0004796,2048,113746.18,1787804343.076
1905,15.761,0.000527,0.00047912,2048,129938.52,1787804343.092
1906,15.542,0.00043,0.00047863,2048,131773.67,1787804343.107
1907,15.742,0.000481,0.00047815,2048,130101.13,1787804343.124
1908,15.374,0.00042,0.00047767,2048,133210.18,1787804343.139
1909,15.415,0.000351,0.00047718,2048,132859.33,1787804343.154
1910,16.307,0.000319,0.0004767,2048,125590.24,1787804343.171
1911,16.225,0.00037,0.00047621,2048,126223.41,1787804343.188
1912,14.892,0.000468,0.00047573,2048,137528.12,1787804343.203
1913,15.429,0.000498,0.00047524,2048,132739.64,1787804343.218
1914,17.207,0.000323,0.00047476,2048,119020.64,1787804343.236
1915,15.095,0.000405,0.00047428,2048,135678.56,1787804343.251
1916,17.328,0.000457,0.00047379,2048,118190.89,1787804343.269
1917,28.96,0.000712,0.00047331,2048,70717.5,1787804343.298
1918,26.969,0.000556,0.00047283,2048,75938.76,1787804343.325
1919,25.539,0.000628,0.00047234,2048,80191.71,1787804343.351
1920,28.483,0.000456,0.00047186,2048,71902.54,1787804343.379
1921,17.35,0.000453,0.00047137,2048,118043.07,1787804343.397
1922,15.504,0.000849,0.00047089,2048,132093.24,1787804343.412
1923,15.211,0.000293,0.00047041,2048,134642.95,1787804343.428
1924,16.576,0.000412,0.00046993,2048,123554.36,1787804343.444
1925,16.895,0.000877,0.00046944,2048,121222.17,1787804343.461
1926,16.146,0.000482,0.00046896,2048,126840.2,1787804343.478
1927,16.189,0.000512,0.00046848,2048,126507.21,1787804343.494
1928,24.447,0.000542,0.00046799,2048,83771.69,1787804343.519
1929,39.388,0.000634,0.00046751,2048,51995.14,1787804343.558
1930,17.635,0.00084,0.00046703,2048,116132.03,1787804343.576
1931,16.985,0.000818,0.00046655,2048,120576.27,1787804343.593
1932,19.929,0.000632,0.00046606,2048,102762.75,1787804343.613
1933,18.617,0.000865,0.00046558,2048,110004.03,1787804343.632
1934,18.625,0.000979,0.0004651,2048,109959.14,1787804343.651
1935,18.919,0.000656,0.00046462,2048,108252.68,1787804343.67
1936,15.941,0.001197,0.00046414,2048,128472.94,1787804343.686
1937,26.242,0.001141,0.00046365,2048,78041.64,1787804343.712
1938,15.602,0.001024,0.00046317,2048,131267.75,1787804343.728
1939,15.777,0.000984,0.00046269,2048,129808.39,1787804343.744
1940,15.489,0.00077,0.00046221,2048,132224.58,1787804343.76
1941,16.301,0.000995,0.00046173,2048,125637.23,1787804343.776
1942,15.68,0.001263,0.00046125,2048,130615.58,1787804343.792
1943,14.793,0.000736,0.00046077,2048,138442.92,1787804343.807
1944,15.707,0.000736,0.00046028,2048,130386.9,1787804343.823
1945,15.442,0.001355,0.0004598,2048,132624.45,1787804343.838
1946,16.112,0.000871,0.00045932,2048,127109.44,1787804343.855
1947,15.967,0.000432,0.00045884,2048,128265.35,1787804343.871
1948,15.315,0.000464,0.00045836,2048,133728.6,1787804343.886
1949,15.361,0.001499,0.00045788,2048,133322.92,1787804343.902
1950,14.861,0.000702,0.0004574,2048,137814.09,1787804343.917
1951,15.357,0.002597,0.00045692,2048,133361.99,1787804343.933
1952,14.626,0.00101,0.00045644,2048,140026.53,1787804343.948
1953,15.144,0.001192,0.00045596,2048,135231.5,1787804343.963
1954,15.309,0.001055,0.00045548,2048,133779.26,1787804343.978
1955,16.614,0.000566,0.000455,2048,123267.31,1787804343.995
1956,18.065,0.001119,0.00045452,2048,113365.88,1787804344.014
1957,26.518,0.001117,0.00045404,2048,77229.1,1787804344.04
1958,20.246,0.000541,0.00045356,2048,101154.78,1787804344.061
1959,17.477,0.00048,0.00045308,2048,117185.94,1787804344.078
1960,16.592,0.000556,0.0004526,2048,123435.96,1787804344.095
1961,17.159,0.000896,0.00045212,2048,119357.06,1787804344.113
1962,17.608,0.001007,0.00045164,2048,116310.11,1787804344.13
1963,16.053,0.000791,0.00045116,2048,127578.99,1787804344.147
1964,15.499,0.000815,0.00045069,2048,132134.15,1787804344.162
1965,16.874,0.000469,0.00045021,2048,121370.87,1787804344.18
1966,19.635,0.000564,0.00044973,2048,104304.07,1787804344.199
1967,19.662,0.000551,0.00044925,2048,104162.96,1787804344.219
1968,15.191,0.000545,0.00044877,2048,134816.67,1787804344.235
1969,15.639,0.000885,0.00044829,2048,130952.15,1787804344.25
1970,16.978,0.001417,0.00044782,2048,120627.4,1787804344.267
1971,21.414,0.000503,0.00044734,2048,95638.37,1787804344.289
1972,16.687,0.000533,0.00044686,2048,122730.27,1787804344.306
1973,18.076,0.000529,0.00044638,2048,113298.78,1787804344.324
1974,16.127,0.000582,0.0004459,2048,126995.94,1787804344.341
1975,16.579,0.001012,0.00044543,2048,123526.04,1787804344.357
1976,20.284,0.000755,0.00044495,2048,100964.29,1787804344.378
1977,17.255,0.000743,0.00044447,2048,118690.92,1787804344.395
1978,16.445,0.000877,0.000444,2048,124539.36,1787804344.411
1979,25.267,0.000563,0.00044352,2048,81053.06,1787804344.437
1980,27.827,0.000627,0.00044304,2048,73597.59,1787804344.465
1981,19.341,0.000457,0.00044256,2048,105890.69,1787804344.485
1982,15.376,0.000668,0.00044209,2048,133191.12,1787804344.5
1983,15.445,0.000601,0.00044161,2048,132602.98,1787804344.516
1984,15.191,0.000747,0.00044114,2048,134818.44,1787804344.531
1985,14.76,0.000661,0.00044066,2048,138748.69,1787804344.546
1986,18.795,0.000768,0.00044018,2048,108966.31,1787804344.565
1987,25.715,0.000514,0.00043971,2048,79642.54,1787804344.591
1988,30.093,0.000549,0.00043923,2048,68056.6,1787804344.621
1989,19.057,0.000658,0.00043876,2048,107468.76,1787804344.641
1990,16.768,0.000526,0.00043828,2048,122136.68,1787804344.657
1991,19.551,0.000617,0.0004378,2048,104752.21,1787804344.677
1992,17.545,0.001121,0.00043733,2048,116726.42,1787804344.695
1993,15.451,0.000826,0.00043685,2048,132551.49,1787804344.711
1994,17.802,0.00081,0.00043638,2048,115045.19,1787804344.728
1995,17.742,0.00077,0.0004359,2048,115435.56,1787804344.746
1996,18.292,0.000458,0.00043543,2048,111960.9,1787804344.765
1997,20.299,0.000588,0.00043495,2048,100891.17,1787804344.785
1998,16.826,0.00064,0.00043448,2048,121714.94,1787804344.802
1999,16.548,0.00083,0.00043401,2048,123761.93,1787804344.819
2000,17.605,0.000447,0.00043353,2048,116329.93,1787804344.837
2001,16.431,0.000507,0.00043306,2048,124644.72,1787804344.854
2002,16.736,0.000487,0.00043258,2048,122367.28,1787804344.87
2003,23.257,0.000616,0.00043211,2048,88058.75,1787804344.894
2004,25.749,0.000483,0.00043164,2048,79537.38,1787804344.92
2005,28.647,0.000745,0.00043116,2048,71491.9,1787804344.948
2006,26.696,0.000443,0.00043069,2048,76715.33,1787804344.975
2007,15.459,0.000578,0.00043022,2048,132482.03,1787804344.991
2008,15.334,0.000443,0.00042974,2048,133562.02,1787804345.007
2009,15.144,0.000509,0.00042927,2048,135232.4,1787804345.022
2010,14.628,0.000394,0.0004288,2048,140010.25,1787804345.037
2011,16.583,0.000533,0.00042832,2048,123498.48,1787804345.054
2012,22.39,0.00041,0.00042785,2048,91468.59,1787804345.076
2013,15.699,0.000575,0.00042738,2048,130451.68,1787804345.092
2014,15.331,0.000672,0.00042691,2048,133586.42,1787804345.108
2015,20.37,0.001127,0.00042644,2048,100541.49,1787804345.128
2016,16.452,0.000558,0.00042596,2048,124482.59,1787804345.145
2017,15.686,0.000416,0.00042549,2048,130563.95,1787804345.161
2018,15.316,0.000591,0.00042502,2048,133718.99,1787804345.176
2019,17.021,0.000847,0.00042455,2048,120319.13,1787804345.194
2020,18.005,0.000414,0.00042408,2048,113748.71,1787804345.212
2021,17.807,0.000582,0.00042361,2048,115011.6,1787804345.23
2022,17.093,0.000908,0.00042313,2048,119816.53,1787804345.247
2023,26.114,0.000903,0.00042266,2048,78426.27,1787804345.273
2024,18.211,0.000564,0.00042219,2048,112457.65,1787804345.291
2025,19.451,0.000421,0.00042172,2048,105291.84,1787804345.311
2026,15.291,0.000987,0.00042125,2048,133939.37,1787804345.327
2027,15.328,0.000737,0.00042078,2048,133609.95,1787804345.342
2028,15.844,0.000373,0.00042031,2048,129259.47,1787804345.359
2029,15.923,0.000972,0.00041984,2048,128622.21,1787804345.375
2030,21.912,0.000909,0.00041937,2048,93466.9,1787804345.397
2031,23.559,0.000464,0.0004189,2048,86928.84,1787804345.42
2032,17.542,0.000683,0.00041843,2048,116748.38,1787804345.438
2033,18.52,0.000727,0.00041796,2048,110585.54,1787804345.457
2034,17.295,0.000476,0.00041749,2048,118416.41,1787804345.474
2035,20.219,0.000596,0.00041703,2048,101292.87,1787804345.495
2036,17.395,0.000698,0.00041656,2048,117734.98,1787804345.512
2037,16.913,0.000568,0.00041609,2048,121092.43,1787804345.53
2038,24.836,0.000882,0.00041562,2048,82462.27,1787804345.555
2039,15.905,0.000513,0.00041515,2048,128762.11,1787804345.571
2040,17.26,0.000422,0.00041468,2048,118655.85,1787804345.588
2041,21.51,0.000846,0.00041421,2048,95210.64,1787804345.61
2042,16.175,0.001113,0.00041375,2048,126616.71,1787804345.626
2043,15.301,0.000779,0.00041328,2048,133843.09,1787804345.642
2044,22.669,0.000423,0.00041281,2048,90345.24,1787804345.664
2045,27.96,0.000444,0.00041234,2048,73248.28,1787804345.693
2046,29.5,0.000484,0.00041188,2048,69423.96,1787804345.723
2047,29.202,0.000595,0.00041141,2048,70132.66,1787804345.752
2048,16.301,0.000606,0.00041094,2048,125637.24,1787804345.769
2049,17.355,0.001002,0.00041048,2048,118005.66,1787804345.786
2050,25.196,0.000597,0.00041001,2048,81284.03,1787804345.812
2051,15.371,0.000839,0.00040954,2048,133238.78,1787804345.827
2052,15.648,0.00047,0.00040908,2048,130878.51,1787804345.843
2053,15.727,0.00036,0.00040861,2048,130222.74,1787804345.859
2054,15.784,0.000841,0.00040814,2048,129750.0,1787804345.875
2055,19.422,0.000747,0.00040768,2048,105445.8,1787804345.895
2056,16.043,0.000495,0.00040721,2048,127655.33,1787804345.911
2057,15.534,0.000692,0.00040675,2048,131840.68,1787804345.926
2058,15.189,0.000731,0.00040628,2048,134833.53,1787804345.942
2059,14.87,0.000864,0.00040582,2048,137725.12,1787804345.957
2060,15.326,0.000545,0.00040535,2048,133627.38,1787804345.972
2061,16.103,0.000691,0.00040489,2048,127178.11,1787804345.989
2062,15.779,0.000689,0.00040442,2048,129792.76,1787804346.005
2063,15.42,0.001363,0.00040396,2048,132817.11,1787804346.02
2064,18.586,0.00126,0.00040349,2048,110187.5,1787804346.039
2065,18.476,0.000499,0.00040303,2048,110847.1,1787804346.058
2066,16.744,0.00105,0.00040257,2048,122310.28,1787804346.074
2067,17.173,0.001064,0.0004021,2048,119258.36,1787804346.092
2068,16.498,0.001401,0.00040164,2048,124134.75,1787804346.108
2069,19.359,0.000459,0.00040118,2048,105790.04,1787804346.127
2070,17.969,0.000829,0.00040071,2048,113975.97,1787804346.145
2071,29.657,0.000518,0.00040025,2048,69057.14,1787804346.175
2072,22.843,0.000409,0.00039979,2048,89657.04,1787804346.198
2073,17.02,0.000962,0.00039932,2048,120328.32,1787804346.215
2074,25.107,0.001091,0.00039886,2048,81569.9,1787804346.241
2075,16.857,0.000797,0.0003984,2048,121494.72,1787804346.258
2076,16.737,0.000597,0.00039794,2048,122362.16,1787804346.275
2077,16.79,0.000649,0.00039748,2048,121977.37,1787804346.292
2078,26.057,0.000612,0.00039701,2048,78595.72,1787804346.319
2079,20.575,0.000925,0.00039655,2048,99537.31,1787804346.339
2080,21.315,0.00081,0.00039609,2048,96082.12,1787804346.361
2081,23.794,0.000727,0.00039563,2048,86072.84,1787804346.385
2082,20.35,0.00063,0.00039517,2048,100638.82,1787804346.405
2083,18.562,0.000448,0.00039471,2048,110330.56,1787804346.424
2084,16.976,0.000465,0.00039425,2048,120642.33,1787804346.441
2085,17.005,0.000514,0.00039379,2048,120435.17,1787804346.458
2086,17.77,0.000378,0.00039333,2048,115252.37,1787804346.476
2087,19.464,0.001189,0.00039287,2048,105220.43,1787804346.495
2088,21.641,0.001078,0.00039241,2048,94637.37,1787804346.517
2089,16.09,0.000545,0.00039195,2048,127284.03,1787804346.534
2090,27.257,0.000735,0.00039149,2048,75136.11,1787804346.561
2091,15.991,0.000624,0.00039103,2048,128074.44,1787804346.577
2092,16.259,0.000633,0.00039057,2048,125958.68,1787804346.594
2093,16.526,0.000499,0.00039011,2048,123928.18,1787804346.61
2094,15.348,0.000701,0.00038965,2048,133435.84,1787804346.626
2095,15.395,0.000614,0.00038919,2048,133027.61,1787804346.641
2096,15.542,0.000667,0.00038873,2048,131773.67,1787804346.657
2097,15.153,0.000522,0.00038828,2048,135155.65,1787804346.672
2098,15.87,0.000446,0.00038782,2048,129051.77,1787804346.688
2099,17.491,0.000673,0.00038736,2048,117087.45,1787804346.706
2100,15.289,0.000491,0.0003869,2048,133949.89,1787804346.722
2101,16.896,0.000403,0.00038645,2048,121212.12,1787804346.739
2102,15.381,0.000441,0.00038599,2048,133148.69,1787804346.754
2103,15.567,0.000421,0.00038553,2048,131562.89,1787804346.77
2104,15.941,0.000335,0.00038507,2048,128469.72,1787804346.786
2105,15.954,0.000623,0.00038462,2048,128371.48,1787804346.802
2106,16.007,0.000518,0.00038416,2048,127942.43,1787804346.818
2107,15.302,0.000767,0.00038371,2048,133836.96,1787804346.834
2108,14.447,0.000382,0.00038325,2048,141759.53,1787804346.848
2109,15.495,0.000634,0.00038279,2048,132171.67,1787804346.864
2110,27.119,0.000381,0.00038234,2048,75520.12,1787804346.892
2111,24.954,0.000283,0.00038188,2048,82072.33,1787804346.917
2112,29.975,0.000284,0.00038143,2048,68323.6,1787804346.947
2113,21.408,0.000396,0.00038097,2048,95666.96,1787804346.968
2114,22.502,0.000483,0.00038052,2048,91015.75,1787804346.991
2115,28.948,0.000344,0.00038006,2048,70748.04,1787804347.02
2116,23.288,0.000318,0.00037961,2048,87942.29,1787804347.044
2117,15.356,0.000417,0.00037915,2048,133371.54,1787804347.06
2118,14.782,0.00032,0.0003787,2048,138543.13,1787804347.075
2119,15.367,0.000531,0.00037825,2048,133273.46,1787804347.09
2120,15.638,0.000407,0.00037779,2048,130959.69,1787804347.106
2121,15.463,0.000678,0.00037734,2048,132444.33,1787804347.122
2122,15.5,0.000341,0.00037689,2048,132129.03,1787804347.137
2123,15.269,0.000271,0.00037643,2048,134128.85,1787804347.153
2124,16.049,0.000512,0.00037598,2048,127605.22,1787804347.169
2125,20.593,0.000261,0.00037553,2048,99450.3,1787804347.19
2126,26.893,0.000287,0.00037508,2048,76154.21,1787804347.217
2127,30.996,0.000343,0.00037462,2048,66073.68,1787804347.248
2128,32.232,0.000298,0.00037417,2048,63539.14,1787804347.28
2129,22.383,0.000303,0.00037372,2048,91497.19,1787804347.303
2130,15.478,0.00077,0.00037327,2048,132315.13,1787804347.319
2131,14.658,0.000295,0.00037282,2048,139723.69,1787804347.334
2132,14.701,0.000486,0.00037237,2048,139309.3,1787804347.348
2133,14.526,0.000314,0.00037191,2048,140990.51,1787804347.363
2134,15.584,0.000438,0.00037146,2048,131416.84,1787804347.378
2135,30.594,0.000276,0.00037101,2048,66941.67,1787804347.41
2136,32.166,0.000387,0.00037056,2048,63669.91,1787804347.442
2137,53.748,0.000279,0.00037011,2048,38103.46,1787804347.496
2138,28.088,0.000347,0.00036966,2048,72913.44,1787804347.524
2139,19.448,0.000379,0.00036921,2048,105304.29,1787804347.544
2140,21.006,0.000367,0.00036876,2048,97494.56,1787804347.565
2141,19.989,0.00046,0.00036831,2048,102455.33,1787804347.585
2142,20.652,0.000424,0.00036787,2048,99165.23,1787804347.606
2143,18.749,0.000429,0.00036742,2048,109230.16,1787804347.625
2144,16.065,0.000735,0.00036697,2048,127484.48,1787804347.641
2145,16.376,0.000332,0.00036652,2048,125061.07,1787804347.658
2146,15.689,0.000433,0.00036607,2048,130539.82,1787804347.674
2147,19.988,0.000372,0.00036562,2048,102461.99,1787804347.694
2148,27.62,0.000322,0.00036518,2048,74150.24,1787804347.722
2149,16.218,0.000391,0.00036473,2048,126281.0,1787804347.738
2150,17.276,0.000352,0.00036428,2048,118543.9,1787804347.756
2151,35.207,0.000502,0.00036383,2048,58169.75,1787804347.791
2152,27.661,0.000368,0.00036339,2048,74040.6,1787804347.819
2153,46.428,0.000267,0.00036294,2048,44111.79,1787804347.866
2154,27.11,0.00028,0.0003625,2048,75545.47,1787804347.894
2155,15.762,0.000428,0.00036205,2048,129930.28,1787804347.909
2156,15.548,0.00056,0.0003616,2048,131719.43,1787804347.925
2157,15.618,0.000498,0.00036116,2048,131131.59,1787804347.941
2158,15.104,0.000523,0.00036071,2048,135589.63,1787804347.956
2159,17.032,0.000331,0.00036027,2048,120243.54,1787804347.973
2160,15.439,0.000894,0.00035982,2048,132651.94,1787804347.989
2161,16.8,0.000447,0.00035938,2048,121901.13,1787804348.006
2162,16.73,0.000398,0.00035893,2048,122411.9,1787804348.023
2163,18.295,0.0004,0.00035849,2048,111943.15,1787804348.041
2164,15.648,0.000499,0.00035804,2048,130875.16,1787804348.057
2165,18.313,0.000479,0.0003576,2048,111833.12,1787804348.076
2166,16.378,0.000316,0.00035716,2048,125048.08,1787804348.092
2167,16.131,0.000337,0.00035671,2048,126962.08,1787804348.109
2168,23.854,0.000317,0.00035627,2048,85855.26,1787804348.133
2169,28.997,0.000417,0.00035583,2048,70628.73,1787804348.162
2170,28.117,0.000293,0.00035538,2048,72839.27,1787804348.19
2171,16.261,0.000445,0.00035494,2048,125947.06,1787804348.207
2172,15.841,0.000407,0.0003545,2048,129288.85,1787804348.223
2173,14.699,0.000397,0.00035406,2048,139329.21,1787804348.238
2174,23.488,0.000944,0.00035362,2048,87194.57,1787804348.261
2175,15.811,0.000507,0.00035317,2048,129529.26,1787804348.277
2176,15.621,0.000669,0.00035273,2048,131108.08,1787804348.293
2177,16.789,0.001014,0.00035229,2048,121982.45,1787804348.309
2178,16.691,0.000447,0.00035185,2048,122698.65,1787804348.326
2179,21.109,0.000485,0.00035141,2048,97021.61,1787804348.348
2180,26.782,0.00067,0.00035097,2048,76470.13,1787804348.375
2181,18.49,0.00058,0.00035053,2048,110762.57,1787804348.393
2182,18.61,0.000578,0.00035009,2048,110046.0,1787804348.413
2183,18.962,0.000702,0.00034965,2048,108006.05,1787804348.432
2184,17.473,0.001119,0.00034921,2048,117210.75,1787804348.449
2185,15.981,0.000549,0.00034877,2048,128150.58,1787804348.465
2186,16.458,0.001102,0.00034833,2048,124440.99,1787804348.482
2187,16.885,0.000838,0.00034789,2048,121291.8,1787804348.499
2188,17.883,0.000504,0.00034746,2048,114524.09,1787804348.517
2189,16.281,0.001183,0.00034702,2048,125788.48,1787804348.534
2190,26.496,0.001173,0.00034658,2048,77294.69,1787804348.56
2191,18.607,0.001043,0.00034614,2048,110068.47,1787804348.579
2192,15.041,0.000544,0.0003457,2048,136158.44,1787804348.594
2193,16.738,0.000831,0.00034527,2048,122356.32,1787804348.611
2194,17.056,0.000797,0.00034483,2048,120075.05,1787804348.628
2195,15.143,0.000627,0.00034439,2048,135244.9,1787804348.644
2196,15.533,0.000665,0.00034396,2048,131846.63,1787804348.659
2197,23.522,0.000931,0.00034352,2048,87067.43,1787804348.683
2198,24.994,0.00091,0.00034308,2048,81938.03,1787804348.708
2199,20.602,0.000619,0.00034265,2048,99409.75,1787804348.729
2200,14.759,0.000947,0.00034221,2048,138763.73,1787804348.744
2201,17.723,0.000606,0.00034178,2048,115557.36,1787804348.762
2202,21.046,0.000604,0.00034134,2048,97308.34,1787804348.783
2203,17.047,0.000374,0.00034091,2048,120136.33,1787804348.8
2204,16.171,0.000402,0.00034047,2048,126646.47,1787804348.817
2205,14.982,0.000963,0.00034004,2048,136692.81,1787804348.832
2206,15.034,0.000549,0.00033961,2048,136222.75,1787804348.847
2207,15.757,0.000519,0.00033917,2048,129977.28,1787804348.863
2208,15.563,0.000443,0.00033874,2048,131591.63,1787804348.879
2209,15.192,0.000491,0.0003383,2048,134807.79,1787804348.894
2210,16.534,0.000332,0.00033787,2048,123867.47,1787804348.911
2211,25.705,0.0003,0.00033744,2048,79672.6,1787804348.937
2212,23.734,0.000496,0.00033701,2048,86288.26,1787804348.961
2213,16.391,0.000649,0.00033657,2048,124944.33,1787804348.977
2214,16.394,0.000819,0.00033614,2048,124924.51,1787804348.994
2215,33.416,0.000286,0.00033571,2048,61288.74,1787804349.027
2216,19.586,0.000393,0.00033528,2048,104566.09,1787804349.047
2217,14.942,0.000587,0.00033485,2048,137066.06,1787804349.062
2218,18.662,0.000313,0.00033442,2048,109744.07,1787804349.081
2219,15.11,0.000326,0.00033399,2048,135537.58,1787804349.096
2220,16.899,0.000451,0.00033356,2048,121194.19,1787804349.113
2221,15.543,0.000463,0.00033312,2048,131764.34,1787804349.129
2222,16.546,0.000261,0.00033269,2048,123779.13,1787804349.146
2223,14.75,0.000418,0.00033227,2048,138850.28,1787804349.161
2224,14.846,0.000418,0.00033184,2048,137954.26,1787804349.176
2225,14.754,0.000342,0.00033141,2048,138806.05,1787804349.191
2226,23.235,0.000329,0.00033098,2048,88144.41,1787804349.214
2227,15.449,0.000299,0.00033055,2048,132566.07,1787804349.23
2228,15.291,0.000399,0.00033012,2048,133938.5,1787804349.245
2229,15.349,0.000347,0.00032969,2048,133428.89,1787804349.261
2230,15.353,0.00033,0.00032926,2048,133391.52,1787804349.276
2231,15.673,0.000288,0.00032884,2048,130672.25,1787804349.292
2232,15.476,0.000362,0.00032841,2048,132332.23,1787804349.308
2233,20.597,0.000373,0.00032798,2048,99431.96,1787804349.329
2234,24.274,0.000347,0.00032756,2048,84371.85,1787804349.353
2235,18.733,0.000466,0.00032713,2048,109323.45,1787804349.372
2236,25.903,0.000493,0.0003267,2048,79064.51,1787804349.398
2237,17.225,0.00027,0.00032628,2048,118898.33,1787804349.416
2238,15.882,0.000347,0.00032585,2048,128946.95,1787804349.432
2239,15.28,0.000426,0.00032543,2048,134031.41,1787804349.447
2240,15.494,0.000346,0.000325,2048,132180.2,1787804349.463
2241,17.006,0.000377,0.00032458,2048,120424.54,1787804349.48
2242,14.815,0.00031,0.00032415,2048,138239.21,1787804349.495
2243,23.878,0.000332,0.00032373,2048,85768.97,1787804349.519
2244,25.699,0.000314,0.0003233,2048,79692.75,1787804349.545
2245,19.884,0.000383,0.00032288,2048,102996.35,1787804349.565
2246,16.452,0.000289,0.00032245,2048,124486.37,1787804349.582
2247,16.62,0.000339,0.00032203,2048,123228.74,1787804349.599
2248,18.394,0.000353,0.00032161,2048,111339.44,1787804349.617
2249,19.16,0.000767,0.00032118,2048,106889.35,1787804349.637
2250,16.821,0.000362,0.00032076,2048,121751.85,1787804349.654
2251,16.1,0.000332,0.00032034,2048,127204.18,1787804349.67
2252,16.483,0.000286,0.00031992,2048,124250.73,1787804349.686
2253,15.032,0.000406,0.0003195,2048,136244.49,1787804349.701
2254,16.088,0.000325,0.00031907,2048,127296.69,1787804349.718
2255,15.329,0.000428,0.00031865,2048,133606.46,1787804349.734
2256,14.927,0.000441,0.00031823,2048,137203.8,1787804349.749
2257,14.726,0.000266,0.00031781,2048,139070.91,1787804349.764
2258,15.499,0.000346,0.00031739,2048,132138.41,1787804349.779
2259,14.413,0.000397,0.00031697,2048,142094.93,1787804349.794
2260,14.683,0.000329,0.00031655,2048,139482.93,1787804349.809
2261,15.74,0.000219,0.00031613,2048,130111.05,1787804349.825
2262,15.381,0.000779,0.00031571,2048,133153.89,1787804349.84
2263,15.042,0.000443,0.00031529,2048,136147.58,1787804349.855
2264,18.631,0.000263,0.00031488,2048,109924.91,1787804349.874
2265,17.647,0.000271,0.00031446,2048,116051.75,1787804349.892
2266,25.327,0.00028,0.00031404,2048,80862.64,1787804349.917
2267,27.341,0.000225,0.00031362,2048,74906.09,1787804349.945
2268,21.554,0.00024,0.0003132,2048,95016.28,1787804349.966
2269,25.295,0.000258,0.00031279,2048,80963.02,1787804349.992
2270,16.367,0.000325,0.00031237,2048,125129.83,1787804350.008
2271,27.794,0.000286,0.00031195,2048,73684.17,1787804350.037
2272,20.472,0.000538,0.00031154,2048,100040.06,1787804350.057
2273,23.921,0.000396,0.00031112,2048,85616.58,1787804350.081
2274,18.08,0.000424,0.0003107,2048,113276.84,1787804350.1
2275,24.619,0.000359,0.00031029,2048,83186.43,1787804350.125
2276,16.937,0.000245,0.00030987,2048,120920.84,1787804350.142
2277,15.23,0.00055,0.00030946,2048,134472.32,1787804350.157
2278,15.729,0.000311,0.00030904,2048,130202.87,1787804350.173
2279,15.866,0.000339,0.00030863,2048,129080.24,1787804350.189
2280,14.31,0.000368,0.00030822,2048,143114.7,1787804350.204
2281,16.135,0.000377,0.0003078,2048,126928.25,1787804350.22
2282,15.857,0.000301,0.00030739,2048,129155.95,1787804350.236
2283,24.866,0.000214,0.00030697,2048,82359.8,1787804350.261
2284,24.917,0.000315,0.00030656,2048,82193.87,1787804350.286
2285,25.135,0.000608,0.00030615,2048,81480.01,1787804350.311
2286,15.889,0.000353,0.00030574,2048,128896.64,1787804350.327
2287,24.011,0.000548,0.00030532,2048,85295.31,1787804350.352
2288,24.326,0.000372,0.00030491,2048,84189.41,1787804350.376
2289,16.157,0.000459,0.0003045,2048,126757.77,1787804350.393
2290,19.481,0.000565,0.00030409,2048,105126.99,1787804350.412
2291,21.162,0.00046,0.00030368,2048,96776.33,1787804350.434
2292,17.096,0.000579,0.00030327,2048,119795.51,1787804350.451
2293,15.472,0.00057,0.00030286,2048,132366.44,1787804350.467
2294,15.871,0.000684,0.00030245,2048,129040.39,1787804350.483
2295,15.159,0.001258,0.00030204,2048,135102.15,1787804350.498
2296,16.716,0.001716,0.00030163,2048,122519.55,1787804350.515
2297,16.749,0.000708,0.00030122,2048,122274.5,1787804350.532
2298,15.473,0.000792,0.00030081,2048,132357.03,1787804350.548
2299,19.564,0.000862,0.0003004,2048,104681.53,1787804350.567
2300,15.67,0.000725,0.00029999,2048,130693.09,1787804350.583
2301,15.131,0.000723,0.00029959,2048,135348.58,1787804350.598
2302,16.17,0.000501,0.00029918,2048,126652.73,1787804350.615
2303,24.81,0.000751,0.00029877,2048,82548.69,1787804350.64
2304,16.993,0.000482,0.00029836,2048,120516.67,1787804350.657
2305,26.56,0.000633,0.00029796,2048,77108.43,1787804350.684
2306,25.718,0.000545,0.00029755,2048,79633.87,1787804350.71
2307,28.536,0.00053,0.00029714,2048,71768.49,1787804350.738
2308,22.304,0.00046,0.00029674,2048,91820.86,1787804350.761
2309,15.724,0.000835,0.00029633,2048,130246.76,1787804350.777
2310,15.554,0.000364,0.00029593,2048,131671.16,1787804350.793
2311,14.983,0.000601,0.00029552,2048,136686.42,1787804350.808
2312,15.327,0.000554,0.00029512,2048,133616.05,1787804350.823
2313,16.16,0.000528,0.00029471,2048,126731.1,1787804350.839
2314,20.901,0.000701,0.00029431,2048,97985.74,1787804350.861
2315,15.665,0.000482,0.0002939,2048,130740.65,1787804350.876
2316,15.41,0.000924,0.0002935,2048,132903.3,1787804350.892
2317,15.559,0.000443,0.0002931,2048,131629.69,1787804350.908
2318,17.117,0.0005,0.0002927,2048,119647.13,1787804350.925
2319,18.719,0.000915,0.00029229,2048,109407.55,1787804350.944
2320,16.789,0.0005,0.00029189,2048,121982.45,1787804350.961
2321,15.859,0.00038,0.00029149,2048,129138.03,1787804350.977
2322,16.946,0.000328,0.00029109,2048,120852.34,1787804350.994
2323,14.745,0.00052,0.00029069,2048,138890.77,1787804351.009
2324,17.855,0.000333,0.00029028,2048,114703.69,1787804351.027
2325,17.635,0.000263,0.00028988,2048,116135.98,1787804351.045
2326,14.914,0.000552,0.00028948,2048,137316.95,1787804351.06
2327,15.653,0.000724,0.00028908,2048,130834.2,1787804351.076
2328,25.868,0.000639,0.00028868,2048,79172.4,1787804351.102
2329,24.41,0.000649,0.00028828,2048,83899.7,1787804351.127
2330,23.293,0.001079,0.00028789,2048,87922.66,1787804351.15
2331,17.347,0.00093,0.00028749,2048,118062.12,1787804351.168
2332,14.744,0.000516,0.00028709,2048,138906.79,1787804351.182
2333,14.624,0.000523,0.00028669,2048,140046.64,1787804351.197
2334,14.997,0.00139,0.00028629,2048,136557.0,1787804351.212
2335,15.972,0.000844,0.00028589,2048,128221.98,1787804351.229
2336,15.967,0.000518,0.0002855,2048,128262.94,1787804351.245
2337,20.382,0.000371,0.0002851,2048,100482.79,1787804351.265
2338,20.81,0.000384,0.0002847,2048,98411.86,1787804351.286
2339,25.116,0.000526,0.00028431,2048,81541.97,1787804351.312
2340,16.217,0.000706,0.00028391,2048,126288.01,1787804351.328
2341,15.776,0.000313,0.00028351,2048,129814.98,1787804351.344
2342,15.353,0.0004,0.00028312,2048,133390.65,1787804351.36
2343,15.272,0.000378,0.00028272,2048,134101.62,1787804351.375
2344,15.297,0.000398,0.00028233,2048,133885.09,1787804351.39
2345,16.465,0.00043,0.00028194,2048,124382.04,1787804351.407
2346,25.286,0.000547,0.00028154,2048,80992.15,1787804351.433
2347,20.019,0.000353,0.00028115,2048,102305.37,1787804351.453
2348,20.755,0.000781,0.00028075,2048,98674.54,1787804351.474
2349,15.68,0.000776,0.00028036,2048,130609.75,1787804351.49
2350,15.288,0.00044,0.00027997,2048,133964.78,1787804351.505
2351,17.208,0.000377,0.00027958,2048,119015.79,1787804351.522
2352,26.723,0.000386,0.00027918,2048,76638.68,1787804351.549
2353,18.104,0.000415,0.00027879,2048,113122.3,1787804351.567
2354,16.319,0.000495,0.0002784,2048,125497.89,1787804351.584
2355,15.162,0.000409,0.00027801,2048,135077.2,1787804351.599
2356,15.587,0.000651,0.00027762,2048,131388.17,1787804351.615
2357,17.308,0.000772,0.00027723,2048,118325.42,1787804351.633
2358,14.701,0.000759,0.00027684,2048,139313.09,1787804351.647
2359,15.759,0.000518,0.00027645,2048,129959.13,1787804351.663
2360,15.013,0.00036,0.00027606,2048,136416.02,1787804351.679
2361,14.754,0.000276,0.00027567,2048,138807.93,1787804351.693
2362,15.474,0.000392,0.00027528,2048,132349.33,1787804351.709
2363,17.276,0.000428,0.00027489,2048,118548.7,1787804351.727
2364,15.474,0.000423,0.0002745,2048,132354.46,1787804351.742
2365,16.428,0.000464,0.00027411,2048,124668.24,1787804351.759
2366,15.521,0.00032,0.00027373,2048,131952.81,1787804351.775
2367,15.401,0.000448,0.00027334,2048,132975.79,1787804351.79
2368,15.658,0.001038,0.00027295,2048,130792.42,1787804351.806
2369,23.337,0.001044,0.00027257,2048,87758.01,1787804351.829
2370,16.412,0.000438,0.00027218,2048,124787.5,1787804351.846
2371,15.332,0.000578,0.00027179,2048,133578.58,1787804351.862
2372,15.784,0.000614,0.00027141,2048,129747.54,1787804351.877
2373,15.504,0.000595,0.00027102,2048,132094.94,1787804351.893
2374,16.09,0.000532,0.00027064,2048,127283.24,1787804351.909
2375,17.636,0.000401,0.00027025,2048,116129.4,1787804351.927
2376,16.413,0.000354,0.00026987,2048,124776.86,1787804351.944
2377,15.271,0.000722,0.00026948,2048,134111.28,1787804351.959
2378,15.195,0.000644,0.0002691,2048,134779.4,1787804351.975
2379,15.385,0.000521,0.00026872,2048,133118.4,1787804351.99
2380,14.865,0.000681,0.00026833,2048,137772.37,1787804352.005
2381,15.719,0.000549,0.00026795,2048,130287.36,1787804352.021
2382,19.006,0.000587,0.00026757,2048,107753.18,1787804352.04
2383,25.251,0.000395,0.00026719,2048,81104.09,1787804352.066
2384,16.165,0.000665,0.00026681,2048,126692.69,1787804352.082
2385,16.357,0.000358,0.00026642,2048,125209.4,1787804352.099
2386,16.628,0.000633,0.00026604,2048,123164.26,1787804352.115
2387,16.891,0.000613,0.00026566,2048,121248.0,1787804352.132
2388,18.883,0.000333,0.00026528,2048,108457.92,1787804352.151
2389,15.501,0.000338,0.0002649,2048,132122.21,1787804352.167
2390,15.431,0.000472,0.00026452,2048,132716.41,1787804352.183
2391,15.09,0.000566,0.00026414,2048,135721.72,1787804352.198
2392,15.452,0.000533,0.00026376,2048,132540.34,1787804352.213
2393,20.671,0.000391,0.00026339,2048,99076.96,1787804352.234
2394,22.163,0.000377,0.00026301,2048,92406.68,1787804352.257
2395,15.325,0.000562,0.00026263,2048,133637.85,1787804352.272
2396,15.114,0.000607,0.00026225,2048,135501.71,1787804352.287
2397,15.46,0.000593,0.00026188,2048,132470.04,1787804352.303
2398,15.707,0.000461,0.0002615,2048,130389.39,1787804352.319
2399,16.676,0.000354,0.00026112,2048,122812.7,1787804352.336
2400,20.909,0.000273,0.00026075,2048,97947.78,1787804352.357
2401,26.183,0.000502,0.00026037,2048,78218.39,1787804352.383
2402,26.854,0.000344,0.00025999,2048,76264.24,1787804352.41
2403,16.102,0.000586,0.00025962,2048,127192.33,1787804352.427
2404,21.229,0.000657,0.00025924,2048,96469.99,1787804352.448
2405,19.262,0.000383,0.00025887,2048,106321.12,1787804352.467
2406,16.106,0.000446,0.0002585,2048,127161.53,1787804352.484
2407,15.94,0.000311,0.00025812,2048,128481.81,1787804352.5
2408,17.506,0.000462,0.00025775,2048,116988.46,1787804352.518
2409,17.655,0.000442,0.00025738,2048,116001.79,1787804352.535
2410,15.807,0.000439,0.000257,2048,129561.21,1787804352.551
2411,16.869,0.000473,0.00025663,2048,121406.13,1787804352.568
2412,15.797,0.000341,0.00025626,2048,129642.41,1787804352.584
2413,17.843,0.000338,0.00025589,2048,114782.12,1787804352.602
2414,15.234,0.000388,0.00025552,2048,134440.54,1787804352.618
2415,16.683,0.000402,0.00025514,2048,122757.49,1787804352.635
2416,17.474,0.000427,0.00025477,2048,117205.38,1787804352.652
2417,16.466,0.000659,0.0002544,2048,124375.24,1787804352.669
2418,15.432,0.000346,0.00025403,2048,132708.67,1787804352.685
2419,15.478,0.000449,0.00025366,2048,132319.4,1787804352.7
2420,15.428,0.000418,0.00025329,2048,132748.24,1787804352.716
2421,16.662,0.00027,0.00025293,2048,122915.89,1787804352.733
2422,19.633,0.00065,0.00025256,2048,104315.76,1787804352.752
2423,26.836,0.000698,0.00025219,2048,76315.68,1787804352.779
2424,23.205,0.000538,0.00025182,2048,88258.36,1787804352.803
2425,28.404,0.000678,0.00025145,2048,72102.27,1787804352.831
2426,21.132,0.000498,0.00025109,2048,96913.26,1787804352.853
2427,15.346,0.000394,0.00025072,2048,133457.58,1787804352.868
2428,15.939,0.00039,0.00025035,2048,128487.45,1787804352.884
2429,15.97,0.000752,0.00024999,2048,128238.85,1787804352.901
2430,15.525,0.000351,0.00024962,2048,131914.56,1787804352.916
2431,17.638,0.000526,0.00024926,2048,116116.23,1787804352.934
2432,19.086,0.000483,0.00024889,2048,107304.91,1787804352.953
2433,17.758,0.000578,0.00024853,2048,115328.95,1787804352.971
2434,18.129,0.00042,0.00024816,2048,112968.17,1787804352.99
2435,16.572,0.000526,0.0002478,2048,123581.95,1787804353.006
2436,16.528,0.000335,0.00024743,2048,123907.94,1787804353.023
2437,17.295,0.000432,0.00024707,2048,118414.36,1787804353.041
2438,29.389,0.000313,0.00024671,2048,69686.89,1787804353.07
2439,25.476,0.000401,0.00024635,2048,80389.07,1787804353.096
2440,30.084,0.000276,0.00024598,2048,68075.37,1787804353.126
2441,17.136,0.000299,0.00024562,2048,119510.99,1787804353.143
2442,18.944,0.000515,0.00024526,2048,108108.68,1787804353.163
2443,15.075,0.000399,0.0002449,2048,135854.06,1787804353.178
2444,14.994,0.00048,0.00024454,2048,136590.7,1787804353.193
2445,14.969,0.000361,0.00024418,2048,136816.09,1787804353.208
2446,15.179,0.000342,0.00024382,2048,134918.81,1787804353.224
2447,18.051,0.000624,0.00024346,2048,113458.83,1787804353.242
2448,15.965,0.000399,0.0002431,2048,128280.61,1787804353.258
2449,17.075,0.000441,0.00024274,2048,119937.92,1787804353.275
2450,16.111,0.000377,0.00024238,2048,127122.06,1787804353.291
2451,19.304,0.000478,0.00024203,2048,106090.35,1787804353.311
2452,17.204,0.000646,0.00024167,2048,119044.85,1787804353.328
2453,15.511,0.000293,0.00024131,2048,132031.92,1787804353.344
2454,15.741,0.00043,0.00024095,2048,130104.44,1787804353.36
2455,15.305,0.000418,0.0002406,2048,133816.85,1787804353.375
2456,21.78,0.000329,0.00024024,2048,94031.65,1787804353.397
2457,18.552,0.000465,0.00023988,2048,110390.63,1787804353.417
2458,16.369,0.000491,0.00023953,2048,125112.25,1787804353.433
2459,16.876,0.000602,0.00023917,2048,121352.9,1787804353.45
2460,21.933,0.000325,0.00023882,2048,93373.15,1787804353.472
2461,17.183,0.000253,0.00023846,2048,119186.18,1787804353.489
2462,17.214,0.000528,0.00023811,2048,118972.93,1787804353.506
2463,16.04,0.000298,0.00023776,2048,127680.8,1787804353.523
2464,16.143,0.000367,0.0002374,2048,126869.28,1787804353.539
2465,19.601,0.000313,0.00023705,2048,104483.4,1787804353.559
2466,18.209,0.000438,0.0002367,2048,112473.09,1787804353.577
2467,18.873,0.000486,0.00023635,2048,108514.81,1787804353.596
2468,15.253,0.000402,0.00023599,2048,134264.27,1787804353.612
2469,15.544,0.000466,0.00023564,2048,131755.02,1787804353.627
2470,16.885,0.00044,0.00023529,2048,121289.65,1787804353.645
2471,16.892,0.000434,0.00023494,2048,121242.98,1787804353.662
2472,18.002,0.000414,0.00023459,2048,113764.51,1787804353.68
2473,17.047,0.000652,0.00023424,2048,120137.74,1787804353.697
2474,16.272,0.000537,0.00023389,2048,125863.47,1787804353.714
2475,19.451,0.000388,0.00023354,2048,105289.67,1787804353.733
2476,17.619,0.000387,0.00023319,2048,116237.49,1787804353.751
2477,18.272,0.000523,0.00023284,2048,112082.84,1787804353.769
2478,15.871,0.000408,0.0002325,2048,129042.83,1787804353.785
2479,15.369,0.000492,0.00023215,2048,133256.99,1787804353.801
2480,15.258,0.000669,0.0002318,2048,134226.43,1787804353.816
2481,15.914,0.001075,0.00023146,2048,128691.72,1787804353.832
2482,17.447,0.001215,0.00023111,2048,117382.73,1787804353.85
2483,25.217,0.000303,0.00023076,2048,81215.7,1787804353.875
2484,17.902,0.000514,0.00023042,2048,114403.18,1787804353.893
2485,16.847,0.000468,0.00023007,2048,121565.39,1787804353.911
2486,17.21,0.000525,0.00022973,2048,119003.35,1787804353.928
2487,16.302,0.000375,0.00022938,2048,125629.53,1787804353.945
2488,16.603,0.000376,0.00022904,2048,123351.2,1787804353.962
2489,31.438,0.000661,0.00022869,2048,65143.89,1787804353.993
2490,33.433,0.000619,0.00022835,2048,61256.84,1787804354.026
2491,26.566,0.000286,0.00022801,2048,77092.47,1787804354.053
2492,16.25,0.000727,0.00022766,2048,126026.89,1787804354.07
2493,17.155,0.000323,0.00022732,2048,119384.89,1787804354.087
2494,26.012,0.00028,0.00022698,2048,78734.1,1787804354.114
2495,25.111,0.000301,0.00022664,2048,81558.21,1787804354.139
2496,20.163,0.000481,0.0002263,2048,101569.67,1787804354.159
2497,23.889,0.000322,0.00022596,2048,85729.12,1787804354.184
2498,25.625,0.000315,0.00022562,2048,79921.33,1787804354.209
2499,17.651,0.000507,0.00022528,2048,116025.45,1787804354.227
2500,17.902,0.000394,0.00022494,2048,114398.71,1787804354.245
2501,18.154,0.000284,0.0002246,2048,112814.47,1787804354.264
2502,18.39,0.000303,0.00022426,2048,111365.48,1787804354.282
2503,16.608,0.000354,0.00022392,2048,123314.07,1787804354.298
2504,15.726,0.000232,0.00022358,2048,130227.71,1787804354.314
2505,16.46,0.00029,0.00022324,2048,124422.84,1787804354.331
2506,16.946,0.000223,0.00022291,2048,120856.62,1787804354.348
2507,23.96,0.000251,0.00022257,2048,85477.58,1787804354.372
2508,20.568,0.000324,0.00022223,2048,99571.18,1787804354.393
2509,29.112,0.000372,0.0002219,2048,70349.96,1787804354.422
2510,29.059,0.000352,0.00022156,2048,70476.82,1787804354.452
2511,15.25,0.000402,0.00022123,2048,134295.08,1787804354.467
2512,15.692,0.000232,0.00022089,2048,130512.36,1787804354.483
2513,14.753,0.000534,0.00022056,2048,138820.16,1787804354.498
2514,14.92,0.000332,0.00022022,2048,137261.74,1787804354.513
2515,14.837,0.000399,0.00021989,2048,138035.16,1787804354.528
2516,14.811,0.000413,0.00021955,2048,138275.61,1787804354.543
2517,15.127,0.000355,0.00021922,2048,135383.48,1787804354.558
2518,31.673,0.000351,0.00021889,2048,64660.55,1787804354.59
2519,16.53,0.000339,0.00021856,2048,123896.7,1787804354.607
2520,22.333,0.000367,0.00021823,2048,91703.27,1787804354.629
2521,21.64,0.0004,0.00021789,2048,94638.24,1787804354.651
2522,17.186,0.000402,0.00021756,2048,119163.99,1787804354.669
2523,16.702,0.000371,0.00021723,2048,122620.05,1787804354.685
2524,17.27,0.000388,0.0002169,2048,118584.4,1787804354.703
2525,15.791,0.000341,0.00021657,2048,129690.84,1787804354.719
2526,15.48,0.000266,0.00021624,2048,132296.32,1787804354.734
2527,16.261,0.00038,0.00021591,2048,125943.19,1787804354.751
2528,16.816,0.000408,0.00021558,2048,121788.77,1787804354.768
2529,17.524,0.000349,0.00021526,2048,116870.96,1787804354.785
2530,19.06,0.000319,0.00021493,2048,107449.59,1787804354.805
2531,17.656,0.000315,0.0002146,2048,115994.56,1787804354.823
2532,15.421,0.000696,0.00021427,2048,132805.05,1787804354.838
2533,15.631,0.000406,0.00021395,2048,131020.85,1787804354.854
2534,17.743,0.00026,0.00021362,2048,115423.2,1787804354.872
2535,15.473,0.000345,0.0002133,2048,132356.17,1787804354.888
2536,15.462,0.000354,0.00021297,2048,132449.48,1787804354.903
2537,15.317,0.000318,0.00021264,2048,133709.39,1787804354.919
2538,15.465,0.000251,0.00021232,2048,132430.63,1787804354.934
2539,15.524,0.000407,0.000212,2048,131921.36,1787804354.95
2540,19.598,0.000213,0.00021167,2048,104500.46,1787804354.97
2541,21.805,0.000335,0.00021135,2048,93922.98,1787804354.992
2542,16.27,0.000224,0.00021103,2048,125878.94,1787804355.009
2543,17.018,0.000285,0.0002107,2048,120340.34,1787804355.026
2544,15.704,0.000353,0.00021038,2048,130410.14,1787804355.042
2545,18.725,0.000263,0.00021006,2048,109374.83,1787804355.061
2546,17.274,0.000403,0.00020974,2048,118562.43,1787804355.078
2547,17.813,0.000202,0.00020942,2048,114975.44,1787804355.096
2548,18.793,0.000407,0.0002091,2048,108976.17,1787804355.115
2549,17.597,0.000262,0.00020878,2048,116382.15,1787804355.133
2550,15.795,0.000448,0.00020846,2048,129659.64,1787804355.149
2551,23.618,0.000633,0.00020814,2048,86714.26,1787804355.172
2552,15.912,0.000386,0.00020782,2048,128705.47,1787804355.189
2553,15.387,0.000234,0.0002075,2048,133097.64,1787804355.204
2554,15.46,0.000467,0.00020718,2048,132469.18,1787804355.22
2555,15.986,0.000254,0.00020686,2048,128109.69,1787804355.236
2556,15.268,0.000435,0.00020655,2048,134140.27,1787804355.251
2557,17.917,0.000493,0.00020623,2048,114302.3,1787804355.269
2558,16.666,0.000382,0.00020591,2048,122883.44,1787804355.286
2559,15.807,0.000407,0.0002056,2048,129563.67,1787804355.302
2560,16.742,0.000266,0.00020528,2048,122324.16,1787804355.319
2561,16.633,0.000303,0.00020496,2048,123126.5,1787804355.336
2562,15.234,0.000293,0.00020465,2048,134436.13,1787804355.351
2563,17.111,0.00038,0.00020434,2048,119691.19,1787804355.369
2564,19.456,0.000442,0.00020402,2048,105265.32,1787804355.388
2565,27.819,0.000787,0.00020371,2048,73619.01,1787804355.416
2566,38.401,0.000701,0.00020339,2048,53331.81,1787804355.456
2567,19.051,0.000381,0.00020308,2048,107500.35,1787804355.475
2568,18.212,0.000452,0.00020277,2048,112451.47,1787804355.494
2569,15.685,0.0003,0.00020246,2048,130567.28,1787804355.51
2570,15.695,0.000294,0.00020215,2048,130484.09,1787804355.526
2571,15.642,0.0003,0.00020183,2048,130932.06,1787804355.541
2572,16.508,0.000386,0.00020152,2048,124060.31,1787804355.558
2573,24.032,0.000364,0.00020121,2048,85218.29,1787804355.582
2574,15.025,0.00051,0.0002009,2048,136308.88,1787804355.597
2575,15.031,0.000354,0.00020059,2048,136248.12,1787804355.613
2576,15.249,0.000517,0.00020028,2048,134307.41,1787804355.628
2577,15.51,0.00031,0.00019998,2048,132042.14,1787804355.644
2578,15.003,0.00037,0.00019967,2048,136506.03,1787804355.659
2579,15.663,0.000593,0.00019936,2048,130755.68,1787804355.675
2580,15.161,0.000372,0.00019905,2048,135087.0,1787804355.69
2581,14.816,0.00044,0.00019874,2048,138232.67,1787804355.705
2582,14.563,0.000333,0.00019844,2048,140629.4,1787804355.72
2583,15.038,0.000487,0.00019813,2048,136185.61,1787804355.735
2584,16.152,0.00026,0.00019783,2048,126797.01,1787804355.751
2585,20.14,0.000466,0.00019752,2048,101689.7,1787804355.772
2586,16.48,0.000442,0.00019722,2048,124274.86,1787804355.788
2587,16.7,0.000433,0.00019691,2048,122632.53,1787804355.805
2588,16.703,0.000496,0.00019661,2048,122615.64,1787804355.822
2589,25.546,0.000425,0.0001963,2048,80169.42,1787804355.848
2590,18.702,0.000367,0.000196,2048,109504.66,1787804355.867
2591,16.274,0.000382,0.0001957,2048,125843.36,1787804355.883
2592,15.575,0.000291,0.0001954,2048,131494.47,1787804355.899
2593,15.323,0.000445,0.00019509,2048,133657.91,1787804355.914
2594,15.396,0.000569,0.00019479,2048,133024.16,1787804355.93
2595,15.173,0.000367,0.00019449,2048,134978.38,1787804355.945
2596,15.888,0.00026,0.00019419,2048,128903.94,1787804355.961
2597,17.653,0.000419,0.00019389,2048,116013.62,1787804355.979
2598,20.062,0.000434,0.00019359,2048,102084.05,1787804355.999
2599,17.065,0.0005,0.00019329,2048,120015.24,1787804356.016
2600,17.813,0.000424,0.00019299,2048,114969.63,1787804356.034
2601,18.038,0.000471,0.00019269,2048,113536.2,1787804356.053
2602,19.201,0.000439,0.00019239,2048,106662.78,1787804356.072
2603,26.237,0.000774,0.0001921,2048,78058.3,1787804356.098
2604,18.505,0.000346,0.0001918,2048,110669.8,1787804356.118
2605,26.519,0.000389,0.0001915,2048,77226.48,1787804356.144
2606,17.645,0.000309,0.00019121,2048,116068.19,1787804356.162
2607,21.445,0.0005,0.00019091,2048,95501.45,1787804356.184
2608,34.142,0.000455,0.00019061,2048,59984.24,1787804356.218
2609,21.375,0.000267,0.00019032,2048,95813.76,1787804356.239
2610,16.782,0.00037,0.00019002,2048,122036.97,1787804356.257
2611,16.341,0.000473,0.00018973,2048,125326.63,1787804356.273
2612,29.88,0.001008,0.00018944,2048,68540.37,1787804356.304
2613,20.928,0.000553,0.00018914,2048,97857.92,1787804356.325
2614,15.242,0.000461,0.00018885,2048,134361.16,1787804356.34
2615,14.823,0.000418,0.00018856,2048,138161.8,1787804356.355
2616,18.788,0.000369,0.00018826,2048,109004.01,1787804356.374
2617,25.315,0.000555,0.00018797,2048,80900.97,1787804356.4
2618,27.43,0.00034,0.00018768,2048,74661.69,1787804356.427
2619,25.244,0.000351,0.00018739,2048,81127.55,1787804356.453
2620,17.608,0.001121,0.0001871,2048,116312.09,1787804356.47
2621,18.527,0.000509,0.00018681,2048,110538.99,1787804356.489
2622,22.715,0.000745,0.00018652,2048,90159.5,1787804356.512
2623,17.66,0.00049,0.00018623,2048,115967.63,1787804356.53
2624,21.715,0.000671,0.00018594,2048,94312.69,1787804356.552
2625,23.35,0.000299,0.00018565,2048,87706.9,1787804356.575
2626,32.224,0.000346,0.00018537,2048,63554.52,1787804356.608
2627,27.724,0.000335,0.00018508,2048,73870.21,1787804356.635
2628,25.924,0.000359,0.00018479,2048,78999.54,1787804356.662
2629,15.578,0.000451,0.00018451,2048,131468.3,1787804356.677
2630,15.957,0.000541,0.00018422,2048,128344.93,1787804356.693
2631,15.542,0.000469,0.00018393,2048,131771.13,1787804356.709
2632,15.461,0.001031,0.00018365,2048,132464.04,1787804356.725
2633,15.322,0.000788,0.00018336,2048,133667.5,1787804356.74
2634,14.944,0.000378,0.00018308,2048,137041.3,1787804356.755
2635,15.35,0.000458,0.00018279,2048,133416.72,1787804356.771
2636,17.064,0.000299,0.00018251,2048,120022.27,1787804356.788
2637,15.096,0.000428,0.00018223,2048,135669.57,1787804356.803
2638,25.112,0.000278,0.00018195,2048,81553.66,1787804356.829
2639,27.235,0.000371,0.00018166,2048,75196.8,1787804356.856
2640,26.662,0.000967,0.00018138,2048,76812.58,1787804356.883
2641,28.187,0.00032,0.0001811,2048,72658.64,1787804356.911
2642,29.149,0.000339,0.00018082,2048,70258.74,1787804356.941
2643,25.783,0.000351,0.00018054,2048,79431.26,1787804356.967
2644,21.509,0.000329,0.00018026,2048,95215.07,1787804356.988
2645,17.746,0.000349,0.00017998,2048,115408.89,1787804357.006
2646,30.325,0.000532,0.0001797,2048,67535.26,1787804357.036
2647,28.761,0.000686,0.00017942,2048,71206.8,1787804357.066
2648,24.507,0.000388,0.00017914,2048,83567.62,1787804357.091
2649,15.49,0.000626,0.00017887,2048,132216.89,1787804357.106
2650,15.61,0.0003,0.00017859,2048,131200.47,1787804357.122
2651,16.904,0.000342,0.00017831,2048,121158.34,1787804357.139
2652,27.44,0.000331,0.00017803,2048,74635.57,1787804357.167
2653,20.653,0.000361,0.00017776,2048,99162.83,1787804357.188
2654,20.562,0.000352,0.00017748,2048,99601.69,1787804357.208
2655,29.127,0.000252,0.00017721,2048,70313.73,1787804357.238
2656,27.464,0.000514,0.00017693,2048,74569.53,1787804357.265
2657,26.561,0.00035,0.00017666,2048,77106.11,1787804357.292
2658,15.522,0.000493,0.00017638,2048,131941.76,1787804357.308
2659,15.499,0.000311,0.00017611,2048,132133.29,1787804357.323
2660,15.355,0.000348,0.00017584,2048,133373.28,1787804357.339
2661,15.317,0.000341,0.00017557,2048,133707.65,1787804357.354
2662,15.7,0.000522,0.00017529,2048,130449.18,1787804357.37
2663,18.507,0.000304,0.00017502,2048,110661.43,1787804357.389
2664,24.081,0.000249,0.00017475,2048,85046.3,1787804357.413
2665,18.182,0.000298,0.00017448,2048,112641.35,1787804357.432
2666,16.297,0.000431,0.00017421,2048,125668.07,1787804357.448
2667,14.708,0.000274,0.00017394,2048,139245.84,1787804357.463
2668,15.672,0.000369,0.00017367,2048,130683.09,1787804357.479
2669,18.131,0.000284,0.0001734,2048,112953.84,1787804357.497
2670,21.059,0.000269,0.00017313,2048,97251.51,1787804357.518
2671,32.181,0.000339,0.00017287,2048,63640.63,1787804357.551
2672,35.573,0.00034,0.0001726,2048,57570.94,1787804357.586
2673,20.861,0.000391,0.00017233,2048,98173.63,1787804357.607
2674,15.429,0.000388,0.00017206,2048,132738.77,1787804357.623
2675,15.608,0.000281,0.0001718,2048,131211.4,1787804357.639
2676,17.181,0.000248,0.00017153,2048,119197.97,1787804357.656
2677,16.491,0.000291,0.00017127,2048,124192.72,1787804357.673
2678,18.909,0.000493,0.000171,2048,108310.5,1787804357.692
2679,24.691,0.000232,0.00017074,2048,82945.2,1787804357.717
2680,27.746,0.00032,0.00017047,2048,73812.18,1787804357.745
2681,29.217,0.000273,0.00017021,2048,70095.46,1787804357.774
2682,27.046,0.00038,0.00016995,2048,75723.12,1787804357.801
2683,17.924,0.000307,0.00016968,2048,114260.85,1787804357.819
2684,15.573,0.000308,0.00016942,2048,131506.29,1787804357.835
2685,17.222,0.00036,0.00016916,2048,118915.59,1787804357.853
2686,14.8,0.000705,0.0001689,2048,138381.18,1787804357.867
2687,14.896,0.0005,0.00016864,2048,137483.81,1787804357.883
2688,17.596,0.000357,0.00016838,2048,116387.44,1787804357.9
2689,17.977,0.000282,0.00016812,2048,113924.61,1787804357.918
2690,16.82,0.000308,0.00016786,2048,121761.98,1787804357.935
2691,17.501,0.00034,0.0001676,2048,117018.54,1787804357.953
2692,14.961,0.000369,0.00016734,2048,136884.67,1787804357.968
2693,15.779,0.000207,0.00016708,2048,129796.05,1787804357.984
2694,17.046,0.000474,0.00016683,2048,120144.78,1787804358.001
2695,15.466,0.000288,0.00016657,2048,132423.78,1787804358.017
2696,14.392,0.000796,0.00016631,2048,142304.25,1787804358.032
2697,14.812,0.000307,0.00016606,2048,138262.54,1787804358.047
2698,15.505,0.000337,0.0001658,2048,132083.87,1787804358.062
2699,16.14,0.000348,0.00016554,2048,126893.65,1787804358.079
2700,16.078,0.000287,0.00016529,2048,127380.61,1787804358.095
2701,32.031,0.000285,0.00016504,2048,63938.26,1787804358.127
2702,18.823,0.000518,0.00016478,2048,108805.37,1787804358.146
2703,17.65,0.000692,0.00016453,2048,116033.99,1787804358.164
2704,15.97,0.000406,0.00016427,2048,128238.04,1787804358.18
2705,17.517,0.000471,0.00016402,2048,116917.67,1787804358.197
2706,25.844,0.000926,0.00016377,2048,79243.78,1787804358.223
2707,28.769,0.000349,0.00016352,2048,71187.24,1787804358.252
2708,28.322,0.000329,0.00016327,2048,72310.51,1787804358.281
2709,21.672,0.000265,0.00016302,2048,94499.38,1787804358.303
2710,16.452,0.000636,0.00016277,2048,124486.37,1787804358.32
2711,15.607,0.000357,0.00016252,2048,131219.81,1787804358.335
2712,14.74,0.000408,0.00016227,2048,138943.54,1787804358.35
2713,15.144,0.000319,0.00016202,2048,135236.86,1787804358.366
2714,15.606,0.000366,0.00016177,2048,131232.42,1787804358.381
2715,17.822,0.000267,0.00016152,2048,114917.37,1787804358.4
2716,21.407,0.00059,0.00016127,2048,95671.88,1787804358.421
2717,16.097,0.000339,0.00016103,2048,127229.47,1787804358.438
2718,15.618,0.00041,0.00016078,2048,131129.07,1787804358.453
2719,16.447,0.000358,0.00016053,2048,124524.22,1787804358.47
2720,16.337,0.000458,0.00016029,2048,125360.38,1787804358.487
2721,16.621,0.000275,0.00016004,2048,123216.13,1787804358.503
2722,21.048,0.000405,0.0001598,2048,97299.56,1787804358.525
2723,18.728,0.000245,0.00015955,2048,109354.98,1787804358.543
2724,16.606,0.000449,0.00015931,2048,123331.15,1787804358.56
2725,15.585,0.000344,0.00015907,2048,131410.09,1787804358.576
2726,15.516,0.000306,0.00015882,2048,131991.08,1787804358.592
2727,17.649,0.000368,0.00015858,2048,116042.54,1787804358.609
2728,20.001,0.000592,0.00015834,2048,102394.88,1787804358.63
2729,18.151,0.00054,0.0001581,2048,112831.87,1787804358.648
2730,16.726,0.000672,0.00015786,2048,122446.3,1787804358.665
2731,16.727,0.000346,0.00015762,2048,122439.71,1787804358.682
2732,18.722,0.000245,0.00015738,2048,109392.36,1787804358.701
2733,18.841,0.000305,0.00015714,2048,108699.69,1787804358.72
2734,15.161,0.000347,0.0001569,2048,135086.11,1787804358.735
2735,15.0,0.000374,0.00015666,2048,136537.88,1787804358.75
2736,14.933,0.00055,0.00015642,2048,137146.84,1787804358.765
2737,19.765,0.000488,0.00015618,2048,103615.93,1787804358.785
2738,19.66,0.000998,0.00015595,2048,104168.26,1787804358.805
2739,15.82,0.000732,0.00015571,2048,129458.02,1787804358.821
2740,15.012,0.000293,0.00015547,2048,136425.1,1787804358.836
2741,15.116,0.000478,0.00015524,2048,135483.79,1787804358.851
2742,15.649,0.000794,0.000155,2048,130873.49,1787804358.867
2743,14.818,0.000376,0.00015477,2048,138208.42,1787804358.882
2744,15.553,0.000285,0.00015453,2048,131681.32,1787804358.898
2745,16.52,0.000349,0.0001543,2048,123968.69,1787804358.915
2746,15.869,0.000437,0.00015406,2048,129052.59,1787804358.931
2747,14.446,0.00043,0.00015383,2048,141765.42,1787804358.945
2748,14.842,0.000396,0.0001536,2048,137985.86,1787804358.96
2749,14.864,0.000954,0.00015337,2048,137786.27,1787804358.976
2750,18.421,0.00052,0.00015314,2048,111179.27,1787804358.994
2751,19.899,0.0006,0.0001529,2048,102919.74,1787804359.014
2752,15.285,0.000337,0.00015267,2048,133984.94,1787804359.03
2753,15.83,0.000442,0.00015244,2048,129375.42,1787804359.046
2754,15.585,0.000328,0.00015221,2048,131407.56,1787804359.062
2755,15.469,0.000337,0.00015198,2048,132394.68,1787804359.077
2756,20.73,0.000267,0.00015176,2048,98794.49,1787804359.098
2757,30.907,0.000256,0.00015153,2048,66262.66,1787804359.129
2758,17.743,0.000997,0.0001513,2048,115424.5,1787804359.147
2759,15.239,0.000409,0.00015107,2048,134393.78,1787804359.163
2760,15.213,0.000409,0.00015085,2048,134626.13,1787804359.178
2761,15.751,0.000502,0.00015062,2048,130022.66,1787804359.194
2762,20.879,0.000397,0.00015039,2048,98088.05,1787804359.215
2763,14.865,0.000368,0.00015017,2048,137769.59,1787804359.23
2764,15.383,0.00044,0.00014994,2048,133130.52,1787804359.246
2765,16.478,0.000408,0.00014972,2048,124286.17,1787804359.262
2766,19.481,0.000304,0.00014949,2048,105130.77,1787804359.282
2767,20.873,0.000367,0.00014927,2048,98115.3,1787804359.303
2768,17.557,0.000488,0.00014905,2048,116649.3,1787804359.321
2769,19.75,0.000335,0.00014882,2048,103695.68,1787804359.341
2770,16.211,0.000469,0.0001486,2048,126331.63,1787804359.357
2771,18.781,0.0007,0.00014838,2048,109045.22,1787804359.376
2772,16.349,0.000298,0.00014816,2048,125271.43,1787804359.393
2773,24.435,0.000297,0.00014794,2048,83815.57,1787804359.417
2774,26.638,0.000337,0.00014772,2048,76884.09,1787804359.444
2775,26.391,0.000387,0.0001475,2048,77603.39,1787804359.47
2776,25.253,0.000286,0.00014728,2048,81098.31,1787804359.496
2777,21.805,0.000275,0.00014706,2048,93925.13,1787804359.518
2778,16.437,0.000347,0.00014684,2048,124596.19,1787804359.534
2779,15.173,0.000406,0.00014662,2048,134974.82,1787804359.55
2780,18.913,0.000426,0.00014641,2048,108283.59,1787804359.568
2781,15.581,0.000498,0.00014619,2048,131440.45,1787804359.584
2782,15.267,0.000275,0.00014597,2048,134146.42,1787804359.599
2783,16.39,0.000476,0.00014576,2048,124958.05,1787804359.616
2784,19.058,0.000485,0.00014554,2048,107464.25,1787804359.635
2785,18.178,0.000374,0.00014533,2048,112661.8,1787804359.654
2786,20.301,0.000357,0.00014511,2048,100882.23,1787804359.675
2787,15.812,0.000397,0.0001449,2048,129519.42,1787804359.691
2788,16.414,0.000569,0.00014469,2048,124771.54,1787804359.707
2789,15.578,0.000446,0.00014447,2048,131466.61,1787804359.723
2790,22.805,0.000506,0.00014426,2048,89804.87,1787804359.746
2791,28.71,0.000404,0.00014405,2048,71335.02,1787804359.775
2792,27.884,0.000509,0.00014384,2048,73445.82,1787804359.803
2793,19.644,0.000608,0.00014363,2048,104255.75,1787804359.823
2794,28.023,0.000911,0.00014341,2048,73083.09,1787804359.851
2795,25.934,0.000386,0.0001432,2048,78970.91,1787804359.878
2796,28.742,0.000375,0.000143,2048,71253.62,1787804359.907
2797,15.568,0.000466,0.00014279,2048,131547.68,1787804359.923
2798,15.024,0.000682,0.00014258,2048,136314.32,1787804359.938
2799,15.137,0.000343,0.00014237,2048,135294.93,1787804359.953
2800,14.554,0.000468,0.00014216,2048,140719.26,1787804359.968
2801,27.868,0.000407,0.00014195,2048,73488.25,1787804359.996
2802,20.661,0.000495,0.00014175,2048,99122.99,1787804360.016
2803,18.244,0.000402,0.00014154,2048,112256.7,1787804360.035
2804,30.125,0.000305,0.00014134,2048,67984.08,1787804360.065
2805,15.255,0.000627,0.00014113,2048,134251.95,1787804360.08
2806,17.379,0.000639,0.00014093,2048,117842.02,1787804360.098
2807,17.108,0.000496,0.00014072,2048,119707.28,1787804360.115
2808,23.142,0.000443,0.00014052,2048,88497.1,1787804360.139
2809,28.755,0.000588,0.00014031,2048,71221.65,1787804360.168
2810,30.156,0.000499,0.00014011,2048,67914.42,1787804360.198
2811,18.682,0.000485,0.00013991,2048,109622.48,1787804360.217
2812,20.213,0.000437,0.00013971,2048,101318.93,1787804360.237
2813,15.636,0.000505,0.00013951,2048,130980.63,1787804360.253
2814,15.419,0.000466,0.0001393,2048,132821.42,1787804360.268
2815,15.461,0.000393,0.0001391,2048,132460.61,1787804360.284
2816,17.748,0.000405,0.0001389,2048,115390.68,1787804360.303
2817,20.592,0.000814,0.00013871,2048,99455.62,1787804360.324
2818,15.758,0.000537,0.00013851,2048,129964.91,1787804360.339
2819,16.18,0.000548,0.00013831,2048,126576.02,1787804360.356
2820,15.852,0.000504,0.00013811,2048,129194.24,1787804360.372
2821,15.688,0.000373,0.00013791,2048,130546.47,1787804360.388
2822,16.411,0.000598,0.00013772,2048,124792.82,1787804360.404
2823,17.942,0.000457,0.00013752,2048,114143.67,1787804360.422
2824,26.205,0.000365,0.00013732,2048,78153.62,1787804360.448
2825,17.068,0.000527,0.00013713,2048,119992.03,1787804360.466
2826,17.003,0.00063,0.00013693,2048,120447.21,1787804360.483
2827,16.873,0.000363,0.00013674,2048,121378.79,1787804360.5
2828,17.546,0.000354,0.00013654,2048,116720.43,1787804360.518
2829,16.565,0.000353,0.00013635,2048,123636.41,1787804360.534
2830,15.991,0.000476,0.00013616,2048,128071.24,1787804360.55
2831,15.836,0.000395,0.00013596,2048,129323.95,1787804360.567
2832,16.706,0.000495,0.00013577,2048,122589.22,1787804360.584
2833,26.512,0.000507,0.00013558,2048,77247.75,1787804360.61
2834,15.71,0.000477,0.00013539,2048,130366.97,1787804360.626
2835,16.149,0.000384,0.0001352,2048,126822.14,1787804360.643
2836,16.204,0.000315,0.00013501,2048,126387.77,1787804360.659
2837,15.673,0.000622,0.00013482,2048,130670.58,1787804360.675
2838,15.88,0.000417,0.00013463,2048,128969.69,1787804360.691
2839,15.562,0.000731,0.00013444,2048,131604.31,1787804360.707
2840,16.409,0.000446,0.00013425,2048,124807.27,1787804360.723
2841,17.277,0.0007,0.00013407,2048,118542.53,1787804360.741
2842,16.143,0.000607,0.00013388,2048,126866.13,1787804360.757
2843,17.084,0.000586,0.00013369,2048,119879.65,1787804360.774
2844,16.87,0.000413,0.00013351,2048,121398.93,1787804360.791
2845,19.791,0.000436,0.00013332,2048,103481.38,1787804360.811
2846,18.317,0.000874,0.00013314,2048,111810.53,1787804360.83
2847,15.667,0.000617,0.00013295,2048,130724.79,1787804360.846
2848,24.992,0.000446,0.00013277,2048,81945.24,1787804360.871
2849,28.123,0.000639,0.00013258,2048,72821.92,1787804360.899
2850,20.518,0.000405,0.0001324,2048,99815.28,1787804360.92
2851,15.312,0.000417,0.00013222,2048,133749.56,1787804360.935
2852,14.822,0.000527,0.00013204,2048,138175.78,1787804360.95
2853,15.084,0.000403,0.00013185,2048,135775.71,1787804360.965
2854,16.389,0.00071,0.00013167,2048,124958.81,1787804360.982
2855,15.476,0.000403,0.00013149,2048,132337.36,1787804360.998
2856,15.366,0.000508,0.00013131,2048,133280.4,1787804361.013
2857,20.334,0.000618,0.00013113,2048,100718.01,1787804361.034
2858,22.609,0.00086,0.00013095,2048,90584.6,1787804361.057
2859,16.434,0.000545,0.00013077,2048,124617.42,1787804361.073
2860,16.476,0.000547,0.0001306,2048,124299.0,1787804361.09
2861,20.141,0.000568,0.00013042,2048,101683.13,1787804361.11
2862,21.987,0.000556,0.00013024,2048,93148.07,1787804361.132
2863,15.88,0.000587,0.00013006,2048,128968.88,1787804361.148
2864,15.595,0.000406,0.00012989,2048,131326.67,1787804361.164
2865,15.533,0.000412,0.00012971,2048,131844.93,1787804361.18
2866,15.399,0.000578,0.00012954,2048,132997.38,1787804361.195
2867,22.362,0.000681,0.00012936,2048,91582.3,1787804361.218
2868,20.482,0.000323,0.00012919,2048,99990.23,1787804361.238
2869,16.618,0.000464,0.00012902,2048,123242.83,1787804361.255
2870,37.425,0.000618,0.00012884,2048,54722.93,1787804361.293
2871,29.306,0.000902,0.00012867,2048,69883.78,1787804361.322
2872,16.371,0.000801,0.0001285,2048,125099.26,1787804361.339
2873,14.841,0.000558,0.00012833,2048,137992.37,1787804361.354
2874,15.123,0.00079,0.00012815,2048,135427.34,1787804361.369
2875,15.195,0.000689,0.00012798,2048,134784.73,1787804361.385
2876,14.966,0.000619,0.00012781,2048,136843.51,1787804361.4
2877,19.621,0.000537,0.00012764,2048,104375.83,1787804361.419
2878,16.178,0.000386,0.00012748,2048,126588.54,1787804361.436
2879,15.923,0.000518,0.00012731,2048,128616.56,1787804361.452
2880,16.56,0.000517,0.00012714,2048,123669.26,1787804361.469
2881,16.235,0.000824,0.00012697,2048,126147.21,1787804361.485
2882,20.987,0.000864,0.0001268,2048,97584.22,1787804361.506
2883,22.805,0.000538,0.00012664,2048,89803.29,1787804361.529
2884,17.45,0.000366,0.00012647,2048,117361.21,1787804361.547
2885,17.434,0.00049,0.00012631,2048,117474.3,1787804361.565
2886,22.89,0.000559,0.00012614,2048,89470.21,1787804361.588
2887,15.853,0.000559,0.00012598,2048,129185.27,1787804361.604
2888,15.891,0.000568,0.00012581,2048,128879.6,1787804361.62
2889,21.655,0.000304,0.00012565,2048,94572.69,1787804361.642
2890,23.599,0.000477,0.00012548,2048,86783.34,1787804361.665
2891,16.053,0.000609,0.00012532,2048,127578.19,1787804361.681
2892,14.565,0.000661,0.00012516,2048,140607.19,1787804361.696
2893,16.184,0.000723,0.000125,2048,126541.61,1787804361.712
2894,18.568,0.000407,0.00012484,2048,110297.88,1787804361.731
2895,16.312,0.000622,0.00012468,2048,125547.89,1787804361.748
2896,20.347,0.000451,0.00012452,2048,100653.16,1787804361.768
2897,18.908,0.000582,0.00012436,2048,108315.66,1787804361.787
2898,16.626,0.000385,0.0001242,2048,123181.3,1787804361.804
2899,18.72,0.000378,0.00012404,2048,109402.29,1787804361.823
2900,19.678,0.000439,0.00012388,2048,104077.73,1787804361.843
2901,16.63,0.00055,0.00012372,2048,123147.23,1787804361.86
2902,19.03,0.000346,0.00012357,2048,107618.98,1787804361.879
2903,19.214,0.000621,0.00012341,2048,106591.16,1787804361.899
2904,15.725,0.00103,0.00012325,2048,130240.13,1787804361.915
2905,15.754,0.000672,0.0001231,2048,129994.61,1787804361.931
2906,23.986,0.000441,0.00012294,2048,85382.43,1787804361.955
2907,28.904,0.00053,0.00012279,2048,70855.98,1787804361.984
2908,28.546,0.00048,0.00012264,2048,71745.11,1787804362.013
2909,23.319,0.000631,0.00012248,2048,87826.88,1787804362.036
2910,15.896,0.000571,0.00012233,2048,128839.88,1787804362.052
2911,14.366,0.000396,0.00012218,2048,142554.85,1787804362.067
2912,14.881,0.000339,0.00012202,2048,137626.09,1787804362.082
2913,14.824,0.000348,0.00012187,2048,138149.69,1787804362.097
2914,15.085,0.000326,0.00012172,2048,135766.7,1787804362.112
2915,16.003,0.000438,0.00012157,2048,127974.41,1787804362.128
2916,15.663,0.0004,0.00012142,2048,130753.17,1787804362.144
2917,15.23,0.000488,0.00012127,2048,134471.44,1787804362.159
2918,15.454,0.000377,0.00012112,2048,132524.9,1787804362.175
2919,16.242,0.000307,0.00012098,2048,126092.07,1787804362.191
2920,15.61,0.000366,0.00012083,2048,131197.11,1787804362.207
2921,16.039,0.000436,0.00012068,2048,127691.94,1787804362.223
2922,15.633,0.000427,0.00012053,2048,131000.74,1787804362.239
2923,24.942,0.00044,0.00012039,2048,82108.85,1787804362.264
2924,30.106,0.000368,0.00012024,2048,68026.53,1787804362.294
2925,29.739,0.000408,0.0001201,2048,68865.57,1787804362.324
2926,20.381,0.000654,0.00011995,2048,100483.77,1787804362.345
2927,14.989,0.000483,0.00011981,2048,136636.27,1787804362.36
2928,15.748,0.000449,0.00011966,2048,130048.26,1787804362.376
2929,16.525,0.000364,0.00011952,2048,123934.93,1787804362.393
2930,15.915,0.000409,0.00011938,2048,128686.06,1787804362.409
2931,15.247,0.000268,0.00011923,2048,134317.98,1787804362.424
2932,16.712,0.00038,0.00011909,2048,122546.67,1787804362.441
2933,15.322,0.000377,0.00011895,2048,133660.52,1787804362.457
2934,16.418,0.000623,0.00011881,2048,124743.42,1787804362.473
2935,15.279,0.000439,0.00011867,2048,134037.55,1787804362.489
2936,15.532,0.000368,0.00011853,2048,131858.51,1787804362.504
2937,16.554,0.000296,0.00011839,2048,123717.07,1787804362.521
2938,21.032,0.000284,0.00011825,2048,97375.43,1787804362.542
2939,16.807,0.000285,0.00011812,2048,121855.44,1787804362.559
2940,19.426,0.000409,0.00011798,2048,105426.8,1787804362.579
2941,15.196,0.000266,0.00011784,2048,134773.2,1787804362.594
2942,15.788,0.000398,0.0001177,2048,129720.42,1787804362.61
2943,23.073,0.000246,0.00011757,2048,88762.14,1787804362.633
2944,16.823,0.000274,0.00011743,2048,121738.82,1787804362.651
2945,15.615,0.000357,0.0001173,2048,131157.62,1787804362.666
2946,15.515,0.000386,0.00011716,2048,132003.84,1787804362.682
2947,14.752,0.000265,0.00011703,2048,138828.63,1787804362.697
2948,15.274,0.000417,0.0001169,2048,134080.55,1787804362.713
2949,15.715,0.000378,0.00011676,2048,130321.35,1787804362.729
2950,19.093,0.000226,0.00011663,2048,107262.2,1787804362.748
2951,20.605,0.000427,0.0001165,2048,99390.94,1787804362.769
2952,15.804,0.000303,0.00011637,2048,129585.81,1787804362.785
2953,17.241,0.000284,0.00011624,2048,118787.3,1787804362.802
2954,25.892,0.000356,0.0001161,2048,79098.1,1787804362.828
2955,26.41,0.000437,0.00011598,2048,77546.09,1787804362.854
2956,17.664,0.000459,0.00011585,2048,115939.4,1787804362.872
2957,19.951,0.000466,0.00011572,2048,102652.53,1787804362.892
2958,15.67,0.000437,0.00011559,2048,130693.09,1787804362.908
2959,15.767,0.000383,0.00011546,2048,129894.02,1787804362.924
2960,16.055,0.000365,0.00011533,2048,127560.71,1787804362.94
2961,16.768,0.000545,0.00011521,2048,122138.13,1787804362.957
2962,17.877,0.000804,0.00011508,2048,114563.17,1787804362.975
2963,15.118,0.000344,0.00011495,2048,135468.55,1787804362.99
2964,15.319,0.000458,0.00011483,2048,133693.68,1787804363.006
2965,15.112,0.000264,0.0001147,2048,135519.65,1787804363.021
2966,15.119,0.000364,0.00011458,2048,135458.69,1787804363.037
2967,24.875,0.000508,0.00011446,2048,82330.67,1787804363.062
2968,15.526,0.00044,0.00011433,2048,131908.62,1787804363.077
2969,16.057,0.000417,0.00011421,2048,127548.8,1787804363.093
2970,15.544,0.000416,0.00011409,2048,131754.17,1787804363.109
2971,15.499,0.000386,0.00011397,2048,132139.26,1787804363.125
2972,21.036,0.000364,0.00011385,2048,97354.6,1787804363.146
2973,30.764,0.000427,0.00011373,2048,66570.45,1787804363.177
2974,16.87,0.000495,0.00011361,2048,121396.06,1787804363.194
2975,15.851,0.000264,0.00011349,2048,129201.57,1787804363.21
2976,17.325,0.000292,0.00011337,2048,118213.41,1787804363.228
2977,22.566,0.000332,0.00011325,2048,90754.8,1787804363.25
2978,15.38,0.00049,0.00011313,2048,133160.81,1787804363.266
2979,15.244,0.000365,0.00011301,2048,134346.18,1787804363.281
2980,15.732,0.000469,0.0001129,2048,130182.18,1787804363.297
2981,15.177,0.000292,0.00011278,2048,134936.58,1787804363.313
2982,15.554,0.000445,0.00011266,2048,131668.62,1787804363.328
2983,16.154,0.000364,0.00011255,2048,126777.39,1787804363.345
2984,26.468,0.000353,0.00011243,2048,77375.87,1787804363.371
2985,21.128,0.000363,0.00011232,2048,96932.06,1787804363.393
2986,19.11,0.000343,0.00011221,2048,107166.22,1787804363.412
2987,16.923,0.000404,0.00011209,2048,121017.3,1787804363.429
2988,19.772,0.000273,0.00011198,2048,103580.3,1787804363.449
2989,15.396,0.000373,0.00011187,2048,133018.97,1787804363.465
2990,15.856,0.000467,0.00011176,2048,129164.09,1787804363.482
2991,20.954,0.000312,0.00011164,2048,97735.57,1787804363.503
2992,17.756,0.000434,0.00011153,2048,115340.64,1787804363.521
2993,23.376,0.000394,0.00011142,2048,87610.1,1787804363.544
2994,16.128,0.000392,0.00011131,2048,126980.19,1787804363.56
2995,16.078,0.00031,0.0001112,2048,127380.61,1787804363.577
2996,18.169,0.00025,0.0001111,2048,112718.85,1787804363.595
2997,14.858,0.000382,0.00011099,2048,137840.06,1787804363.61
2998,15.626,0.000373,0.00011088,2048,131066.97,1787804363.626
2999,16.812,0.000312,0.00011077,2048,121814.85,1787804363.643
3000,26.968,0.000475,0.00011067,2048,75941.01,1787804363.67
3001,26.698,0.000405,0.00011056,2048,76709.87,1787804363.697
3002,25.637,0.000322,0.00011046,2048,79885.48,1787804363.723
3003,16.504,0.000312,0.00011035,2048,124091.13,1787804363.739
3004,17.408,0.000382,0.00011025,2048,117647.73,1787804363.757
3005,15.667,0.000361,0.00011014,2048,130723.13,1787804363.773
3006,15.296,0.000311,0.00011004,2048,133887.71,1787804363.788
3007,25.624,0.000454,0.00010994,2048,79924.76,1787804363.814
3008,25.13,0.000289,0.00010983,2048,81497.52,1787804363.839
3009,26.173,0.000431,0.00010973,2048,78247.68,1787804363.866
3010,17.457,0.000309,0.00010963,2048,117313.48,1787804363.883
3011,14.751,0.0003,0.00010953,2048,138841.81,1787804363.898
3012,14.591,0.000341,0.00010943,2048,140358.57,1787804363.913
3013,16.199,0.000373,0.00010933,2048,126425.22,1787804363.929
3014,21.364,0.00031,0.00010923,2048,95862.2,1787804363.951
3015,15.147,0.000533,0.00010913,2048,135204.72,1787804363.966
3016,14.823,0.000321,0.00010903,2048,138159.0,1787804363.981
3017,15.435,0.000373,0.00010894,2048,132681.16,1787804363.997
3018,15.37,0.000279,0.00010884,2048,133245.72,1787804364.012
3019,15.414,0.000341,0.00010874,2048,132869.67,1787804364.028
3020,15.54,0.000291,0.00010865,2048,131792.32,1787804364.044
3021,23.915,0.000431,0.00010855,2048,85637.35,1787804364.068
3022,14.958,0.00029,0.00010846,2048,136913.04,1787804364.083
3023,15.288,0.00035,0.00010836,2048,133958.65,1787804364.099
3024,16.246,0.000545,0.00010827,2048,126060.25,1787804364.114
3025,15.226,0.0004,0.00010817,2048,134507.65,1787804364.13
3026,14.714,0.000371,0.00010808,2048,139190.95,1787804364.145
3027,15.694,0.000555,0.00010799,2048,130494.9,1787804364.161
3028,23.059,0.000299,0.0001079,2048,88814.49,1787804364.184
3029,28.628,0.000359,0.00010781,2048,71538.1,1787804364.213
3030,21.0,0.000421,0.00010772,2048,97522.88,1787804364.234
3031,16.697,0.000403,0.00010763,2048,122659.7,1787804364.251
3032,15.269,0.000319,0.00010754,2048,134130.61,1787804364.266
3033,16.036,0.000402,0.00010745,2048,127711.85,1787804364.282
3034,15.075,0.000362,0.00010736,2048,135855.87,1787804364.298
3035,14.932,0.000259,0.00010727,2048,137156.94,1787804364.313
3036,15.736,0.000248,0.00010718,2048,130149.09,1787804364.329
3037,14.92,0.000412,0.00010709,2048,137262.66,1787804364.344
3038,20.561,0.00035,0.00010701,2048,99606.05,1787804364.364
3039,18.044,0.000411,0.00010692,2048,113500.96,1787804364.383
3040,16.275,0.00045,0.00010684,2048,125834.85,1787804364.399
3041,16.398,0.000554,0.00010675,2048,124894.8,1787804364.416
3042,16.069,0.000464,0.00010667,2048,127454.34,1787804364.432
3043,16.977,0.000297,0.00010658,2048,120635.22,1787804364.449
3044,16.258,0.00041,0.0001065,2048,125971.85,1787804364.466
3045,15.437,0.00032,0.00010642,2048,132665.69,1787804364.481
3046,16.494,0.00037,0.00010633,2048,124169.37,1787804364.498
3047,15.34,0.000695,0.00010625,2048,133507.17,1787804364.513
3048,16.932,0.000361,0.00010617,2048,120952.98,1787804364.531
3049,15.561,0.000289,0.00010609,2048,131611.08,1787804364.546
3050,26.215,0.00034,0.00010601,2048,78123.51,1787804364.573
3051,17.57,0.000515,0.00010593,2048,116562.99,1787804364.59
3052,20.404,0.000359,0.00010585,2048,100371.0,1787804364.611
3053,18.678,0.00032,0.00010577,2048,109650.06,1787804364.63
3054,20.252,0.000623,0.00010569,2048,101128.31,1787804364.65
3055,19.504,0.00038,0.00010562,2048,105006.26,1787804364.67
3056,15.691,0.000594,0.00010554,2048,130524.01,1787804364.686
3057,15.488,0.000329,0.00010546,2048,132233.97,1787804364.702
3058,15.668,0.0004,0.00010539,2048,130712.28,1787804364.717
3059,16.815,0.000522,0.00010531,2048,121793.12,1787804364.734
3060,26.14,0.000482,0.00010524,2048,78346.16,1787804364.761
3061,16.172,0.000361,0.00010516,2048,126637.85,1787804364.777
3062,15.692,0.00039,0.00010509,2048,130514.03,1787804364.793
3063,16.027,0.000442,0.00010502,2048,127783.57,1787804364.81
3064,16.224,0.000483,0.00010494,2048,126231.96,1787804364.826
3065,17.948,0.000483,0.00010487,2048,114104.88,1787804364.844
3066,16.356,0.000401,0.0001048,2048,125213.22,1787804364.86
3067,16.472,0.00036,0.00010473,2048,124332.2,1787804364.877
3068,25.567,0.000419,0.00010466,2048,80104.2,1787804364.903
3069,19.012,0.000359,0.00010459,2048,107720.87,1787804364.922
3070,18.434,0.000369,0.00010452,2048,111097.25,1787804364.941
3071,20.458,0.000359,0.00010445,2048,100105.58,1787804364.961
3072,24.231,0.000309,0.00010438,2048,84521.22,1787804364.985
3073,47.093,0.000319,0.00010431,2048,43488.42,1787804365.032
3074,28.228,0.000411,0.00010424,2048,72552.08,1787804365.062
3075,25.673,0.000341,0.00010418,2048,79773.77,1787804365.088
3076,29.274,0.000604,0.00010411,2048,69959.21,1787804365.117
3077,24.655,0.000433,0.00010404,2048,83065.98,1787804365.142
3078,21.53,0.00042,0.00010398,2048,95123.53,1787804365.163
3079,15.275,0.000288,0.00010391,2048,134072.65,1787804365.179
3080,16.866,0.000463,0.00010385,2048,121429.16,1787804365.196
3081,15.879,0.000431,0.00010379,2048,128972.13,1787804365.212
3082,17.822,0.000348,0.00010372,2048,114917.37,1787804365.23
3083,15.382,0.000451,0.00010366,2048,133142.63,1787804365.246
3084,19.588,0.00043,0.0001036,2048,104552.74,1787804365.265
3085,17.254,0.000319,0.00010354,2048,118698.49,1787804365.283
3086,19.941,0.000339,0.00010347,2048,102705.03,1787804365.303
3087,14.745,0.000378,0.00010341,2048,138896.43,1787804365.318
3088,14.878,0.000481,0.00010335,2048,137657.54,1787804365.333
3089,16.165,0.000422,0.00010329,2048,126695.04,1787804365.349
3090,19.343,0.000399,0.00010324,2048,105878.64,1787804365.368
3091,26.008,0.000319,0.00010318,2048,78746.52,1787804365.395
3092,28.706,0.00041,0.00010312,2048,71343.97,1787804365.423
3093,19.565,0.00036,0.00010306,2048,104675.65,1787804365.443
3094,17.33,0.000491,0.000103,2048,118177.94,1787804365.461
3095,18.085,0.000268,0.00010295,2048,113244.9,1787804365.479
3096,17.737,0.00035,0.00010289,2048,115467.45,1787804365.497
3097,15.51,0.00038,0.00010284,2048,132040.44,1787804365.513
3098,15.862,0.000471,0.00010278,2048,129115.23,1787804365.529
3099,15.639,0.000431,0.00010273,2048,130951.32,1787804365.544
3100,16.36,0.000402,0.00010267,2048,125183.37,1787804365.561
3101,21.007,0.000482,0.00010262,2048,97489.46,1787804365.582
3102,24.412,0.000317,0.00010257,2048,83892.82,1787804365.607
3103,25.333,0.000379,0.00010252,2048,80844.45,1787804365.632
3104,25.611,0.000449,0.00010247,2048,79966.89,1787804365.658
3105,18.587,0.000399,0.00010241,2048,110186.91,1787804365.677
3106,14.794,0.000328,0.00010236,2048,138429.82,1787804365.692
3107,15.514,0.000411,0.00010231,2048,132008.1,1787804365.707
3108,15.144,0.000389,0.00010226,2048,135238.65,1787804365.723
3109,14.847,0.000309,0.00010222,2048,137943.11,1787804365.738
3110,15.156,0.000388,0.00010217,2048,135131.57,1787804365.753
3111,17.596,0.000399,0.00010212,2048,116390.09,1787804365.771
3112,16.169,0.000388,0.00010207,2048,126660.56,1787804365.787
3113,15.445,0.000553,0.00010202,2048,132598.69,1787804365.803
3114,16.514,0.000306,0.00010198,2048,124015.99,1787804365.819
3115,15.762,0.000388,0.00010193,2048,129931.93,1787804365.835
3116,15.305,0.000401,0.00010189,2048,133808.98,1787804365.851
3117,15.798,0.000286,0.00010184,2048,129639.95,1787804365.867
3118,19.226,0.000328,0.0001018,2048,106524.08,1787804365.886
3119,15.522,0.000461,0.00010176,2048,131938.36,1787804365.902
3120,15.342,0.000338,0.00010171,2048,133486.29,1787804365.917
3121,15.485,0.000337,0.00010167,2048,132260.44,1787804365.933
3122,15.517,0.000357,0.00010163,2048,131982.57,1787804365.949
3123,15.527,0.000358,0.00010159,2048,131896.72,1787804365.964
3124,18.1,0.000419,0.00010155,2048,113146.67,1787804365.983
3125,25.748,0.00038,0.00010151,2048,79541.7,1787804366.008
3126,22.759,0.000449,0.00010147,2048,89987.57,1787804366.031
3127,32.041,0.000438,0.00010143,2048,63918.5,1787804366.064
3128,21.982,0.000785,0.00010139,2048,93167.14,1787804366.086
3129,16.457,0.000359,0.00010135,2048,124448.55,1787804366.102
3130,15.974,0.000523,0.00010131,2048,128204.33,1787804366.119
3131,15.283,0.00042,0.00010127,2048,134003.35,1787804366.135
3132,15.493,0.00041,0.00010124,2048,132192.14,1787804366.15
3133,17.183,0.000358,0.0001012,2048,119187.57,1787804366.168
3134,26.726,0.00046,0.00010117,2048,76629.21,1787804366.195
3135,20.847,0.000489,0.00010113,2048,98238.14,1787804366.216
3136,17.04,0.000326,0.0001011,2048,120187.79,1787804366.233
3137,26.375,0.000348,0.00010106,2048,77648.7,1787804366.26
3138,19.172,0.000278,0.00010103,2048,106824.68,1787804366.279
3139,15.111,0.000388,0.000101,2048,135527.72,1787804366.294
3140,15.102,0.000473,0.00010096,2048,135606.69,1787804366.309
3141,15.722,0.000493,0.00010093,2048,130267.47,1787804366.325
3142,17.418,0.00039,0.0001009,2048,117582.22,1787804366.343
3143,15.565,0.000307,0.00010087,2048,131577.26,1787804366.359
3144,15.702,0.000298,0.00010084,2048,130433.4,1787804366.375
3145,19.377,0.00042,0.00010081,2048,105691.77,1787804366.394
3146,17.502,0.000297,0.00010078,2048,117013.19,1787804366.411
3147,17.985,0.000417,0.00010075,2048,113874.57,1787804366.43
3148,15.635,0.000367,0.00010072,2048,130983.98,1787804366.446
3149,15.338,0.000368,0.0001007,2048,133527.19,1787804366.461
3150,16.11,0.000379,0.00010067,2048,127124.43,1787804366.477
3151,15.672,0.000511,0.00010064,2048,130677.25,1787804366.493
3152,15.276,0.000645,0.00010062,2048,134067.39,1787804366.509
3153,15.134,0.000348,0.00010059,2048,135324.44,1787804366.524
3154,16.699,0.00041,0.00010057,2048,122639.14,1787804366.541
3155,15.834,0.000377,0.00010054,2048,129345.19,1787804366.557
3156,17.421,0.000398,0.00010052,2048,117558.59,1787804366.575
3157,18.094,0.000268,0.00010049,2048,113188.57,1787804366.593
3158,16.56,0.000357,0.00010047,2048,123672.24,1787804366.61
3159,16.292,0.000357,0.00010045,2048,125707.41,1787804366.626
3160,16.994,0.000358,0.00010043,2048,120513.12,1787804366.643
3161,16.906,0.000388,0.00010041,2048,121143.29,1787804366.66
3162,16.286,0.000347,0.00010039,2048,125749.09,1787804366.677
3163,24.579,0.000481,0.00010037,2048,83323.84,1787804366.702
3164,16.111,0.000582,0.00010035,2048,127114.96,1787804366.718
3165,16.791,0.000725,0.00010033,2048,121970.83,1787804366.735
3166,28.711,0.000368,0.00010031,2048,71330.8,1787804366.764
3167,16.371,0.000348,0.00010029,2048,125101.55,1787804366.78
3168,15.393,0.000298,0.00010027,2048,133043.17,1787804366.796
3169,14.996,0.000359,0.00010026,2048,136570.66,1787804366.811
3170,16.647,0.000481,0.00010024,2048,123022.95,1787804366.828
3171,15.781,0.000419,0.00010023,2048,129777.14,1787804366.843
3172,15.678,0.000418,0.00010021,2048,130632.24,1787804366.859
3173,15.953,0.00043,0.0001002,2048,128375.5,1787804366.875
3174,21.744,0.00048,0.00010018,2048,94188.63,1787804366.897
3175,15.577,0.00041,0.00010017,2048,131472.52,1787804366.913
3176,15.434,0.000347,0.00010015,2048,132692.33,1787804366.929
3177,15.533,0.000309,0.00010014,2048,131851.72,1787804366.944
3178,15.331,0.000499,0.00010013,2048,133588.16,1787804366.96
3179,17.981,0.000584,0.00010012,2048,113896.74,1787804366.978
3180,20.586,0.000488,0.00010011,2048,99483.15,1787804366.999
3181,19.289,0.000377,0.0001001,2048,106172.3,1787804367.019
3182,38.652,0.000369,0.00010009,2048,52985.62,1787804367.057
3183,33.659,0.000298,0.00010008,2048,60845.0,1787804367.091
3184,22.636,0.000439,0.00010007,2048,90475.75,1787804367.114
3185,21.56,0.000329,0.00010006,2048,94990.28,1787804367.136
3186,21.915,0.000573,0.00010005,2048,93451.55,1787804367.158
3187,25.118,0.000318,0.00010005,2048,81535.15,1787804367.184
3188,16.144,0.000236,0.00010004,2048,126859.85,1787804367.2
3189,15.395,0.000327,0.00010003,2048,133031.07,1787804367.216
3190,16.878,0.000319,0.00010003,2048,121338.52,1787804367.233
3191,28.454,0.000328,0.00010002,2048,71975.57,1787804367.261
3192,28.655,0.000631,0.00010002,2048,71471.7,1787804367.29
3193,15.705,0.000512,0.00010001,2048,130401.01,1787804367.306
3194,15.851,0.000411,0.00010001,2048,129199.13,1787804367.322
3195,15.266,0.000388,0.00010001,2048,134158.72,1787804367.338
3196,15.644,0.000298,0.0001,2048,130910.3,1787804367.353
3197,15.394,0.000307,0.0001,2048,133039.71,1787804367.369
3198,15.621,0.000297,0.0001,2048,131103.05,1787804367.385
3199,19.635,0.000348,0.0001,2048,104301.95,1787804367.405
3200,16.112,0.000509,0.0001,2048,127107.07,1787804367.421
